ID,SimplifiedChinese
ACCOLADE_ALLQUESTSCOMPLETED,游历者
ACCOLADE_COOPERATIVECARDSPLAYEDMORETHANTWICE,外交家
ACCOLADE_EQUIPPEDTHREEORMOREFOLLOWERS,社交家
ACCOLADE_EQUIPPEDTHREEORMORETREASURES,收藏家
ACCOLADE_LEASTGOLDSPENT,节俭家
ACCOLADE_MORETHAN4SETTLEMENTSHELDATANYPOINT,领主
ACCOLADE_MOSTAPSPENTINSTEALTH,暗影
ACCOLADE_MOSTBANESKILLEDINCOMBAT,诛灭者
ACCOLADE_MOSTDEATHS,殉道者
ACCOLADE_MOSTGOLDEARNED,金手指
ACCOLADE_MOSTHEROESKILLEDINCOMBAT,毁灭者
ACCOLADE_MOSTKINGSGUARDSKILLEDINCOMBAT,恶名远扬者
ACCOLADE_MOSTROTGAINED,先驱
ACCOLADE_MOSTROTGAINEDFROMSPELLS,亡灵巫师
ACCOLADE_MOSTROTGIVENTOOTHERS,腐化者
ACCOLADE_MOSTSETTLEMENTSCAPTURED,征服者
ACCOLADE_MOSTSPELLKILLS,术士
ACCOLADE_MOSTSPELLPERILSPLAYED,方士
ACCOLADE_MOSTTILESWALKEDACROSS,游荡者
ACCOLADE_MOSTTRICKERYKILLS,刺客
ACCOLADE_MOSTTRICKERYPERILSPLAYED,谋士
ACCOLADE_MOSTWOUNDSHEALED,医者
ACCOLADE_NOHEROKILLS,和平主义者
ACCOLADE_NONE,平庸无奇
ACCOLADE_NOSPELLSCAST,弃法者
ACCOLADE_NOTRICKERYCARDSPLAYED,纯粹者
ACCOLADE_SQUIRE_1,侍从
ACCOLADE_SQUIRE_2,弱者逆袭
ACCOLADE_ZERODEATHS,不朽者
ACH_100_001_DESCRIPTION,完成阿门罗的序章。
ACH_100_001_TITLE,从前……
ACH_100_002_DESCRIPTION,使用狼族塞恩赢得游戏。
ACH_100_002_TITLE,冬狼
ACH_100_003_DESCRIPTION,使用熊族萨娜赢得游戏。
ACH_100_003_TITLE,森林姊妹
ACH_100_004_DESCRIPTION,使用兔族安布尔赢得游戏。
ACH_100_004_TITLE,远寻者
ACH_100_005_DESCRIPTION,使用鼠族墨丘里奥赢得游戏。
ACH_100_005_TITLE,狞笑之刃
ACH_100_006_DESCRIPTION,使用狼族里弗赢得游戏。
ACH_100_006_TITLE,啸鸣之箭
ACH_100_007_DESCRIPTION,使用熊族布朗赢得游戏。
ACH_100_007_TITLE,伐橡树者
ACH_100_008_DESCRIPTION,使用兔族巴纳比赢得游戏。
ACH_100_008_TITLE,古怪之灵
ACH_100_009_DESCRIPTION,使用鼠族佐沙赢得游戏。
ACH_100_009_TITLE,低语者
ACH_100_010_DESCRIPTION,以弑君者的方式赢得一场游戏。
ACH_100_010_TITLE,弑君者
ACH_100_011_DESCRIPTION,获得一次威望胜利
ACH_100_011_TITLE,皇家总管
ACH_100_012_DESCRIPTION,取得一次腐化胜利。
ACH_100_012_TITLE,黑心
ACH_100_013_DESCRIPTION,取得一次灵石胜利
ACH_100_013_TITLE,灵界行者
ACH_100_014_DESCRIPTION,在战斗中无伤杀死国王。
ACH_100_014_TITLE,设防弑君
ACH_100_015_DESCRIPTION,不死通关
ACH_100_015_TITLE,战争艺术
ACH_100_016_DESCRIPTION,在第9天或之后取得威望胜利
ACH_100_016_TITLE,消耗战
ACH_100_017_DESCRIPTION,作为声望领袖，攻击国王。
ACH_100_017_TITLE,狼群中的鬣狗
ACH_100_018_DESCRIPTION,在不杀死其他英雄的情况下赢下一局阿门罗游戏。
ACH_100_018_TITLE,外交家
ACH_100_019_DESCRIPTION,在一场战斗中，利用塞恩的英雄技能击穿敌方至少 3 盾。
ACH_100_019_TITLE,头狼
ACH_100_020_DESCRIPTION,利用萨娜的英雄技能击败一名已堕落英雄。
ACH_100_020_TITLE,自然之力
ACH_100_021_DESCRIPTION,使用安布尔时，装备 3 件宝物并拥有 3 名已招募随从。
ACH_100_021_TITLE,随行
ACH_100_022_DESCRIPTION,利用墨丘里奥的英雄能力，偷走另一名英雄的最后1点金币。
ACH_100_022_TITLE,零钱
ACH_100_023_DESCRIPTION,激活布朗的英雄能力消灭另一名英雄。
ACH_100_023_TITLE,远古之怒
ACH_100_024_DESCRIPTION,在同回合中用里弗的英雄技能完成三连杀
ACH_100_024_TITLE,泪流成河
ACH_100_025_DESCRIPTION,扮演巴纳比，拥有三个已装备道具和全副道具卡牌。
ACH_100_025_TITLE,全副武装
ACH_100_026_DESCRIPTION,使用佐沙完成游戏，且整个游戏过程中从未在夜间暴露行踪。
ACH_100_026_TITLE,无踪之影
ACH_100_027_DESCRIPTION,同时装备望远镜和水手灯笼。
ACH_100_027_TITLE,全视之眼
ACH_100_028_DESCRIPTION,在战斗中使用道具，获得 6 个或更多盾牌。
ACH_100_028_TITLE,坚不可摧
ACH_100_029_DESCRIPTION,在一局游戏中装备皇家赦令，杀死 3 名国王守卫。
ACH_100_029_TITLE,外交豁免
ACH_100_030_DESCRIPTION,在一局游戏中，从地牢找到并装备三件宝藏。
ACH_100_030_TITLE,鬣蜥琼斯
ACH_100_031_DESCRIPTION,为一只贝恩进行治疗。
ACH_100_031_TITLE,贝恩救援
ACH_100_032_DESCRIPTION,利用魔镜斗篷在战斗中偷走国王的皇冠。
ACH_100_032_TITLE,新鲜王子
ACH_100_033_DESCRIPTION,对站在王宫地块上的英雄使用闪电打击。
ACH_100_033_TITLE,雷霆穹顶
ACH_100_034_DESCRIPTION,在单局游戏中杀死同一名英雄 5 次。
ACH_100_034_TITLE,恶霸猛犸象
ACH_100_035_DESCRIPTION,在单局游戏中，通过探索地牢发现两座传送门。
ACH_100_035_TITLE,钻进兔子洞
ACH_100_036_DESCRIPTION,在一个回合中，杀死一名与你签有盟友契约的英雄并占领其一个聚落。
ACH_100_036_TITLE,权谋大师
ACH_100_037_DESCRIPTION,在单局游戏里破解 10 个陷阱。
ACH_100_037_TITLE,民间英雄
ACH_100_038_DESCRIPTION,在一局游戏中，从已堕落状态将腐化降为0。
ACH_100_038_TITLE,抛开腐化吧
ACH_100_039_DESCRIPTION,在自身无装备、无随从的情况下，在战斗中杀死另一名英雄。
ACH_100_039_TITLE,熊之所需
ACH_100_040_DESCRIPTION,在一场游戏中，探索地牢获得超过 10 点金币。
ACH_100_040_TITLE,掘金者
ACH_100_041_DESCRIPTION,在第5个黎明前攻破王宫。
ACH_100_041_TITLE,攻城师
ACH_100_042_DESCRIPTION,在单局游戏中达到13点或更多腐化。
ACH_100_042_TITLE,蠕虫阴暗之面
ACH_100_043_DESCRIPTION,重新获得一名在本局游戏中已失去的已招募随从。
ACH_100_043_TITLE,狐猴尼森
ACH_100_044_DESCRIPTION,在你获得悬赏的同一回合对你自己实行缓刑。
ACH_100_044_TITLE,无效审判
ACH_100_045_DESCRIPTION,在单局游戏中打败四个或更多的国王守卫。
ACH_100_045_TITLE,我就是法
ACH_100_046_DESCRIPTION,面临一个神秘的抉择。
ACH_100_046_TITLE,力量之环
ACH_100_047_DESCRIPTION,被一些麻烦的家伙欺骗，落入他们的陷阱。
ACH_100_047_TITLE,地牢交易
ACH_100_048_DESCRIPTION,在一片森林受到难以抗拒的诱惑。
ACH_100_048_TITLE,黑暗诱惑
ACH_100_049_DESCRIPTION,获得阿门罗中最舒适惬意的选项。
ACH_100_049_TITLE,一天一个苹果
ACH_100_050_DESCRIPTION,当上阿门罗的国王或女王 50 次。
ACH_100_050_TITLE,……从此以后便开始了幸福的生活
ACH_PS4_PLAT_DESCRIPTION,解锁全部奖杯。
ACH_PS4_PLAT_TITLE,……从此以后便开始了幸福的生活
ACT1_00_OPENINGSEQUENCE_PROLOGUEADVISORSEQUENCEELEMENTS_0_ADVICE_TEXT,嗨，塞恩！嗨！女训导向你提过我吗？她有吗？我知道她提过！我看到她的信了。我们走吧。哇！
ACT1_00_QUESTSPAWNEDSEQUENCE_CHANGEMETAADVICESEQUENCEELEMENTS_0_ADVICE_CUSTOMTOUCHTEXT,点击相邻方格将塞恩移向<quest_tile>。
ACT1_00_QUESTSPAWNEDSEQUENCE_CHANGEMETAADVICESEQUENCEELEMENTS_0_ADVICE_TEXT,选择相邻地块将塞恩移向 <quest_tile>。
ACT1_00_QUESTSPAWNEDSEQUENCE_FOCUSADVICESEQUENCEELEMENTS_0_PROMPT_TEXT,这些是行动点数（AP）。你每个回合有3个行动点数。用它们在地块之间移动。
ACT1_00_QUESTSPAWNEDSEQUENCE_FOCUSADVICESEQUENCEELEMENTS_1_PROMPT_TEXT,你的第一个任务是在 <quest_tile>。从一个地块移到另一个地块，到达这里。
ACT1_00_QUESTSPAWNEDSEQUENCE_FOCUSADVICESEQUENCEELEMENTS_2_PROMPT_TEXT,设法在 2 个回合内到达 <quest_tile>。
ACT1_00_QUESTSPAWNEDSEQUENCE_PROLOGUEADVISORSEQUENCEELEMENTS_0_ADVICE_TEXT,<quest_tile> 在西北方向。这是一个非常愉快的旅途。将非常有趣！
ACT1_01_FIRSTPLAINSSEQUENCE_FOCUSADVICESEQUENCEELEMENTS_0_PROMPT_TEXT,进入山脉需要消耗2个行动点数，但会提供防御加成。
ACT1_01_FIRSTPLAINSSEQUENCE_PROLOGUEADVISORSEQUENCEELEMENTS_0_ADVICE_TEXT,哇哦！看这些山！我是说我见过比这更大的。但是现在！需要花几年的时间才能穿越这些山。
ACT1_02_DEPLETEACTIONPOINTSSEQUENCE_FOCUSADVICESEQUENCEELEMENTS_0_PROMPT_CUSTOMCONTROLLERTEXT,这是回合结束按钮。按此按钮，随时结束回合。
ACT1_02_DEPLETEACTIONPOINTSSEQUENCE_FOCUSADVICESEQUENCEELEMENTS_0_PROMPT_CUSTOMTOUCHTEXT,这是回合结束按钮。随时点击并长按可结束你的回合。
ACT1_02_DEPLETEACTIONPOINTSSEQUENCE_FOCUSADVICESEQUENCEELEMENTS_0_PROMPT_TEXT,这是回合结束按钮。你可以随时结束你的回合。
ACT1_02_DEPLETEACTIONPOINTSSEQUENCE_PROLOGUEADVISORSEQUENCEELEMENTS_0_ADVICE_TEXT,我们能休息一下吗？我的脚疼。
ACT1_03_STARTSECONDTURNSEQUENCE_FOCUSADVICESEQUENCEELEMENTS_0_PROMPT_TEXT,这是你的体力。它代表你的生命上限。
ACT1_03_STARTSECONDTURNSEQUENCE_FOCUSADVICESEQUENCEELEMENTS_1_PROMPT_TEXT,如果失去所有生命，你将死亡，并在你所在部族领地内重生。
ACT1_04_QUESTDESCRIPTIONSEQUENCE_FOCUSADVICESEQUENCEELEMENTS_0_PROMPT_TEXT,恭喜，你完成了第一个任务！
ACT1_04_QUESTDESCRIPTIONSEQUENCE_FOCUSADVICESEQUENCEELEMENTS_1_PROMPT_TEXT,在任务中，你可以选择危险选项获取奖励，或者选择不冒险。
ACT1_04_QUESTRESOLUTIONSEQUENCE_FOCUSADVICESEQUENCEELEMENTS_0_PROMPT_TEXT,成功了！你的奖励是一名随从。
ACT1_04_QUESTRESOLUTIONSEQUENCE_FOCUSADVICESEQUENCEELEMENTS_1_PROMPT_TEXT,你也会增加 1 点体力。
ACT1_04_QUESTRESOLUTIONSEQUENCE_FOCUSADVICESEQUENCEELEMENTS_2_PROMPT_TEXT,和 1 点声望。
ACT1_04_QUESTTESTACTIONSEQUENCE_FOCUSADVICESEQUENCEELEMENTS_10_PROMPT_TEXT,这是安全选项。
ACT1_04_QUESTTESTACTIONSEQUENCE_FOCUSADVICESEQUENCEELEMENTS_1_PROMPT_TEXT,这个任务的危险选项测试你的体力属性。
ACT1_04_QUESTTESTACTIONSEQUENCE_FOCUSADVICESEQUENCEELEMENTS_2_PROMPT_TEXT,完成这个体力任务，你将增加 1 点体力。
ACT1_04_QUESTTESTACTIONSEQUENCE_FOCUSADVICESEQUENCEELEMENTS_3_PROMPT_TEXT,完成任务还会奖励英雄+1声望，让他们的名声传遍王国。
ACT1_04_QUESTTESTACTIONSEQUENCE_FOCUSADVICESEQUENCEELEMENTS_4_PROMPT_TEXT,你成功的机率基于正在测试的属性，每个属性点增加 10% 的成功机率。
ACT1_04_QUESTTESTACTIONSEQUENCE_FOCUSADVICESEQUENCEELEMENTS_5_PROMPT_TEXT,失败的处罚是失去 2 点生命。
ACT1_04_QUESTTESTACTIONSEQUENCE_FOCUSADVICESEQUENCEELEMENTS_6_PROMPT_TEXT,我们选择危险的道路，争取那个护卫。
ACT1_04_QUESTTESTACTIONSEQUENCE_FOCUSADVICESEQUENCEELEMENTS_7_PROMPT_TEXT,如果你成功通过危险测试，你将获得奖励。
ACT1_04_QUESTTESTACTIONSEQUENCE_FOCUSADVICESEQUENCEELEMENTS_8_PROMPT_TEXT,这是危险选项。
ACT1_04_QUESTTESTTOKENFLIPSEQUENCE_FOCUSADVICESEQUENCEELEMENTS_0_PROMPT_CUSTOMCONTROLLERTEXT,选择一枚任务币，查看是否获胜。
ACT1_04_QUESTTESTTOKENFLIPSEQUENCE_FOCUSADVICESEQUENCEELEMENTS_0_PROMPT_TEXT,点击一枚任务币，查看是否获胜。
ACT1_04_QUESTTESTTOKENSEQUENCE_FOCUSADVICESEQUENCEELEMENTS_0_PROMPT_TEXT,这是你的奖励机率。
ACT1_04_QUESTTESTTOKENSEQUENCE_FOCUSADVICESEQUENCEELEMENTS_1_PROMPT_TEXT,这是你的失败机率。
ACT1_05_COMPLETESETTLEMENTQUESTSEQUENCE_CHANGEMETAADVICESEQUENCEELEMENTS_0_ADVICE_TEXT,结束回合。
ACT1_05_COMPLETESETTLEMENTQUESTSEQUENCE_FOCUSADVICESEQUENCEELEMENTS_0_PROMPT_TEXT,将侍从拖拽到随从栏中招募他。
ACT1_05_COMPLETESETTLEMENTQUESTSEQUENCE_FOCUSADVICESEQUENCEELEMENTS_2_PROMPT_CUSTOMCONTROLLERTEXT,打开英雄展架，然后切换至库存展架。
ACT1_05_COMPLETESETTLEMENTQUESTSEQUENCE_FOCUSADVICESEQUENCEELEMENTS_2_PROMPT_TEXT,点击此处打开你的库存展架。
ACT1_05_COMPLETESETTLEMENTQUESTSEQUENCE_PROLOGUEADVISORSEQUENCEELEMENTS_0_ADVICE_TEXT,要是你早点到这儿多好啊！就在我们等你时，野兽展开了攻击。他杀掉了我的主人！
ACT1_05_COMPLETESETTLEMENTQUESTSEQUENCE_PROLOGUEADVISORSEQUENCEELEMENTS_1_ADVICE_TEXT,噢，好吧。你在找护卫？
ACT1_05_COMPLETESETTLEMENTQUESTSEQUENCE_PROLOGUEADVISORSEQUENCEELEMENTS_2_ADVICE_TEXT,这个家伙迟早能派上用场，塞恩。
ACT1_05_COMPLETESETTLEMENTQUESTSEQUENCE_PROLOGUEADVISORSEQUENCEELEMENTS_3_ADVICE_TEXT,我有新主人了！我会一路追随你！
ACT1_05_COMPLETESETTLEMENTQUESTSEQUENCE_PROLOGUEADVISORSEQUENCEELEMENTS_4_ADVICE_TEXT,打个盹之后。我需要睡觉。
ACT1_05_COMPLETESETTLEMENTQUESTSEQUENCE_PROLOGUEADVISORSEQUENCEELEMENTS_5_ADVICE_TEXT,而且我的脚仍然很疼。
ACT1_05_COMPLETESETTLEMENTQUESTSEQUENCE_PROLOGUEADVISORSEQUENCEELEMENTS_6_ADVICE_TEXT,悲惨啊！悲剧啊！哀哉！叫我怎么活下去？
ACT1_06_DAY2STARTSEQUENCE_FOCUSADVICESEQUENCEELEMENTS_0_PROMPT_TEXT,在阿门罗中，回合从白天循环到黑夜。
ACT1_06_DAY2STARTSEQUENCE_FOCUSADVICESEQUENCEELEMENTS_1_PROMPT_TEXT,这是你的金币——用于打出道具和诡术卡牌。
ACT1_06_DAY2STARTSEQUENCE_FOCUSADVICESEQUENCEELEMENTS_2_PROMPT_TEXT,每个黎明，你从你的部族和聚落获得金币收入。
ACT1_06_DAY2STARTSEQUENCE_SETCUSTOMCITIZENSEQUENCEELEMENTS_0_QUESTDESCRIPTION_TEXT,我们继续出发吧。你应该通读你的探索日志。
ACT1_10_STARTCOMBATCOMMSSEQUENCE_FOCUSADVICESEQUENCEELEMENTS_0_PROMPT_TEXT,还记得战力吗？每个战力点能在战斗中提供一颗骰子。
ACT1_11_SHOWFIGHTDICESEQUENCE_FOCUSADVICESEQUENCEELEMENTS_0_PROMPT_TEXT,阿门罗中的骰子有六个独特的符号。
ACT1_11_SHOWFIGHTDICESEQUENCE_FOCUSADVICESEQUENCEELEMENTS_1_PROMPT_TEXT,一把剑代表一次攻击。
ACT1_11_SHOWFIGHTDICESEQUENCE_FOCUSADVICESEQUENCEELEMENTS_2_PROMPT_TEXT,一个盾牌代表一次防御。
ACT1_11_SHOWFIGHTDICESEQUENCE_FOCUSADVICESEQUENCEELEMENTS_3_PROMPT_TEXT,太阳符号白天视为攻击，夜间视作无效
ACT1_11_SHOWFIGHTDICESEQUENCE_FOCUSADVICESEQUENCEELEMENTS_4_PROMPT_TEXT,怀尔德符号视为攻击，并且会爆发！奖励一次额外的骰子投掷。
ACT1_11_SHOWFIGHTDICESEQUENCE_FOCUSADVICESEQUENCEELEMENTS_5_PROMPT_TEXT,最后，腐化符号视作无效。
ACT1_11_SHOWFIGHTDICESEQUENCE_FOCUSADVICESEQUENCEELEMENTS_6_PROMPT_TEXT,这些是你的对手的属性。它们的作用和你的一样。
ACT1_11_SHOWFIGHTDICESEQUENCE_FOCUSADVICESEQUENCEELEMENTS_7_PROMPT_TEXT,而月亮符号刚好相反，在白天视为失效，在夜间视为攻击。
ACT1_12_CARDCOMMSFOL06SEQUENCE_FOCUSADVICESEQUENCEELEMENTS_0_PROMPT_TEXT,如果你在战斗中被杀死，侍从会好心地替你承受致命一击。
ACT1_12_CARDCOMMSITM11SEQUENCE_FOCUSADVICESEQUENCEELEMENTS_0_PROMPT_TEXT,忠诚之盾提供 1 盾，让塞恩格挡敌人一次攻击
ACT1_12_CARDCOMMSITM12SEQUENCE_FOCUSADVICESEQUENCEELEMENTS_0_PROMPT_TEXT,闪亮的钢剑会在战斗中为你提供 1 剑。
ACT1_12_CARDCOMMSITM16SEQUENCE_FOCUSADVICESEQUENCEELEMENTS_0_PROMPT_TEXT,战斧会给你的骰子库增加一颗骰子。不能保证能击中，但是有总比没有好！
ACT1_12_CARDCOMMSITM23SEQUENCE_FOCUSADVICESEQUENCEELEMENTS_0_PROMPT_TEXT,国王守卫装备的野兔之戟，会在战斗中减少敌方骰子。
ACT1_12_CARDCOMMSITM27SEQUENCE_FOCUSADVICESEQUENCEELEMENTS_0_PROMPT_TEXT,橡木之矛是一种防御性武器，在这场战斗中，因为你是防守方，所以会直接提供 2 剑。
ACT1_12_GENERALCOMBATCOMMSSEQUENCE_FOCUSADVICESEQUENCEELEMENTS_0_PROMPT_TEXT,战斗开始时，双方需要展示自己的已装备物品、随从及特殊能力以确定骰子数量
ACT1_12_LOADOUTCOMMSCLN_DAYSEQUENCE_FOCUSADVICESEQUENCEELEMENTS_0_PROMPT_TEXT,国王守卫擅长日间战斗，因此在白天加 1 骰子。而狼族相反，擅长夜战
ACT1_12_LOADOUTCOMMSCLN_NIGHTSEQUENCE_FOCUSADVICESEQUENCEELEMENTS_0_PROMPT_TEXT,狼族种族亲和为夜间，他们在夜间进行的挑战中会获得1附加骰子
ACT1_12_STARTBURNDOWNTIMERSEQUENCE_FOCUSADVICESEQUENCEELEMENTS_0_PROMPT_TEXT,现在，投掷你的骰子吧。
ACT1_14_KINGSGUARDDIESSEQUENCE_PROLOGUEADVISORSEQUENCEELEMENTS_0_ADVICE_TEXT,我们被陷害了！
ACT1_14_SECONDSTARTBURNDOWNTIMERSEQUENCE_FOCUSADVICESEQUENCEELEMENTS_0_PROMPT_TEXT,现在，投掷你的骰子吧。
ACT1_15_COMPLETESEQUENCE_PROLOGUEADVISORSEQUENCEELEMENTS_0_ADVICE_TEXT,他们在追我们！他们接到命令说我们是叛国者，这是个圈套！肯定是鼠族一手策划的！
ACT1_19_COMPLETESEQUENCE_PROLOGUEADVISORSEQUENCEELEMENTS_0_ADVICE_TEXT,形势不妙！你看到了吗？我们现在被悬赏了！国王守卫会四处捕抓我们。
ACT1_19_COMPLETESEQUENCE_PROLOGUEADVISORSEQUENCEELEMENTS_1_ADVICE_TEXT,我们得快点想一个对策。
ACT1_5_QUESTDESCRIPTIONSEQUENCE_FOCUSADVICESEQUENCEELEMENTS_0_PROMPT_TEXT,恭喜，你完成了第一个任务！
ACT1_6_STARTFIRSTCARDDRAWSEQUENCE_FOCUSADVICESEQUENCEELEMENTS_0_PROMPT_TEXT,这是你的智力。它决定你的手牌中能容纳的卡牌数量。
ACT1_6_STARTRUMOURSELECTIONSEQUENCE_FOCUSADVICESEQUENCEELEMENTS_0_PROMPT_TEXT,阿门罗的居民会为你提供传言。通常你可以在数个传言中进行选择。
ACT1_6_STARTRUMOURSELECTIONSEQUENCE_FOCUSADVICESEQUENCEELEMENTS_1_PROMPT_TEXT,这个传言将通向一个有宝藏（玩偶）作为奖励的任务。
ACT1_6_STARTRUMOURSELECTIONSEQUENCE_FOCUSADVICESEQUENCEELEMENTS_2_PROMPT_TEXT,这个任务将会考验你的战力。
ACT1_6_STARTRUMOURSELECTIONSEQUENCE_FOCUSADVICESEQUENCEELEMENTS_3_PROMPT_TEXT,这是你的战力，它代表你在战斗中的威力。
ACT1_6_STARTTHIRDTURNSEQUENCE_CHANGEMETAADVICESEQUENCEELEMENTS_0_ADVICE_TEXT,前往你的下一个任务。
ACT1_6_STARTTHIRDTURNSEQUENCE_FOCUSADVICESEQUENCEELEMENTS_0_PROMPT_CUSTOMCONTROLLERTEXT,你可以在你手中突出显示的装备和追随者中进行选择，并将他们佩戴或招募。
ACT1_6_STARTTHIRDTURNSEQUENCE_FOCUSADVICESEQUENCEELEMENTS_0_PROMPT_TEXT,你可以在手中拖拽装备和追随者 - 库存展架会自动打开，从而进行佩戴装备和招募追随者。
ACT1_6_STARTTHIRDTURNSEQUENCE_PROLOGUEADVISORSEQUENCEELEMENTS_0_ADVICE_TEXT,非常好！我们走吧。我们今天要步行穿越一片沼泽，路不好走，可能会受点小伤。
ACT1_6_STARTTHIRDTURNSEQUENCE_PROLOGUEADVISORSEQUENCEELEMENTS_1_ADVICE_TEXT,我们应该配备那把剑和盾牌，在我们结束之前肯定能用得上！
ACT1_6_STARTTHIRDTURNSEQUENCE_PROLOGUEADVISORSEQUENCEELEMENTS_2_ADVICE_TEXT,阁下？我收集了一些我主人的补给品。我确定他想让我拿给你。
ACT1_6_STARTTHIRDTURNSEQUENCE_PROLOGUEADVISORSEQUENCEELEMENTS_3_ADVICE_TEXT,付出一些代价……
ACT1_7_COMPLETESTONECIRCLEQUESTSEQUENCE_CHANGEMETAADVICESEQUENCEELEMENTS_0_ADVICE_TEXT,结束回合。
ACT1_7_COMPLETESTONECIRCLEQUESTSEQUENCE_PROLOGUEADVISORSEQUENCEELEMENTS_0_ADVICE_TEXT,他带着那个木偶逃走了！
ACT1_7_COMPLETESTONECIRCLEQUESTSEQUENCE_PROLOGUEADVISORSEQUENCEELEMENTS_1_ADVICE_TEXT,说实话，我很高兴我们没找到它。我可不想和腐化扯上关系。
ACT1_7_COMPLETESTONECIRCLEQUESTSEQUENCE_PROLOGUEADVISORSEQUENCEELEMENTS_2_ADVICE_TEXT,我们来搭帐篷吧。我们可以从明天开始追捕他。
ACT1_7_QUESTDEFAULTACTIONSEQUENCE_FOCUSADVICESEQUENCEELEMENTS_0_PROMPT_TEXT,请记住，这个任务中较安全的选项。
ACT1_7_QUESTDEFAULTACTIONSEQUENCE_FOCUSADVICESEQUENCEELEMENTS_1_PROMPT_TEXT,完成这个任务仍然会为你增加 1 点战力。
ACT1_7_QUESTDEFAULTACTIONSEQUENCE_FOCUSADVICESEQUENCEELEMENTS_2_PROMPT_TEXT,并且随着你的事迹传开，获得+1声望。
ACT1_7_QUESTDEFAULTACTIONSEQUENCE_FOCUSADVICESEQUENCEELEMENTS_3_PROMPT_TEXT,这是危险选项，将会考验你的战力。
ACT1_7_QUESTDEFAULTACTIONSEQUENCE_FOCUSADVICESEQUENCEELEMENTS_4_PROMPT_TEXT,你的 5 点战力会让你有 50%的成功几率
ACT1_7_QUESTDEFAULTACTIONSEQUENCE_FOCUSADVICESEQUENCEELEMENTS_5_PROMPT_TEXT,奖励是一个宝藏，即我们寻找的木偶和线索。
ACT1_7_QUESTDEFAULTACTIONSEQUENCE_FOCUSADVICESEQUENCEELEMENTS_6_PROMPT_TEXT,失败，则扣除 1 点生命。
ACT1_9_STARTKINGSGUARDCOMBATSEQUENCE_PROLOGUEADVISORSEQUENCEELEMENTS_0_ADVICE_TEXT,狼族塞恩！交出木偶，否则按国王的命令处死你！
ACT1_9_STARTKINGSGUARDCOMBATSEQUENCE_PROLOGUEADVISORSEQUENCEELEMENTS_1_ADVICE_TEXT,简直不可理喻！我们根本就没拿那个木偶！
ACT1_9_STARTKINGSGUARDCOMBATSEQUENCE_PROLOGUEADVISORSEQUENCEELEMENTS_2_ADVICE_TEXT,国王守卫为什么攻击我们？我们没做错事！真是疯了。
ACT1_9_STARTKINGSGUARDCOMBATSEQUENCE_PROLOGUEADVISORSEQUENCEELEMENTS_3_ADVICE_TEXT,事情不妙，简直糟糕透顶！他们会追杀我们至死！
ACT1_ATTEMPTENTERDUNGEONSEQUENCE_PROLOGUEADVISORSEQUENCEELEMENTS_0_ADVICE_TEXT,塞恩，我们先别靠近地牢，它们可能很危险！
ACT1_ATTEMPTENTERPALACESEQUENCE_PROLOGUEADVISORSEQUENCEELEMENTS_0_ADVICE_TEXT,王宫是国王的领地，没有正当理由我们不能进去。
ACT1_FIRSTFORESTSEQUENCE_FOCUSADVICESEQUENCEELEMENTS_0_PROMPT_TEXT,森林在夜晚提供潜行。潜行中的英雄不会被看见。
ACT1_FIRSTSETTLEMENTSEQUENCE_FOCUSADVICESEQUENCEELEMENTS_0_PROMPT_TEXT,走进一个聚落即可控制它。你控制的每个聚落在黎明时提供+1金币收入。
ACT1_FIRSTSTONECIRCLESEQUENCE_FOCUSADVICESEQUENCEELEMENTS_0_PROMPT_TEXT,石环是古老的遗迹，蕴含怀尔德之力。它们为进入其中的人恢复+1生命。
ACT1_FIRSTSWAMPSEQUENCE_FOCUSADVICESEQUENCEELEMENTS_0_PROMPT_TEXT,但是进入沼泽地会失去 1 点生命。
ACT1_MOVEDISABLEDFORPROLOGUESEQUENCE_PROLOGUEADVISORSEQUENCEELEMENTS_0_ADVICE_TEXT,英雄，那条路错了！我们得向 <quest_tile> 方向进发。
ACT1_MOVEDISABLEDFORPROLOGUESEQUENCE_PROLOGUEADVISORSEQUENCEELEMENTS_1_ADVICE_TEXT,它在这，以防你忘了！
ACT2_01_FIRSTLOCALPLAYERRUMOURSEQUENCE_FOCUSADVICESEQUENCEELEMENTS_0_PROMPT_TEXT,这是你的智力点。它决定你的手中能拿几张卡牌。
ACT2_01_FIRSTLOCALPLAYERRUMOURSEQUENCE_FOCUSADVICESEQUENCEELEMENTS_1_PROMPT_TEXT,这是一个智力任务。
ACT2_01_FIRSTLOCALPLAYERTURNSEQUENCE_FOCUSADVICESEQUENCEELEMENTS_0_PROMPT_TEXT,在你自己身上使用伪装，进行隐藏。
ACT2_01_FIRSTLOCALPLAYERTURNSEQUENCE_FOCUSADVICESEQUENCEELEMENTS_1_PROMPT_TEXT,记得装备有用的道具。它们会在你的旅途中帮助你。
ACT2_01_FIRSTLOCALPLAYERTURNSEQUENCE_FOCUSADVICESEQUENCEELEMENTS_2_PROMPT_TEXT,记得装备有用的道具。它们会在你的旅途中帮助你。
ACT2_01_FIRSTLOCALPLAYERTURNSEQUENCE_FOCUSADVICESEQUENCEELEMENTS_3_PROMPT_TEXT,伪装是一张诡术卡牌，这些卡牌包含政治手段、间谍、陷阱和诡术等。
ACT2_01_FIRSTLOCALPLAYERTURNSEQUENCE_PROLOGUEADVISORSEQUENCEELEMENTS_0_ADVICE_TEXT,我们走吧！时间就是金钱，墨丘里奥。
ACT2_01_FIRSTLOCALPLAYERTURNSEQUENCE_SETCUSTOMCITIZENSEQUENCEELEMENTS_0_QUESTDESCRIPTION_TEXT,你听到法斯汀的话了。我们去找那个间谍大师。
ACT2_01_LOCALPLAYERQUESTSPAWNEDSEQUENCE_CHANGEMETAADVICESEQUENCEELEMENTS_0_ADVICE_TEXT,前往 <quest_tile> 招募间谍大师。
ACT2_02_DEPLETEDACTIONPOINTSSEQUENCE_FOCUSADVICESEQUENCEELEMENTS_0_PROMPT_TEXT,在 <prologue_tile> 上使用巡林者侦察该区域。
ACT2_02_DEPLETEDACTIONPOINTSSEQUENCE_FOCUSADVICESEQUENCEELEMENTS_1_PROMPT_TEXT,鹰旗表示该区块已被侦查，被侦查区块中的生物对你不再潜行
ACT2_02_DEPLETEDACTIONPOINTSSEQUENCE_PROLOGUEADVISORSEQUENCEELEMENTS_0_ADVICE_TEXT,等等！我不想在不知道塞恩隐藏在哪里的情况下停下来休息。
ACT2_02_DEPLETEDACTIONPOINTSSEQUENCE_PROLOGUEADVISORSEQUENCEELEMENTS_1_ADVICE_TEXT,在那里！塞恩藏在树林里。别担心。日出之后，国王守卫会找到他的。
ACT2_02_DEPLETEDACTIONPOINTSSEQUENCE_PROLOGUEADVISORSEQUENCEELEMENTS_2_ADVICE_TEXT,给，用这些金币招募巡林者。在邓恩城堡附近地域展开侦查。他最后一次现身就是在那里。
ACT2_02_FIRSTPLAINSSEQUENCE_FOCUSADVICESEQUENCEELEMENTS_0_PROMPT_TEXT,对 <prologue_tile> 使用游骑兵。
ACT2_02_FIRSTPLAINSSEQUENCE_PROLOGUEADVISORSEQUENCEELEMENTS_0_ADVICE_TEXT,一点消息都没有，我可不喜欢这样，哪怕知道狼族的铁矿石价格也好啊，这不正常，我们应该派巡林者去 <prologue_tile> 看看到底发生了什么事。
ACT2_02_FIRSTPLAINSSEQUENCE_PROLOGUEADVISORSEQUENCEELEMENTS_1_ADVICE_TEXT,狼族的塞恩似乎在外面潜行并躲在那个树林里，看样子他会为了狼族重新控制 <prologue_tile>，我们应当留意塞恩的企图。
ACT2_03_ADJACENTTOQUESTSEQUENCE_FOCUSADVICESEQUENCEELEMENTS_0_PROMPT_TEXT,在 <prologue_tile> 上施用 <card>。
ACT2_03_ADJACENTTOQUESTSEQUENCE_PROLOGUEADVISORSEQUENCEELEMENTS_0_ADVICE_TEXT,肯定有一张卡牌你可以使用来清除国王守卫，我们不能在他们在场的情况下会见告密者。
ACT2_03_ADJACENTTOQUESTSEQUENCE_PROLOGUEADVISORSEQUENCEELEMENTS_1_ADVICE_TEXT,这太残暴了，镇民起义，国王守卫镇压了他们，随后被赶走。这对生意很不利，非常不利。至少你可以因恢复这里的秩序获得一些声望。
ACT2_04_SECONDTURNSTARTTURNKINGSGUARD1_PROLOGUEADVISORSEQUENCEELEMENTS_0_ADVICE_TEXT,叛国者必死！
ACT2_05_SECONDTURNENDTURNKINGSGUARD2_PROLOGUEADVISORSEQUENCEELEMENTS_0_ADVICE_TEXT,南岸聚落已按国王的命令被封锁。我们正在寻找共犯。
ACT2_06_SECONDTURNENDTURNTHANE_FOCUSADVICESEQUENCEELEMENTS_0_PROMPT_TEXT,塞恩已对这个村落施放了一张诡术卡，设下了陷阱。
ACT2_06_SECONDTURNENDTURNTHANE_FOCUSADVICESEQUENCEELEMENTS_1_PROMPT_TEXT,陷阱就是一种圈套。进入地块后，你将面临它的挑战。
ACT2_06_SECONDTURNENDTURNTHANE_FOCUSADVICESEQUENCEELEMENTS_2_PROMPT_TEXT,失败，你就会触发卡牌的效果。
ACT2_06_SECONDTURNENDTURNTHANE_PROLOGUEADVISORSEQUENCEELEMENTS_0_ADVICE_TEXT,一个陷阱？在云杉谷？塞恩打算干什么？
ACT2_07_SECONDLOCALPLAYERTURN_FOCUSADVICESEQUENCEELEMENTS_0_PROMPT_TEXT,给 <prologue_tile>上的国王守卫使用伪造的命令。
ACT2_07_SECONDLOCALPLAYERTURN_FOCUSADVICESEQUENCEELEMENTS_1_PROMPT_TEXT,这是你的声望，它反映你在整个王国中的名望。
ACT2_07_SECONDLOCALPLAYERTURN_FOCUSADVICESEQUENCEELEMENTS_2_PROMPT_TEXT,用诡术杀死塞恩领取悬赏。
ACT2_07_SECONDLOCALPLAYERTURN_FOCUSADVICESEQUENCEELEMENTS_3_PROMPT_TEXT,杀死另一名英雄奖励你+1声望。领取悬赏会根据目标的通缉程度奖励额外声望和金币！
ACT2_07_SECONDLOCALPLAYERTURN_FOCUSADVICESEQUENCEELEMENTS_4_PROMPT_TEXT,你可以给其他生物施放卡牌，就像对自己施放伪装一样。
ACT2_07_SECONDLOCALPLAYERTURN_PROLOGUEADVISORSEQUENCEELEMENTS_0_ADVICE_TEXT,我们领取塞恩的人头悬赏，就能在王国中增加声望。
ACT2_07_SECONDLOCALPLAYERTURN_PROLOGUEADVISORSEQUENCEELEMENTS_1_ADVICE_TEXT,我认识几个恶棍，他们会很高兴为我们干这些脏活。
ACT2_07_SECONDLOCALPLAYERTURN_PROLOGUEADVISORSEQUENCEELEMENTS_2_ADVICE_TEXT,相反，我们要编造一些假命令。悬赏会让你得到一些金币，而这些金币会让我们联系到一些厉害的恶棍。
ACT2_07_SECONDLOCALPLAYERTURN_PROLOGUEADVISORSEQUENCEELEMENTS_3_ADVICE_TEXT,没事，别管那个陷阱了。塞恩已暴露了，我们去领悬赏吧！
ACT2_07_SECONDLOCALPLAYERTURN_PROLOGUEADVISORSEQUENCEELEMENTS_4_ADVICE_TEXT,现在，我们去找间谍大师。
ACT2_07_SECONDLOCALPLAYERTURN_PROLOGUEADVISORSEQUENCEELEMENTS_5_ADVICE_TEXT,我们得解除封锁。不要攻击国王守卫！否则，我们最终也会被悬赏通缉。
ACT2_07_SECONDLOCALPLAYERTURN_PROLOGUEADVISORSEQUENCEELEMENTS_6_ADVICE_TEXT,搞定了！金币入袋，声望加身！
ACT2_08_COMPLETEFIRSTQUESTSEQUENCE_CHANGEMETAADVICESEQUENCEELEMENTS_0_ADVICE_TEXT,结束回合。
ACT2_08_COMPLETEFIRSTQUESTSEQUENCE_FOCUSADVICESEQUENCEELEMENTS_0_PROMPT_TEXT,招募间谍大师。她会传授你看到其他英雄的任务位置的能力。
ACT2_08_COMPLETEFIRSTQUESTSEQUENCE_FOCUSADVICESEQUENCEELEMENTS_1_PROMPT_TEXT,既然你现在有了一定的声望，你可以发布一些假命令。
ACT2_08_COMPLETEFIRSTQUESTSEQUENCE_PROLOGUEADVISORSEQUENCEELEMENTS_0_ADVICE_TEXT,情报是需要付出代价的，墨丘里奥。
ACT2_08_COMPLETEFIRSTQUESTSEQUENCE_PROLOGUEADVISORSEQUENCEELEMENTS_1_ADVICE_TEXT,塞恩正在向大山进发。嗯。这将会使形势更加复杂。
ACT2_08_COMPLETEFIRSTQUESTSEQUENCE_PROLOGUEADVISORSEQUENCEELEMENTS_2_ADVICE_TEXT,给我点时间，让我和我的接头人沟通一下。休息一会。
ACT2_08_COMPLETEFIRSTQUESTSEQUENCE_SETCUSTOMCITIZENSEQUENCEELEMENTS_0_QUESTDESCRIPTION_TEXT,我听到了一些传闻。我知道我们必须去哪里。
ACT2_10_STAGE2STARTTURNTHANE_FOCUSADVICESEQUENCEELEMENTS_0_PROMPT_TEXT,英雄死亡时，其回合结束，失去1点声望并返回其部族领地。
ACT2_10_STAGE2STARTTURNTHANE_FOCUSADVICESEQUENCEELEMENTS_1_PROMPT_TEXT,即使不是你的回合，你也可以施放卡牌。给 <prologue_tile> 应用雇佣兵卡牌设置陷阱。
ACT2_10_STAGE2STARTTURNTHANE_PROLOGUEADVISORSEQUENCEELEMENTS_0_ADVICE_TEXT,塞恩回到了他的部族领地。他仍然在向着冬角山前进。
ACT2_10_STAGE2STARTTURNTHANE_PROLOGUEADVISORSEQUENCEELEMENTS_1_ADVICE_TEXT,我打算阻止他的计划。但是塞恩在移动时不受影响。
ACT2_10_STAGE2STARTTURNTHANE_PROLOGUEADVISORSEQUENCEELEMENTS_2_ADVICE_TEXT,这不成问题。我们只需在他必然会出现的地方动手。
ACT2_10_STAGE2STARTTURNTHANE_PROLOGUEADVISORSEQUENCEELEMENTS_3_ADVICE_TEXT,雇一些雇佣兵在疾行山埋伏以待。这样会切断他上山的去路。
ACT2_11_STAGE2ENDTURNTHANE_PROLOGUEADVISORSEQUENCEELEMENTS_0_ADVICE_TEXT,干得不错！这样会减缓他的速度。
ACT2_12_STAGE2FIRSTLOCALPLAYERTURN_CHANGEMETAADVICESEQUENCEELEMENTS_0_ADVICE_TEXT,去 <quest_tile> 见间谍大师的接头人。
ACT2_12_STAGE2FIRSTLOCALPLAYERTURN_FOCUSADVICESEQUENCEELEMENTS_0_PROMPT_TEXT,战略家相当于一张即时诡术卡牌。
ACT2_12_STAGE2FIRSTLOCALPLAYERTURN_FOCUSADVICESEQUENCEELEMENTS_1_PROMPT_TEXT,应用它需花费 3 个金币。
ACT2_12_STAGE2FIRSTLOCALPLAYERTURN_FOCUSADVICESEQUENCEELEMENTS_2_PROMPT_TEXT,这是卡牌的效果。
ACT2_12_STAGE2FIRSTLOCALPLAYERTURN_FOCUSADVICESEQUENCEELEMENTS_3_PROMPT_TEXT,这是卡牌的阿门罗符号。
ACT2_12_STAGE2FIRSTLOCALPLAYERTURN_FOCUSADVICESEQUENCEELEMENTS_4_PROMPT_TEXT,对自己施用战略家卡牌增加你的行动点（AP）。
ACT2_12_STAGE2FIRSTLOCALPLAYERTURN_PROLOGUEADVISORSEQUENCEELEMENTS_0_ADVICE_TEXT,这里有一张战略家卡牌。使用它帮助我们更快速地到达 <quest_tile>。
ACT2_12_STAGE2FIRSTLOCALPLAYERTURN_PROLOGUEADVISORSEQUENCEELEMENTS_1_ADVICE_TEXT,我们现在无需停歇即可到达 <quest_tile>。
ACT2_13_LOCALPLAYERFAILPERIL_PROLOGUEADVISORSEQUENCEELEMENTS_0_ADVICE_TEXT,塞恩偷了你的冒险者套装。我的午餐装在那里面！
ACT2_14_CAPTURESECONDSETTLEMENT_FOCUSADVICESEQUENCEELEMENTS_0_PROMPT_TEXT,占领更多聚落，进一步增加你的金币收入并可获得诡术卡牌的金币折扣。
ACT2_15_COMPLETESECONDQUESTSEQUENCE_CHANGEMETAADVICESEQUENCEELEMENTS_0_ADVICE_TEXT,结束回合。
ACT2_15_COMPLETESECONDQUESTSEQUENCE_PROLOGUEADVISORSEQUENCEELEMENTS_0_ADVICE_TEXT,我们获得情报。现在计划下一步行动。
ACT2_16_COMPLETESEQUENCE_PROLOGUEADVISORSEQUENCEELEMENTS_0_ADVICE_TEXT,怀尔德在上！那是雷击法术！国王为什么要攻击狼族的王子？
ACT2_16_COMPLETESEQUENCE_PROLOGUEADVISORSEQUENCEELEMENTS_1_ADVICE_TEXT,快！我们得赶紧回去复命。国王举止如此怪异，我们必须格外谨慎。
ACT2_16_KINGSTRIKETHANE_PROLOGUEADVISORSEQUENCEELEMENTS_0_ADVICE_TEXT,你看到那个了吗！那是国王施展的雷击法术，强大的魔法，这令人非常担心。
ACT2_16_KINGSTRIKETHANE_PROLOGUEADVISORSEQUENCEELEMENTS_1_ADVICE_TEXT,我们应该回报鼠族以获取更多指示。国王如今似乎牵涉其中，我们必须谨慎行事。
ACT2_ADJACENTTOPERILSEQUENCE_PROLOGUEADVISORSEQUENCEELEMENTS_0_ADVICE_TEXT,记住，当我们进入 <quest_tile> 时，我们得面对塞恩设置的陷阱，但是这别无选择。
ACT2_ATTEMPTATTACKKINGSGUARDSEQUENCE_PROLOGUEADVISORSEQUENCEELEMENTS_0_ADVICE_TEXT,我们暂时不要攻击国王守卫 - 我们没必要对国王进行无谓的反抗。
ACT2_ATTEMPTATTACKTHANESEQUENCE_PROLOGUEADVISORSEQUENCEELEMENTS_0_ADVICE_TEXT,你疯了吗？攻击狼族的塞恩？不可能！他会将我们剁成肉丝！
ACT2_ATTEMPTENTERDUNGEONSEQUENCE_PROLOGUEADVISORSEQUENCEELEMENTS_0_ADVICE_TEXT,墨丘里奥，我们现在先别靠近地牢，那里可能很危险！
ACT2_ATTEMPTENTERPALACESEQUENCE_PROLOGUEADVISORSEQUENCEELEMENTS_0_ADVICE_TEXT,王宫是国王的领地，没有正当理由我们不能进入。
ACT2_CARDCOMMSITM13SEQUENCE_FOCUSADVICESEQUENCEELEMENTS_0_PROMPT_TEXT,会在陷阱中使用冒险者套装，悬赏骰子＋1。
ACT2_LOADOUTCOMMSCLN_NIGHTSEQUENCE_FOCUSADVICESEQUENCEELEMENTS_0_PROMPT_TEXT,鼠族的亲和是黑夜。夜晚面临挑战时，他们获得 +1 骰子。
ACT2_PERIL_00_INITIALSEQUENCE_FOCUSADVICESEQUENCEELEMENTS_0_PROMPT_TEXT,这是塞恩施放的陷阱卡牌 - 你有机会躲避。
ACT2_PERIL_00_INITIALSEQUENCE_FOCUSADVICESEQUENCEELEMENTS_1_PROMPT_TEXT,陷阱的难度各不相同，有些比另一些更难，陷阱的符号越多就越难通过。
ACT2_PERIL_00_INITIALSEQUENCE_FOCUSADVICESEQUENCEELEMENTS_2_PROMPT_TEXT,你掷的骰子需要与每个陷阱符号匹配。
ACT2_PERIL_00_INITIALSEQUENCE_FOCUSADVICESEQUENCEELEMENTS_3_PROMPT_TEXT,英雄使用智力对抗诡术陷阱，你的智力决定你掷的骰子数量。
ACT2_PERIL_01_SHOWWITSDICESEQUENCE_FOCUSADVICESEQUENCEELEMENTS_0_PROMPT_TEXT,英雄使用智力对抗诡术陷阱，你的智力决定你掷的骰子数量。
ACT2_PERIL_05_STARTBURNDOWNTIMERSEQUENCE_FOCUSADVICESEQUENCEELEMENTS_0_PROMPT_TEXT,现在，投掷骰子吧。
ACT3_01_FIRSTKINGTURNSEQUENCE_PROLOGUEADVISORSEQUENCEELEMENTS_0_ADVICE_TEXT,叛国者、间谍横行。是我宽容太久了。
ACT3_01_FIRSTKINGTURNSEQUENCE_PROLOGUEADVISORSEQUENCEELEMENTS_1_ADVICE_TEXT,我统一的部族如此回报我！你们迫使我采取严厉的措施。
ACT3_02_FIRSTLOCALPLAYERTURNSEQUENCE_FOCUSADVICESEQUENCEELEMENTS_0_PROMPT_TEXT,英雄能力显示在英雄展架上。
ACT3_02_FIRSTLOCALPLAYERTURNSEQUENCE_FOCUSADVICESEQUENCEELEMENTS_1_PROMPT_TEXT,移动到地牢上即可探索它，地牢中充满了危险和奖励。
ACT3_02_FIRSTLOCALPLAYERTURNSEQUENCE_FOCUSADVICESEQUENCEELEMENTS_2_PROMPT_TEXT,你的英雄能力显示在你的英雄展架上。
ACT3_02_FIRSTLOCALPLAYERTURNSEQUENCE_FOCUSADVICESEQUENCEELEMENTS_3_PROMPT_TEXT,移动到地牢上即可探索它，地牢中充满了危险和奖励。
ACT3_02_FIRSTLOCALPLAYERTURNSEQUENCE_PROLOGUEADVISORSEQUENCEELEMENTS_0_ADVICE_TEXT,我知道你热衷于寻宝，但看来这些计划得先搁置了。
ACT3_02_FIRSTLOCALPLAYERTURNSEQUENCE_PROLOGUEADVISORSEQUENCEELEMENTS_1_ADVICE_TEXT,但是也许我们有时间去搜索一个或两个地牢，这是你的专长。
ACT3_02_FIRSTLOCALPLAYERTURNSEQUENCE_PROLOGUEADVISORSEQUENCEELEMENTS_2_ADVICE_TEXT,我们通过探索和找出宝藏及随从来制造影响力。
ACT3_02_FIRSTLOCALPLAYERTURNSEQUENCE_SETCUSTOMCITIZENSEQUENCEELEMENTS_0_QUESTDESCRIPTION_TEXT,我们出发吧……虽然我想先喝杯怀尔德药草茶。不要？好吧。
ACT3_03_FIRSTLOCALPLAYERRUMOURSEQUENCE_FOCUSADVICESEQUENCEELEMENTS_0_PROMPT_TEXT,这是你的灵力。它代表你与阿门罗魔法能量的契合程度。
ACT3_03_FIRSTLOCALPLAYERRUMOURSEQUENCE_FOCUSADVICESEQUENCEELEMENTS_1_PROMPT_TEXT,这是一场灵力任务。提升灵力可让你施展更强大的法术并扩大法术范围。
ACT3_03_FIRSTLOCALPLAYERRUMOURSEQUENCE_FOCUSADVICESEQUENCEELEMENTS_2_PROMPT_TEXT,灵力也代表你每个黄昏能产生多少魔法能量。
ACT3_04_LOCALPLAYERQUESTSPAWNEDSEQUENCE_CHANGEMETAADVICESEQUENCEELEMENTS_0_ADVICE_TEXT,前往 <quest_tile> 地牢。
ACT3_04_LOCALPLAYERQUESTSPAWNEDSEQUENCE_FOCUSADVICESEQUENCEELEMENTS_0_PROMPT_TEXT,这是一张法术卡。
ACT3_04_LOCALPLAYERQUESTSPAWNEDSEQUENCE_FOCUSADVICESEQUENCEELEMENTS_1_PROMPT_TEXT,应用它需花费魔法。
ACT3_04_LOCALPLAYERQUESTSPAWNEDSEQUENCE_FOCUSADVICESEQUENCEELEMENTS_2_PROMPT_TEXT,你的精神决定你应用法术卡的距离。
ACT3_04_LOCALPLAYERQUESTSPAWNEDSEQUENCE_FOCUSADVICESEQUENCEELEMENTS_3_PROMPT_TEXT,这是魔法，用于施放法术卡，每个黄昏都会补充。
ACT3_04_LOCALPLAYERQUESTSPAWNEDSEQUENCE_FOCUSADVICESEQUENCEELEMENTS_4_PROMPT_TEXT,对自己施用专注卡牌。
ACT3_04_LOCALPLAYERQUESTSPAWNEDSEQUENCE_FOCUSADVICESEQUENCEELEMENTS_5_PROMPT_TEXT,这是你的魔法，用于施放法术卡，每个黄昏都会补充。
ACT3_04_LOCALPLAYERQUESTSPAWNEDSEQUENCE_PROLOGUEADVISORSEQUENCEELEMENTS_0_ADVICE_TEXT,吟游诗人，有宝藏可寻，多半也有危险。可以的话，我还是待在外面。
ACT3_04_LOCALPLAYERQUESTSPAWNEDSEQUENCE_PROLOGUEADVISORSEQUENCEELEMENTS_1_ADVICE_TEXT,我听说这里有一些神奇古老魔法正在发生作用。
ACT3_04_LOCALPLAYERQUESTSPAWNEDSEQUENCE_PROLOGUEADVISORSEQUENCEELEMENTS_2_ADVICE_TEXT,话又说回来，你自己身上就有奇怪的魔法……
ACT3_04_LOCALPLAYERQUESTSPAWNEDSEQUENCE_PROLOGUEADVISORSEQUENCEELEMENTS_3_ADVICE_TEXT,你应该将注意力集中在你的魔法上。这会在以后的任务中帮助你。
ACT3_06_FIRSTEXPLORESEQUENCE_FOCUSADVICESEQUENCEELEMENTS_0_PROMPT_TEXT,这是投掷探索硬币，它表示找到特定奖励或危险的机率。
ACT3_07_AICOMPLETEQUESTSEQUENCE_FOCUSADVICESEQUENCEELEMENTS_0_PROMPT_TEXT,这是投掷探索硬币，它表示找到特定奖励或危险的机率。
ACT3_08_AIENDTURNSEQUENCE_CHANGEMETAADVICESEQUENCEELEMENTS_0_ADVICE_TEXT,你做到了，安布尔！是的！下一日黎明时分，国王将传召你去他身边。
ACT3_08_AIENDTURNSEQUENCE_FOCUSADVICESEQUENCEELEMENTS_0_PROMPT_TEXT,墨丘里奥在所有英雄中声望最高，这使他成为了声望领袖。
ACT3_09_STARTFIRSTCARDDRAWSEQUENCE_FOCUSADVICESEQUENCEELEMENTS_0_PROMPT_TEXT,这是阿门罗的三个核心卡组，你可以从任意卡组抽取卡牌。
ACT3_09_STARTFIRSTCARDDRAWSEQUENCE_FOCUSADVICESEQUENCEELEMENTS_1_PROMPT_TEXT,装备卡组包含武器、盔甲、工具和消耗品，在旅途中为你提供协助。
ACT3_09_STARTFIRSTCARDDRAWSEQUENCE_FOCUSADVICESEQUENCEELEMENTS_2_PROMPT_TEXT,智力决定你每个回合可抽取的卡牌数量。
ACT3_09_STARTFIRSTCARDDRAWSEQUENCE_FOCUSADVICESEQUENCEELEMENTS_3_PROMPT_TEXT,诡术卡组包含了陷阱、诡术和政治谋略，是阻碍和暗中破坏对手的完美卡组。
ACT3_09_STARTFIRSTCARDDRAWSEQUENCE_FOCUSADVICESEQUENCEELEMENTS_4_PROMPT_TEXT,法术卡组是获得强大法术、攻防、增益和诅咒的来源。
ACT3_10_COMPLETEFIRSTQUESTSEQUENCE_CHANGEMETAADVICESEQUENCEELEMENTS_0_ADVICE_TEXT,结束回合。
ACT3_10_COMPLETEFIRSTQUESTSEQUENCE_SETCUSTOMCITIZENSEQUENCEELEMENTS_0_QUESTDESCRIPTION_TEXT,如果你想让国王再次倾听你，就需要提升声望。我有几个办法能让你的名声再次传开。
ACT3_11_AIKINGSDECSEQUENCE_CHANGEMETAADVICESEQUENCEELEMENTS_0_ADVICE_TEXT,成为声望领袖，被传召做出国王的宣言。
ACT3_11_AIKINGSDECSEQUENCE_FOCUSADVICESEQUENCEELEMENTS_0_PROMPT_TEXT,这是你目前的声望。你需要超过墨丘里奥才能成为新的声望领袖。
ACT3_11_AIKINGSDECSEQUENCE_PROLOGUEADVISORSEQUENCEELEMENTS_0_ADVICE_TEXT,该死！看，墨丘里奥深得国王信任。作为声望领袖，国王执行哪些法律他也有话语权。
ACT3_11_AIKINGSDECSEQUENCE_PROLOGUEADVISORSEQUENCEELEMENTS_1_ADVICE_TEXT,我们需要比他更高的声望才能取得领先，并重申兔族的地位。
ACT3_11_AIKINGSDECSEQUENCE_PROLOGUEADVISORSEQUENCEELEMENTS_2_ADVICE_TEXT,击杀其他英雄、完成任务和使用诡术卡是赚取声望的可靠途径。
ACT3_11_LOCALPLAYERSECONDQUESTSPAWNEDSEQUENCE_CHANGEMETAADVICESEQUENCEELEMENTS_0_ADVICE_TEXT,前往你的下一个任务。
ACT3_12_PLAYERKINGSDECSEQUENCE_CHANGEMETAADVICESEQUENCEELEMENTS_0_ADVICE_TEXT,选择国王的宣言。
ACT3_12_PLAYERKINGSDECSEQUENCE_FOCUSADVICESEQUENCEELEMENTS_0_PROMPT_TEXT,这是国王提出、供声望领袖选择的两部法律。
ACT3_12_PLAYERKINGSDECSEQUENCE_FOCUSADVICESEQUENCEELEMENTS_1_PROMPT_TEXT,掌控国王的宣言是一项举足轻重的权位。
ACT3_13_COMPLETESEQUENCE_PROLOGUEADVISORSEQUENCEELEMENTS_0_ADVICE_TEXT,这不可能是那位联合各部族、和平统治了一代的贤明国王。
ACT3_13_COMPLETESEQUENCE_PROLOGUEADVISORSEQUENCEELEMENTS_1_ADVICE_TEXT,愿怀尔德将我们从国王手中拯救出来。
ACT3_13_COMPLETESEQUENCE_PROLOGUEADVISORSEQUENCEELEMENTS_2_ADVICE_TEXT,我从未想过自己能看到这一天，没有什么比疯狂更为恐怖……
ACT3_ATTEMPTENTERPALACESEQUENCE_PROLOGUEADVISORSEQUENCEELEMENTS_0_ADVICE_TEXT,王宫是国王的领地，没有正当理由我们不能进入。
ACT3_FIRSTDUSKSEQUENCE_FOCUSADVICESEQUENCEELEMENTS_0_PROMPT_TEXT,每个黄昏，你的魔法都会补足至与灵力相同。
ACT3_GAINPRESTIGELEADSEQUENCE_PROLOGUEADVISORSEQUENCEELEMENTS_0_ADVICE_TEXT,好了安布尔，你现在是声望领袖了，只需坚持到下一个黎明！
ACT3_PRESTIGEHELPERSEQUENCE_FOCUSADVICESEQUENCEELEMENTS_0_PROMPT_TEXT,对自己施用荆棘游戏卡牌。
ACT3_PRESTIGEHELPERSEQUENCE_PROLOGUEADVISORSEQUENCEELEMENTS_0_ADVICE_TEXT,看样子你有麻烦了，安布尔 - 这里，有一些帮助！
ACT3_SETTLEMENTTERRORISEDSEQUENCE_FOCUSADVICESEQUENCEELEMENTS_0_PROMPT_TEXT,被摧毁的聚落不再效忠任何英雄或部族，也不会产生任何收入。
ACT3_SETTLEMENTTERRORISEDSEQUENCE_FOCUSADVICESEQUENCEELEMENTS_1_PROMPT_TEXT,拯救被摧毁的聚落可恢复和平与秩序，为英雄赢得 +1 声望。
ACT3_TERRORIZESETTLEMENT1,被摧毁的聚落不再效忠任何英雄或部族，也不会产生任何收入。
ACT3_TERRORIZESETTLEMENT2,夺取被摧毁的聚落可恢复和平与秩序，为英雄赢得 +1 声望。
ACT4_01_FIRSTKINGSTURNSEQUENCE_PROLOGUEADVISORSEQUENCEELEMENTS_0_ADVICE_TEXT,这和我预见的一样。守卫！搜集所有灵石。出发！马上！
ACT4_01_FIRSTLOCALPLAYERTURNSEQUENCE_PROLOGUEADVISORSEQUENCEELEMENTS_0_ADVICE_TEXT,额！我吓到你了？我是被自己吓到了。我们还要去哪里？
ACT4_02_FIRSTLOCALPLAYERTURNSEQUENCE_CHANGEMETAADVICESEQUENCEELEMENTS_0_ADVICE_TEXT,前往 <quest_tile>。
ACT4_02_FIRSTLOCALPLAYERTURNSEQUENCE_FOCUSADVICESEQUENCEELEMENTS_0_PROMPT_TEXT,这是一张不寻常的法术卡。
ACT4_02_FIRSTLOCALPLAYERTURNSEQUENCE_FOCUSADVICESEQUENCEELEMENTS_1_PROMPT_TEXT,这张法术不消耗魔法。施放它会使你获得 +1 腐化。
ACT4_02_FIRSTLOCALPLAYERTURNSEQUENCE_FOCUSADVICESEQUENCEELEMENTS_2_PROMPT_TEXT,这是你的腐化等级。\n目前为零。
ACT4_02_FIRSTLOCALPLAYERTURNSEQUENCE_FOCUSADVICESEQUENCEELEMENTS_3_PROMPT_TEXT,腐化是一种黑暗、强大的毁灭性力量，它消耗生命能量。
ACT4_02_FIRSTLOCALPLAYERTURNSEQUENCE_FOCUSADVICESEQUENCEELEMENTS_4_PROMPT_TEXT,英雄获得第一点腐化后即视为已感染，且每个黎明失去 1 点生命。
ACT4_02_FIRSTLOCALPLAYERTURNSEQUENCE_PROLOGUEADVISORSEQUENCEELEMENTS_0_ADVICE_TEXT,萨娜！我也去，朋友！老朋友！我现在不会丢下你的。我们是好朋友，对吧？
ACT4_02_FIRSTLOCALPLAYERTURNSEQUENCE_PROLOGUEADVISORSEQUENCEELEMENTS_1_ADVICE_TEXT,我发现了这个奇怪的东西，看上去很恐怖。你觉得这是什么意思？
ACT4_02_FIRSTLOCALPLAYERTURNSEQUENCE_PROLOGUEADVISORSEQUENCEELEMENTS_2_ADVICE_TEXT,听起来不妙，萨娜！我们要避开腐化。
ACT4_02_FIRSTLOCALPLAYERTURNSEQUENCE_SETCUSTOMCITIZENSEQUENCEELEMENTS_0_QUESTDESCRIPTION_TEXT,既然这样，那我们要去哪里？我忘了。
ACT4_02_LOCALPLAYERQUESTSPAWNEDSEQUENCE_CHANGEMETAADVICESEQUENCEELEMENTS_0_ADVICE_TEXT,前往 <quest_tile>。
ACT4_03_ADJACENTTOSPIRITSTONESEQUENCE_CHANGEMETAADVICESEQUENCEELEMENTS_0_ADVICE_TEXT,从 <prologue_tile> 收集灵石。
ACT4_03_ADJACENTTOSPIRITSTONESEQUENCE_PROLOGUEADVISORSEQUENCEELEMENTS_0_ADVICE_TEXT,那是灵石！萨娜！我们该把它拿走！好好保管！也许还能玩一玩。
ACT4_03_ADJACENTTOSPIRITSTONESEQUENCE_PROLOGUEADVISORSEQUENCEELEMENTS_1_ADVICE_TEXT,而集齐灵石之人，将获得终极力量——怀尔德与纯净。
ACT4_03_ADJACENTTOSPIRITSTONESEQUENCE_PROLOGUEADVISORSEQUENCEELEMENTS_2_ADVICE_TEXT,一只老熊嘟哝着说了这些话。他的呼吸有鱼的味道，所以我并没有听。
ACT4_04_COLLECTSPIRITSTONESEQUENCE_CHANGEMETAADVICESEQUENCEELEMENTS_0_ADVICE_TEXT,前往 <quest_tile>。
ACT4_04_COLLECTSPIRITSTONESEQUENCE_PROLOGUEADVISORSEQUENCEELEMENTS_0_ADVICE_TEXT,一块灵石！是的！我能摸摸吗？
ACT4_04_COLLECTSPIRITSTONESEQUENCE_PROLOGUEADVISORSEQUENCEELEMENTS_1_ADVICE_TEXT,噢！你感觉到了吗？有什么邪恶的东西正在接近……
ACT4_04_COLLECTSPIRITSTONESEQUENCE_PROLOGUEADVISORSEQUENCEELEMENTS_2_ADVICE_TEXT,拿着这个，它可能帮得上忙。我特意藏着以防万一。它有点脏。
ACT4_05_BURNFIRSTCARDSEQUENCE_FOCUSADVICESEQUENCEELEMENTS_0_PROMPT_TEXT,把卡牌拖拽并放到这里，即可烧掉卡牌。
ACT4_05_BURNFIRSTCARDSEQUENCE_FOCUSADVICESEQUENCEELEMENTS_1_PROMPT_TEXT,点燃“燃烧”卡牌，以匹配“太阳陷阱”符号。
ACT4_05_EXPLAINCARDBURNINGSEQUENCE_FOCUSADVICESEQUENCEELEMENTS_0_PROMPT_TEXT,每张卡牌都有一个阿门罗符号，与你骰子上的某个符号相对应。
ACT4_05_EXPLAINCARDBURNINGSEQUENCE_FOCUSADVICESEQUENCEELEMENTS_1_PROMPT_TEXT,不管是施用还是装备卡牌，你都能在陷阱或战斗中烧卡牌。
ACT4_05_EXPLAINCARDBURNINGSEQUENCE_FOCUSADVICESEQUENCEELEMENTS_2_PROMPT_TEXT,烧掉一张卡牌，即可将你的一颗骰子锁定为该卡牌的阿门罗符号。
ACT4_05_EXPLAINCARDBURNINGSEQUENCE_FOCUSADVICESEQUENCEELEMENTS_3_PROMPT_CUSTOMCONTROLLERTEXT,你可以在这里准备或施用卡牌来烧卡牌。
ACT4_05_FIRSTCARDBURNINGSEQUENCE_FOCUSADVICESEQUENCEELEMENTS_5_PROMPT_TEXT,准备好之后掷骰子。
ACT4_06_ADJACENTTOFIRSTQUESTSEQUENCE_FOCUSADVICESEQUENCEELEMENTS_1_PROMPT_TEXT,不管是施用还是装备卡牌，你都能在陷阱或战斗中烧卡牌。
ACT4_06_ADJACENTTOFIRSTQUESTSEQUENCE_PROLOGUEADVISORSEQUENCEELEMENTS_0_ADVICE_TEXT,你看到那个了吗！我不喜欢这个，我害怕。
ACT4_06_FAILROTPERILSEQUENCE_PROLOGUEADVISORSEQUENCEELEMENTS_0_ADVICE_TEXT,噢，不！萨娜，你已经被腐化感染了！不要变成紫色，拜托！
ACT4_07_FIRSTBANEATTACKSEQUENCE_FOCUSADVICESEQUENCEELEMENTS_0_PROMPT_TEXT,贝恩是腐化孕育的已堕落生物，被它们杀死的生物都会被感染 +1 腐化。
ACT4_07_FIRSTBANEATTACKSEQUENCE_PROLOGUEADVISORSEQUENCEELEMENTS_0_ADVICE_TEXT,那个东西是什么？
ACT4_08_FIRSTROTBATTLESEQUENCE_FOCUSADVICESEQUENCEELEMENTS_0_PROMPT_TEXT,腐化高于对手的生物，会在战斗中获得对手的腐化作为奖励骰子。
ACT4_08_FIRSTROTBATTLEWINSEQUENCE_FOCUSADVICESEQUENCEELEMENTS_0_PROMPT_TEXT,这场战斗中贝恩的腐化比你高，因此它将获得相当于你腐化的奖励骰子。
ACT4_09_COMBATCARDBURNINGSEQUENCE_FOCUSADVICESEQUENCEELEMENTS_0_PROMPT_TEXT,记住 - 你可以在战斗中烧卡牌确保特定的骰子结果。
ACT4_09_POSTBANECOMBATSEQUENCE_PROLOGUEADVISORSEQUENCEELEMENTS_0_ADVICE_TEXT,贝恩！太恐怖了！我从未相信过古老的睡前故事。但是它们是真的！
ACT4_10_COMPLETEFIRSTQUESTSEQUENCE_CHANGEMETAADVICESEQUENCEELEMENTS_0_ADVICE_TEXT,结束回合。
ACT4_10_COMPLETEFIRSTQUESTSEQUENCE_PROLOGUEADVISORSEQUENCEELEMENTS_0_ADVICE_TEXT,我很高兴这个结束了。我们离开这里吧！
ACT4_10_COMPLETEFIRSTQUESTSEQUENCE_SETCUSTOMCITIZENSEQUENCEELEMENTS_0_QUESTDESCRIPTION_TEXT,我看我们该把那块灵石送到王宫去。
ACT4_10_RECEIVESECONDQUESTSEQUENCE_CHANGEMETAADVICESEQUENCEELEMENTS_0_ADVICE_TEXT,前往 <quest_tile>。
ACT4_11_ENTERPALACESEQUENCE_FOCUSADVICESEQUENCEELEMENTS_0_PROMPT_TEXT,王宫花园由强大的王宫陷阱守护，除非被破解，否则它们会一直存在。
ACT4_11_ENTERPALACESEQUENCE_FOCUSADVICESEQUENCEELEMENTS_1_PROMPT_TEXT,攻破王宫很难。收集一手好牌，并烧卡来提高成功机率。
ACT4_11_ENTERPALACESEQUENCE_PROLOGUEADVISORSEQUENCEELEMENTS_0_ADVICE_TEXT,封锁王宫，任何人不得进入。我们必须保卫王国。
ACT4_11_ENTERPALACESEQUENCE_PROLOGUEADVISORSEQUENCEELEMENTS_1_ADVICE_TEXT,萨娜，王宫似乎不一样了。那……防御升起来了！
ACT4_11_ENTERPALACESEQUENCE_PROLOGUEADVISORSEQUENCEELEMENTS_2_ADVICE_TEXT,国王难道不知道我们有灵石吗？
ACT4_12_COMPLETESECONDQUESTSEQUENCE_CHANGEMETAADVICESEQUENCEELEMENTS_0_ADVICE_TEXT,结束回合。
ACT4_12_COMPLETESECONDQUESTSEQUENCE_FOCUSADVICESEQUENCEELEMENTS_0_PROMPT_TEXT,对自己施放“放逐”，逃出王宫吧。
ACT4_12_COMPLETESECONDQUESTSEQUENCE_PROLOGUEADVISORSEQUENCEELEMENTS_0_ADVICE_TEXT,那是我们的灵石！不是你的！
ACT4_12_COMPLETESECONDQUESTSEQUENCE_PROLOGUEADVISORSEQUENCEELEMENTS_1_ADVICE_TEXT,国王和他的守卫根本没想阻止腐化！他们是在把我们引向灾难！
ACT4_12_COMPLETESECONDQUESTSEQUENCE_PROLOGUEADVISORSEQUENCEELEMENTS_2_ADVICE_TEXT,姐妹，我们不能让你走。
ACT4_12_COMPLETESECONDQUESTSEQUENCE_PROLOGUEADVISORSEQUENCEELEMENTS_3_ADVICE_TEXT,如果你主动来到地牢，你的死期就不远了。
ACT4_12_COMPLETESECONDQUESTSEQUENCE_PROLOGUEADVISORSEQUENCEELEMENTS_4_ADVICE_TEXT,不！萨娜！救我！我这么搞笑，还不能死！
ACT4_12_COMPLETESECONDQUESTSEQUENCE_PROLOGUEADVISORSEQUENCEELEMENTS_5_ADVICE_TEXT,等一下！快！对你自己施放放逐！现在还不太迟，我们赶紧逃走吧！
ACT4_13_COMPLETESEQUENCE_FOCUSADVICESEQUENCEELEMENTS_0_PROMPT_TEXT,作为现任声望领袖，安布尔一直在玩政治把戏。
ACT4_13_COMPLETESEQUENCE_FOCUSADVICESEQUENCEELEMENTS_1_PROMPT_TEXT,若国王被腐化吞噬性命时安布尔仍是声望领袖，她将取得声望胜利并夺得王座。
ACT4_13_COMPLETESEQUENCE_FOCUSADVICESEQUENCEELEMENTS_2_PROMPT_TEXT,塞恩正走向弑君者胜利。他需要攻破王宫，直接攻击国王。
ACT4_13_COMPLETESEQUENCE_FOCUSADVICESEQUENCEELEMENTS_3_PROMPT_TEXT,如果塞恩在战斗中打败国王，而且自己没有死，他将成为阿门罗国王。
ACT4_13_COMPLETESEQUENCE_FOCUSADVICESEQUENCEELEMENTS_4_PROMPT_TEXT,墨丘里奥正设法让自己的腐化超过国王。
ACT4_13_COMPLETESEQUENCE_FOCUSADVICESEQUENCEELEMENTS_5_PROMPT_TEXT,若他以更高的腐化攻击并弑杀国王，墨丘里奥将成为新的腐化领主。
ACT4_13_COMPLETESEQUENCE_FOCUSADVICESEQUENCEELEMENTS_6_PROMPT_TEXT,要取得灵石胜利，英雄首先需要收集四块灵石。
ACT4_13_COMPLETESEQUENCE_FOCUSADVICESEQUENCEELEMENTS_7_PROMPT_TEXT,带着灵石，他们必须攻破王宫直面国王，净化王国中的腐化。
ACT4_13_COMPLETESEQUENCE_PROLOGUEADVISORSEQUENCEELEMENTS_0_ADVICE_TEXT,感谢怀尔德，刚好赶上。真不敢相信，我们的国王被腐化吞噬了！
ACT4_13_COMPLETESEQUENCE_PROLOGUEADVISORSEQUENCEELEMENTS_10_ADVICE_TEXT,我们回去和鱼息熊谈谈吧。他们知道接下来该怎么做。
ACT4_13_COMPLETESEQUENCE_PROLOGUEADVISORSEQUENCEELEMENTS_1_ADVICE_TEXT,显然，国王的死期不远了。但是谁来统治阿门罗呢？
ACT4_FAILPALACEPERILSEQUENCE_FOCUSADVICESEQUENCEELEMENTS_0_PROMPT_TEXT,攻破王宫绝非易事——每次尝试都会耗尽剩余行动点数。
ACT4_FAILPALACEPERILSEQUENCE_PROLOGUEADVISORSEQUENCEELEMENTS_0_ADVICE_TEXT,哎哟！王宫防守严密，只能再试一次了。
ACT4_FAILPALACEPERILSEQUENCE_PROLOGUEADVISORSEQUENCEELEMENTS_1_ADVICE_TEXT,来，对自己使用“战略家”卡牌，再试一次进入王宫！
ACT4_HEROADJACENTTOPALACESEQUENCE_PROLOGUEADVISORSEQUENCEELEMENTS_0_ADVICE_TEXT,我从未离王宫这么近过，它真大！换我就把它漆成蓝色。
ACT4_HEROATTEMPTENTERPALACEEARLYSEQUENCE_FOCUSADVICESEQUENCEELEMENTS_0_PROMPT_TEXT,王宫是国王的领地，没有正当理由不得进入。
ACT4_HEROATTEMPTENTERWRONGPALACESEQUENCE_PROLOGUEADVISORSEQUENCEELEMENTS_0_ADVICE_TEXT,那不是 <quest_tile>！
ACT4_HEROCORRUPTEDSEQUENCE_FOCUSADVICESEQUENCEELEMENTS_0_PROMPT_TEXT,英雄拥有五点或更多腐化时即成为已堕落。
ACT4_HEROCORRUPTEDSEQUENCE_FOCUSADVICESEQUENCEELEMENTS_1_PROMPT_TEXT,已堕落的英雄获得黑暗力量，例如战斗中每杀死一个生物即 +1 生命。
ACT4_HEROCORRUPTEDSEQUENCE_FOCUSADVICESEQUENCEELEMENTS_2_PROMPT_TEXT,已堕落的英雄每个黎明仍会失去 1 点生命。
ACT4_HEROCORRUPTEDSEQUENCE_FOCUSADVICESEQUENCEELEMENTS_3_PROMPT_TEXT,此外，任何被腐化堕落的生物进入神圣的石环时，都会受到相当于自身腐化的伤害。
ACT4_HEROCORRUPTEDSEQUENCE_PROLOGUEADVISORSEQUENCEELEMENTS_0_ADVICE_TEXT,噢，不，墨丘里奥……他做了什么？
ACT4_LOADOUTCOMMSPOW03SEQUENCE_FOCUSADVICESEQUENCEELEMENTS_0_PROMPT_TEXT,萨娜的英雄能力以她较高的灵力代替战力，与已堕落生物战斗。
ACT4_PALACEPERILMERCURIOHELPERSEQUENCE_PROLOGUEADVISORSEQUENCEELEMENTS_0_ADVICE_TEXT,墨丘里奥让我们更容易进入王宫了。
ACT4_PALACEPERILMERCURIOHELPERSEQUENCE_PROLOGUEADVISORSEQUENCEELEMENTS_1_ADVICE_TEXT,和我们一样，他一定也想知道国王发生了什么事情。
ACT4_PALACEPERILTHANEHELPERSEQUENCE_PROLOGUEADVISORSEQUENCEELEMENTS_0_ADVICE_TEXT,塞恩让我们更容易进入王宫了。
ACT4_PALACEPERILTHANEHELPERSEQUENCE_PROLOGUEADVISORSEQUENCEELEMENTS_1_ADVICE_TEXT,和我们一样，他一定也想知道国王发生了什么事情。
AI_PLAYER_1,AI 玩家 1
AI_PLAYER_2,AI 玩家 2
AI_PLAYER_3,AI 玩家 3
AI_PLAYER_4,AI 玩家 4
ARMELLO_DESCRIPTION,阿门罗是一款成真的黑暗童话桌游，融合深邃的卡牌战术、丰富的桌面策略与角色扮演元素。展开史诗的单人与多人战斗，施放法术，雇用密探，调制毒药与诡计，争夺王座吧！
ARMELLO_DESCRIPTIONSHORT,阿门罗是一场豪侠大冒险，融合三种玩法：卡牌游戏的深邃战术、桌面游戏的丰富策略，以及角色扮演系统。
ARMELLO_TITLE,阿门罗
BOAST_BANDIT01_0_DESCRIPTION,记得要庆祝生活中的小事件。
BOAST_BANDIT01_0_NAME,跳跃
BOAST_BANDIT01_1_DESCRIPTION,饥肠辘辘无法偷窃。
BOAST_BANDIT01_1_NAME,脑力食粮
BOAST_BANDIT02_0_DESCRIPTION,现在是逃跑的最佳时机。
BOAST_BANDIT02_0_NAME,你就是下一个
BOAST_BANDIT02_1_DESCRIPTION,别问瓶内有什么。
BOAST_BANDIT02_1_NAME,便携酒壶
BOAST_BANDIT03_0_DESCRIPTION,高贵与责任。
BOAST_BANDIT03_0_NAME,弓
BOAST_BANDIT03_1_DESCRIPTION,生活就是简单的快乐。
BOAST_BANDIT03_1_NAME,反射
BOAST_BANDIT04_0_DESCRIPTION,国王的英姿。
BOAST_BANDIT04_0_NAME,王者风范
BOAST_BANDIT04_1_DESCRIPTION,没有一点乐趣的战斗有什么用呢？
BOAST_BANDIT04_1_NAME,盛典排场
BOAST_BEAR01_0_DESCRIPTION,以怀尔德照亮前路。
BOAST_BEAR01_0_NAME,信标
BOAST_BEAR01_1_DESCRIPTION,可在其中冥想的花环。
BOAST_BEAR01_1_NAME,祈求
BOAST_BEAR02_0_DESCRIPTION,咚咚咚……
BOAST_BEAR02_0_NAME,撼地者
BOAST_BEAR02_1_DESCRIPTION,你可能得再想想。
BOAST_BEAR02_1_NAME,挑战者
BOAST_BEAR03_0_DESCRIPTION,谦虚到最后。
BOAST_BEAR03_0_NAME,谁，我吗？
BOAST_BEAR03_1_DESCRIPTION,谁扔的？
BOAST_BEAR03_1_NAME,杂耍师！
BOAST_BEAR04_0_DESCRIPTION,小心！你会洒出来的！
BOAST_BEAR04_0_NAME,邪恶庆典
BOAST_BEAR04_1_DESCRIPTION,蜥蜴的腿，猫头鹰的翅膀。
BOAST_BEAR04_1_NAME,晚餐就绪
BOAST_DRAGON01_0_DESCRIPTION,广传蠕虫的福音吧！
BOAST_DRAGON01_0_NAME,说教
BOAST_DRAGON01_1_DESCRIPTION,看破冷静的表象，拥抱那垂涎的口水。
BOAST_DRAGON01_1_NAME,淌口水
BOAST_DRAGON02_0_DESCRIPTION,在混沌之中稍停片刻，思索一番。
BOAST_DRAGON02_0_NAME,慰藉
BOAST_DRAGON02_1_DESCRIPTION,动静皆有时。
BOAST_DRAGON02_1_NAME,克制的凶蛮
BOAST_DRAGON03_0_DESCRIPTION,成功就该庆祝。
BOAST_DRAGON03_0_NAME,虚张声势
BOAST_DRAGON03_1_DESCRIPTION,这鞭子可绝不是摆着给人看的。
BOAST_DRAGON03_1_NAME,鞭打
BOAST_DRAGON04_0_DESCRIPTION,总体来说，保持清洁是个好习惯。
BOAST_DRAGON04_0_NAME,整饰
BOAST_DRAGON04_1_DESCRIPTION,英雄这种存在，心智可不一定有多稳定。
BOAST_DRAGON04_1_NAME,想尝尝厉害吗？！？！
BOAST_RABBIT01_0_DESCRIPTION,致命，且衣冠楚楚。
BOAST_RABBIT01_0_NAME,炫目
BOAST_RABBIT01_1_DESCRIPTION,寻找宝藏的最佳舞蹈。
BOAST_RABBIT01_1_NAME,找到了！
BOAST_RABBIT02_0_DESCRIPTION,盔甲真重！
BOAST_RABBIT02_0_NAME,舞蹈
BOAST_RABBIT02_1_DESCRIPTION,他差不多能碰到萨娜的肩膀了。
BOAST_RABBIT02_1_NAME,庆祝
BOAST_RABBIT03_0_DESCRIPTION,工作干得漂亮。
BOAST_RABBIT03_0_NAME,竣工
BOAST_RABBIT03_1_DESCRIPTION,这肯定违反了安全条例吧。
BOAST_RABBIT03_1_NAME,华丽收场
BOAST_RABBIT04_0_DESCRIPTION,再一次，向缺口冲锋！
BOAST_RABBIT04_0_NAME,好哇！
BOAST_RABBIT04_1_DESCRIPTION,全靠这对耳朵。
BOAST_RABBIT04_1_NAME,潇洒
BOAST_RAT01_0_DESCRIPTION,不要吝啬你的掌声。
BOAST_RAT01_0_NAME,华丽收场
BOAST_RAT01_1_DESCRIPTION,它可能看起来很绚丽，但同样很致命。
BOAST_RAT01_1_NAME,回刺
BOAST_RAT02_0_DESCRIPTION,希望你不介意失去一根手指……
BOAST_RAT02_0_NAME,挥转
BOAST_RAT02_1_DESCRIPTION,迅速、安静、出色。
BOAST_RAT02_1_NAME,闪避
BOAST_RAT03_0_DESCRIPTION,我从没见过笑成那样的耗子。
BOAST_RAT03_0_NAME,咯咯笑
BOAST_RAT03_1_DESCRIPTION,近点，再近点。很好，别动。
BOAST_RAT03_1_NAME,勾勾手指
BOAST_RAT04_0_DESCRIPTION,谋杀太有意思了！
BOAST_RAT04_0_NAME,傻笑
BOAST_RAT04_1_DESCRIPTION,让我补个妆。
BOAST_RAT04_1_NAME,化妆间
BOAST_WOLF01_0_DESCRIPTION,剑术在于练习。
BOAST_WOLF01_0_NAME,一号位
BOAST_WOLF01_1_DESCRIPTION,在家切勿模仿。
BOAST_WOLF01_1_NAME,刀剑大师
BOAST_WOLF02_0_DESCRIPTION,让护林者知道我赢了。
BOAST_WOLF02_0_NAME,月嚎
BOAST_WOLF02_1_DESCRIPTION,当心！
BOAST_WOLF02_1_NAME,临别一击
BOAST_WOLF03_0_DESCRIPTION,也许有一天她能找到敌手。
BOAST_WOLF03_0_NAME,下一个！
BOAST_WOLF03_1_DESCRIPTION,完好不破的盾墙蔚为壮观。
BOAST_WOLF03_1_NAME,列阵！
BOAST_WOLF04_0_DESCRIPTION,面对我，懦夫！
BOAST_WOLF04_0_NAME,嗜血
BOAST_WOLF04_1_DESCRIPTION,听我怒吼！
BOAST_WOLF04_1_NAME,嚎叫者
BRAWL_BRANDING_DEFAULT_DESCRIPTION,陌生人前来分享它最喜欢的房间规则组合！
BRAWL_BRANDING_FURY_FRIDAY_DESCRIPTION,阿门罗狂怒来袭！准备好迎接更快、更凶猛、更多毛发的王座争夺战！
CARD_BRW01_CARDDATA_EFFECTS_0_PACTEFFECTCONFIG_INITIATORTOOLTIP,在攻击<hero>时 -2 战力，直到下一回合结束。
CARD_BRW01_DESCRIPTION,<tooltip_Pact>契约：</tooltip_Pact>若任一契约成员攻击另一方，双方 -2 战力直到下回合结束，且契约破裂。
CARD_BRW01_FLAVORTEXT,“够格的英雄个个苦干到累垮，但想和我斗？还是别了吧。”
CARD_BRW01_FLAVORTEXTAUTHOR,—— 吞噬者尤尔达娜
CARD_BRW01_NAME,怯懦之咒
CARD_BRW01_STATUSFEEDPLAYEDTOCREATURE,<from_creature> 对<to_creature>施用<card>。
CARD_BRW01_STATUSFEEDRECURRINGEFFECT,<to_creature> 被<card>折磨。
CARD_BRW01_TARGETTEXT,给英雄应用
CARD_BRW02_CARDDATA_EFFECTS_0_PACTEFFECTCONFIG_INITIATORTOOLTIP,每场战斗后若<hero>杀死他的对手则获得 1 点生命。
CARD_BRW02_CARDDATA_EFFECTS_0_PACTEFFECTCONFIG_TARGETTOOLTIP,<hero> 每场战斗后若杀死你的对手则获得 1 点生命。
CARD_BRW02_DESCRIPTION,<tooltip_Pact>契约：</tooltip_Pact>每当另一契约成员杀死对手，你便获得 +1 生命。
CARD_BRW02_FLAVORTEXT,“我的天选之人啊，为我带来生命——以毁灭和消亡为代价，让我青春永驻。”
CARD_BRW02_FLAVORTEXTAUTHOR,—— 吞噬者尤尔达娜
CARD_BRW02_NAME,血源之咒
CARD_BRW02_STATUSFEEDPLAYEDTOCREATURE,<from_creature> 对<to_creature>施用<card>。
CARD_BRW02_STATUSFEEDRECURRINGEFFECT,<from_creature> 从<to_creature>的<card>中抽取生命。
CARD_BRW02_TARGETTEXT,给英雄应用
CARD_BRW03_CARDDATA_EFFECTS_0_PACTEFFECTCONFIG_INITIATORTOOLTIP,从<hero>的视野中隐藏。
CARD_BRW03_CARDDATA_EFFECTS_0_PACTEFFECTCONFIG_TARGETTOOLTIP,<hero>从你的视野中隐藏了。
CARD_BRW03_DESCRIPTION,<tooltip_Pact>契约：</tooltip_Pact>对另一契约成员获得<specialstatus_stealth>潜行</specialstatus_stealth>。
CARD_BRW03_FLAVORTEXT,“这只老熊披上这身伪装，从你眼前溜走——你不曾察觉。”
CARD_BRW03_FLAVORTEXTAUTHOR,—— 吞噬者尤尔达娜
CARD_BRW03_NAME,障目之咒
CARD_BRW03_STATUSFEEDPLAYEDTOCREATURE,<from_creature> 对<to_creature>施用<card>。
CARD_BRW03_TARGETTEXT,给英雄应用
CARD_BRW04_CARDDATA_EFFECTS_0_PACTEFFECTCONFIG_INITIATORTOOLTIP,<hero>遭遇的陷阱 +1 难度。
CARD_BRW04_CARDDATA_EFFECTS_0_PACTEFFECTCONFIG_TARGETTOOLTIP,<hero> 给你遭遇的所有陷阱 +1 难度。
CARD_BRW04_DESCRIPTION,<tooltip_Pact>契约：</tooltip_Pact>另一契约成员面对的陷阱 +1 难度。
CARD_BRW04_FLAVORTEXT,“今天这好日子可别指望运气了，我很遗憾地告诉你……不会如你所愿。”
CARD_BRW04_FLAVORTEXTAUTHOR,—— 吞噬者尤尔达娜
CARD_BRW04_NAME,厄运之咒
CARD_BRW04_STATUSFEEDPLAYEDTOCREATURE,<from_creature> 对<to_creature>施用<card>。
CARD_BRW04_TARGETTEXT,给英雄应用
CARD_BRW05_CARDDATA_EFFECTS_0_PACTEFFECTCONFIG_INITIATORTOOLTIP,从<hero>处借用 1 点<stat_type>。
CARD_BRW05_CARDDATA_EFFECTS_0_PACTEFFECTCONFIG_TARGETTOOLTIP,<hero> 借用 1 点<stat_type>。
CARD_BRW05_DESCRIPTION,<tooltip_Pact>契约：</tooltip_Pact>从另一契约成员的最高属性中借用 1 点。
CARD_BRW05_FLAVORTEXT,“这里拿一点，那里取一点，为了我这只老熊，总得搜刮点什么。”
CARD_BRW05_FLAVORTEXTAUTHOR,—— 吞噬者尤尔达娜
CARD_BRW05_NAME,窃技之咒
CARD_BRW05_STATUSFEEDPLAYEDTOCREATURE,<from_creature> 对<to_creature>施用<card>。
CARD_BRW05_TARGETTEXT,给英雄应用
CARD_CON01_DESCRIPTION,+2 生命。
CARD_CON01_FLAVORTEXT,“压榨草丛中的花朵 (20)，可获取治疗药剂；或烟熏干叶 (4)，以安神定气。”
CARD_CON01_FLAVORTEXTAUTHOR,——《101 个旅行者的建议》
CARD_CON01_NAME,怀尔德药草
CARD_CON01_STATUSFEEDPLAYEDTOCREATURE,<from_creature>对<to_creature>施用<card>。
CARD_CON01_STATUSFEEDPLAYEDTOTILE,<from_creature>对<tile_name>施用<card>。
CARD_CON01_TARGETTEXT,打给生物
CARD_CON02_DESCRIPTION,+4 生命。
CARD_CON02_FLAVORTEXT,“萃取自密林深处最古老的巨树，大口灌下，百创可愈。”
CARD_CON02_FLAVORTEXTAUTHOR,——《田野植物学》
CARD_CON02_NAME,怀尔德树汁
CARD_CON02_STATUSFEEDPLAYEDTOCREATURE,<from_creature>对<to_creature>施用<card>。
CARD_CON02_STATUSFEEDPLAYEDTOTILE,<from_creature>对<tile_name>施用<card>。
CARD_CON02_TARGETTEXT,打给生物
CARD_CON03_DESCRIPTION,将最近的贝恩传送到地块。
CARD_CON03_FLAVORTEXT,“年少天真固然美好……却极易被邪念所趁。”
CARD_CON03_FLAVORTEXTAUTHOR,—— 审判官法尔
CARD_CON03_NAME,幼兽之血
CARD_CON03_STATUSFEEDPLAYEDTOCREATURE,<from_creature>对<to_creature>施用<card>。
CARD_CON03_STATUSFEEDPLAYEDTOTILE,<from_creature>对<tile_name>施用<card>。
CARD_CON03_TARGETTEXT,打给空地块
CARD_CON04_DESCRIPTION,-2 生命。
CARD_CON04_FLAVORTEXT,“有时一句狠话就够了。但这次不是。”
CARD_CON04_FLAVORTEXTAUTHOR,—— 沃肯·费利多
CARD_CON04_NAME,飞斧
CARD_CON04_STATUSFEEDPLAYEDTOCREATURE,<from_creature>对<to_creature>施用<card>。
CARD_CON04_STATUSFEEDPLAYEDTOTILE,<from_creature>对<tile_name>施用<card>。
CARD_CON04_TARGETTEXT,打给生物
CARD_CON05_DESCRIPTION,战力 +1 ，智力 -1 ，直到下一回合结束。
CARD_CON05_FLAVORTEXT,“有时候你需要的不是精准的判断，而是冲进战场的胆量。”
CARD_CON05_FLAVORTEXTAUTHOR,—— 马格尔兄弟
CARD_CON05_NAME,莓果啤酒
CARD_CON05_STATUSFEEDPLAYEDTOCREATURE,<from_creature>对<to_creature>施用<card>。
CARD_CON05_STATUSFEEDPLAYEDTOTILE,<from_creature>对<tile_name>施用<card>。
CARD_CON05_TARGETTEXT,打给生物
CARD_CON06_DESCRIPTION,+2 魔法。
CARD_CON06_FLAVORTEXT,“行吧。你觉得保持光泽完整不重要是吧？那你自己去摘月光菇啊！”
CARD_CON06_FLAVORTEXTAUTHOR,—— 齐吉·克罗斯
CARD_CON06_NAME,月亮果汁
CARD_CON06_STATUSFEEDPLAYEDTOCREATURE,<from_creature>对<to_creature>施用<card>。
CARD_CON06_STATUSFEEDPLAYEDTOTILE,<from_creature>对<tile_name>施用<card>。
CARD_CON06_TARGETTEXT,打给英雄
CARD_CON07_DESCRIPTION,行动点数 +1，生命 -1。
CARD_CON07_FLAVORTEXT,“来吧！灌进喉咙！是冲了点没错，但也就疼一小下——也可能是一大下！哈哈哈！”
CARD_CON07_FLAVORTEXTAUTHOR,—— 大块头
CARD_CON07_NAME,热腐化酒
CARD_CON07_STATUSFEEDPLAYEDTOCREATURE,<from_creature>对<to_creature>施用<card>。
CARD_CON07_STATUSFEEDPLAYEDTOTILE,<from_creature>对<tile_name>施用<card>。
CARD_CON07_TARGETTEXT,打给生物
CARD_CON08_DESCRIPTION,-2 腐化，直到下回合结束。
CARD_CON08_FLAVORTEXT,“她在发光的苔藓上只躺了一小会儿，黑暗便散去了。”
CARD_CON08_FLAVORTEXTAUTHOR,——《莉亚重奏记述》
CARD_CON08_NAME,山苔
CARD_CON08_STATUSFEEDPLAYEDTOCREATURE,<from_creature>对<to_creature>施用<card>。
CARD_CON08_STATUSFEEDPLAYEDTOTILE,<from_creature>对<tile_name>施用<card>。
CARD_CON08_TARGETTEXT,打给生物
CARD_CON09_DESCRIPTION,+1 声望。
CARD_CON09_FLAVORTEXT,“泡泡茶转瞬即逝，阿门罗永存。”
CARD_CON09_FLAVORTEXTAUTHOR,—— 冠军
CARD_CON09_NAME,泡泡茶
CARD_CON09_STATUSFEEDPLAYEDTOCREATURE,<from_creature>对<to_creature>施用<card>。
CARD_CON09_TARGETTEXT,打给英雄
CARD_CON10_DESCRIPTION,<specialstatus_poisoned>中毒</specialstatus_poisoned>，直到下一回合结束。
CARD_CON10_FLAVORTEXT,“她的呼吸将停驻。她的血液将凝固。”
CARD_CON10_FLAVORTEXTAUTHOR,—— 斯泰丽亚芙王后
CARD_CON10_NAME,淬毒礼物
CARD_CON10_STATUSFEEDPLAYEDTOCREATURE,<from_creature>对<to_creature>施用<card>。
CARD_CON10_STATUSFEEDPLAYEDTOTILE,<from_creature>对<tile_name>施用<card>。
CARD_CON10_TARGETTEXT,打给英雄、国王守卫
CARD_CON11_DESCRIPTION,+1 生命并 +1 魔法。-2<tooltip_HeroExplodePool>爆发池</tooltip_HeroExplodePool>直到下回合结束。
CARD_CON11_FLAVORTEXT,“那粉末提神醒脑立竿见影，却让你视线模糊、目不旁视；龙族聚会上的最爱。”
CARD_CON11_FLAVORTEXTAUTHOR,莱桑德
CARD_CON11_NAME,黑莓之尘
CARD_CON11_STATUSFEEDPLAYEDTOCREATURE,<from_creature>打出了<card>给<to_creature>。
CARD_CON11_TARGETTEXT,打给生物
CARD_CON12_DESCRIPTION,在战斗中，在下一回合结束之前，所有掷出的剑获得<tooltip_PoisonAttack>中毒</tooltip_PoisonAttack>能力。
CARD_CON12_FLAVORTEXT,“毒蛇不须力大无穷；只消轻轻一口，便是永夜长眠。”
CARD_CON12_FLAVORTEXTAUTHOR,—— 西尔瓦克·残酷者
CARD_CON12_NAME,蛇毒
CARD_CON12_STATUSFEEDPLAYEDTOCREATURE,<from_creature>对<to_creature>施用<card>。
CARD_CON12_TARGETTEXT,打给生物
CARD_CON13_DESCRIPTION,下一次移动时，在目标方格创建一个完全相同的幻象。
CARD_CON13_FLAVORTEXT,“我不是向蠕虫乞求力量。我与它共生！看见了吗？它就在这里！”
CARD_CON13_FLAVORTEXTAUTHOR,—— 狂人纳扎尔
CARD_CON13_NAME,幻象
CARD_CON13_TARGETTEXT,打给空地块
CARD_FOL01_DESCRIPTION,随机一项属性 +1，每回合更换。
CARD_FOL01_FLAVORTEXT,“大多数贸易站都能买到灰尾药水，但我把真正好玩的东西留给了自己。”
CARD_FOL01_FLAVORTEXTAUTHOR,—— 津恩·灰尾
CARD_FOL01_NAME,炼金术士
CARD_FOL01_STATUSFEEDPLAYEDTOCREATURE,<from_creature>对<to_creature>施用<card>。
CARD_FOL01_STATUSFEEDPLAYEDTOTILE,<from_creature>对<tile_name>施用<card>。
CARD_FOL01_TARGETTEXT,可招募
CARD_FOL02_DESCRIPTION,所有生命收益 +2。
CARD_FOL02_FLAVORTEXT,“幸好我在后面找到了你，不然你怕是撑不过来了。”
CARD_FOL02_FLAVORTEXTAUTHOR,—— 格拉夫·糙皮
CARD_FOL02_NAME,药剂师
CARD_FOL02_STATUSFEEDPLAYEDTOCREATURE,<from_creature>对<to_creature>施用<card>。
CARD_FOL02_STATUSFEEDPLAYEDTOTILE,<from_creature>对<tile_name>施用<card>。
CARD_FOL02_TARGETTEXT,可招募
CARD_FOL03_DESCRIPTION,超出你的魔法储备而施法，每个魔法 -1 生命。
CARD_FOL03_FLAVORTEXT,如果你想知道力量的真正含义，我能帮助你。
CARD_FOL03_FLAVORTEXTAUTHOR,—— 辛瓦·索雷尔
CARD_FOL03_NAME,术士
CARD_FOL03_STATUSFEEDPLAYEDTOCREATURE,<from_creature>对<to_creature>施用<card>。
CARD_FOL03_STATUSFEEDPLAYEDTOTILE,<from_creature>对<tile_name>施用<card>。
CARD_FOL03_TARGETTEXT,可招募
CARD_FOL04_DESCRIPTION,探险时找到更多金币和魔法。
CARD_FOL04_FLAVORTEXT,“是啊，阿门罗大部分地方我都去过了。海斯佩尔？哦你一定得去看看！还有博格米尔。是啊，真恶心。”
CARD_FOL04_FLAVORTEXTAUTHOR,—— 希尔·远行者
CARD_FOL04_NAME,探险者
CARD_FOL04_STATUSFEEDPLAYEDTOCREATURE,<from_creature>对<to_creature>施用<card>。
CARD_FOL04_STATUSFEEDPLAYEDTOTILE,<from_creature>对<tile_name>施用<card>。
CARD_FOL04_TARGETTEXT,可招募
CARD_FOL05_DESCRIPTION,法术牌少消耗 1 点魔法。
CARD_FOL05_FLAVORTEXT,“英雄！我们能把所有法术都施展了，还有那些魔法，哇你看这些！太棒了！”
CARD_FOL05_FLAVORTEXTAUTHOR,—— 穆夫·碎嘴
CARD_FOL05_NAME,学徒
CARD_FOL05_STATUSFEEDPLAYEDTOCREATURE,<from_creature>对<to_creature>施用<card>。
CARD_FOL05_STATUSFEEDPLAYEDTOTILE,<from_creature>对<tile_name>施用<card>。
CARD_FOL05_TARGETTEXT,可招募
CARD_FOL06_DESCRIPTION,战斗中，最先装备的带剑/盾符号的卡牌可获得 +1 剑/盾。
CARD_FOL06_FLAVORTEXT,“没有我塞进熔炉里还炼不硬的东西。什么东西都不行！”
CARD_FOL06_FLAVORTEXTAUTHOR,—— 兰斯·铅蹄
CARD_FOL06_NAME,铁匠
CARD_FOL06_STATUSFEEDPLAYEDTOCREATURE,<from_creature>对<to_creature>施用<card>。
CARD_FOL06_STATUSFEEDPLAYEDTOTILE,<from_creature>对<tile_name>施用<card>。
CARD_FOL06_TARGETTEXT,可招募
CARD_FOL07_DESCRIPTION,粘人。误导。善变。
CARD_FOL07_FLAVORTEXT,“我？不用……我没事。别管我。”
CARD_FOL07_FLAVORTEXTAUTHOR,—— 陌生人
CARD_FOL07_NAME,陌生人
CARD_FOL07_STATUSFEEDPLAYEDTOCREATURE,<from_creature>对<to_creature>施用<card>。
CARD_FOL07_STATUSFEEDPLAYEDTOTILE,<from_creature>对<tile_name>施用<card>。
CARD_FOL07_STATUSFEEDRECURRINGEFFECT,<card>使<to_creature>堕落。
CARD_FOL07_TARGETTEXT,可招募
CARD_FOL08_DESCRIPTION,在陷阱中，可获得 2 枚骰子。
CARD_FOL08_FLAVORTEXT,“你？英雄？！好吧，呃……压力有点大，不过我觉得我可以——英雄是什么来着？”
CARD_FOL08_FLAVORTEXTAUTHOR,—— 奇普·绒耳
CARD_FOL08_NAME,聪慧愚者
CARD_FOL08_STATUSFEEDPLAYEDTOCREATURE,<from_creature>对<to_creature>施用<card>。
CARD_FOL08_STATUSFEEDPLAYEDTOTILE,<from_creature>对<tile_name>施用<card>。
CARD_FOL08_TARGETTEXT,可招募
CARD_FOL09_DESCRIPTION,成功逃离陷阱时 +1 声望。
CARD_FOL09_FLAVORTEXT,“你立功劳，我来写歌，什么什么独家条款之类，反正——小意思！”
CARD_FOL09_FLAVORTEXTAUTHOR,—— 拉斯基
CARD_FOL09_NAME,诗人
CARD_FOL09_STATUSFEEDPLAYEDTOCREATURE,<from_creature>对<to_creature>施用<card>。
CARD_FOL09_STATUSFEEDPLAYEDTOTILE,<from_creature>对<tile_name>施用<card>。
CARD_FOL09_TARGETTEXT,可招募
CARD_FOL10_DESCRIPTION,移除<specialstatus_poisoned>中毒</specialstatus_poisoned>并在招募期间免疫中毒。
CARD_FOL10_FLAVORTEXT,“我帮你尝毒，但一口可不够。两口吧。不对，三口。四口。”
CARD_FOL10_FLAVORTEXTAUTHOR,—— 加博·铁胃
CARD_FOL10_NAME,验毒师
CARD_FOL10_TARGETTEXT,可招募
CARD_FOL11_DESCRIPTION,在战斗中，+1 战力并且盾牌卡变为剑符号。
CARD_FOL11_FLAVORTEXT,“我不太爱说话。说话让我上火，而我尽量少动怒。”
CARD_FOL11_FLAVORTEXTAUTHOR,—— 富伦·诈唬
CARD_FOL11_NAME,狂战士
CARD_FOL11_STATUSFEEDPLAYEDTOCREATURE,<from_creature>对<to_creature>施用<card>。
CARD_FOL11_STATUSFEEDPLAYEDTOTILE,<from_creature>对<tile_name>施用<card>。
CARD_FOL11_TARGETTEXT,可招募
CARD_FOL12_DESCRIPTION,下一次，如果你在战斗中被杀死，侍从会替你去死。
CARD_FOL12_FLAVORTEXT,“你太厉害了。我愿为你赴死——什么？呃……没什么，我说的是……嘿兄弟你看你这身板！”
CARD_FOL12_FLAVORTEXTAUTHOR,—— 皮卡·波茨
CARD_FOL12_NAME,侍从
CARD_FOL12_SKINS_0_FLAVORTEXT,呃，我不知道啊。我是说，你确定它安全吗？我们回去吧，好吗？
CARD_FOL12_SKINS_0_FLAVORTEXTAUTHOR,—— 古比
CARD_FOL12_STATUSFEEDPLAYEDTOCREATURE,<from_creature>对<to_creature>施用<card>。
CARD_FOL12_STATUSFEEDPLAYEDTOTILE,<from_creature>对<tile_name>施用<card>。
CARD_FOL12_TARGETTEXT,可招募
CARD_FOL13_DESCRIPTION,每施放一次法术陷阱，获得一张法术牌
CARD_FOL13_FLAVORTEXT,“卡牌蕴含的力量远超常人所知。掌控卡牌，便是掌控阿门罗本身。”
CARD_FOL13_FLAVORTEXTAUTHOR,—— 利文斯·泥行者
CARD_FOL13_NAME,咒术师
CARD_FOL13_STATUSFEEDPLAYEDTOCREATURE,<from_creature>对<to_creature>施用<card>。
CARD_FOL13_STATUSFEEDPLAYEDTOTILE,<from_creature>对<tile_name>施用<card>。
CARD_FOL13_TARGETTEXT,可招募
CARD_FOL14_DESCRIPTION,算作一处已占领的聚落。
CARD_FOL14_FLAVORTEXT,“和世间万物一样，一场体面的谈话，无非多花点时间罢了。”
CARD_FOL14_FLAVORTEXTAUTHOR,—— 格鲁姆·比尔巴赫阁下
CARD_FOL14_NAME,外交家
CARD_FOL14_TARGETTEXT,可招募
CARD_FOL15_DESCRIPTION,在山脉中，+1 金币和 +1 盾牌。
CARD_FOL15_FLAVORTEXT,几个世纪以来，我们的部落都在这些山上劳作。现在，你也可以领取他们的奖品。
CARD_FOL15_FLAVORTEXTAUTHOR,—— 乌拉克·巴尔
CARD_FOL15_NAME,矿工
CARD_FOL15_STATUSFEEDPLAYEDTOCREATURE,<from_creature>对<to_creature>施用<card>。
CARD_FOL15_STATUSFEEDPLAYEDTOTILE,<from_creature>对<tile_name>施用<card>。
CARD_FOL15_TARGETTEXT,可招募
CARD_FOL16_DESCRIPTION,显示所有英雄的任务。
CARD_FOL16_FLAVORTEXT,“不是利剑，不是法宝，也不是法术——而是情报。这是我予你的厚礼。真正的力量。”
CARD_FOL16_FLAVORTEXTAUTHOR,—— 纳特·费恩大师
CARD_FOL16_NAME,间谍大师
CARD_FOL16_STATUSFEEDPLAYEDTOCREATURE,<from_creature>对<to_creature>施用<card>。
CARD_FOL16_STATUSFEEDPLAYEDTOTILE,<from_creature>对<tile_name>施用<card>。
CARD_FOL16_TARGETTEXT,可招募
CARD_FOL17_DESCRIPTION,未使用的行动点数转化为 +2 金币。
CARD_FOL17_FLAVORTEXT,“财政审慎乃良政之基石。若你有意执掌王权，少不了我。”
CARD_FOL17_FLAVORTEXTAUTHOR,—— 霍雷肖·贾库尔
CARD_FOL17_NAME,铸币大师
CARD_FOL17_STATUSFEEDPLAYEDTOCREATURE,<from_creature>对<to_creature>施用<card>。
CARD_FOL17_STATUSFEEDPLAYEDTOTILE,<from_creature>对<tile_name>施用<card>。
CARD_FOL17_STATUSFEEDRECURRINGEFFECT,<to_creature>的<card>将时间转换成金币。
CARD_FOL17_TARGETTEXT,可招募
CARD_FOL18_DESCRIPTION,每个黄昏 +2 金币。
CARD_FOL18_FLAVORTEXT,“听着，我帮你资助你这趟小远征。等你坐上王座那天，别忘了我就成，嗯？”
CARD_FOL18_FLAVORTEXTAUTHOR,—— 斯基夫
CARD_FOL18_NAME,商人
CARD_FOL18_STATUSFEEDPLAYEDTOCREATURE,<from_creature>对<to_creature>施用<card>。
CARD_FOL18_STATUSFEEDPLAYEDTOTILE,<from_creature>对<tile_name>施用<card>。
CARD_FOL18_STATUSFEEDRECURRINGEFFECT,<to_creature>收到来自<card>的收入
CARD_FOL18_TARGETTEXT,可招募
CARD_GALLERY_FOLLOWERS,随从
CARD_GALLERY_ITEMS,道具
CARD_GALLERY_PAGE_FOOTER,第{0}页，共{1}页
CARD_GALLERY_SPELLS,法术
CARD_GALLERY_TREASURES,宝藏
CARD_GALLERY_TRICKERY,诡术
CARD_ITM01_DESCRIPTION,+1 智力。在战斗中，+1 盾牌。
CARD_ITM01_FLAVORTEXT,“我们守护我们所敬重之物。护住头顶，便是承认自己的智慧。”
CARD_ITM01_FLAVORTEXTAUTHOR,—— 明耀者奥瑞恩
CARD_ITM01_NAME,英雄头盔
CARD_ITM01_STATUSFEEDPLAYEDTOCREATURE,<from_creature>对<to_creature>施用<card>。
CARD_ITM01_STATUSFEEDPLAYEDTOTILE,<from_creature>对<tile_name>施用<card>。
CARD_ITM01_TARGETTEXT,可装备
CARD_ITM02_DESCRIPTION,战斗中，前 2 枚被烧掉的太阳或月亮获得<tooltip_PiercingAttack>贯穿</tooltip_PiercingAttack>。
CARD_ITM02_FLAVORTEXT,“兔族所造之物的威势令国王醒悟，遂下令将手炮尽数销毁，永不复用。”
CARD_ITM02_FLAVORTEXTAUTHOR,——《多斯特欧威档案》
CARD_ITM02_NAME,手炮
CARD_ITM02_STATUSFEEDPLAYEDTOCREATURE,<from_creature>对<to_creature>施用<card>。
CARD_ITM02_STATUSFEEDPLAYEDTOTILE,<from_creature>对<tile_name>施用<card>。
CARD_ITM02_TARGETTEXT,可装备
CARD_ITM03_DESCRIPTION,战斗中，+4 骰子。在每场战斗中如果你未能杀死你的对手，则 -1 点生命。
CARD_ITM03_FLAVORTEXT,“此等邪恶，此等怨毒，此等憎恨——万万不可落入腐化者之手……”
CARD_ITM03_FLAVORTEXTAUTHOR,—— 怀尔德先知奥伦
CARD_ITM03_NAME,贝恩剑
CARD_ITM03_STATUSFEEDPLAYEDTOCREATURE,<from_creature>对<to_creature>施用<card>。
CARD_ITM03_STATUSFEEDPLAYEDTOTILE,<from_creature>对<tile_name>施用<card>。
CARD_ITM03_STATUSFEEDRECURRINGEFFECT,<card>伤了<to_creature>的生命力。
CARD_ITM03_TARGETTEXT,可装备
CARD_ITM04_DESCRIPTION,在战斗中，失效的太阳和月亮将转而被视为防御。
CARD_ITM04_FLAVORTEXT,“无论白昼黑夜，国王屹立如磐。他的御盾，抵御一切梦魇般的污秽。”
CARD_ITM04_FLAVORTEXTAUTHOR,——《雄狮与贝恩》
CARD_ITM04_NAME,御盾
CARD_ITM04_STATUSFEEDPLAYEDTOCREATURE,<from_creature>对<to_creature>施用<card>。
CARD_ITM04_STATUSFEEDPLAYEDTOTILE,<from_creature>对<tile_name>施用<card>。
CARD_ITM04_TARGETTEXT,可装备
CARD_ITM05_DESCRIPTION,白天 +1 智力，夜间 +1 灵力。
CARD_ITM05_FLAVORTEXT,“我与那位宾客只共舞过一次。我至今仍记得，那张面具。那般华美辉煌。”
CARD_ITM05_FLAVORTEXTAUTHOR,—— 玛瓦琳夫人
CARD_ITM05_NAME,易容面具
CARD_ITM05_STATUSFEEDPLAYEDTOCREATURE,<from_creature>对<to_creature>施用<card>。
CARD_ITM05_STATUSFEEDPLAYEDTOTILE,<from_creature>对<tile_name>施用<card>。
CARD_ITM05_TARGETTEXT,可装备
CARD_ITM06_DESCRIPTION,夜间 +2 <tooltip_HeroExplodePool>爆发池</tooltip_HeroExplodePool>，月亮骰面爆发。
CARD_ITM06_FLAVORTEXT,“黑夜守望之下，丰收得偿；黑夜守望之下，怀尔德长存。”
CARD_ITM06_FLAVORTEXTAUTHOR,—— 德鲁伊颂歌
CARD_ITM06_NAME,月亮镰刀
CARD_ITM06_STATUSFEEDPLAYEDTOCREATURE,<from_creature>对<to_creature>施用<card>。
CARD_ITM06_STATUSFEEDPLAYEDTOTILE,<from_creature>对<tile_name>施用<card>。
CARD_ITM06_TARGETTEXT,可装备
CARD_ITM07_DESCRIPTION,战斗和陷阱中 +2 <tooltip_HeroExplodePool>爆发池</tooltip_HeroExplodePool>。贝恩永远不会攻击你。
CARD_ITM07_FLAVORTEXT,“贝恩之爪威力无匹，据说哪怕是幼崽戴着它，也能在黑鸟群中来去自如。”
CARD_ITM07_FLAVORTEXTAUTHOR,—— 杰罗姆·法文
CARD_ITM07_NAME,贝恩之爪
CARD_ITM07_STATUSFEEDPLAYEDTOCREATURE,<from_creature>对<to_creature>施用<card>。
CARD_ITM07_STATUSFEEDPLAYEDTOTILE,<from_creature>对<tile_name>施用<card>。
CARD_ITM07_TARGETTEXT,可装备
CARD_ITM08_DESCRIPTION,移除<specialstatus_bounty>悬赏</specialstatus_bounty>并免疫悬赏。
CARD_ITM08_FLAVORTEXT,“每时每刻世上只有一张有效的皇家赦令——但我一找到它，杀人季可就开场了！”
CARD_ITM08_FLAVORTEXTAUTHOR,—— 屠夫
CARD_ITM08_NAME,皇家赦令
CARD_ITM08_STATUSFEEDPLAYEDTOCREATURE,<from_creature>对<to_creature>施用<card>。
CARD_ITM08_STATUSFEEDPLAYEDTOTILE,<from_creature>对<tile_name>施用<card>。
CARD_ITM08_TARGETTEXT,可装备
CARD_ITM09_DESCRIPTION,忽略山脉 -1 行动点数和沼泽 -1 生命的惩罚
CARD_ITM09_FLAVORTEXT,“勇敢点，相信这双靴子！”
CARD_ITM09_FLAVORTEXTAUTHOR,—— 阿德蕾兹·阿尼拉科
CARD_ITM09_NAME,翅靴
CARD_ITM09_STATUSFEEDPLAYEDTOCREATURE,<from_creature>对<to_creature>施用<card>。
CARD_ITM09_STATUSFEEDPLAYEDTOTILE,<from_creature>对<tile_name>施用<card>。
CARD_ITM09_TARGETTEXT,可装备
CARD_ITM10_DESCRIPTION,+1 灵力。每个黎明 +2 魔法。
CARD_ITM10_FLAVORTEXT,“怀尔德之焰，一种奇异的现象。将贝恩化为灰烬，从不伤害心地纯洁者。”
CARD_ITM10_FLAVORTEXTAUTHOR,—— 乔夫·欧肯费尔
CARD_ITM10_NAME,怀尔德焰杖
CARD_ITM10_STATUSFEEDPLAYEDTOCREATURE,<from_creature>对<to_creature>施用<card>。
CARD_ITM10_STATUSFEEDPLAYEDTOTILE,<from_creature>对<tile_name>施用<card>。
CARD_ITM10_TARGETTEXT,可装备
CARD_ITM11_DESCRIPTION,在战斗中，+1 盾牌。
CARD_ITM11_FLAVORTEXT,“我宁可信赖一面坚固的盾牌，也不信赖阿门罗漫漫长路上的任何同伴。”
CARD_ITM11_FLAVORTEXTAUTHOR,—— 布拉夫·破牙
CARD_ITM11_NAME,忠诚之盾
CARD_ITM11_STATUSFEEDPLAYEDTOCREATURE,<from_creature>对<to_creature>施用<card>。
CARD_ITM11_STATUSFEEDPLAYEDTOTILE,<from_creature>对<tile_name>施用<card>。
CARD_ITM11_TARGETTEXT,可装备
CARD_ITM12_DESCRIPTION,在战斗中，+1 剑。
CARD_ITM12_FLAVORTEXT,“金币会花光，朋友会离开，酒也会喝尽，但一把精良打造的剑是一生的伙伴。”
CARD_ITM12_FLAVORTEXTAUTHOR,—— 莎莎·迅捷
CARD_ITM12_NAME,闪亮的钢剑
CARD_ITM12_STATUSFEEDPLAYEDTOCREATURE,<from_creature>对<to_creature>施用<card>。
CARD_ITM12_STATUSFEEDPLAYEDTOTILE,<from_creature>对<tile_name>施用<card>。
CARD_ITM12_TARGETTEXT,可装备
CARD_ITM13_DESCRIPTION,在陷阱中，将获得 1 枚骰子。
CARD_ITM13_FLAVORTEXT,“什么叫你不需要？你是冒险者，这是冒险者套装！逗我玩呢？！”
CARD_ITM13_FLAVORTEXTAUTHOR,—— 店主吉尔
CARD_ITM13_NAME,冒险者行囊
CARD_ITM13_STATUSFEEDPLAYEDTOCREATURE,<from_creature>对<to_creature>施用<card>。
CARD_ITM13_STATUSFEEDPLAYEDTOTILE,<from_creature>对<tile_name>施用<card>。
CARD_ITM13_TARGETTEXT,可装备
CARD_ITM14_DESCRIPTION,战斗中 +2 剑，-1 <tooltip_HeroExplodePool>爆发池</tooltip_HeroExplodePool>。
CARD_ITM14_FLAVORTEXT,“又慢又沉。但你一旦学会了怎么抡它，打爆巨魔的脑壳就像捏碎一颗莓果！”
CARD_ITM14_FLAVORTEXTAUTHOR,—— 格鲁格·铁蹄
CARD_ITM14_NAME,战锤
CARD_ITM14_STATUSFEEDPLAYEDTOCREATURE,<from_creature>对<to_creature>施用<card>。
CARD_ITM14_STATUSFEEDPLAYEDTOTILE,<from_creature>对<tile_name>施用<card>。
CARD_ITM14_TARGETTEXT,可装备
CARD_ITM15_DESCRIPTION,在战斗中，-1 骰子和 +2 盾牌。
CARD_ITM15_FLAVORTEXT,“穿了它你也许不是最敏捷的那个，但至少不会死得最惨。”
CARD_ITM15_FLAVORTEXTAUTHOR,—— 战娘娜拉
CARD_ITM15_NAME,战甲
CARD_ITM15_STATUSFEEDPLAYEDTOCREATURE,<from_creature>对<to_creature>施用<card>。
CARD_ITM15_STATUSFEEDPLAYEDTOTILE,<from_creature>对<tile_name>施用<card>。
CARD_ITM15_TARGETTEXT,可装备
CARD_ITM16_DESCRIPTION,在战斗中，+1 骰子。
CARD_ITM16_FLAVORTEXT,“我不需要什么精巧的控制。给我一把打中了就血肉横飞的家伙就行。”
CARD_ITM16_FLAVORTEXTAUTHOR,—— 黯色者埃卡尔布
CARD_ITM16_NAME,战斧
CARD_ITM16_STATUSFEEDPLAYEDTOCREATURE,<from_creature>对<to_creature>施用<card>。
CARD_ITM16_STATUSFEEDPLAYEDTOTILE,<from_creature>对<tile_name>施用<card>。
CARD_ITM16_TARGETTEXT,可装备
CARD_ITM17_DESCRIPTION,在战斗中，+1 剑和 +1 盾牌。
CARD_ITM17_FLAVORTEXT,“指节缝夹的那可不是泥。这双手套，沾了多少年的肮脏勾当！”
CARD_ITM17_FLAVORTEXTAUTHOR,—— 布伦瑞克军械所
CARD_ITM17_NAME,掠夺者护手
CARD_ITM17_STATUSFEEDPLAYEDTOCREATURE,<from_creature>对<to_creature>施用<card>。
CARD_ITM17_STATUSFEEDPLAYEDTOTILE,<from_creature>对<tile_name>施用<card>。
CARD_ITM17_TARGETTEXT,可装备
CARD_ITM18_DESCRIPTION,-1 行动点数。在战斗中，+3 盾牌。
CARD_ITM18_FLAVORTEXT,“来得晚没关系——来得活就行。”
CARD_ITM18_FLAVORTEXTAUTHOR,—— 伍德森·莱尔
CARD_ITM18_NAME,重型板甲
CARD_ITM18_STATUSFEEDPLAYEDTOCREATURE,<from_creature>对<to_creature>施用<card>。
CARD_ITM18_STATUSFEEDPLAYEDTOTILE,<from_creature>对<tile_name>施用<card>。
CARD_ITM18_TARGETTEXT,可装备
CARD_ITM19_DESCRIPTION,+3 声望。
CARD_ITM19_FLAVORTEXT,“蓝与金，飞扬在蓝与金的天空下。不再作异乡客，今为吾王。奋起！”
CARD_ITM19_FLAVORTEXTAUTHOR,——《加冕典礼》
CARD_ITM19_NAME,皇家旗帜
CARD_ITM19_STATUSFEEDPLAYEDTOCREATURE,<from_creature>对<to_creature>施用<card>。
CARD_ITM19_STATUSFEEDPLAYEDTOTILE,<from_creature>对<tile_name>施用<card>。
CARD_ITM19_TARGETTEXT,可装备
CARD_ITM20_DESCRIPTION,无论昼夜，在森林中获得<specialstatus_evade>闪避</specialstatus_evade>和<specialstatus_stealth>潜行</specialstatus_stealth>。
CARD_ITM20_FLAVORTEXT,“没人比巡林者更懂丛林。想在林子里追踪他们？痴人说梦。”
CARD_ITM20_FLAVORTEXTAUTHOR,—— 布拉根中士
CARD_ITM20_NAME,游侠斗篷
CARD_ITM20_STATUSFEEDPLAYEDTOCREATURE,<from_creature>对<to_creature>施用<card>。
CARD_ITM20_STATUSFEEDPLAYEDTOTILE,<from_creature>对<tile_name>施用<card>。
CARD_ITM20_TARGETTEXT,可装备
CARD_ITM21_DESCRIPTION,在战斗中，每招募一名随从 +1 骰子。
CARD_ITM21_FLAVORTEXT,“我们当并肩而战。同生——或同死——万众如一。”
CARD_ITM21_FLAVORTEXTAUTHOR,—— 国王陛下
CARD_ITM21_NAME,战争号角
CARD_ITM21_STATUSFEEDPLAYEDTOCREATURE,<from_creature>对<to_creature>施用<card>。
CARD_ITM21_STATUSFEEDPLAYEDTOTILE,<from_creature>对<tile_name>施用<card>。
CARD_ITM21_TARGETTEXT,可装备
CARD_ITM22_DESCRIPTION,每占领一处聚落声望 +1，黎明时 +1 金币。
CARD_ITM22_FLAVORTEXT,“领主权杖，是权位、力量与威严的象征。放尊重点！”
CARD_ITM22_FLAVORTEXTAUTHOR,—— 卡莱尔领主
CARD_ITM22_NAME,领主的权杖
CARD_ITM22_STATUSFEEDPLAYEDTOCREATURE,<from_creature>对<to_creature>施用<card>。
CARD_ITM22_STATUSFEEDPLAYEDTOTILE,<from_creature>对<tile_name>施用<card>。
CARD_ITM22_TARGETTEXT,可装备
CARD_ITM23_DESCRIPTION,在战斗中，+1 骰子，而对手受挫 -1 骰子。
CARD_ITM23_FLAVORTEXT,也许是兔子们最具独创性的军事设计。国王守卫的标准配置。
CARD_ITM23_FLAVORTEXTAUTHOR,—— 军需官亨泽尔
CARD_ITM23_NAME,兔族戟
CARD_ITM23_STATUSFEEDPLAYEDTOCREATURE,<from_creature>对<to_creature>施用<card>。
CARD_ITM23_STATUSFEEDPLAYEDTOTILE,<from_creature>对<tile_name>施用<card>。
CARD_ITM23_TARGETTEXT,可装备
CARD_ITM24_DESCRIPTION,你的所有陷阱获得<specialstatus_scout>侦察</specialstatus_scout>。
CARD_ITM24_FLAVORTEXT,“望远镜中的物体可能比看起来的更近。”
CARD_ITM24_FLAVORTEXTAUTHOR,—— 透镜铭文
CARD_ITM24_NAME,望远镜
CARD_ITM24_STATUSFEEDPLAYEDTOCREATURE,<from_creature>对<to_creature>施用<card>。
CARD_ITM24_STATUSFEEDPLAYEDTOTILE,<from_creature>对<tile_name>施用<card>。
CARD_ITM24_TARGETTEXT,可装备
CARD_ITM25_DESCRIPTION,战斗中，第一枚被烧掉的太阳或月亮获得<tooltip_PiercingAttack>贯穿</tooltip_PiercingAttack>。
CARD_ITM25_FLAVORTEXT,“永远不要在敌人能攻击你的时候攻击。永远先手。”
CARD_ITM25_FLAVORTEXTAUTHOR,—— 武备长雷恩
CARD_ITM25_NAME,长弓
CARD_ITM25_STATUSFEEDPLAYEDTOCREATURE,<from_creature>对<to_creature>施用<card>。
CARD_ITM25_STATUSFEEDPLAYEDTOTILE,<from_creature>对<tile_name>施用<card>。
CARD_ITM25_TARGETTEXT,可装备
CARD_ITM26_DESCRIPTION,获得<specialstatus_scout>侦察</specialstatus_scout>。
CARD_ITM26_FLAVORTEXT,“把灯笼挂在外头——他说的。月亮最低的时候点亮它，你就能看见我归来。”
CARD_ITM26_FLAVORTEXTAUTHOR,—— 贝茜·船工
CARD_ITM26_NAME,水手灯笼
CARD_ITM26_STATUSFEEDPLAYEDTOCREATURE,<from_creature>对<to_creature>施用<card>。
CARD_ITM26_STATUSFEEDPLAYEDTOTILE,<from_creature>对<tile_name>施用<card>。
CARD_ITM26_TARGETTEXT,可装备
CARD_ITM27_DESCRIPTION,在战斗中，+1 剑。防御时，额外获得 +1 剑。
CARD_ITM27_FLAVORTEXT,“橡木矛专为把不利局面变成死局而设计——且有利于持矛者。”
CARD_ITM27_FLAVORTEXTAUTHOR,—— 掠夺者大师
CARD_ITM27_NAME,橡木之矛
CARD_ITM27_STATUSFEEDPLAYEDTOCREATURE,<from_creature>对<to_creature>施用<card>。
CARD_ITM27_STATUSFEEDPLAYEDTOTILE,<from_creature>对<tile_name>施用<card>。
CARD_ITM27_TARGETTEXT,可装备
CARD_ITM28_DESCRIPTION,战斗中攻击时 +2 剑并 +1<tooltip_HeroExplodePool>爆发池</tooltip_HeroExplodePool>。
CARD_ITM28_FLAVORTEXT,“她就那么走着抡，走着抡，走着抡——然后砰！他脸就塌进去了！”
CARD_ITM28_FLAVORTEXTAUTHOR,—— 霍克·小脚
CARD_ITM28_NAME,重型连枷
CARD_ITM28_STATUSFEEDPLAYEDTOCREATURE,<from_creature>对<to_creature>施用<card>。
CARD_ITM28_STATUSFEEDPLAYEDTOTILE,<from_creature>对<tile_name>施用<card>。
CARD_ITM28_TARGETTEXT,可装备
CARD_ITM29_DESCRIPTION,+1 声望。在战斗中，+1 盾牌。
CARD_ITM29_FLAVORTEXT,“没错，那根羽毛标榜你是个人物——但它跟背上的靶子差不多有用。”
CARD_ITM29_FLAVORTEXTAUTHOR,—— 掠夺者法隆
CARD_ITM29_NAME,羽毛头盔
CARD_ITM29_TARGETTEXT,可装备
CARD_ITM30_DESCRIPTION,战斗中 +1 盾，且首个未命中骰面改为<tooltip_ReflectingDefence>反射</tooltip_ReflectingDefence>。
CARD_ITM30_FLAVORTEXT,“穿上一身好锁子甲，唯一能威胁你性命的，就只剩你自己的蠢了。”
CARD_ITM30_FLAVORTEXTAUTHOR,—— 格莱布·爆鸣
CARD_ITM30_NAME,锁甲衫
CARD_ITM30_TARGETTEXT,可装备
CARD_ITM31_DESCRIPTION,在战斗中，+1 剑和 +1 骰子。
CARD_ITM31_FLAVORTEXT,“世上唯一一把能戳穿老鼠、又能干净利落斩下公牛首级的兵器。”
CARD_ITM31_FLAVORTEXTAUTHOR,—— 埃卡尔布·范·古利克
CARD_ITM31_NAME,混种剑
CARD_ITM31_TARGETTEXT,可装备
CARD_ITM32_DESCRIPTION,在战斗中，+1 剑，且被击杀的对手获得 +1 腐化。
CARD_ITM32_FLAVORTEXT,“这些匕首绝不会带来任何善果。它们是这片土地的灾祸！”
CARD_ITM32_FLAVORTEXTAUTHOR,—— 先知柯帕
CARD_ITM32_NAME,鸦喙匕首
CARD_ITM32_STATUSFEEDPLAYEDTOCREATURE,<from_creature>对<to_creature>施用<card>。
CARD_ITM32_STATUSFEEDPLAYEDTOTILE,<from_creature>对<tile_name>施用<card>。
CARD_ITM32_TARGETTEXT,可装备
CARD_ITM33_DESCRIPTION,在战斗和陷阱中，+2 <tooltip_HeroExplodePool>爆发池</tooltip_HeroExplodePool>。你的腐化视为 0。
CARD_ITM33_FLAVORTEXT,“它即将显现，那护符在召唤你。我能看见它在绽放。”
CARD_ITM33_FLAVORTEXTAUTHOR,—— 占卜师玛拉
CARD_ITM33_NAME,怀尔德护符
CARD_ITM33_STATUSFEEDPLAYEDTOCREATURE,<from_creature>对<to_creature>施用<card>。
CARD_ITM33_STATUSFEEDPLAYEDTOTILE,<from_creature>对<tile_name>施用<card>。
CARD_ITM33_TARGETTEXT,可装备
CARD_ITM34_DESCRIPTION,在战斗中，复制对手物品的效果。
CARD_ITM34_FLAVORTEXT,“一个真正的谜，发现于阿门罗一座最高峰顶的冰封王座上。”
CARD_ITM34_FLAVORTEXTAUTHOR,——《阿门罗器物志·第三卷》
CARD_ITM34_NAME,镜影披风
CARD_ITM34_STATUSFEEDPLAYEDTOCREATURE,<from_creature>对<to_creature>施用<card>。
CARD_ITM34_STATUSFEEDPLAYEDTOTILE,<from_creature>对<tile_name>施用<card>。
CARD_ITM34_TARGETTEXT,可装备
CARD_ITM35_DESCRIPTION,战斗结束后，如果你活着，你的对手 -2 生命。
CARD_ITM35_FLAVORTEXT,“噼啪作响吧，小娃娃。折磨我们的敌人，直到我们说停。”
CARD_ITM35_FLAVORTEXTAUTHOR,—— 女族长
CARD_ITM35_NAME,巫蛊娃娃
CARD_ITM35_STATUSFEEDPLAYEDTOCREATURE,<from_creature>对<to_creature>施用<card>。
CARD_ITM35_STATUSFEEDPLAYEDTOTILE,<from_creature>对<tile_name>施用<card>。
CARD_ITM35_TARGETTEXT,可装备
CARD_ITM36_DESCRIPTION,在战斗中，+2 盾牌并且佩戴者永远不会退却。
CARD_ITM36_FLAVORTEXT,“披上狮心胸甲，每一击之下，你都屹立不倒。不屈。不折。不移。”
CARD_ITM36_FLAVORTEXTAUTHOR,—— 国王陛下
CARD_ITM36_NAME,狮心胸甲
CARD_ITM36_STATUSFEEDPLAYEDTOCREATURE,<from_creature>对<to_creature>施用<card>。
CARD_ITM36_STATUSFEEDPLAYEDTOTILE,<from_creature>对<tile_name>施用<card>。
CARD_ITM36_TARGETTEXT,可装备
CARD_ITM37_DESCRIPTION,在战斗和陷阱中，+1 盾牌。
CARD_ITM37_FLAVORTEXT,“想要敏捷和防护？给你！就是……呃，别问皮从哪来的。”
CARD_ITM37_FLAVORTEXTAUTHOR,—— 奥登·迈尔斯
CARD_ITM37_NAME,皮甲
CARD_ITM37_TARGETTEXT,可装备
CARD_ITM38_DESCRIPTION,战斗中所有剑骰面获得<tooltip_PoisonAttack>中毒</tooltip_PoisonAttack>。
CARD_ITM38_FLAVORTEXT,“机敏者惧怕暗处的利刃。智者则惧怕带来黑暗的那把刀。”
CARD_ITM38_FLAVORTEXTAUTHOR,—— 费斯提恩
CARD_ITM38_NAME,淬毒匕首
CARD_ITM38_TARGETTEXT,可装备
CARD_ITM40_DESCRIPTION,每次探索地牢后 +1 金币。
CARD_ITM40_FLAVORTEXT,“自负是缓慢而阴险的杀手……拿上火把吧，英雄。”
CARD_ITM40_FLAVORTEXTAUTHOR,—— 先灵
CARD_ITM40_NAME,火把
CARD_ITM40_STATUSFEEDRECURRINGEFFECT,<to_creature> 的 <card> 揭秘隐藏的财富。
CARD_ITM40_TARGETTEXT,可装备
CARD_ITM41_DESCRIPTION,在战斗中，+1 盾牌。防御时，另外获得 +1 盾牌。
CARD_ITM41_FLAVORTEXT,“看那强者如何颤栗，如波涛拍击岩壁。”
CARD_ITM41_FLAVORTEXTAUTHOR,—— 利特尔·飞矢
CARD_ITM41_NAME,塔盾
CARD_ITM41_TARGETTEXT,可装备
CARD_ITM42_DESCRIPTION,战斗中攻击时首枚剑骰面获得<tooltip_PiercingAttack>贯穿</tooltip_PiercingAttack>；防御时获得<tooltip_ReflectingDefence>反射</tooltip_ReflectingDefence>。
CARD_ITM42_FLAVORTEXT,“想把那些花里胡哨的骑士送进土里？用矛捅穿他们！”
CARD_ITM42_FLAVORTEXTAUTHOR,—— 黑心哈罗德
CARD_ITM42_NAME,铁矛
CARD_ITM42_TARGETTEXT,可装备
CARD_ITM44_DESCRIPTION,战斗中 +1<tooltip_HeroExplodePool>爆发池</tooltip_HeroExplodePool>，首个被烧掉的未命中骰面爆发。
CARD_ITM44_FLAVORTEXT,“忘了那些镶珠宝的细棍。等你找到一件长得丑的东西，那才是真正的兵器。”
CARD_ITM44_FLAVORTEXTAUTHOR,—— 剑术大师瓦林
CARD_ITM44_NAME,可靠的短剑
CARD_ITM44_TARGETTEXT,可装备
CARD_ITM45_DESCRIPTION,战斗中 +1 带有<tooltip_ReflectingDefence>反射</tooltip_ReflectingDefence>的盾并 +1 骰子。
CARD_ITM45_FLAVORTEXT,“我只见过一面，但那真是叹为观止。攻防合一，完美平衡。”
CARD_ITM45_FLAVORTEXTAUTHOR,—— 老基登
CARD_ITM45_NAME,英雄之盾
CARD_ITM45_TARGETTEXT,可装备
CARD_ITM47_DESCRIPTION,战斗中 +1 带有<tooltip_PiercingAttack>贯穿</tooltip_PiercingAttack>的剑。平原上额外获得 +1 带有<tooltip_PiercingAttack>贯穿</tooltip_PiercingAttack>的剑。
CARD_ITM47_FLAVORTEXT,“平原是长枪的偏爱之地。开阔的场地，最适合壮观的冲锋。”
CARD_ITM47_FLAVORTEXTAUTHOR,劳伦斯爵士
CARD_ITM47_NAME,银枪
CARD_ITM47_TARGETTEXT,可装备
CARD_ITM48_DESCRIPTION,战斗中 -2 骰子，+3 带有<tooltip_PoisonAttack>中毒</tooltip_PoisonAttack>的剑。
CARD_ITM48_FLAVORTEXT,“三叉戟之吻：迅如蛇影，暗如湖水。”
CARD_ITM48_FLAVORTEXTAUTHOR,—— 奥森·马拉克
CARD_ITM48_NAME,收割者的三叉戟
CARD_ITM48_TARGETTEXT,可装备
CARD_ITM50_DESCRIPTION,战斗中，首先掷出的两个没命中的太阳或月亮视为防御。
CARD_ITM50_FLAVORTEXT,“不再是奥肯福的寻回者，而是阿门罗的国王守卫。”
CARD_ITM50_FLAVORTEXTAUTHOR,—— 克莱格·灰鬃
CARD_ITM50_NAME,国王守卫铠甲
CARD_ITM50_TARGETTEXT,可装备
CARD_ITM52_DESCRIPTION,+1 灵力并 +1 <tooltip_HeroExplodePool>爆发池</tooltip_HeroExplodePool>。
CARD_ITM52_FLAVORTEXT,“一个人不需要一根了不得的法杖才能成为了不起的法师。应该埋头钻研，潜心学术，对，对！”
CARD_ITM52_FLAVORTEXTAUTHOR,奥罗斯·朗霍恩
CARD_ITM52_NAME,红木法杖
CARD_ITM52_TARGETTEXT,可装备
CARD_KING01_DESCRIPTION,佩带者就是阿门罗的统治者，决不会撤出战斗。
CARD_KING01_FLAVORTEXT,“自四族之金，怀尔德树干上生出新冕，予新王，予新纪元。”
CARD_KING01_FLAVORTEXTAUTHOR,——《加冕仪式》
CARD_KING01_NAME,阿门罗之冕
CARD_KING01_STATUSFEEDPLAYEDTOCREATURE,<from_creature>对<to_creature>施用<card>。
CARD_KING01_STATUSFEEDPLAYEDTOTILE,<from_creature>对<tile_name>施用<card>。
CARD_KING01_TARGETTEXT,可装备
CARD_KING02_DESCRIPTION,在战斗中，掷出的怀尔德骰面视为防御。
CARD_KING02_FLAVORTEXT,“怀尔德庇佑他；阳光之鬃，黑夜之眸。我们伟大的国王，阿门罗之光。”
CARD_KING02_FLAVORTEXTAUTHOR,—— 阿门罗祷文
CARD_KING02_NAME,怀尔德隐披
CARD_KING02_STATUSFEEDPLAYEDTOCREATURE,<from_creature>对<to_creature>施用<card>。
CARD_KING02_STATUSFEEDPLAYEDTOTILE,<from_creature>对<tile_name>施用<card>。
CARD_KING02_TARGETTEXT,可装备
CARD_KING03_DESCRIPTION,战斗中，将对手的未命中骰面转化为你的额外骰子。
CARD_KING03_FLAVORTEXT,“来自异界之境，这头雄狮的利齿。钢铁獠牙，渴求一战。”
CARD_KING03_FLAVORTEXTAUTHOR,—— 陌生人，吾辈的救主
CARD_KING03_NAME,傲慢之刃
CARD_KING03_STATUSFEEDPLAYEDTOCREATURE,<from_creature>对<to_creature>施用<card>。
CARD_KING03_STATUSFEEDPLAYEDTOTILE,<from_creature>对<tile_name>施用<card>。
CARD_KING03_TARGETTEXT,可装备
CARD_MAG01_DESCRIPTION,下 2 回合 +1 行动点数。
CARD_MAG01_FLAVORTEXT,“欲行更远者，必当逼自己更进一步。”
CARD_MAG01_FLAVORTEXTAUTHOR,—— 兔族谚语
CARD_MAG01_NAME,疾行术
CARD_MAG01_STATUSFEEDPLAYEDTOCREATURE,<from_creature>对<to_creature>施用<card>。
CARD_MAG01_STATUSFEEDPLAYEDTOTILE,<from_creature>对<tile_name>施用<card>。
CARD_MAG01_TARGETTEXT,打给英雄
CARD_MAG02_DESCRIPTION,-1 生命并且 -1 行动点数。
CARD_MAG02_FLAVORTEXT,“怀尔德危机四伏，其怒无情。”
CARD_MAG02_FLAVORTEXTAUTHOR,——《怀尔德之歌·第三部》
CARD_MAG02_NAME,缠绕藤蔓
CARD_MAG02_STATUSFEEDPLAYEDTOCREATURE,<from_creature>对<to_creature>施用<card>。
CARD_MAG02_STATUSFEEDPLAYEDTOTILE,<from_creature>对<tile_name>施用<card>。
CARD_MAG02_TARGETTEXT,打给森林、平原、沼泽
CARD_MAG03_DESCRIPTION,战斗结束后，每次伤害 +1 生命，直到下一回合结束。
CARD_MAG03_FLAVORTEXT,“没什么比敌人的生命力溅上你的皮毛更能点燃力量的了。”
CARD_MAG03_FLAVORTEXTAUTHOR,—— 范恩·灰鬃
CARD_MAG03_NAME,嗜血
CARD_MAG03_STATUSFEEDPLAYEDTOCREATURE,<from_creature>对<to_creature>施用<card>。
CARD_MAG03_STATUSFEEDPLAYEDTOTILE,<from_creature>对<tile_name>施用<card>。
CARD_MAG03_STATUSFEEDRECURRINGEFFECT,<card>治愈<to_creature>的伤口。
CARD_MAG03_TARGETTEXT,打给英雄
CARD_MAG04_DESCRIPTION,-3 生命，回合立即结束。
CARD_MAG04_FLAVORTEXT,“对灵力强大的施法者而言，闪电从不只落一次。”
CARD_MAG04_FLAVORTEXTAUTHOR,—— 索恩·唤天者
CARD_MAG04_NAME,雷击
CARD_MAG04_STATUSFEEDPLAYEDTOCREATURE,<from_creature>对<to_creature>施用<card>。
CARD_MAG04_STATUSFEEDPLAYEDTOTILE,<from_creature>对<tile_name>施用<card>。
CARD_MAG04_TARGETTEXT,对生物施放、任一地块
CARD_MAG05_DESCRIPTION,1 格距离 -3 生命，2 格距离 -2 生命，更远处 -1 生命。
CARD_MAG05_FLAVORTEXT,“你的灵力或许足够强大，但你有胆量将血肉从骨头上熔化吗？”
CARD_MAG05_FLAVORTEXTAUTHOR,—— 怀尔德先知橡石
CARD_MAG05_NAME,焚身
CARD_MAG05_STATUSFEEDPLAYEDTOCREATURE,<from_creature>对<to_creature>施用<card>。
CARD_MAG05_STATUSFEEDPLAYEDTOTILE,<from_creature>对<tile_name>施用<card>。
CARD_MAG05_TARGETTEXT,打给生物
CARD_MAG06_DESCRIPTION,+2 腐化，且每有一个贝恩获得 1 生命。
CARD_MAG06_FLAVORTEXT,“在这污秽的城市地下，渊望贝恩滋养着我堕入黑暗的旅途。”
CARD_MAG06_FLAVORTEXTAUTHOR,—— 腐化召唤者尤伦
CARD_MAG06_NAME,虹吸管
CARD_MAG06_STATUSFEEDPLAYEDTOCREATURE,<from_creature>对<to_creature>施用<card>。
CARD_MAG06_STATUSFEEDPLAYEDTOTILE,<from_creature>对<tile_name>施用<card>。
CARD_MAG06_TARGETTEXT,打给自己
CARD_MAG07_DESCRIPTION,施放时每花费 1 魔法 -1 生命，并消耗所有剩余魔法。
CARD_MAG07_FLAVORTEXT,怀尔德没有限制。拿走我们强加在别人身上的东西，怀尔德就会追随。
CARD_MAG07_FLAVORTEXTAUTHOR,—— 长老深洋
CARD_MAG07_NAME,灵击
CARD_MAG07_STATUSFEEDPLAYEDTOCREATURE,<from_creature>对<to_creature>施用<card>。
CARD_MAG07_STATUSFEEDPLAYEDTOTILE,<from_creature>对<tile_name>施用<card>。
CARD_MAG07_TARGETTEXT,打给生物
CARD_MAG08_DESCRIPTION,召唤贝恩。
CARD_MAG08_FLAVORTEXT,“他在黑暗中溃烂；一头可憎可怖的野兽，被仇恨与苦痛唤醒。”
CARD_MAG08_FLAVORTEXTAUTHOR,——《黑曜石报告》
CARD_MAG08_NAME,恶意高涨
CARD_MAG08_STATUSFEEDPLAYEDTOCREATURE,<from_creature>对<to_creature>施用<card>。
CARD_MAG08_STATUSFEEDPLAYEDTOTILE,<from_creature>对<tile_name>施用<card>。
CARD_MAG08_TARGETTEXT,打给空板块
CARD_MAG09_DESCRIPTION,+2 灵力，直到下一回合结束。
CARD_MAG09_FLAVORTEXT,“放开你对世间一切有形之物的执念。唯有那时，你才能看见自己真正的力量。”
CARD_MAG09_FLAVORTEXTAUTHOR,—— 兽母希尔达
CARD_MAG09_NAME,焦点
CARD_MAG09_STATUSFEEDPLAYEDTOCREATURE,<from_creature>对<to_creature>施用<card>。
CARD_MAG09_STATUSFEEDPLAYEDTOTILE,<from_creature>对<tile_name>施用<card>。
CARD_MAG09_TARGETTEXT,打给英雄
CARD_MAG10_DESCRIPTION,目标每点腐化 -1 生命。
CARD_MAG10_FLAVORTEXT,而腐化将感受到怀尔德的拥抱——不是温暖，而是千阳之怒。
CARD_MAG10_FLAVORTEXTAUTHOR,—— 义者奥布利夫
CARD_MAG10_NAME,怀尔德仪式
CARD_MAG10_STATUSFEEDPLAYEDTOCREATURE,<from_creature>对<to_creature>施用<card>。
CARD_MAG10_STATUSFEEDPLAYEDTOTILE,<from_creature>对<tile_name>施用<card>。
CARD_MAG10_TARGETTEXT,打给贝恩、巨石阵
CARD_MAG11_DESCRIPTION,-2 生命。太阳骰爆发，直到下一回合结束。
CARD_MAG11_FLAVORTEXT,“哦，有个小小的副作用，这法术有可能会把你的爪子烧掉。一点点。好吧，很多点。”
CARD_MAG11_FLAVORTEXTAUTHOR,—— 工匠塔尔科特
CARD_MAG11_NAME,燃烧
CARD_MAG11_STATUSFEEDPLAYEDTOCREATURE,<from_creature>对<to_creature>施用<card>。
CARD_MAG11_STATUSFEEDPLAYEDTOTILE,<from_creature>对<tile_name>施用<card>。
CARD_MAG11_TARGETTEXT,打给生物
CARD_MAG12_DESCRIPTION,传送到最远的地牢。
CARD_MAG12_FLAVORTEXT,“就在你以为自己逃掉的时候，黑暗总有办法把你唤回家。”
CARD_MAG12_FLAVORTEXTAUTHOR,—— 特工悲碎
CARD_MAG12_NAME,放逐
CARD_MAG12_STATUSFEEDPLAYEDTOCREATURE,<from_creature>对<to_creature>施用<card>。
CARD_MAG12_STATUSFEEDPLAYEDTOTILE,<from_creature>对<tile_name>施用<card>。
CARD_MAG12_TARGETTEXT,打给生物、地牢、石环
CARD_MAG13_DESCRIPTION,接下来 2 回合，每回合 +2 生命。
CARD_MAG13_FLAVORTEXT,怀尔德会照顾好自己；砍倒她，见证奇迹。
CARD_MAG13_FLAVORTEXTAUTHOR,——《沉睡的贤者》
CARD_MAG13_NAME,重生
CARD_MAG13_STATUSFEEDPLAYEDTOCREATURE,<from_creature>对<to_creature>施用<card>。
CARD_MAG13_STATUSFEEDPLAYEDTOTILE,<from_creature>对<tile_name>施用<card>。
CARD_MAG13_STATUSFEEDRECURRINGEFFECT,<card>治愈<to_creature>获得 2 点生命。
CARD_MAG13_TARGETTEXT,打给生物
CARD_MAG14_DESCRIPTION,召唤灵石。
CARD_MAG14_FLAVORTEXT,也许并非巧合：与怀尔德最契合的部族，依然信奉德鲁伊。
CARD_MAG14_FLAVORTEXTAUTHOR,——《强者神话考》
CARD_MAG14_NAME,晶化
CARD_MAG14_STATUSFEEDPLAYEDTOCREATURE,<from_creature>对<to_creature>施用<card>。
CARD_MAG14_STATUSFEEDPLAYEDTOTILE,<from_creature>对<tile_name>施用<card>。
CARD_MAG14_TARGETTEXT,打给巨石阵
CARD_MAG15_DESCRIPTION,+1 腐化。<specialstatus_poisoned>中毒</specialstatus_poisoned>，直到下一回合结束。
CARD_MAG15_FLAVORTEXT,“大地干涸，空气浑浊。人们接二连三地死去……”
CARD_MAG15_FLAVORTEXTAUTHOR,—— 农夫格林莫德
CARD_MAG15_NAME,瘟疫
CARD_MAG15_STATUSFEEDPLAYEDTOCREATURE,<from_creature>对<to_creature>施用<card>。
CARD_MAG15_STATUSFEEDPLAYEDTOTILE,<from_creature>对<tile_name>施用<card>。
CARD_MAG15_TARGETTEXT,打给聚落、沼泽
CARD_MAG16_DESCRIPTION,获得<specialstatus_evade>闪避</specialstatus_evade>直到下回合结束。
CARD_MAG16_FLAVORTEXT,怀尔德有许多话想说，说给愿意倾听的人。
CARD_MAG16_FLAVORTEXTAUTHOR,—— 露娜·林行者
CARD_MAG16_NAME,怀尔德之诫
CARD_MAG16_STATUSFEEDPLAYEDTOCREATURE,<from_creature>对<to_creature>施用<card>。
CARD_MAG16_STATUSFEEDPLAYEDTOTILE,<from_creature>对<tile_name>施用<card>。
CARD_MAG16_TARGETTEXT,打给英雄
CARD_MAG17_DESCRIPTION,+1 腐化，目标手牌+1张随机腐化法术牌。
CARD_MAG17_FLAVORTEXT,“我们都曾听见黑暗的呼唤，但了解它拥抱的人太少了。”
CARD_MAG17_FLAVORTEXTAUTHOR,—— 纽宾女爵
CARD_MAG17_NAME,黑暗影响
CARD_MAG17_STATUSFEEDPLAYEDTOCREATURE,<from_creature>对<to_creature>施用<card>。
CARD_MAG17_STATUSFEEDPLAYEDTOTILE,<from_creature>对<tile_name>施用<card>。
CARD_MAG17_TARGETTEXT,打给英雄、地牢
CARD_MAG18_DESCRIPTION,-1 腐化，并祛除<specialstatus_poisoned>中毒</specialstatus_poisoned>。
CARD_MAG18_FLAVORTEXT,腐化其实可以从你身体里清除，但是你必须将它从阿门罗清除。
CARD_MAG18_FLAVORTEXTAUTHOR,—— 大祭司薇洛
CARD_MAG18_NAME,净化怀尔德
CARD_MAG18_STATUSFEEDPLAYEDTOCREATURE,<from_creature>对<to_creature>施用<card>。
CARD_MAG18_STATUSFEEDPLAYEDTOTILE,<from_creature>对<tile_name>施用<card>。
CARD_MAG18_TARGETTEXT,打给生物
CARD_MAG19_DESCRIPTION,-1 行动点数，并从目标手中移除2张卡牌。
CARD_MAG19_FLAVORTEXT,树木不关心他人的愚行，但若怀尔德肯激励它们……
CARD_MAG19_FLAVORTEXTAUTHOR,—— 特兰克·树语
CARD_MAG19_NAME,唤醒树林
CARD_MAG19_STATUSFEEDPLAYEDTOCREATURE,<from_creature>对<to_creature>施用<card>。
CARD_MAG19_STATUSFEEDPLAYEDTOTILE,<from_creature>对<tile_name>施用<card>。
CARD_MAG19_TARGETTEXT,打给森林
CARD_MAG20_DESCRIPTION,从目标手中窃取 1 张卡牌。
CARD_MAG20_FLAVORTEXT,“没错！他被魅惑了！我亲眼看见他倒空了一整个钱袋，眼里还闪闪发光！”
CARD_MAG20_FLAVORTEXTAUTHOR,—— 老兽比尔
CARD_MAG20_NAME,魅惑
CARD_MAG20_STATUSFEEDPLAYEDTOCREATURE,<from_creature>对<to_creature>施用<card>。
CARD_MAG20_STATUSFEEDPLAYEDTOTILE,<from_creature>对<tile_name>施用<card>。
CARD_MAG20_TARGETTEXT,打给英雄
CARD_MAG21_DESCRIPTION,-2 生命并且迫使目标下山。
CARD_MAG21_FLAVORTEXT,“最锋利的刀刃，也刺不穿北风，斩不断山巅的寒意。”
CARD_MAG21_FLAVORTEXTAUTHOR,—— 维斯奇乌斯
CARD_MAG21_NAME,暴风雪
CARD_MAG21_STATUSFEEDPLAYEDTOCREATURE,<from_creature>对<to_creature>施用<card>。
CARD_MAG21_STATUSFEEDPLAYEDTOTILE,<from_creature>对<tile_name>施用<card>。
CARD_MAG21_TARGETTEXT,打给山脉
CARD_MAG22_DESCRIPTION,在战斗中，对手有 -2 骰子，直到下一回合结束。
CARD_MAG22_FLAVORTEXT,当有两个敌人时...了解你的敌人只是战斗的一半。
CARD_MAG22_FLAVORTEXTAUTHOR,—— 雪狼之烬
CARD_MAG22_NAME,镜像
CARD_MAG22_STATUSFEEDPLAYEDTOCREATURE,<from_creature>对<to_creature>施用<card>。
CARD_MAG22_STATUSFEEDPLAYEDTOTILE,<from_creature>对<tile_name>施用<card>。
CARD_MAG22_TARGETTEXT,打给生物
CARD_MAG23_DESCRIPTION,+2 体力，直到下一回合结束。
CARD_MAG23_FLAVORTEXT,让怀尔德作你的盾——让你的敌人把刀剑磨钝在树木和泥土上。
CARD_MAG23_FLAVORTEXTAUTHOR,—— 莱伊·守山人
CARD_MAG23_NAME,树皮皮肤
CARD_MAG23_STATUSFEEDPLAYEDTOCREATURE,<from_creature>对<to_creature>施用<card>。
CARD_MAG23_STATUSFEEDPLAYEDTOTILE,<from_creature>对<tile_name>施用<card>。
CARD_MAG23_TARGETTEXT,打给生物
CARD_MAG24_DESCRIPTION,+2 战力，-1 智力，直到下一回合结束。
CARD_MAG24_FLAVORTEXT,“我们每个人的内心深处，都有一簇野蛮的、原始的星火；那是永远无法驯服的东西。”
CARD_MAG24_FLAVORTEXTAUTHOR,—— 诺克斯·怀尔德守望者
CARD_MAG24_NAME,野性
CARD_MAG24_STATUSFEEDPLAYEDTOCREATURE,<from_creature>对<to_creature>施用<card>。
CARD_MAG24_STATUSFEEDPLAYEDTOTILE,<from_creature>对<tile_name>施用<card>。
CARD_MAG24_TARGETTEXT,打给生物
CARD_MAG25_DESCRIPTION,夜间 -2 生命或白天 -1 生命。
CARD_MAG25_FLAVORTEXT,在晚上游荡太远，月亮可能会咬！
CARD_MAG25_FLAVORTEXTAUTHOR,—— 夜之怀尔德
CARD_MAG25_NAME,月噬
CARD_MAG25_STATUSFEEDPLAYEDTOCREATURE,<from_creature>对<to_creature>施用<card>。
CARD_MAG25_STATUSFEEDPLAYEDTOTILE,<from_creature>对<tile_name>施用<card>。
CARD_MAG25_TARGETTEXT,打给生物、地牢、平原
CARD_MAG26_DESCRIPTION,直到下一回合结束，智力+2。
CARD_MAG26_FLAVORTEXT,你和我之间最聪明的人是我，因为我有邪恶之眼。
CARD_MAG26_FLAVORTEXTAUTHOR,—— 鼠族谚语
CARD_MAG26_NAME,邪眼
CARD_MAG26_STATUSFEEDPLAYEDTOCREATURE,<from_creature>对<to_creature>施用<card>。
CARD_MAG26_STATUSFEEDPLAYEDTOTILE,<from_creature>对<tile_name>施用<card>。
CARD_MAG26_TARGETTEXT,打给英雄
CARD_MAG27_DESCRIPTION,下次目标进入石环 +5 魔法。
CARD_MAG27_FLAVORTEXT,这些石环绝非偶然建成。只要你敢，这些通往怀尔德的门便会开启。
CARD_MAG27_FLAVORTEXTAUTHOR,—— 首领夜华
CARD_MAG27_NAME,怀尔德之裔
CARD_MAG27_STATUSFEEDPLAYEDTOCREATURE,<from_creature>对<to_creature>施用<card>。
CARD_MAG27_STATUSFEEDPLAYEDTOTILE,<from_creature>对<tile_name>施用<card>。
CARD_MAG27_STATUSFEEDRECURRINGEFFECT,<to_creature>的<card>从石环引入能量。
CARD_MAG27_TARGETTEXT,打给英雄
CARD_MAG28_DESCRIPTION,陷阱难度+1。
CARD_MAG28_FLAVORTEXT,“陷阱只是陷阱——但诅咒它脚下的土地，你便掩盖了它真正的凶险。”
CARD_MAG28_FLAVORTEXTAUTHOR,—— 特工达玛万德
CARD_MAG28_NAME,被诅咒的土地
CARD_MAG28_STATUSFEEDPLAYEDTOCREATURE,<from_creature>对<to_creature>施用<card>。
CARD_MAG28_STATUSFEEDPLAYEDTOTILE,<from_creature>对<tile_name>施用<card>。
CARD_MAG28_TARGETTEXT,打给陷阱
CARD_MAG29_DESCRIPTION,传送到地块。王宫地块受限。
CARD_MAG29_FLAVORTEXT,接下来是什么？猪在民众的食品室之间来回瞬间传送？！这一点都不有趣！
CARD_MAG29_FLAVORTEXTAUTHOR,——《皇室瞬移调查录》
CARD_MAG29_NAME,传送
CARD_MAG29_STATUSFEEDPLAYEDTOCREATURE,<from_creature>对<to_creature>施用<card>。
CARD_MAG29_STATUSFEEDPLAYEDTOTILE,<from_creature>对<tile_name>施用<card>。
CARD_MAG29_TARGETTEXT,打给空地块
CARD_MAG30_DESCRIPTION,直到黎明前，无法进出该地块。
CARD_MAG30_FLAVORTEXT,“一整村的人，全困在里面了！荆棘高得没入云里。”
CARD_MAG30_FLAVORTEXTAUTHOR,—— 填塞匠格里夫斯
CARD_MAG30_NAME,荆棘之墙
CARD_MAG30_STATUSFEEDPLAYEDTOCREATURE,<from_creature>对<to_creature>施用<card>。
CARD_MAG30_STATUSFEEDPLAYEDTOTILE,<from_creature>对<tile_name>施用<card>。
CARD_MAG30_TARGETTEXT,打给空地块
CARD_MAG31_DESCRIPTION,目标手中的所有卡牌都变成了盾牌符号。
CARD_MAG31_FLAVORTEXT,怀尔德既施终结，也施守护。信奉它，便能执掌最坚固的盾。
CARD_MAG31_FLAVORTEXTAUTHOR,—— 多伦·怀尾
CARD_MAG31_NAME,微光之盾
CARD_MAG31_STATUSFEEDPLAYEDTOCREATURE,<from_creature>对<to_creature>施用<card>。
CARD_MAG31_STATUSFEEDPLAYEDTOTILE,<from_creature>对<tile_name>施用<card>。
CARD_MAG31_TARGETTEXT,打给英雄
CARD_MAG32_DESCRIPTION,目标手中的所有卡牌都变成了腐化符号。
CARD_MAG32_FLAVORTEXT,“召唤黑暗降临者，其拥抱将不分敌我，将一切紧紧缠绕。”
CARD_MAG32_FLAVORTEXTAUTHOR,—— 荒冢刻文摘录
CARD_MAG32_NAME,召唤蠕虫
CARD_MAG32_STATUSFEEDPLAYEDTOCREATURE,<from_creature>对<to_creature>施用<card>。
CARD_MAG32_STATUSFEEDPLAYEDTOTILE,<from_creature>对<tile_name>施用<card>。
CARD_MAG32_TARGETTEXT,打给英雄、地牢
CARD_MAG33_DESCRIPTION,获得<specialstatus_scout>侦察</specialstatus_scout>直到下回合结束。
CARD_MAG33_FLAVORTEXT,看见不可见之物是少有的才能，唯有怀尔德认可之人方才拥有。
CARD_MAG33_FLAVORTEXTAUTHOR,—— 怀尔德之眼爱莉丝
CARD_MAG33_NAME,占卜
CARD_MAG33_STATUSFEEDPLAYEDTOCREATURE,<from_creature>对<to_creature>施用<card>。
CARD_MAG33_STATUSFEEDPLAYEDTOTILE,<from_creature>对<tile_name>施用<card>。
CARD_MAG33_TARGETTEXT,打给英雄
CARD_MAG34_DESCRIPTION,偷取 1 点生命，除非目标受<tooltip_sanctifiedwards>石阵结界</tooltip_sanctifiedwards>保护。
CARD_MAG34_FLAVORTEXT,“生命由你取走。无论对方情愿……还是不情愿。”
CARD_MAG34_FLAVORTEXTAUTHOR,—— 祈唤师阿娜拉
CARD_MAG34_NAME,吸血
CARD_MAG34_STATUSFEEDPLAYEDTOCREATURE,<from_creature>对<to_creature>施用<card>。
CARD_MAG34_TARGETTEXT,打给生物
CARD_MAG36_DESCRIPTION,从沼泽中种出一座森林。地块上的生物+5生命。
CARD_MAG36_FLAVORTEXT,“死亡盘踞之处，生命依然顽强。”
CARD_MAG36_FLAVORTEXTAUTHOR,—— 托尔大师
CARD_MAG36_NAME,灵种
CARD_MAG36_STATUSFEEDPLAYEDTOTILE,<from_creature>对<tile_name>施用<card>。
CARD_MAG36_TARGETTEXT,打给沼泽
CARD_MAG46_DESCRIPTION,在地块上产生 -1 生命的中毒迷雾，直到下一个黎明。
CARD_MAG46_FLAVORTEXT,怀尔德渴望夺走生命，一如它滋养生命。
CARD_MAG46_FLAVORTEXTAUTHOR,—— 猎人尼基尔
CARD_MAG46_NAME,腐化迷雾
CARD_MAG46_STATUSFEEDPLAYEDTOTILE,<from_creature>对<tile_name>施用<card>。
CARD_MAG46_STATUSFEEDRECURRINGEFFECT,<to_creature> 吸入<card>。
CARD_MAG46_TARGETTEXT,打给空地块
CARD_PPE001_DESCRIPTION,每个未匹配的符号 -1 生命。英雄被迫撤退。
CARD_PPE001_FLAVORTEXT,“鼠族构想的一千种死法，披着兔族巧手打造的美貌。”
CARD_PPE001_FLAVORTEXTAUTHOR,—— 荣耀·卡斯卡尤斯
CARD_PPE001_NAME,诡计之路
CARD_PPE001_STATUSFEEDPLAYEDTOCREATURE,<from_creature>对<to_creature>施用<card>。
CARD_PPE001_STATUSFEEDPLAYEDTOTILE,<from_creature>对<tile_name>施用<card>。
CARD_PPE001_TARGETTEXT,打给王宫
CARD_PPN001_DESCRIPTION,每个不匹配的符号会 -1 生命。英雄被迫撤退。
CARD_PPN001_FLAVORTEXT,我见到了：那金色鬃毛漫步于母亲的迷宫，腐化与怀尔德缠绕其身。
CARD_PPN001_FLAVORTEXTAUTHOR,—— 贤者麦基兰
CARD_PPN001_NAME,母亲迷宫
CARD_PPN001_STATUSFEEDPLAYEDTOCREATURE,<from_creature>对<to_creature>施用<card>。
CARD_PPN001_STATUSFEEDPLAYEDTOTILE,<from_creature>对<tile_name>施用<card>。
CARD_PPN001_TARGETTEXT,打给王宫
CARD_PPS001_DESCRIPTION,每个不匹配的符号会 -1 生命。英雄被迫撤退。
CARD_PPS001_FLAVORTEXT,“风中载着死亡，它搜寻着你，嗅出了你的野心和叛逆之念。”
CARD_PPS001_FLAVORTEXTAUTHOR,—— 看守者马西
CARD_PPS001_NAME,无形之死
CARD_PPS001_STATUSFEEDPLAYEDTOCREATURE,<from_creature>对<to_creature>施用<card>。
CARD_PPS001_STATUSFEEDPLAYEDTOTILE,<from_creature>对<tile_name>施用<card>。
CARD_PPS001_TARGETTEXT,打给王宫
CARD_PPW001_DESCRIPTION,每个不匹配的符号会 -1 生命。英雄被迫撤退。
CARD_PPW001_FLAVORTEXT,“可怜那些回应愚者喷泉召唤的倒霉蛋吧，理智、尊严、性命——荡然无存。”
CARD_PPW001_FLAVORTEXTAUTHOR,——《皇家花园》
CARD_PPW001_NAME,愚者之泉
CARD_PPW001_STATUSFEEDPLAYEDTOCREATURE,<from_creature>对<to_creature>施用<card>。
CARD_PPW001_STATUSFEEDPLAYEDTOTILE,<from_creature>对<tile_name>施用<card>。
CARD_PPW001_TARGETTEXT,打给王宫
CARD_TRK01_DESCRIPTION,解除所有物品装备。
CARD_TRK01_FLAVORTEXT,“只要放出“潮流新风”四个字，这些傻英雄就能光着身子跑好几天。”
CARD_TRK01_FLAVORTEXTAUTHOR,—— 诡术师波莉
CARD_TRK01_NAME,蒙蔽
CARD_TRK01_STATUSFEEDPLAYEDTOCREATURE,<from_creature>对<to_creature>施用<card>。
CARD_TRK01_STATUSFEEDPLAYEDTOTILE,<from_creature>对<tile_name>施用<card>。
CARD_TRK01_TARGETTEXT,打给地牢、聚落、国王守卫
CARD_TRK02_DESCRIPTION,-2 声望。若目标是声望领先者，则改为窃取声望。
CARD_TRK02_FLAVORTEXT,“哦对，我知道那个英雄。十足的蠢货。没错，据说是个又大又蠢的坏东西。”
CARD_TRK02_FLAVORTEXTAUTHOR,—— 厄尔·咕肠
CARD_TRK02_NAME,诽谤蟾蜍
CARD_TRK02_STATUSFEEDPLAYEDTOCREATURE,<from_creature>对<to_creature>施用<card>。
CARD_TRK02_STATUSFEEDPLAYEDTOTILE,<from_creature>对<tile_name>施用<card>。
CARD_TRK02_TARGETTEXT,打给英雄、聚落
CARD_TRK03_DESCRIPTION,迫使国王卫队离开地块。
CARD_TRK03_FLAVORTEXT,“你说这些看门狗只认国王的命令？那就给他们想要的……大概就那意思。”
CARD_TRK03_FLAVORTEXTAUTHOR,—— 无名囚犯
CARD_TRK03_NAME,假命令
CARD_TRK03_STATUSFEEDPLAYEDTOCREATURE,<from_creature>对<to_creature>施用<card>。
CARD_TRK03_STATUSFEEDPLAYEDTOTILE,<from_creature>对<tile_name>施用<card>。
CARD_TRK03_TARGETTEXT,打给国王守卫
CARD_TRK04_DESCRIPTION,-1 行动点数和 -2 生命值。
CARD_TRK04_FLAVORTEXT,“他们曾经也是好人，但艰难时世把好人逼成了恶徒。”
CARD_TRK04_FLAVORTEXTAUTHOR,—— 智狼星
CARD_TRK04_NAME,雇佣兵
CARD_TRK04_STATUSFEEDPLAYEDTOCREATURE,<from_creature>对<to_creature>施用<card>。
CARD_TRK04_STATUSFEEDPLAYEDTOTILE,<from_creature>对<tile_name>施用<card>。
CARD_TRK04_TARGETTEXT,打给任一地块
CARD_TRK05_DESCRIPTION,窃取 3 枚金币，并将 1 枚交给最穷的英雄。
CARD_TRK05_FLAVORTEXT,“这些在林子里瞎晃的该死的“快活侠盗”根本不是什么英雄——他们偷了我的金币！”
CARD_TRK05_FLAVORTEXTAUTHOR,—— 罗宾·长牙
CARD_TRK05_NAME,快活盗贼
CARD_TRK05_STATUSFEEDPLAYEDTOCREATURE,<from_creature>对<to_creature>施用<card>。
CARD_TRK05_STATUSFEEDPLAYEDTOTILE,<from_creature>对<tile_name>施用<card>。
CARD_TRK05_TARGETTEXT,打给地块
CARD_TRK06_DESCRIPTION,获得<specialstatus_stealth>潜行</specialstatus_stealth>直到下回合结束。
CARD_TRK06_FLAVORTEXT,“我们的眼睛总想骗我们，而据我的经验，骗他们根本不用费什么劲。”
CARD_TRK06_FLAVORTEXTAUTHOR,—— 特工佐尔丹
CARD_TRK06_NAME,伪装
CARD_TRK06_STATUSFEEDPLAYEDTOCREATURE,<from_creature>对<to_creature>施用<card>。
CARD_TRK06_STATUSFEEDPLAYEDTOTILE,<from_creature>对<tile_name>施用<card>。
CARD_TRK06_TARGETTEXT,打给英雄
CARD_TRK07_DESCRIPTION,从所在地块获得<specialstatus_scout>侦察</specialstatus_scout>直到下回合结束。
CARD_TRK07_FLAVORTEXT,不论是积雪还是沼泽、丛林还是蓟草、冰雹还是热浪，游骑兵都能找到你。
CARD_TRK07_FLAVORTEXTAUTHOR,—— 巡林者甘蒙
CARD_TRK07_NAME,游骑兵
CARD_TRK07_STATUSFEEDPLAYEDTOCREATURE,<from_creature>对<to_creature>施用<card>。
CARD_TRK07_STATUSFEEDPLAYEDTOTILE,<from_creature>对<tile_name>施用<card>。
CARD_TRK07_TARGETTEXT,打给地块
CARD_TRK08_DESCRIPTION,目标的<tooltip_HeroExplodePool>爆发池</tooltip_HeroExplodePool>变为 0 直到下回合结束。
CARD_TRK08_FLAVORTEXT,“是啊，真是场悲剧。听说车轮就这样掉下来了！造车匠中午就得被吊死。”
CARD_TRK08_FLAVORTEXTAUTHOR,—— 目击实录
CARD_TRK08_NAME,破坏者
CARD_TRK08_STATUSFEEDPLAYEDTOCREATURE,<from_creature>对<to_creature>施用<card>。
CARD_TRK08_STATUSFEEDPLAYEDTOTILE,<from_creature>对<tile_name>施用<card>。
CARD_TRK08_TARGETTEXT,打给生物、聚落
CARD_TRK09_DESCRIPTION,移除 <specialstatus_bounty>悬赏</specialstatus_bounty>。
CARD_TRK09_FLAVORTEXT,“哈！一个英雄，跪在地上！苦苦哀求！我跟你说，那可是难得一见的景象！”
CARD_TRK09_FLAVORTEXTAUTHOR,—— 大法官洛敦
CARD_TRK09_NAME,缓刑
CARD_TRK09_STATUSFEEDPLAYEDTOCREATURE,<from_creature>对<to_creature>施用<card>。
CARD_TRK09_STATUSFEEDPLAYEDTOTILE,<from_creature>对<tile_name>施用<card>。
CARD_TRK09_TARGETTEXT,打给英雄
CARD_TRK10_CARDDATA_EFFECTS_0_PACTEFFECTCONFIG_INITIATORTOOLTIP,从 <hero> 所在地点侦察。
CARD_TRK10_CARDDATA_EFFECTS_0_PACTEFFECTCONFIG_TARGETTOOLTIP,正被 <hero> 侦察。
CARD_TRK10_DESCRIPTION,<tooltip_Pact>契约：</tooltip_Pact>你对另一缔约方获得<specialstatus_scout>侦察</specialstatus_scout>。
CARD_TRK10_FLAVORTEXT,“只有在自以为无人窥视的前提下，秘密才会暴露。而我们——维护这个虚假的前提。”
CARD_TRK10_FLAVORTEXTAUTHOR,—— 沃伦大师
CARD_TRK10_NAME,间谍网络
CARD_TRK10_STATUSFEEDPLAYEDTOCREATURE,<from_creature>对<to_creature>施用<card>。
CARD_TRK10_STATUSFEEDPLAYEDTOTILE,<from_creature>对<tile_name>施用<card>。
CARD_TRK10_TARGETTEXT,打给英雄
CARD_TRK11_DESCRIPTION,偷取 1 块灵石。
CARD_TRK11_FLAVORTEXT,“没有我们撬不动的石头，没有我们骗不了的傻子！”
CARD_TRK11_FLAVORTEXTAUTHOR,—— 希奥多与盗贼
CARD_TRK11_NAME,惊天劫案
CARD_TRK11_STATUSFEEDPLAYEDTOCREATURE,<from_creature>对<to_creature>施用<card>。
CARD_TRK11_TARGETTEXT,打给英雄
CARD_TRK12_DESCRIPTION,+1 行动点数。
CARD_TRK12_FLAVORTEXT,“都说命运眷顾勇者，但据我的经验，它眷顾的是精心算计的人。”
CARD_TRK12_FLAVORTEXTAUTHOR,—— 沃伦霍尔德将军
CARD_TRK12_NAME,战略家
CARD_TRK12_STATUSFEEDPLAYEDTOCREATURE,<from_creature>对<to_creature>施用<card>。
CARD_TRK12_STATUSFEEDPLAYEDTOTILE,<from_creature>对<tile_name>施用<card>。
CARD_TRK12_TARGETTEXT,打给生物
CARD_TRK13_DESCRIPTION,聚落每个黎明产出 +1 金币和 +1 声望，直到被摧毁。
CARD_TRK13_FLAVORTEXT,“若无勤勉与文明，我们又算什么呢？让我们成为我们所能成为的一切吧。”
CARD_TRK13_FLAVORTEXTAUTHOR,—— 韦伦子爵
CARD_TRK13_NAME,权钱交易
CARD_TRK13_STATUSFEEDPLAYEDTOCREATURE,<from_creature>对<to_creature>施用<card>。
CARD_TRK13_STATUSFEEDPLAYEDTOTILE,<from_creature>对<tile_name>施用<card>。
CARD_TRK13_STATUSFEEDRECURRINGEFFECT,<to_creature>从<card>收获奖励。
CARD_TRK13_TARGETTEXT,打给和平聚落
CARD_TRK14_DESCRIPTION,从所有英雄窃取 2 金币。
CARD_TRK14_FLAVORTEXT,“你在我家小崽子大喜之日登门，就是要我帮你做贼？”
CARD_TRK14_FLAVORTEXTAUTHOR,—— 公牛
CARD_TRK14_NAME,犯罪首领
CARD_TRK14_STATUSFEEDPLAYEDTOCREATURE,<from_creature>对<to_creature>施用<card>。
CARD_TRK14_STATUSFEEDPLAYEDTOTILE,<from_creature>对<tile_name>施用<card>。
CARD_TRK14_TARGETTEXT,打给自己
CARD_TRK15_DESCRIPTION,从所有英雄窃取 1 声望。
CARD_TRK15_FLAVORTEXT,“你必须渴望王座。追逐它，就像追一颗又大又漂亮的弹跳球。”
CARD_TRK15_FLAVORTEXTAUTHOR,—— 号手伍德沃德
CARD_TRK15_NAME,荆棘游戏
CARD_TRK15_STATUSFEEDPLAYEDTOCREATURE,<from_creature>对<to_creature>施用<card>。
CARD_TRK15_STATUSFEEDPLAYEDTOTILE,<from_creature>对<tile_name>施用<card>。
CARD_TRK15_TARGETTEXT,打给自己
CARD_TRK16_DESCRIPTION,摧毁聚落并驱逐国王守卫。
CARD_TRK16_FLAVORTEXT,“脑子这东西有个特点：凑在一起的脑子越多，他们就越软越好捏。”
CARD_TRK16_FLAVORTEXTAUTHOR,克雷尔·易卜生
CARD_TRK16_NAME,煽动叛乱
CARD_TRK16_STATUSFEEDPLAYEDTOCREATURE,<from_creature>对<to_creature>施用<card>。
CARD_TRK16_STATUSFEEDPLAYEDTOTILE,<from_creature>对<tile_name>施用<card>。
CARD_TRK16_TARGETTEXT,打给聚落
CARD_TRK17_DESCRIPTION,-4 魔法并且 -1 行动点数。
CARD_TRK17_FLAVORTEXT,“老妖婆、老巫婆，夜半鬼影窸窣——猎手们啊，救我们脱离这祸害。”
CARD_TRK17_FLAVORTEXTAUTHOR,—— 乡间睡前祷词
CARD_TRK17_NAME,女巫猎人
CARD_TRK17_STATUSFEEDPLAYEDTOCREATURE,<from_creature>对<to_creature>施用<card>。
CARD_TRK17_STATUSFEEDPLAYEDTOTILE,<from_creature>对<tile_name>施用<card>。
CARD_TRK17_TARGETTEXT,打给聚落、石环、地牢
CARD_TRK18_DESCRIPTION,对目标设置或升级<tooltip_BuffIconBounty>悬赏</tooltip_BuffIconBounty>。
CARD_TRK18_FLAVORTEXT,“头顶悬赏，乃是最高的赞誉！”
CARD_TRK18_FLAVORTEXTAUTHOR,—— 薇坎修女
CARD_TRK18_NAME,悬赏
CARD_TRK18_STATUSFEEDPLAYEDTOCREATURE,<from_creature>对<to_creature>施用<card>。
CARD_TRK18_STATUSFEEDPLAYEDTOTILE,<from_creature>打<card>给<tile_name>。
CARD_TRK18_TARGETTEXT,打给英雄
CARD_TRK19_DESCRIPTION,窃取 1 个装备的物品。
CARD_TRK19_FLAVORTEXT,“整天操心这归谁那归谁，猫儿还怎么混出头？”
CARD_TRK19_FLAVORTEXTAUTHOR,—— 节俭的杰克
CARD_TRK19_NAME,飞贼
CARD_TRK19_STATUSFEEDPLAYEDTOCREATURE,<from_creature>对<to_creature>施用<card>。
CARD_TRK19_STATUSFEEDPLAYEDTOTILE,<from_creature>对<tile_name>施用<card>。
CARD_TRK19_TARGETTEXT,打给英雄、聚落、地牢
CARD_TRK20_DESCRIPTION,目标每招募一名随从，-2 生命。
CARD_TRK20_FLAVORTEXT,“其实挺简单一笔交易。你给我金币，我送你一颗脑袋。”
CARD_TRK20_FLAVORTEXTAUTHOR,—— 刽子手
CARD_TRK20_NAME,斩首
CARD_TRK20_STATUSFEEDPLAYEDTOCREATURE,<from_creature>对<to_creature>施用<card>。
CARD_TRK20_STATUSFEEDPLAYEDTOTILE,<from_creature>对<tile_name>施用<card>。
CARD_TRK20_TARGETTEXT,打给英雄、聚落、地牢
CARD_TRK21_DESCRIPTION,陷阱难度-1。
CARD_TRK21_FLAVORTEXT,“有时候，善良的动物必须死去——为了伟大的动物能够崛起。”
CARD_TRK21_FLAVORTEXTAUTHOR,—— 夜之母
CARD_TRK21_NAME,消耗品
CARD_TRK21_STATUSFEEDPLAYEDTOCREATURE,<from_creature>对<to_creature>施用<card>。
CARD_TRK21_STATUSFEEDPLAYEDTOTILE,<from_creature>对<tile_name>施用<card>。
CARD_TRK21_TARGETTEXT,打给陷阱
CARD_TRK22_DESCRIPTION,窃取 1 名招募的追随者。
CARD_TRK22_FLAVORTEXT,“忠诚不是美德，那是一个价码。”
CARD_TRK22_FLAVORTEXTAUTHOR,—— 金牙银行格言
CARD_TRK22_NAME,贿赂
CARD_TRK22_STATUSFEEDPLAYEDTOCREATURE,<from_creature>对<to_creature>施用<card>。
CARD_TRK22_STATUSFEEDPLAYEDTOTILE,<from_creature>对<tile_name>施用<card>。
CARD_TRK22_TARGETTEXT,打给英雄、聚落
CARD_TRK23_DESCRIPTION,-2 生命。若杀死目标，+1 腐化。
CARD_TRK23_FLAVORTEXT,“往往是被唾弃的家伙，最后证明是最有用的。”
CARD_TRK23_FLAVORTEXTAUTHOR,—— 术士乌斯特德
CARD_TRK23_NAME,瘟疫使者
CARD_TRK23_STATUSFEEDPLAYEDTOCREATURE,<from_creature>对<to_creature>施用<card>。
CARD_TRK23_STATUSFEEDPLAYEDTOTILE,<from_creature>对<tile_name>施用<card>。
CARD_TRK23_STATUSFEEDRECURRINGEFFECT,<to_creature>从<card>获得腐化。
CARD_TRK23_TARGETTEXT,打给地牢、沼泽
CARD_TRK24_CARDDATA_EFFECTS_0_PACTEFFECTCONFIG_INITIATORTOOLTIP,你和 <hero> 每回合获得 +1 金币。
CARD_TRK24_DESCRIPTION,<tooltip_Pact>契约：</tooltip_Pact>每回合 +1 金币。
CARD_TRK24_FLAVORTEXT,“愿我们金币堆得那样高，高到我们的友情可以寿终正寝。”
CARD_TRK24_FLAVORTEXTAUTHOR,—— 鼠族祝酒词
CARD_TRK24_NAME,商人合约
CARD_TRK24_STATUSFEEDPLAYEDTOCREATURE,<from_creature>对<to_creature>施用<card>。
CARD_TRK24_STATUSFEEDPLAYEDTOTILE,<from_creature>对<tile_name>施用<card>。
CARD_TRK24_STATUSFEEDRECURRINGEFFECT,<to_creature>从<card>获利。
CARD_TRK24_TARGETTEXT,打给英雄
CARD_TRK25_CARDDATA_EFFECTS_0_PACTEFFECTCONFIG_INITIATORTOOLTIP,你和 <hero> 每回合获得 +1 声望。
CARD_TRK25_DESCRIPTION,<tooltip_Pact>契约：</tooltip_Pact>每回合 +1 声望。
CARD_TRK25_FLAVORTEXT,“通往成功的路上没有盟友，只有尚未亮出底牌的敌人。”
CARD_TRK25_FLAVORTEXTAUTHOR,—— 背叛者伊尔肯
CARD_TRK25_NAME,盟友契约
CARD_TRK25_STATUSFEEDPLAYEDTOCREATURE,<from_creature>对<to_creature>施用<card>。
CARD_TRK25_STATUSFEEDPLAYEDTOTILE,<from_creature>对<tile_name>施用<card>。
CARD_TRK25_STATUSFEEDRECURRINGEFFECT,<to_creature>受益于<card>。
CARD_TRK25_TARGETTEXT,打给英雄
CARD_TRK26_DESCRIPTION,从目标手中窃取 2 张卡牌。
CARD_TRK26_FLAVORTEXT,“有个老家伙自告奋勇，他们当场就把他变没了。彻底消失了！太精彩了！满分！”
CARD_TRK26_FLAVORTEXTAUTHOR,—— 马戏团观众
CARD_TRK26_NAME,流浪马戏团
CARD_TRK26_STATUSFEEDPLAYEDTOCREATURE,<from_creature>对<to_creature>施用<card>。
CARD_TRK26_STATUSFEEDPLAYEDTOTILE,<from_creature>对<tile_name>施用<card>。
CARD_TRK26_TARGETTEXT,打给平原、森林、聚落
CARD_TRK27_DESCRIPTION,-2 金币。若目标无法支付，-1 生命且 -1 行动点数。
CARD_TRK27_FLAVORTEXT,“噢——没金币是吧？那我之前说过的、不伤害你的那个承诺嘛……”
CARD_TRK27_FLAVORTEXTAUTHOR,—— 扒手昆特
CARD_TRK27_NAME,恶棍
CARD_TRK27_STATUSFEEDPLAYEDTOCREATURE,<from_creature>对<to_creature>施用<card>。
CARD_TRK27_STATUSFEEDPLAYEDTOTILE,<from_creature>对<tile_name>施用<card>。
CARD_TRK27_TARGETTEXT,打给地块
CARD_TRK28_DESCRIPTION,每个已夺取聚落 -1 金币（包括部族领地）。
CARD_TRK28_FLAVORTEXT,“一枚硬币给你，一枚硬币给我。一枚硬币给你，两枚硬币给我！”
CARD_TRK28_FLAVORTEXTAUTHOR,—— 哈加尔领主
CARD_TRK28_NAME,邪恶官员
CARD_TRK28_STATUSFEEDPLAYEDTOCREATURE,<from_creature>对<to_creature>施用<card>。
CARD_TRK28_STATUSFEEDPLAYEDTOTILE,<from_creature>对<tile_name>施用<card>。
CARD_TRK28_TARGETTEXT,打给英雄、聚落
CARD_TRK29_DESCRIPTION,未能战胜陷阱的英雄，每个不匹配要求的符号会对英雄造成 -1 生命。
CARD_TRK29_FLAVORTEXT,“霉运嘛，总会有的对吧？嗯，给我扔点金币，它就会……来得更勤。”
CARD_TRK29_FLAVORTEXTAUTHOR,—— 先驱者
CARD_TRK29_NAME,厄运特工
CARD_TRK29_STATUSFEEDPLAYEDTOCREATURE,<from_creature>对<to_creature>施用<card>。
CARD_TRK29_STATUSFEEDPLAYEDTOTILE,<from_creature>对<tile_name>施用<card>。
CARD_TRK29_TARGETTEXT,打给陷阱
CARD_TRK30_DESCRIPTION,-1 行动点数和 -1 生命。
CARD_TRK30_FLAVORTEXT,“他们一时半会儿可逃不出这个陷阱。你在追捕什么？啊等等……算了，别告诉我。”
CARD_TRK30_FLAVORTEXTAUTHOR,—— 泰德百货的泰德
CARD_TRK30_NAME,隐藏的陷阱
CARD_TRK30_STATUSFEEDPLAYEDTOCREATURE,<from_creature>对<to_creature>施用<card>。
CARD_TRK30_STATUSFEEDPLAYEDTOTILE,<from_creature>对<tile_name>施用<card>。
CARD_TRK30_TARGETTEXT,打给地牢、森林、山脉
CARD_TRK31_DESCRIPTION,窃取 2 金币；若目标已被侦察，则窃取 1 件已装备物品。
CARD_TRK31_FLAVORTEXT,“小爪子，探深口袋。”
CARD_TRK31_FLAVORTEXTAUTHOR,—— 露西·歪爪
CARD_TRK31_NAME,扒窃
CARD_TRK31_STATUSFEEDPLAYEDTOCREATURE,<from_creature>对<to_creature>施用<card>。
CARD_TRK31_STATUSFEEDPLAYEDTOTILE,<from_creature>对<tile_name>施用<card>。
CARD_TRK31_TARGETTEXT,打给聚落
CARD_TRK32_DESCRIPTION,流放到最近的无人山脉，且回合立即结束。
CARD_TRK32_FLAVORTEXT,“哦嘿！是你，那个英雄！你想去雪原？行啊！没问题！走！现在就走。”
CARD_TRK32_FLAVORTEXTAUTHOR,—— 你的新伙计们
CARD_TRK32_NAME,迎宾队
CARD_TRK32_STATUSFEEDPLAYEDTOCREATURE,<from_creature>对<to_creature>施用<card>。
CARD_TRK32_TARGETTEXT,打给聚落
CARD_TRK33_DESCRIPTION,夺取目标聚落。
CARD_TRK33_FLAVORTEXT,“我走镇串乡，到处唱着赞歌——歌唱我……呃不对！我是说歌唱你！肯定是歌唱你！”
CARD_TRK33_FLAVORTEXTAUTHOR,—— 吟游诗人贝伦
CARD_TRK33_NAME,使者
CARD_TRK33_STATUSFEEDPLAYEDTOCREATURE,<from_creature>对<to_creature>施用<card>。
CARD_TRK33_STATUSFEEDPLAYEDTOTILE,<from_creature>对<tile_name>施用<card>。
CARD_TRK33_TARGETTEXT,打给空聚落
CARD_TRK34_CARDDATA_EFFECTS_0_PACTEFFECTCONFIG_INITIATORTOOLTIP,如果你攻击<hero>则会变成叛国者。
CARD_TRK34_DESCRIPTION,<tooltip_Pact>契约：</tooltip_Pact>若任一缔约方攻击另一方，其将被标记为<tooltip_BuffIconTraitor>叛国者</tooltip_BuffIconTraitor>且契约解除。
CARD_TRK34_FLAVORTEXT,“在亲族与国王面前，一纸以血封缄的誓言——唯有血才能解除。”
CARD_TRK34_FLAVORTEXTAUTHOR,——《停战协定》摘录
CARD_TRK34_NAME,停战
CARD_TRK34_STATUSFEEDPLAYEDTOCREATURE,<from_creature>对<to_creature>施用<card>。
CARD_TRK34_STATUSFEEDRECURRINGEFFECT,<to_creature>与<from_creature>违反了他们的<card>。
CARD_TRK34_TARGETTEXT,打给英雄
CARD_TRK35_DESCRIPTION,每次战斗后，每造成 1 处创伤便窃取 1 金币，直到下回合结束。
CARD_TRK35_FLAVORTEXT,“有些人为了金币杀人，而我们中的有些人嘛——觉得那是顺手的外快。”
CARD_TRK35_FLAVORTEXTAUTHOR,—— 罗尔·卡利科
CARD_TRK35_NAME,血钱
CARD_TRK35_STATUSFEEDPLAYEDTOCREATURE,<from_creature>对<to_creature>施用<card>。
CARD_TRK35_STATUSFEEDRECURRINGEFFECT,<to_creature> 领取他们的 <card>。
CARD_TRK35_TARGETTEXT,打给英雄
CARD_TRK36_CARDDATA_EFFECTS_0_PACTEFFECTCONFIG_INITIATORTOOLTIP,每回合从 <hero> 处偷取 1 金币。
CARD_TRK36_CARDDATA_EFFECTS_0_PACTEFFECTCONFIG_TARGETTOOLTIP,<hero> 每回合偷取 1 金币。
CARD_TRK36_DESCRIPTION,<tooltip_Pact>契约：</tooltip_Pact>每回合从另一缔约方偷取 1 金币。
CARD_TRK36_FLAVORTEXT,“每人都有那么一两个肮脏的小秘密。关键在于你怎么把这事说出来。”
CARD_TRK36_FLAVORTEXTAUTHOR,—— 希尔根·麦克雷
CARD_TRK36_NAME,勒索
CARD_TRK36_STATUSFEEDPLAYEDTOCREATURE,<from_creature>对<to_creature>施用<card>。
CARD_TRK36_STATUSFEEDRECURRINGEFFECT,<from_creature>向<to_creature>支付<card>。
CARD_TRK36_TARGETTEXT,打给英雄
CARD_TRK37_DESCRIPTION,安放<tooltip_sanctifiedwards>石阵结界</tooltip_sanctifiedwards>保护聚落，直到被摧毁。
CARD_TRK37_FLAVORTEXT,“我不知道这些古老的石头藏着什么奇异的魔法，但有了他们，我们的确更安全了。”
CARD_TRK37_FLAVORTEXTAUTHOR,—— 总管巴克
CARD_TRK37_NAME,石阵结界
CARD_TRK37_STATUSFEEDPLAYEDTOTILE,<from_creature>对<tile_name>施用<card>。
CARD_TRK37_TARGETTEXT,打给和平聚落
CARD_TRK38_DESCRIPTION,下一个黎明/黄昏，一名<tooltip_Merchant>商人</tooltip_Merchant>将带来三件消耗品供选择。
CARD_TRK38_FLAVORTEXT,“什么叫“偷的”？那些印记不代表他们是国王的财产。他们只代表半价。”
CARD_TRK38_FLAVORTEXTAUTHOR,—— 一位“合法”商人
CARD_TRK38_NAME,贝蒂的廉价酿造
CARD_TRK38_STATUSFEEDPLAYEDTOTILE,<from_creature> 已召唤贝蒂的廉价酿造至 <tile_name>.
CARD_TRK38_TARGETTEXT,打给聚落
CARD_TRK39_DESCRIPTION,下一个黎明/黄昏，一名<tooltip_Merchant>商人</tooltip_Merchant>将带来三件物品供选择。
CARD_TRK39_FLAVORTEXT,“嘶嘶，剑？嘶嘶，盾？嘶嘶，长矛？嘶嘶——嘶米恩全都有，嘶。”
CARD_TRK39_FLAVORTEXTAUTHOR,西米恩
CARD_TRK39_NAME,西米恩之臂
CARD_TRK39_STATUSFEEDPLAYEDTOTILE,<from_creature> 已召唤西米恩之臂至 <tile_name>。
CARD_TRK39_TARGETTEXT,打给聚落
CARD_TRK40_DESCRIPTION,目标的<tooltip_HeroExplodePool>爆发池</tooltip_HeroExplodePool>无限制直到下回合结束。
CARD_TRK40_FLAVORTEXT,“不留一丝弱点。循规蹈矩地、恶狠狠地戳穿对方的破绽。”
CARD_TRK40_FLAVORTEXTAUTHOR,——《鼠族战术·第二卷》
CARD_TRK40_NAME,狡猾诡计
CARD_TRK40_STATUSFEEDPLAYEDTOCREATURE,<from_creature> 打出了<card>给<to_creature>。
CARD_TRK40_TARGETTEXT,打给生物
CARD_TRK42_DESCRIPTION,-1 生命。若目标有<specialstatus_Bounty>悬赏</specialstatus_Bounty>，每个悬赏等级额外 -1 生命。
CARD_TRK42_FLAVORTEXT,“放心，那只白鼬能在一千码开外正中沼鼠的眉心。”
CARD_TRK42_FLAVORTEXTAUTHOR,—— 维尔加里斯子爵
CARD_TRK42_NAME,神枪手
CARD_TRK42_STATUSFEEDPLAYEDTOCREATURE,<from_creature>对<to_creature>施用<card>。
CARD_TRK42_STATUSFEEDPLAYEDTOTILE,<from_creature>对<tile_name>施用<card>。
CARD_TRK42_TARGETTEXT,打给英雄，地块
CARD_TRK43_DESCRIPTION,将森林转换成沼泽。地块上的生物 -2 点生命。
CARD_TRK43_FLAVORTEXT,没有什么比点燃怀尔德的心还恶劣的行为，还严重的亵渎。羞耻！
CARD_TRK43_FLAVORTEXTAUTHOR,—— 大祭司托尔
CARD_TRK43_NAME,纵火
CARD_TRK43_STATUSFEEDPLAYEDTOTILE,<from_creature>做出了令人发指的<card>行为。<tile_name>所剩下的就只有阴险的沼泽。
CARD_TRK43_TARGETTEXT,打给森林
CARD_TRK44_DESCRIPTION,下一个黎明/黄昏，一名<tooltip_Merchant>商人</tooltip_Merchant>将带来两名随从供选择。
CARD_TRK44_FLAVORTEXT,“听着，亲爱的。没什么比一个没了雇主的雇佣兵更可悲了。给点钱，我能摆平。”
CARD_TRK44_FLAVORTEXTAUTHOR,——罗克西·玛玛蕾德
CARD_TRK44_NAME,罗克西的招募
CARD_TRK44_STATUSFEEDPLAYEDTOTILE,<from_creature> 已召唤罗克西百货到 <tile_name>。
CARD_TRK44_TARGETTEXT,打给和平聚落
CARD_TRK45_DESCRIPTION,下一个黎明/黄昏，一名<tooltip_Merchant>商人</tooltip_Merchant>将带来两件宝藏供选择。
CARD_TRK45_FLAVORTEXT,“不砍价。不还价！这件宝贝？拉布他，被巨魔爪子穿脖子才搞来的。你跟拉布说想便宜买？”
CARD_TRK45_FLAVORTEXTAUTHOR,——比夫·博根斯
CARD_TRK45_NAME,比夫黑市
CARD_TRK45_STATUSFEEDPLAYEDTOTILE,<from_creature> 已召唤比夫黑市到 <tile_name>。
CARD_TRK45_TARGETTEXT,打给和平聚落
CARD_TRK46_DESCRIPTION,聚落<tooltip_Fortified>设防</tooltip_Fortified>，直到被摧毁或易主。
CARD_TRK46_FLAVORTEXT,“嗨哟！……嗨哟！……嗨哟！”
CARD_TRK46_FLAVORTEXTAUTHOR,——镇民
CARD_TRK46_NAME,木栅围墙
CARD_TRK46_STATUSFEEDPLAYEDTOTILE,<from_creature>对<tile_name>施用<card>。
CARD_TRK46_TARGETTEXT,打给聚落
CARD_TRK99_DESCRIPTION,DO NOT LOCALISE\nSpawn a King's Guard
CARD_TRK99_NAME,DEBUG Royal Rising
CARD_TRK99_TARGETTEXT,DO NOT LOCALISE\nAny Tile
CHATLINE_BANDIT01_0_MESSAGE,阿门罗危在旦夕。只有我做好了准备迎接这漫长的冬季。
CHATLINE_BANDIT01_0_NAME,橡子守护者
CHATLINE_BANDIT01_1_MESSAGE,在这片土地上，没有一件东西是我不能偷的。
CHATLINE_BANDIT01_1_NAME,神偷
CHATLINE_BANDIT02_0_MESSAGE,即使是国王也不能起死回生。
CHATLINE_BANDIT02_0_NAME,哀悼
CHATLINE_BANDIT02_1_MESSAGE,我会复仇的。
CHATLINE_BANDIT02_1_NAME,冷盘复仇
CHATLINE_BANDIT03_0_MESSAGE,这场战争带来了一个血迹斑斑的王座
CHATLINE_BANDIT03_0_NAME,以牙还牙
CHATLINE_BANDIT03_1_MESSAGE,希望我不会后悔。
CHATLINE_BANDIT03_1_NAME,遗憾
CHATLINE_BANDIT04_0_MESSAGE,我已经是国王了，但再多一顶皇冠也没什么。
CHATLINE_BANDIT04_0_NAME,国王之王
CHATLINE_BANDIT04_1_MESSAGE,你想叫我强盗就叫吧，只要你肯跪下。
CHATLINE_BANDIT04_1_NAME,强盗的骄傲
CHATLINE_BEAR01_0_MESSAGE,就连国王也不能驾驭怀尔德。
CHATLINE_BEAR01_0_NAME,怀尔德和自由
CHATLINE_BEAR01_1_MESSAGE,这片土地急需指导。
CHATLINE_BEAR01_1_NAME,守护者
CHATLINE_BEAR02_0_MESSAGE,对于一个伤痕累累的王国来说，又一个疤痕施法者。
CHATLINE_BEAR02_0_NAME,野蛮伤疤
CHATLINE_BEAR02_1_MESSAGE,在这片土地上，强者统治一切。
CHATLINE_BEAR02_1_NAME,原始
CHATLINE_BEAR03_0_MESSAGE,我都不喜欢宫殿……
CHATLINE_BEAR03_0_NAME,简单
CHATLINE_BEAR03_1_MESSAGE,我们为什么又要打架？
CHATLINE_BEAR03_1_NAME,健忘
CHATLINE_BEAR04_0_MESSAGE,尝尝我的酿造，见证我的胜利。
CHATLINE_BEAR04_0_NAME,试饮人
CHATLINE_BEAR04_1_MESSAGE,我从冒泡的深处看到了未来。
CHATLINE_BEAR04_1_NAME,厄运
CHATLINE_DRAGON01_0_MESSAGE,我是被选中的存在。你竟敢违逆蠕虫的意志？
CHATLINE_DRAGON01_0_NAME,选中
CHATLINE_DRAGON01_1_MESSAGE,全新的时代，在阿门罗大陆降临了。鳞的时代。
CHATLINE_DRAGON01_1_NAME,鳞之时代。
CHATLINE_DRAGON02_0_MESSAGE,说到底，你的话才是最重要的。
CHATLINE_DRAGON02_0_NAME,荣耀
CHATLINE_DRAGON02_1_MESSAGE,我曾经立下誓言，要保护阿门罗大陆。
CHATLINE_DRAGON02_1_NAME,誓约
CHATLINE_DRAGON03_0_MESSAGE,你以怀尔德的名义牺牲幼小，居然还有脸称其为平衡？
CHATLINE_DRAGON03_0_NAME,平衡
CHATLINE_DRAGON03_1_MESSAGE,哨兵要做的是完成自己的职责，而不是对其进行阻碍。
CHATLINE_DRAGON03_1_NAME,职责
CHATLINE_DRAGON04_0_MESSAGE,不学习，不训练，何谈投入！除我们之外，没人有这个资格。
CHATLINE_DRAGON04_0_NAME,自我价值
CHATLINE_DRAGON04_1_MESSAGE,我们在这里，我们在那里，我们无处不在！
CHATLINE_DRAGON04_1_NAME,纳扎尔在哪儿？
CHATLINE_RABBIT01_0_MESSAGE,你会觉得像皇冠这样的宝藏会被藏起来。
CHATLINE_RABBIT01_0_NAME,喜鹊
CHATLINE_RABBIT01_1_MESSAGE,宫殿里有上千个这样的地方可以探索……
CHATLINE_RABBIT01_1_NAME,探索者
CHATLINE_RABBIT02_0_MESSAGE,我做了很多小玩意儿，比我过的生日还多。
CHATLINE_RABBIT02_0_NAME,生日快乐
CHATLINE_RABBIT02_1_MESSAGE,让开！未来就在这里。
CHATLINE_RABBIT02_1_NAME,当今世代
CHATLINE_RABBIT03_0_MESSAGE,也许我应该把这一切都拆掉，重新开始。
CHATLINE_RABBIT03_0_NAME,饱受压迫
CHATLINE_RABBIT03_1_MESSAGE,坏了就快修好！
CHATLINE_RABBIT03_1_NAME,快速修复
CHATLINE_RABBIT04_0_MESSAGE,年轻人，岁月孕育智慧。
CHATLINE_RABBIT04_0_NAME,毛头小子
CHATLINE_RABBIT04_1_MESSAGE,我记得那位卑劣的国王登基前的日子。
CHATLINE_RABBIT04_1_NAME,我那时候……
CHATLINE_RAT01_0_MESSAGE,从最低谷到人生巅峰，肯定还会再来一次的！
CHATLINE_RAT01_0_NAME,赌徒
CHATLINE_RAT01_1_MESSAGE,从贫民窟给国王腾出点地方。
CHATLINE_RAT01_1_NAME,生于贫民窟
CHATLINE_RAT02_0_MESSAGE,我们玩捉迷藏吧。
CHATLINE_RAT02_0_NAME,暗舞
CHATLINE_RAT02_1_MESSAGE,我将从暗处统治一切。
CHATLINE_RAT02_1_NAME,夜晚的承诺
CHATLINE_RAT03_0_MESSAGE,本来有一千种方式结束，但它的结束方式只有一种……
CHATLINE_RAT03_0_NAME,预见
CHATLINE_RAT03_1_MESSAGE,我将统治面纱和王国
CHATLINE_RAT03_1_NAME,远方世界
CHATLINE_RAT04_0_MESSAGE,鲜血和我的鞋子不搭吧？
CHATLINE_RAT04_0_NAME,樱草
CHATLINE_RAT04_1_MESSAGE,我要礼貌地活剥了你的皮！
CHATLINE_RAT04_1_NAME,剥皮者
CHATLINE_WOLF01_0_MESSAGE,这个国度是由剑统治的，我懂剑……
CHATLINE_WOLF01_0_NAME,剑魂
CHATLINE_WOLF01_1_MESSAGE,我是被选中的王子！！
CHATLINE_WOLF01_1_NAME,被选中的人
CHATLINE_WOLF02_0_MESSAGE,山峰比宫殿尖顶都高。
CHATLINE_WOLF02_0_NAME,居高临下
CHATLINE_WOLF02_1_MESSAGE,你必须先了解这片土地，然后才能统治它。
CHATLINE_WOLF02_1_NAME,游荡者
CHATLINE_WOLF03_0_MESSAGE,国王生命垂危，女王万岁。
CHATLINE_WOLF03_0_NAME,新鲜血液
CHATLINE_WOLF03_1_MESSAGE,我扳手腕输掉一场，他们却失去了手臂。
CHATLINE_WOLF03_1_NAME,恼火的输家
CHATLINE_WOLF04_0_MESSAGE,救赎和报复！
CHATLINE_WOLF04_0_NAME,重生
CHATLINE_WOLF04_1_MESSAGE,凶暴与胜利！
CHATLINE_WOLF04_1_NAME,狂徒
CHATMESSAGE_BADLUCK_BANDIT01,倒霉透顶。
CHATMESSAGE_BADLUCK_BANDIT02,不走运。
CHATMESSAGE_BADLUCK_BANDIT03,很可惜。
CHATMESSAGE_BADLUCK_BANDIT04,真倒霉，朋友。
CHATMESSAGE_BADLUCK_BEAR01,真的很可惜。
CHATMESSAGE_BADLUCK_BEAR02,怀尔德变幻无常。
CHATMESSAGE_BADLUCK_BEAR03,哈哈！噢，我是说，运气真差。
CHATMESSAGE_BADLUCK_BEAR04,祝你下辈子好运。
CHATMESSAGE_BADLUCK_DRAGON01,你的好运到头了。
CHATMESSAGE_BADLUCK_DRAGON02,风水轮流转。
CHATMESSAGE_BADLUCK_DRAGON03,居然非要走到这一步，真是太遗憾了。
CHATMESSAGE_BADLUCK_DRAGON04,厄运，就是你的惩罚！
CHATMESSAGE_BADLUCK_RABBIT01,时运不济。
CHATMESSAGE_BADLUCK_RABBIT02,噢，不！运气真差。
CHATMESSAGE_BADLUCK_RABBIT03,运气不好。但这不是借口。
CHATMESSAGE_BADLUCK_RABBIT04,真是倒霉。
CHATMESSAGE_BADLUCK_RAT01,也许下次吧。
CHATMESSAGE_BADLUCK_RAT02,命运坎坷。
CHATMESSAGE_BADLUCK_RAT03,厄运。
CHATMESSAGE_BADLUCK_RAT04,你可真倒霉。亲爱的。
CHATMESSAGE_BADLUCK_WOLF01,很可惜。
CHATMESSAGE_BADLUCK_WOLF02,不太好。
CHATMESSAGE_BADLUCK_WOLF03,这就是有点不走运。但是要坚强。
CHATMESSAGE_BADLUCK_WOLF04,丢人。
CHATMESSAGE_EXCLAIMBOAST_BANDIT01,特威斯女王。这称号听着真顺耳。
CHATMESSAGE_EXCLAIMBOAST_BANDIT02,等我当上国王，把你们统统绞死。
CHATMESSAGE_EXCLAIMBOAST_BANDIT03,我会是一位公正、高贵的国王。
CHATMESSAGE_EXCLAIMBOAST_BANDIT04,向真正的阿门罗国王下跪。
CHATMESSAGE_EXCLAIMBOAST_BEAR01,我的统治会给怀尔德带来平衡。
CHATMESSAGE_EXCLAIMBOAST_BEAR02,我将以怀尔德为指引统治天下。
CHATMESSAGE_EXCLAIMBOAST_BEAR03,当上国王，我就非得住在宫殿里不可吗？
CHATMESSAGE_EXCLAIMBOAST_BEAR04,统治者必须做出牺牲。我会的。
CHATMESSAGE_EXCLAIMBOAST_DRAGON01,我敌人的尸体，将成为我族人的牧草。
CHATMESSAGE_EXCLAIMBOAST_DRAGON02,我将亲眼见证这位国王的陨落，这与之前的无数国王没什么不同。
CHATMESSAGE_EXCLAIMBOAST_DRAGON03,不洁之人，都会畏惧于我。
CHATMESSAGE_EXCLAIMBOAST_DRAGON04,我全心投入，也有这个资格，我便是被选中的！
CHATMESSAGE_EXCLAIMBOAST_RABBIT01,统治？比我做过的事都简单。
CHATMESSAGE_EXCLAIMBOAST_RABBIT02,如果我当上国王，我会修建一座非常非常大的宫殿！
CHATMESSAGE_EXCLAIMBOAST_RABBIT03,我会重建阿门罗。
CHATMESSAGE_EXCLAIMBOAST_RABBIT04,我会把你们全告上军事法庭的！
CHATMESSAGE_EXCLAIMBOAST_RAT01,想象那个宫殿，挂满了鼠族的红色帐幔。
CHATMESSAGE_EXCLAIMBOAST_RAT02,利刃……毒药……时间……总有一种送你上路。
CHATMESSAGE_EXCLAIMBOAST_RAT03,在宫殿里，我会主宰命运。
CHATMESSAGE_EXCLAIMBOAST_RAT04,我若是戴上皇冠岂不是很合适？
CHATMESSAGE_EXCLAIMBOAST_WOLF01,我是王子。我理应成为国王！
CHATMESSAGE_EXCLAIMBOAST_WOLF02,我，女王？我不会比塞恩差的。
CHATMESSAGE_EXCLAIMBOAST_WOLF03,阿门罗是时候迎来一位女王了。
CHATMESSAGE_EXCLAIMBOAST_WOLF04,我明白成为统治者的代价。
CHATMESSAGE_EXCLAIMCURSE_BANDIT01,嗯，那太可怕了。
CHATMESSAGE_EXCLAIMCURSE_BANDIT02,懦夫！所有人都是。
CHATMESSAGE_EXCLAIMCURSE_BANDIT03,该死！
CHATMESSAGE_EXCLAIMCURSE_BANDIT04,可恶！混账！
CHATMESSAGE_EXCLAIMCURSE_BEAR01,这不可能！
CHATMESSAGE_EXCLAIMCURSE_BEAR02,呃啊！让腐化吞噬一切吧！
CHATMESSAGE_EXCLAIMCURSE_BEAR03,哦，不。哦-不-哦-不。
CHATMESSAGE_EXCLAIMCURSE_BEAR04,血！盲目！诅咒它，诅咒它！
CHATMESSAGE_EXCLAIMCURSE_DRAGON01,蠕虫之牙！
CHATMESSAGE_EXCLAIMCURSE_DRAGON02,让蠕虫吞噬它吧。
CHATMESSAGE_EXCLAIMCURSE_DRAGON03,懦夫！
CHATMESSAGE_EXCLAIMCURSE_DRAGON04,蠕虫之怒！
CHATMESSAGE_EXCLAIMCURSE_RABBIT01,啊啊！不！
CHATMESSAGE_EXCLAIMCURSE_RABBIT02,哦，拜托！
CHATMESSAGE_EXCLAIMCURSE_RABBIT03,那是谁的错？！
CHATMESSAGE_EXCLAIMCURSE_RABBIT04,该死的痘痘！
CHATMESSAGE_EXCLAIMCURSE_RAT01,啊啊！让蠕虫吞噬你吧！
CHATMESSAGE_EXCLAIMCURSE_RAT02,该死！
CHATMESSAGE_EXCLAIMCURSE_RAT03,让命运吞噬你们所有人吧！
CHATMESSAGE_EXCLAIMCURSE_RAT04,可悲的猪崽！
CHATMESSAGE_EXCLAIMCURSE_WOLF01,不！诅咒它。
CHATMESSAGE_EXCLAIMCURSE_WOLF02,哦，怀尔德，不！
CHATMESSAGE_EXCLAIMCURSE_WOLF03,不！我不敢相信！
CHATMESSAGE_EXCLAIMCURSE_WOLF04,啊啊啊啊啊！
CHATMESSAGE_EXCLAIMOUCH_BANDIT01,唷！痛死了！
CHATMESSAGE_EXCLAIMOUCH_BANDIT02,啊！哈。这还不算什么。
CHATMESSAGE_EXCLAIMOUCH_BANDIT03,啊啊。啊唷！
CHATMESSAGE_EXCLAIMOUCH_BANDIT04,咿呀！好疼！
CHATMESSAGE_EXCLAIMOUCH_BEAR01,唷！怀尔德在上。
CHATMESSAGE_EXCLAIMOUCH_BEAR02,啊啊啊！啊唷！
CHATMESSAGE_EXCLAIMOUCH_BEAR03,哎呦！哎呦！哎呦！
CHATMESSAGE_EXCLAIMOUCH_BEAR04,皮肉。它在燃烧！
CHATMESSAGE_EXCLAIMOUCH_DRAGON01,啊啊啊啊啊！
CHATMESSAGE_EXCLAIMOUCH_DRAGON02,唔……血。拯救。
CHATMESSAGE_EXCLAIMOUCH_DRAGON03,哼呃！
CHATMESSAGE_EXCLAIMOUCH_DRAGON04,嘎啊啊！……哈哈
CHATMESSAGE_EXCLAIMOUCH_RABBIT01,啊唷！啊唷！怀尔德在上，真痛！
CHATMESSAGE_EXCLAIMOUCH_RABBIT02,啊唷！啊唷！真的很痛。哎呦……抽鼻涕。
CHATMESSAGE_EXCLAIMOUCH_RABBIT03,啊唷！那里。哎呦。
CHATMESSAGE_EXCLAIMOUCH_RABBIT04,噶啊！我被击中了！
CHATMESSAGE_EXCLAIMOUCH_RAT01,呃！哎呦！
CHATMESSAGE_EXCLAIMOUCH_RAT02,啊！很痛。
CHATMESSAGE_EXCLAIMOUCH_RAT03,嘎啊啊！
CHATMESSAGE_EXCLAIMOUCH_RAT04,好痛！啊啊啊啊啊！
CHATMESSAGE_EXCLAIMOUCH_WOLF01,啊唷！该死！
CHATMESSAGE_EXCLAIMOUCH_WOLF02,格拉！啊唷！
CHATMESSAGE_EXCLAIMOUCH_WOLF03,嗯。不疼。
CHATMESSAGE_EXCLAIMOUCH_WOLF04,噢啊啊啊啊！
CHATMESSAGE_EXCLAIMWOW_BANDIT01,哦天哪……
CHATMESSAGE_EXCLAIMWOW_BANDIT02,荒谬！
CHATMESSAGE_EXCLAIMWOW_BANDIT03,那太惊人了。
CHATMESSAGE_EXCLAIMWOW_BANDIT04,什么？！那真的难以置信！
CHATMESSAGE_EXCLAIMWOW_BEAR01,以怀尔德之名！
CHATMESSAGE_EXCLAIMWOW_BEAR02,苍天在上！
CHATMESSAGE_EXCLAIMWOW_BEAR03,哇哦哦哦哦哦哦……
CHATMESSAGE_EXCLAIMWOW_BEAR04,多么美妙。
CHATMESSAGE_EXCLAIMWOW_DRAGON01,我不相信……
CHATMESSAGE_EXCLAIMWOW_DRAGON02,我还以为自己什么都见过了。
CHATMESSAGE_EXCLAIMWOW_DRAGON03,什么……怎么可能？
CHATMESSAGE_EXCLAIMWOW_DRAGON04,什么？！怎么可能？！太令人震惊了！
CHATMESSAGE_EXCLAIMWOW_RABBIT01,我从来没见过这种东西！
CHATMESSAGE_EXCLAIMWOW_RABBIT02,哇！哇哦！太疯狂了！
CHATMESSAGE_EXCLAIMWOW_RABBIT03,无言以对。
CHATMESSAGE_EXCLAIMWOW_RABBIT04,难以置信！
CHATMESSAGE_EXCLAIMWOW_RAT01,那……我很惊讶。
CHATMESSAGE_EXCLAIMWOW_RAT02,我都感到很惊讶。
CHATMESSAGE_EXCLAIMWOW_RAT03,即使早知会发生，依然壮丽无比。
CHATMESSAGE_EXCLAIMWOW_RAT04,怀尔德在上，这是怎么回事？
CHATMESSAGE_EXCLAIMWOW_WOLF01,令人印象深刻。
CHATMESSAGE_EXCLAIMWOW_WOLF02,月亮之光！
CHATMESSAGE_EXCLAIMWOW_WOLF03,哈！你看到了吗？
CHATMESSAGE_EXCLAIMWOW_WOLF04,什么？哇哦！
CHATMESSAGE_FAREWELL_BANDIT01,再会！
CHATMESSAGE_FAREWELL_BANDIT02,再见。我们不会再见的。
CHATMESSAGE_FAREWELL_BANDIT03,告辞！退下吧。
CHATMESSAGE_FAREWELL_BANDIT04,再见。为了阿门罗！
CHATMESSAGE_FAREWELL_BEAR01,再见。愿怀尔德与你同行。
CHATMESSAGE_FAREWELL_BEAR02,旅途愉快。
CHATMESSAGE_FAREWELL_BEAR03,拜拜！
CHATMESSAGE_FAREWELL_BEAR04,再见了，小东西。
CHATMESSAGE_FAREWELL_DRAGON01,继续走吧。
CHATMESSAGE_FAREWELL_DRAGON02,旅途愉快。
CHATMESSAGE_FAREWELL_DRAGON03,再见。多保重。
CHATMESSAGE_FAREWELL_DRAGON04,见过我这件事，你就忘了吧。
CHATMESSAGE_FAREWELL_RABBIT01,就像他们说的，珍重。
CHATMESSAGE_FAREWELL_RABBIT02,拜！拜拜！
CHATMESSAGE_FAREWELL_RABBIT03,再见。
CHATMESSAGE_FAREWELL_RABBIT04,再会。
CHATMESSAGE_FAREWELL_RAT01,我希望我们会再见。
CHATMESSAGE_FAREWELL_RAT02,再见。愿你长眠不醒。
CHATMESSAGE_FAREWELL_RAT03,我们会再见的。在死后的未知世界。
CHATMESSAGE_FAREWELL_RAT04,保重。
CHATMESSAGE_FAREWELL_WOLF01,再见！坚强一点。
CHATMESSAGE_FAREWELL_WOLF02,月亮会指引你回家。
CHATMESSAGE_FAREWELL_WOLF03,直到我们再次见面！
CHATMESSAGE_FAREWELL_WOLF04,再见。
CHATMESSAGE_GOFOR_BANDIT01,瞄准 <hero>。
CHATMESSAGE_GOFOR_BANDIT02,我们必须对付 <hero>。
CHATMESSAGE_GOFOR_BANDIT03,我们必须攻击 <hero>。
CHATMESSAGE_GOFOR_BANDIT04,立刻！攻击 <hero>。
CHATMESSAGE_GOFOR_BEAR01,集中在 <hero> 上。
CHATMESSAGE_GOFOR_BEAR02,对抗 <hero>。
CHATMESSAGE_GOFOR_BEAR03,站住，<hero>！
CHATMESSAGE_GOFOR_BEAR04,消灭<hero>。
CHATMESSAGE_GOFOR_DRAGON01,为我杀掉<hero>。慢慢来。
CHATMESSAGE_GOFOR_DRAGON02,拿下 <hero>。
CHATMESSAGE_GOFOR_DRAGON03,必须将<hero>净化！
CHATMESSAGE_GOFOR_DRAGON04,立即消灭<hero>！
CHATMESSAGE_GOFOR_RABBIT01,我们必须阻止 <hero>！
CHATMESSAGE_GOFOR_RABBIT02,我们教训一下 <hero>！
CHATMESSAGE_GOFOR_RABBIT03,我们必须停止<hero>。
CHATMESSAGE_GOFOR_RABBIT04,所有人！对抗<hero>。
CHATMESSAGE_GOFOR_RAT01,攻击 <hero>。立刻！
CHATMESSAGE_GOFOR_RAT02,<hero> 是你的目标。
CHATMESSAGE_GOFOR_RAT03,<hero>？决定他们的命运。
CHATMESSAGE_GOFOR_RAT04,提着<hero>的人头来见我！
CHATMESSAGE_GOFOR_REFLEXIVE_BANDIT01,你永远也抓不到我。试试。
CHATMESSAGE_GOFOR_REFLEXIVE_BANDIT02,不要藏了！打我啊，懦夫！
CHATMESSAGE_GOFOR_REFLEXIVE_BANDIT03,挑战者？我来会会你们！黎明时分刀剑相见。
CHATMESSAGE_GOFOR_REFLEXIVE_BANDIT04,你无法反对革命。试试吧！
CHATMESSAGE_GOFOR_REFLEXIVE_BEAR01,我不会躲藏。来面对怀尔德的意志吧。
CHATMESSAGE_GOFOR_REFLEXIVE_BEAR02,来吧，在怀尔德的怒火中撞得粉碎。
CHATMESSAGE_GOFOR_REFLEXIVE_BEAR03,来森林里找我！
CHATMESSAGE_GOFOR_REFLEXIVE_BEAR04,过来。尝尝我的魔法。
CHATMESSAGE_GOFOR_REFLEXIVE_DRAGON01,你不可能打败我的。我永生不朽！
CHATMESSAGE_GOFOR_REFLEXIVE_DRAGON02,我会撑得比你们更久。
CHATMESSAGE_GOFOR_REFLEXIVE_DRAGON03,来吧！接受火焰的净化！
CHATMESSAGE_GOFOR_REFLEXIVE_DRAGON04,来打我。来打我啊！我就在这里。
CHATMESSAGE_GOFOR_REFLEXIVE_RABBIT01,来吧，傻瓜。我让你们看看，我能做出什么来。
CHATMESSAGE_GOFOR_REFLEXIVE_RABBIT02,喂，来打我试试。我有一个铁锤!
CHATMESSAGE_GOFOR_REFLEXIVE_RABBIT03,心存不满的，来开战吧。把一切都了结了。
CHATMESSAGE_GOFOR_REFLEXIVE_RABBIT04,拜托了，让我来结束你的弱小短暂的生命。
CHATMESSAGE_GOFOR_REFLEXIVE_RAT01,挑战者？试试我。我会很喜欢的。
CHATMESSAGE_GOFOR_REFLEXIVE_RAT02,来试试阻止我啊，这样杀戮才更痛快。
CHATMESSAGE_GOFOR_REFLEXIVE_RAT03,我是灰色潮汐。有胆就阻止我崛起。
CHATMESSAGE_GOFOR_REFLEXIVE_RAT04,过来。试试我。你们这些小东西。
CHATMESSAGE_GOFOR_REFLEXIVE_WOLF01,我是冬狼！来吧！没有人能打败我！
CHATMESSAGE_GOFOR_REFLEXIVE_WOLF02,挑战我。不要期望战斗会公平。
CHATMESSAGE_GOFOR_REFLEXIVE_WOLF03,如果你反对我，那就现在来与我对决！
CHATMESSAGE_GOFOR_REFLEXIVE_WOLF04,要么杀了我，要么让开。
CHATMESSAGE_GOFOR_WOLF01,我们必须瞄准 <hero>。
CHATMESSAGE_GOFOR_WOLF02,瞄准 <hero>。
CHATMESSAGE_GOFOR_WOLF03,我们得粉碎 <hero>。一起！
CHATMESSAGE_GOFOR_WOLF04,把<hero>拿下。
CHATMESSAGE_GREETINGS_BANDIT01,嘿。
CHATMESSAGE_GREETINGS_BANDIT02,致敬。
CHATMESSAGE_GREETINGS_BANDIT03,敬礼！
CHATMESSAGE_GREETINGS_BANDIT04,你好。
CHATMESSAGE_GREETINGS_BEAR01,怀尔德祝福你。
CHATMESSAGE_GREETINGS_BEAR02,致敬，英雄。
CHATMESSAGE_GREETINGS_BEAR03,噢。嗨。
CHATMESSAGE_GREETINGS_BEAR04,你。你！你好！
CHATMESSAGE_GREETINGS_DRAGON01,吹响号角。我来了。
CHATMESSAGE_GREETINGS_DRAGON02,欢迎。
CHATMESSAGE_GREETINGS_DRAGON03,向你和你的家族问好。
CHATMESSAGE_GREETINGS_DRAGON04,我们向你致以问候。
CHATMESSAGE_GREETINGS_RABBIT01,祝你今天顺利。
CHATMESSAGE_GREETINGS_RABBIT02,你好！你好！嗨！
CHATMESSAGE_GREETINGS_RABBIT03,致敬。
CHATMESSAGE_GREETINGS_RABBIT04,向你致意。今天天公作美啊。
CHATMESSAGE_GREETINGS_RAT01,你在这儿。我们可以开始了。
CHATMESSAGE_GREETINGS_RAT02,影子祝福你。
CHATMESSAGE_GREETINGS_RAT03,你好...朋友们。
CHATMESSAGE_GREETINGS_RAT04,嘿，你好啊。漂亮！
CHATMESSAGE_GREETINGS_WOLF01,你好。
CHATMESSAGE_GREETINGS_WOLF02,致敬。
CHATMESSAGE_GREETINGS_WOLF03,幸会幸会！
CHATMESSAGE_GREETINGS_WOLF04,致敬。现在让我们来解决这个。
CHATMESSAGE_LAUGH_BANDIT01,嘻嘻！
CHATMESSAGE_LAUGH_BANDIT02,……哈哈……
CHATMESSAGE_LAUGH_BANDIT03,哈哈！
CHATMESSAGE_LAUGH_BANDIT04,哈哈哈！
CHATMESSAGE_LAUGH_BEAR01,哈哈！
CHATMESSAGE_LAUGH_BEAR02,哈哈哈哈！
CHATMESSAGE_LAUGH_BEAR03,嘻嘻嘻
CHATMESSAGE_LAUGH_BEAR04,嘿嘿嘿嘿。
CHATMESSAGE_LAUGH_DRAGON01,哈嘿嘿。
CHATMESSAGE_LAUGH_DRAGON02,呵……呵……
CHATMESSAGE_LAUGH_DRAGON03,哈哈哈！
CHATMESSAGE_LAUGH_DRAGON04,啊哈哈哈！！！
CHATMESSAGE_LAUGH_RABBIT01,哈哈！噢。
CHATMESSAGE_LAUGH_RABBIT02,哈哈哈哈哈哈哈！啊哈哈！
CHATMESSAGE_LAUGH_RABBIT03,哈哈哈！哦。咳咳。哼。
CHATMESSAGE_LAUGH_RABBIT04,吼吼吼吼。
CHATMESSAGE_LAUGH_RAT01,嘻嘻嘻！
CHATMESSAGE_LAUGH_RAT02,嘿……
CHATMESSAGE_LAUGH_RAT03,嘿嘿……
CHATMESSAGE_LAUGH_RAT04,呵呵呵呵。我的天！
CHATMESSAGE_LAUGH_WOLF01,哈哈哈！
CHATMESSAGE_LAUGH_WOLF02,哈。
CHATMESSAGE_LAUGH_WOLF03,哈哈！哈！
CHATMESSAGE_LAUGH_WOLF04,哈。
CHATMESSAGE_MERCY_BANDIT01,我没有威胁。离我远点就好。
CHATMESSAGE_MERCY_BANDIT02,如果你打倒我，我会拉你同归于尽。
CHATMESSAGE_MERCY_BANDIT03,我们改天再一决胜负。
CHATMESSAGE_MERCY_BANDIT04,你不是我的敌人！但是别挡我们的路。
CHATMESSAGE_MERCY_BEAR01,伤害我，就是伤害怀尔德。
CHATMESSAGE_MERCY_BEAR02,后退。没必要这样。
CHATMESSAGE_MERCY_BEAR03,请离我远点。
CHATMESSAGE_MERCY_BEAR04,别轻举妄动。不！不！
CHATMESSAGE_MERCY_DRAGON01,别轻举妄动。等等。等等！
CHATMESSAGE_MERCY_DRAGON02,不要杀我。
CHATMESSAGE_MERCY_DRAGON03,继续走！我不是你要找的人。
CHATMESSAGE_MERCY_DRAGON04,饶了我们吧。求你！！有点怜悯之心！
CHATMESSAGE_MERCY_RABBIT01,别管我！
CHATMESSAGE_MERCY_RABBIT02,别过来！这里没有人！
CHATMESSAGE_MERCY_RABBIT03,别挡我的路。
CHATMESSAGE_MERCY_RABBIT04,饶了我吧！求你！
CHATMESSAGE_MERCY_RAT01,我不是这里的真正威胁。
CHATMESSAGE_MERCY_RAT02,我不是你的目标。后退！
CHATMESSAGE_MERCY_RAT03,你是不会伤害一只老耗子的，对吧？
CHATMESSAGE_MERCY_RAT04,饶了我吧！饶了我吧！
CHATMESSAGE_MERCY_WOLF01,后退。
CHATMESSAGE_MERCY_WOLF02,后退，不然我一箭射穿你的膝盖！
CHATMESSAGE_MERCY_WOLF03,我不想参与这件事的。
CHATMESSAGE_MERCY_WOLF04,别带走我。至少现在别。
CHATMESSAGE_OOPS_BANDIT01,噢噢。
CHATMESSAGE_OOPS_BANDIT02,全都该死！
CHATMESSAGE_OOPS_BANDIT03,我承担所有责任。
CHATMESSAGE_OOPS_BANDIT04,好。那是意外。
CHATMESSAGE_OOPS_BEAR01,那可能会发生在任何人的身上。
CHATMESSAGE_OOPS_BEAR02,怎么会这样？该死的。
CHATMESSAGE_OOPS_BEAR03,哎呀！
CHATMESSAGE_OOPS_BEAR04,哎呀。
CHATMESSAGE_OOPS_DRAGON01,不！
CHATMESSAGE_OOPS_DRAGON02,噢……
CHATMESSAGE_OOPS_DRAGON03,唔……这样不对。
CHATMESSAGE_OOPS_DRAGON04,不不不，这样完全不对。不！不！！！
CHATMESSAGE_OOPS_RABBIT01,我……不是故意的。
CHATMESSAGE_OOPS_RABBIT02,我没有做过！
CHATMESSAGE_OOPS_RABBIT03,做事总免不了有闪失。
CHATMESSAGE_OOPS_RABBIT04,小小的计算错误。
CHATMESSAGE_OOPS_RAT01,意外难免。
CHATMESSAGE_OOPS_RAT02,忙乱会出错。
CHATMESSAGE_OOPS_RAT03,命运无常，这不过是个小挫折。
CHATMESSAGE_OOPS_RAT04,不！不！不！！！
CHATMESSAGE_OOPS_WOLF01,噢。那是……噢。
CHATMESSAGE_OOPS_WOLF02,我不是故意的。
CHATMESSAGE_OOPS_WOLF03,我不会犯错的！
CHATMESSAGE_OOPS_WOLF04,不。不！别这样。
CHATMESSAGE_SHORT_BADLUCK,倒霉
CHATMESSAGE_SHORT_EXCLAIM,惊呼……
CHATMESSAGE_SHORT_EXCLAIMBOAST,自夸
CHATMESSAGE_SHORT_EXCLAIMCURSE,诅咒
CHATMESSAGE_SHORT_EXCLAIMOUCH,哎哟！
CHATMESSAGE_SHORT_EXCLAIMWOW,哇哦！
CHATMESSAGE_SHORT_FAREWELL,再见
CHATMESSAGE_SHORT_GOFOR,上啊……
CHATMESSAGE_SHORT_GREETINGS,问候
CHATMESSAGE_SHORT_LAUGH,笑
CHATMESSAGE_SHORT_MERCY,求饶
CHATMESSAGE_SHORT_OOPS,哎呀！
CHATMESSAGE_SHORT_SORRY,对不起
CHATMESSAGE_SHORT_THANKS,谢谢
CHATMESSAGE_SHORT_THINKING,思考
CHATMESSAGE_SHORT_THREATEN,威胁……
CHATMESSAGE_SHORT_TRUCE,休战……
CHATMESSAGE_SHORT_WELLPLAYED,做得好
CHATMESSAGE_SORRY_BANDIT01,对不起。真的。是真的。
CHATMESSAGE_SORRY_BANDIT02,噢。对不起。
CHATMESSAGE_SORRY_BANDIT03,对不起。
CHATMESSAGE_SORRY_BANDIT04,对不起。
CHATMESSAGE_SORRY_BEAR01,对不起，孩子。
CHATMESSAGE_SORRY_BEAR02,必须这样做。
CHATMESSAGE_SORRY_BEAR03,对不起。希望下次能好点。
CHATMESSAGE_SORRY_BEAR04,真希望我能挽回这一切。
CHATMESSAGE_SORRY_DRAGON01,抱歉，这是唯一的办法。
CHATMESSAGE_SORRY_DRAGON02,真是抱歉。
CHATMESSAGE_SORRY_DRAGON03,请节哀。
CHATMESSAGE_SORRY_DRAGON04,我们表示歉意。对不起！！
CHATMESSAGE_SORRY_RABBIT01,对不起。
CHATMESSAGE_SORRY_RABBIT02,对不起。我猜。
CHATMESSAGE_SORRY_RABBIT03,我深表遗憾。
CHATMESSAGE_SORRY_RABBIT04,致以我最深的哀悼。
CHATMESSAGE_SORRY_RAT01,对不起。
CHATMESSAGE_SORRY_RAT02,威依斯特·丹。对不起。
CHATMESSAGE_SORRY_RAT03,那是注定的。你无法逃脱的。
CHATMESSAGE_SORRY_RAT04,真的很抱歉，亲爱的。
CHATMESSAGE_SORRY_WOLF01,对不起，朋友。
CHATMESSAGE_SORRY_WOLF02,对不起。真的。
CHATMESSAGE_SORRY_WOLF03,对不起。不管怎样。
CHATMESSAGE_SORRY_WOLF04,原谅我吧。
CHATMESSAGE_THANKS_BANDIT01,哎呀，谢谢啦。
CHATMESSAGE_THANKS_BANDIT02,别指望我会感谢你。
CHATMESSAGE_THANKS_BANDIT03,谢谢你，朋友。
CHATMESSAGE_THANKS_BANDIT04,哎呀，谢谢啦。
CHATMESSAGE_THANKS_BEAR01,我向你表达谢意。
CHATMESSAGE_THANKS_BEAR02,谢谢。
CHATMESSAGE_THANKS_BEAR03,我是对的！你人很好！
CHATMESSAGE_THANKS_BEAR04,你很可爱。太可爱了。
CHATMESSAGE_THANKS_DRAGON01,先行者向你致谢。
CHATMESSAGE_THANKS_DRAGON02,谢谢。
CHATMESSAGE_THANKS_DRAGON03,感谢你的支持。
CHATMESSAGE_THANKS_DRAGON04,愿你能获得护佑。
CHATMESSAGE_THANKS_RABBIT01,谢谢！
CHATMESSAGE_THANKS_RABBIT02,谢谢！你是最棒的！
CHATMESSAGE_THANKS_RABBIT03,我要谢谢你。不要指望还有下一次。
CHATMESSAGE_THANKS_RABBIT04,你很有运动家的风范。
CHATMESSAGE_THANKS_RAT01,我会记住今天的事情。
CHATMESSAGE_THANKS_RAT02,我欠你一个人情。
CHATMESSAGE_THANKS_RAT03,你太贴心了。
CHATMESSAGE_THANKS_RAT04,噢。你就是人太好了。
CHATMESSAGE_THANKS_WOLF01,谢谢。
CHATMESSAGE_THANKS_WOLF02,谢谢。
CHATMESSAGE_THANKS_WOLF03,你太好了！真好！
CHATMESSAGE_THANKS_WOLF04,非常感谢。
CHATMESSAGE_THINKING_BANDIT01,让我仔细想想这一切。
CHATMESSAGE_THINKING_BANDIT02,等等
CHATMESSAGE_THINKING_BANDIT03,我正在思考一个策略。
CHATMESSAGE_THINKING_BANDIT04,我准备好了就走。
CHATMESSAGE_THINKING_BEAR01,让我考虑一下。
CHATMESSAGE_THINKING_BEAR02,让我想想！
CHATMESSAGE_THINKING_BEAR03,嗯，嗯……
CHATMESSAGE_THINKING_BEAR04,我正在制定计划。
CHATMESSAGE_THINKING_DRAGON01,我准备好就出发。
CHATMESSAGE_THINKING_DRAGON02,步步为营。
CHATMESSAGE_THINKING_DRAGON03,我的下一步，由我自己计划。
CHATMESSAGE_THINKING_DRAGON04,唔……好！……等等……不……唔……
CHATMESSAGE_THINKING_RABBIT01,请稍等！
CHATMESSAGE_THINKING_RABBIT02,我在做计划！
CHATMESSAGE_THINKING_RABBIT03,做计划是需要时间的。
CHATMESSAGE_THINKING_RABBIT04,我在制定策略！
CHATMESSAGE_THINKING_RAT01,如果时间就是金钱，我还有一些多余的。
CHATMESSAGE_THINKING_RAT02,我在计划下一个目标。
CHATMESSAGE_THINKING_RAT03,我在计划下一步行动。
CHATMESSAGE_THINKING_RAT04,马上就好，亲爱的。
CHATMESSAGE_THINKING_WOLF01,再等一会儿就好。
CHATMESSAGE_THINKING_WOLF02,给我时间准备一下。
CHATMESSAGE_THINKING_WOLF03,稍等片刻。
CHATMESSAGE_THINKING_WOLF04,等会儿！我正在思考。
CHATMESSAGE_THREATEN_BANDIT01,你不会看到我的，<hero>。
CHATMESSAGE_THREATEN_BANDIT02,我会宰了你，<hero>。
CHATMESSAGE_THREATEN_BANDIT03,注意，<hero>。别惹怒骑士。
CHATMESSAGE_THREATEN_BANDIT04,你死定了，<hero>。
CHATMESSAGE_THREATEN_BEAR01,别去招惹怀尔德的怒火，<hero>。
CHATMESSAGE_THREATEN_BEAR02,我要打败你，<hero>！
CHATMESSAGE_THREATEN_BEAR03,<hero>！我真的很生你的气。对不起。
CHATMESSAGE_THREATEN_BEAR04,你进我的大煮锅里正合适，<hero>。
CHATMESSAGE_THREATEN_DRAGON01,丧钟为你而鸣，<hero>。
CHATMESSAGE_THREATEN_DRAGON02,<hero>……你非死不可。
CHATMESSAGE_THREATEN_DRAGON03,你已被视为威胁，<hero>。
CHATMESSAGE_THREATEN_DRAGON04,我们会干掉<hero>的。割裂。进攻！
CHATMESSAGE_THREATEN_RABBIT01,准备好后事吧，<hero>。
CHATMESSAGE_THREATEN_RABBIT02,我会抓到你的，<hero>！可能吧。
CHATMESSAGE_THREATEN_RABBIT03,<hero>……你会在临死之前诅咒我。
CHATMESSAGE_THREATEN_RABBIT04,<hero>，我这有颗刻着你名字的子弹。
CHATMESSAGE_THREATEN_RAT01,我们很快就会再见，<hero>。那就没有下一次了。
CHATMESSAGE_THREATEN_RAT02,时刻警惕着，<hero>。
CHATMESSAGE_THREATEN_RAT03,这不会给你带来好结果的，<hero>。
CHATMESSAGE_THREATEN_RAT04,<hero>！我要让你把自己的鼻子吃下去。虫豸！
CHATMESSAGE_THREATEN_REFLEXIVE_BANDIT01,流了够多的血了。这要由我来结束。
CHATMESSAGE_THREATEN_REFLEXIVE_BANDIT02,记住他们，西拉斯。你要报仇！
CHATMESSAGE_THREATEN_REFLEXIVE_BANDIT03,骑士永远不会退却。我也不会。
CHATMESSAGE_THREATEN_REFLEXIVE_BANDIT04,别停下，斯卡蕾特。为了自由。为了阿门罗！
CHATMESSAGE_THREATEN_REFLEXIVE_BEAR01,如果我让怀尔德失望，那就会失去一切。
CHATMESSAGE_THREATEN_REFLEXIVE_BEAR02,要么我死，要么他们死。我不会被打倒的。
CHATMESSAGE_THREATEN_REFLEXIVE_BEAR03,继续前进，否则我永远回不了家。
CHATMESSAGE_THREATEN_REFLEXIVE_BEAR04,别再让另一个傻瓜掌权了！
CHATMESSAGE_THREATEN_REFLEXIVE_DRAGON01,我已经一路走了这么远。我。会。赢。
CHATMESSAGE_THREATEN_REFLEXIVE_DRAGON02,现在可没有时间示弱。
CHATMESSAGE_THREATEN_REFLEXIVE_DRAGON03,有这等鼠辈横行于世，我就不能停息。
CHATMESSAGE_THREATEN_REFLEXIVE_DRAGON04,干掉它！啊。一个幻象。
CHATMESSAGE_THREATEN_REFLEXIVE_RABBIT01,我见过恐惧。我不会让阿门罗沦陷的。
CHATMESSAGE_THREATEN_REFLEXIVE_RABBIT02,我必须胜利！这样才公平！
CHATMESSAGE_THREATEN_REFLEXIVE_RABBIT03,阿门罗需要秩序。我必须带来秩序。
CHATMESSAGE_THREATEN_REFLEXIVE_RABBIT04,又来！穿过裂缝！
CHATMESSAGE_THREATEN_REFLEXIVE_RAT01,我是墨丘里奥。我不会失败的。
CHATMESSAGE_THREATEN_REFLEXIVE_RAT02,我要么夺取王位，要么死在它的脚下。
CHATMESSAGE_THREATEN_REFLEXIVE_RAT03,这一次。下一次。我的崛起在所难免。
CHATMESSAGE_THREATEN_REFLEXIVE_RAT04,我决不允许！
CHATMESSAGE_THREATEN_REFLEXIVE_WOLF01,我永远不会放弃！我会先去赴死！
CHATMESSAGE_THREATEN_REFLEXIVE_WOLF02,如果我不阻止国王，谁会呢？
CHATMESSAGE_THREATEN_REFLEXIVE_WOLF03,快点！我不会让国王毁了阿门罗！
CHATMESSAGE_THREATEN_REFLEXIVE_WOLF04,我绝不放弃！
CHATMESSAGE_THREATEN_WOLF01,我要打倒你，<hero>。
CHATMESSAGE_THREATEN_WOLF02,<hero>，你不会看到射来的箭。
CHATMESSAGE_THREATEN_WOLF03,哪个更硬，<hero>，盾牌还是头骨？
CHATMESSAGE_THREATEN_WOLF04,你是下一个，<hero>！
CHATMESSAGE_TRUCE_BANDIT01,<hero>！我觉得我们可以制造点伤害！
CHATMESSAGE_TRUCE_BANDIT02,<hero>，我们的战斗可以等等。我们联手吧！
CHATMESSAGE_TRUCE_BANDIT03,<hero>，我们和解吧。目前为止都很和平。
CHATMESSAGE_TRUCE_BANDIT04,<hero>，加入这个事业！
CHATMESSAGE_TRUCE_BEAR01,<hero>！我们不需要成为敌人。
CHATMESSAGE_TRUCE_BEAR02,<hero>，我宁愿不必碾碎你。
CHATMESSAGE_TRUCE_BEAR03,我们当朋友吧，<hero>。
CHATMESSAGE_TRUCE_BEAR04,阻止<hero>。我可不想要你。
CHATMESSAGE_TRUCE_DRAGON01,我们的冲突可以之后再说，<hero>。
CHATMESSAGE_TRUCE_DRAGON02,<hero>，我们一起撑过这段时间吧。
CHATMESSAGE_TRUCE_DRAGON03,世界上更值得消灭的敌人还有很多，<hero>。
CHATMESSAGE_TRUCE_DRAGON04,<hero>，来当我的新朋友吧。求你了？
CHATMESSAGE_TRUCE_RABBIT01,<hero>。和平会让我们收获颇丰。
CHATMESSAGE_TRUCE_RABBIT02,嘿，<hero>！我们做朋友吧！
CHATMESSAGE_TRUCE_RABBIT03,我们一起可以做更多，<hero>。
CHATMESSAGE_TRUCE_RABBIT04,和平！我们可以求和的，<hero>。
CHATMESSAGE_TRUCE_RAT01,或许我们应该做生意，<hero>。
CHATMESSAGE_TRUCE_RAT02,<hero>。我和你，我们可以相互帮助。
CHATMESSAGE_TRUCE_RAT03,<hero>，我们可以做很好的朋友。
CHATMESSAGE_TRUCE_RAT04,我们商量商量吧，<hero>。
CHATMESSAGE_TRUCE_REFLEXIVE_BANDIT01,我一个人做事。但我在招替死鬼！
CHATMESSAGE_TRUCE_REFLEXIVE_BANDIT02,没有人值得我帮助。
CHATMESSAGE_TRUCE_REFLEXIVE_BANDIT03,我不需要侍从。
CHATMESSAGE_TRUCE_REFLEXIVE_BANDIT04,阿门罗站在我这边。我谁也不需要！
CHATMESSAGE_TRUCE_REFLEXIVE_BEAR01,我的信仰就在怀尔德，只在怀尔德。
CHATMESSAGE_TRUCE_REFLEXIVE_BEAR02,我谁也不需要。
CHATMESSAGE_TRUCE_REFLEXIVE_BEAR03,我喜欢一个人。
CHATMESSAGE_TRUCE_REFLEXIVE_BEAR04,你们都一个样。废物。
CHATMESSAGE_TRUCE_REFLEXIVE_DRAGON01,掠食者从不与猎物同台宴饮。
CHATMESSAGE_TRUCE_REFLEXIVE_DRAGON02,只要时间够久，所有的友谊都会消逝。
CHATMESSAGE_TRUCE_REFLEXIVE_DRAGON03,谁都配不上得到我的原谅。
CHATMESSAGE_TRUCE_REFLEXIVE_DRAGON04,我所需要的朋友，已经都站在这里了。
CHATMESSAGE_TRUCE_REFLEXIVE_RABBIT01,地牢里面没有朋友。我一个人工作最好。
CHATMESSAGE_TRUCE_REFLEXIVE_RABBIT02,我最聪明了。我不需要任何人！
CHATMESSAGE_TRUCE_REFLEXIVE_RABBIT03,盟友只会拖我的后腿。
CHATMESSAGE_TRUCE_REFLEXIVE_RABBIT04,朋友就是潜在的叛国者。
CHATMESSAGE_TRUCE_REFLEXIVE_RAT01,你只能相信你自己。即使那样……
CHATMESSAGE_TRUCE_REFLEXIVE_RAT02,我与同伴合作不来。他们死了。通常。
CHATMESSAGE_TRUCE_REFLEXIVE_RAT03,我独自一人活的时间比任何人都长。
CHATMESSAGE_TRUCE_REFLEXIVE_RAT04,我的朋友已经够多了。
CHATMESSAGE_TRUCE_REFLEXIVE_WOLF01,我是塞恩！我不需要帮助！
CHATMESSAGE_TRUCE_REFLEXIVE_WOLF02,这个游骑兵独自游荡。
CHATMESSAGE_TRUCE_REFLEXIVE_WOLF03,你真的觉得*我*需要帮助？
CHATMESSAGE_TRUCE_REFLEXIVE_WOLF04,我的亲眷背弃了我。你甚至不是我的亲眷。
CHATMESSAGE_TRUCE_WOLF01,<hero>！我们来达成一个停战协议。
CHATMESSAGE_TRUCE_WOLF02,我们不需要打，<hero>。暂时是。
CHATMESSAGE_TRUCE_WOLF03,<hero>，让我做你的持盾姐妹吧。
CHATMESSAGE_TRUCE_WOLF04,你需要我，<hero>。暂时是。
CHATMESSAGE_WELLPLAYED_BANDIT01,真他娘漂亮！
CHATMESSAGE_WELLPLAYED_BANDIT02,算得精妙。
CHATMESSAGE_WELLPLAYED_BANDIT03,优雅从容。
CHATMESSAGE_WELLPLAYED_BANDIT04,干得好，朋友。
CHATMESSAGE_WELLPLAYED_BEAR01,从容镇定。干得好。
CHATMESSAGE_WELLPLAYED_BEAR02,明智、精心的策划。
CHATMESSAGE_WELLPLAYED_BEAR03,干得好。
CHATMESSAGE_WELLPLAYED_BEAR04,好胆量，好胆量！
CHATMESSAGE_WELLPLAYED_DRAGON01,大概算是有两下子吧。
CHATMESSAGE_WELLPLAYED_DRAGON02,干得好。
CHATMESSAGE_WELLPLAYED_DRAGON03,不得不说，你有点脑子。
CHATMESSAGE_WELLPLAYED_DRAGON04,聪明，很聪明。
CHATMESSAGE_WELLPLAYED_RABBIT01,哼！厉害。
CHATMESSAGE_WELLPLAYED_RABBIT02,太厉害了！！！
CHATMESSAGE_WELLPLAYED_RABBIT03,绝佳的策略。
CHATMESSAGE_WELLPLAYED_RABBIT04,一个勇敢而有效的策略。
CHATMESSAGE_WELLPLAYED_RAT01,聪明。我喜欢。
CHATMESSAGE_WELLPLAYED_RAT02,干净利落。
CHATMESSAGE_WELLPLAYED_RAT03,即使是我，也干不了这么好。
CHATMESSAGE_WELLPLAYED_RAT04,每个人都会时来运转啊。
CHATMESSAGE_WELLPLAYED_WOLF01,哈！干得好。
CHATMESSAGE_WELLPLAYED_WOLF02,厉害。
CHATMESSAGE_WELLPLAYED_WOLF03,干得好！
CHATMESSAGE_WELLPLAYED_WOLF04,好吧。令人印象深刻。
CHAT_LOCKOUTMESSAGE,{0} 秒后能够恢复聊天。
CHAT_STATUSFEED_TEMPLATE,<chat_sender>: <chat_message>
CHEST_DESCRIPTION_PROGRESS_NOTE,\n\n此宝箱也可以通过游戏内系统获得。
CLANBANDIT_NAME,强盗族
CLANBEAR_NAME,熊族
CLANDRAGON_NAME,龙族
CLANRABBIT_NAME,兔族
CLANRAT_NAME,鼠族
CLANWOLF_NAME,狼族
COMBAT_AMBUSHED,遭遇伏击！
COMBAT_ATTACK,攻击
COMBAT_ATTACK_RESULT_BLOCKED,格挡！
COMBAT_ATTACK_RESULT_HIT,命中！
COMBAT_ATTACK_RESULT_PIERCING,贯穿！
COMBAT_ATTACK_RESULT_POISON,中毒！
COMBAT_ATTACK_RESULT_REFLECT,反射！
COMBAT_ATTACK_RESULT_RESIST,抵抗！
COMBAT_DEFENSE,防御
COMBAT_EVADING,闪避中
COMBAT_RETURN_TO_BOARD,返回桌面
COMBAT_ROT_BATTLE,腐化之战
COMMSTACK_CLAIMBOUNTY,悬赏已领取！
COMMSTACK_CLEARBOUNTY,悬赏已解除
COMMSTACK_GAINEDSPIRITSTONE,获得了一枚灵石！
COMMSTACK_JUSTICEBOUNTY,正义得伸！
COMPANY,极客联盟
DEBUTTRAILER_DESCRIPTION,伟大的英雄们承担着旅途上的重任，他们不是用肩膀承担，而是用心。
DEBUTTRAILER_NAME,首发预告片
DEBUTTRAILER_SUBTITLE,伟大的英雄们承担着旅途上的重任，他们不是用肩膀承担，而是用心
DECL_0001_KINGSDECLARATIONDATA_ACTIONTEXTID,交税时间
DECL_0001_KINGSDECLARATIONDATA_DECLARATIONMESSAGEID,国王下令征税了！每个臣民都要向国王支付 2 点金币。不能支付时将失去 1 点威望。
DECL_0002_KINGSDECLARATIONDATA_ACTIONTEXTID,心灵之贡品
DECL_0002_KINGSDECLARATIONDATA_DECLARATIONMESSAGEID,国王从所有英雄身上汲取 2 魔法。没有？-1 声望。
DECL_0003_KINGSDECLARATIONDATA_ACTIONTEXTID,和平条约
DECL_0003_KINGSDECLARATIONDATA_DECLARATIONMESSAGEID,下次黎明前禁止英雄之间战斗。违抗国王攻击其他英雄，-3 声望。
DECL_0004_KINGSDECLARATIONDATA_ACTIONTEXTID,贝恩野兽
DECL_0004_KINGSDECLARATIONDATA_DECLARATIONMESSAGEID,国王对地下蠕虫打开了入口！今晚将出现 3 个贝恩！
DECL_0005_KINGSDECLARATIONDATA_ACTIONTEXTID,仅皇家之眼可见
DECL_0005_KINGSDECLARATIONDATA_DECLARATIONMESSAGEID,地牢与石环现已受限。下次黎明前进入这些地块者将获得悬赏！
DECL_0006_KINGSDECLARATIONDATA_ACTIONTEXTID,皇家获取
DECL_0006_KINGSDECLARATIONDATA_DECLARATIONMESSAGEID,每名英雄被随机剥夺 1 件已装备道具。若无已装备道具，-2 声望。
DECL_0007_KINGSDECLARATIONDATA_ACTIONTEXTID,弱者崛起
DECL_0007_KINGSDECLARATIONDATA_DECLARATIONMESSAGEID,国王宣布支持弱者。声望最低的英雄将获得一件宝物！
DECL_0008_KINGSDECLARATIONDATA_ACTIONTEXTID,邪恶仪式
DECL_0008_KINGSDECLARATIONDATA_DECLARATIONMESSAGEID,国王正在行邪恶仪式。这片土地上的所有贝恩均获得 +2 战力和 +2 体力。
DECL_0009_KINGSDECLARATIONDATA_ACTIONTEXTID,医疗
DECL_0009_KINGSDECLARATIONDATA_DECLARATIONMESSAGEID,国王仁慈地令所有英雄中毒，直到其回合结束。支付 4 金币换取解药！
DECL_0010_KINGSDECLARATIONDATA_ACTIONTEXTID,血月
DECL_0010_KINGSDECLARATIONDATA_DECLARATIONMESSAGEID,国王给阿门罗带来了黑暗凶兆！所有英雄获得 +1 腐化！
DECL_0011_KINGSDECLARATIONDATA_ACTIONTEXTID,叛乱！
DECL_0011_KINGSDECLARATIONDATA_DECLARATIONMESSAGEID,两名国王守卫在王宫倒戈，反抗同袍。他们为旧法统、为他们曾爱戴的老国王而战。
DECL_0012_KINGSDECLARATIONDATA_ACTIONTEXTID,国王的仁慈
DECL_0012_KINGSDECLARATIONDATA_DECLARATIONMESSAGEID,国王命令声望领先者分享名望，给予其他每位英雄 +1 声望。
DECL_0013_KINGSDECLARATIONDATA_ACTIONTEXTID,蒙羞的守卫
DECL_0013_KINGSDECLARATIONDATA_DECLARATIONMESSAGEID,声望领先者因服务不济 -3 声望。所有国王守卫获得 +2 体力和 +2 战力。
DECL_0014_KINGSDECLARATIONDATA_ACTIONTEXTID,皇家同花顺
DECL_0014_KINGSDECLARATIONDATA_DECLARATIONMESSAGEID,国王下令称一切都不够有趣。所有英雄失去手中的卡牌。
DECL_0015_KINGSDECLARATIONDATA_ACTIONTEXTID,黑暗君主
DECL_0015_KINGSDECLARATIONDATA_DECLARATIONMESSAGEID,本次黎明，国王召唤 4 个贝恩来到王宫！
DECL_0016_KINGSDECLARATIONDATA_ACTIONTEXTID,腐化检查
DECL_0016_KINGSDECLARATIONDATA_DECLARATIONMESSAGEID,国王的审判官在王国各处巡查。任何带有腐化的英雄受到 -1 声望
DECL_0017_KINGSDECLARATIONDATA_ACTIONTEXTID,亡命徒横行
DECL_0017_KINGSDECLARATIONDATA_DECLARATIONMESSAGEID,国王释放出所有钦犯！新的国王诡术陷阱出现在整个王国。
DECL_0018_KINGSDECLARATIONDATA_ACTIONTEXTID,戒严令
DECL_0018_KINGSDECLARATIONDATA_DECLARATIONMESSAGEID,国王命令他的守卫开赴最近的聚落并恐吓当地居民。
DECL_0019_KINGSDECLARATIONDATA_ACTIONTEXTID,黑死病
DECL_0019_KINGSDECLARATIONDATA_DECLARATIONMESSAGEID,国王派人在阿门罗各个聚落之间散播瘟疫。
DECL_0020_KINGSDECLARATIONDATA_ACTIONTEXTID,民间起义
DECL_0020_KINGSDECLARATIONDATA_DECLARATIONMESSAGEID,国王的间谍传播异议！整个王国所有聚落遭遇恐吓。
DECL_0021_KINGSDECLARATIONDATA_ACTIONTEXTID,王宫封锁
DECL_0021_KINGSDECLARATIONDATA_DECLARATIONMESSAGEID,国王悬赏要取威望领导者的头颅，并召回了所有赋闲的国王守卫。
DECL_0022_KINGSDECLARATIONDATA_ACTIONTEXTID,战争行军
DECL_0022_KINGSDECLARATIONDATA_DECLARATIONMESSAGEID,国王宣布所有英雄都是其王国的敌人，并悬赏要取所有英雄的头颅。
DECL_0023_KINGSDECLARATIONDATA_ACTIONTEXTID,战争迷雾
DECL_0023_KINGSDECLARATIONDATA_DECLARATIONMESSAGEID,国王唤起一片诡异迷雾。所有英雄获得潜行，直到下一黎明或被发现为止。
DECL_0024_KINGSDECLARATIONDATA_ACTIONTEXTID,皇家审判
DECL_0024_KINGSDECLARATIONDATA_DECLARATIONMESSAGEID,国王的审判官被召来了。所有已感染英雄失去 1 点生命，所有已堕落英雄失去 3 点生命。
DECL_0025_KINGSDECLARATIONDATA_ACTIONTEXTID,最高法庭
DECL_0025_KINGSDECLARATIONDATA_DECLARATIONMESSAGEID,国王法庭正在揭露每个英雄的肮脏秘密。所有英雄受到 -3 声望。
DECL_0026_KINGSDECLARATIONDATA_ACTIONTEXTID,金库探访
DECL_0026_KINGSDECLARATIONDATA_DECLARATIONMESSAGEID,声望领袖交出所有金币。若有 5 金币或更多，+1 声望；少于 5 金币，-1 声望。
DECL_0027_KINGSDECLARATIONDATA_ACTIONTEXTID,殊死防御
DECL_0027_KINGSDECLARATIONDATA_DECLARATIONMESSAGEID,国王需要更多守卫！所有剩余的王宫陷阱被仅剩 1 点生命的国王守卫取代。
DECL_0028_KINGSDECLARATIONDATA_ACTIONTEXTID,逃兵！
DECL_0028_KINGSDECLARATIONDATA_DECLARATIONMESSAGEID,王宫内所有国王守卫擅离职守，消失不见！
DECL_0029_KINGSDECLARATIONDATA_ACTIONTEXTID,生命支持
DECL_0029_KINGSDECLARATIONDATA_DECLARATIONMESSAGEID,因缔结相互的血契，国王与声望领袖获得 +1 生命。
DECL_0030_KINGSDECLARATIONDATA_ACTIONTEXTID,黑暗军团
DECL_0030_KINGSDECLARATIONDATA_DECLARATIONMESSAGEID,国王牺牲了他所有的国王守卫，并在原地生成贝恩。黑暗大军降临！
DECL_0031_KINGSDECLARATIONDATA_ACTIONTEXTID,被诅咒的王国
DECL_0031_KINGSDECLARATIONDATA_DECLARATIONMESSAGEID,国王在遍布王国的陷阱中施用了诅咒之地卡牌，难度增加。
DECL_0032_KINGSDECLARATIONDATA_ACTIONTEXTID,私人护卫
DECL_0032_KINGSDECLARATIONDATA_DECLARATIONMESSAGEID,国王雇佣佣兵，以加强对全国各聚落的控制。
DECL_0033_KINGSDECLARATIONDATA_ACTIONTEXTID,大饥荒
DECL_0033_KINGSDECLARATIONDATA_DECLARATIONMESSAGEID,王国的存粮开始腐坏。所有英雄必须支付 2 金币，否则 -2 生命。
DECL_0034_KINGSDECLARATIONDATA_ACTIONTEXTID,黑暗风暴
DECL_0034_KINGSDECLARATIONDATA_DECLARATIONMESSAGEID,国王用魔法变出一起黑暗风暴，在整个王国降下雷击陷阱。
DECL_0035_KINGSDECLARATIONDATA_ACTIONTEXTID,皇家挑战
DECL_0035_KINGSDECLARATIONDATA_DECLARATIONMESSAGEID,国王想找点乐子。他付给声望领袖 4 金币，以换取在其头上悬赏。
DECL_0036_KINGSDECLARATIONDATA_ACTIONTEXTID,夜间演习
DECL_0036_KINGSDECLARATIONDATA_DECLARATIONMESSAGEID,国王命令他的守卫在夜幕的掩护下猎杀所有英雄。在这个即将到来的夜晚，国王守卫将跟在贝恩后面移动。
DECL_0037_KINGSDECLARATIONDATA_ACTIONTEXTID,丧钟鸣起
DECL_0037_KINGSDECLARATIONDATA_DECLARATIONMESSAGEID,国王永久 -2 战力，雷击陷阱袭击王宫内所有生物。
DECL_0038_KINGSDECLARATIONDATA_ACTIONTEXTID,命运之爪
DECL_0038_KINGSDECLARATIONDATA_DECLARATIONMESSAGEID,国王的疯狂显而易见！所有英雄与另一名随机抽取的英雄交换手中的卡牌。
DECL_0039_KINGSDECLARATIONDATA_ACTIONTEXTID,国王的悬赏
DECL_0039_KINGSDECLARATIONDATA_DECLARATIONMESSAGEID,国王决定严打犯罪。任何在下一黎明前获得悬赏的英雄将立即成为逃犯。
DECL_0040_KINGSDECLARATIONDATA_ACTIONTEXTID,国王的特工
DECL_0040_KINGSDECLARATIONDATA_DECLARATIONMESSAGEID,国王的特工在王国内潜伏游荡，厄运特工破坏境内的全部陷阱。
DECL_0041_KINGSDECLARATIONDATA_ACTIONTEXTID,至黑之夜
DECL_0041_KINGSDECLARATIONDATA_DECLARATIONMESSAGEID,国王内心的黑暗笼罩一切。今晚所有贝恩、国王守卫和英雄获得潜行，直到黎明或被发现。
DECL_0042_KINGSDECLARATIONDATA_ACTIONTEXTID,被撕碎的现实
DECL_0042_KINGSDECLARATIONDATA_DECLARATIONMESSAGEID,国王的堕落扰乱了怀尔德的平衡。王国各处的巨石阵出现传送门。
DECL_0043_KINGSDECLARATIONDATA_ACTIONTEXTID,恐怖苏醒
DECL_0043_KINGSDECLARATIONDATA_DECLARATIONMESSAGEID,从现在开始，贝恩可以增加 1 点行动点数和 1 点战力。公民们匆匆将自己锁在小屋和家里。
DECL_0044_KINGSDECLARATIONDATA_ACTIONTEXTID,被腐化的唱诗班
DECL_0044_KINGSDECLARATIONDATA_DECLARATIONMESSAGEID,国王的腐化唱诗班开唱！全国所有英雄、贝恩和国王守卫的体力永久 -1。
DECL_0045_KINGSDECLARATIONDATA_ACTIONTEXTID,皇家激励
DECL_0045_KINGSDECLARATIONDATA_DECLARATIONMESSAGEID,直到下一黎明，国王将为任何提前结束的回合付费，每剩余 1 行动点折算 2 金币。
DECL_0046_KINGSDECLARATIONDATA_ACTIONTEXTID,腐化雨
DECL_0046_KINGSDECLARATIONDATA_DECLARATIONMESSAGEID,黄昏时，若不在聚落、王宫或部族领地，每个英雄和国王守卫 -2 生命。
DECL_0047_KINGSDECLARATIONDATA_ACTIONTEXTID,过路费
DECL_0047_KINGSDECLARATIONDATA_DECLARATIONMESSAGEID,直到下一黎明，国王征收过路费：进入任何聚落须付 2 金币！
DECL_0047_KINGSDECLARATIONDATA_STATUSEFFECTCONFIG_TILEENTRYCOST_CONFIRMATIONCANAFFORDDESCRIPTION,皇家收费员会在聚落边界挡住你，收取 2 枚金币的费用之后，才会让你进入。
DECL_0047_KINGSDECLARATIONDATA_STATUSEFFECTCONFIG_TILEENTRYCOST_CONFIRMATIONCANTAFFORDDESCRIPTION,收费员上下打量你，嘲笑道。 付不起通行费？那就快滚吧！
DECL_0047_KINGSDECLARATIONDATA_STATUSEFFECTCONFIG_TILEENTRYCOST_CONFIRMATIONTITLE,过路费
DECL_0048_KINGSDECLARATIONDATA_ACTIONTEXTID,绿眼怪物
DECL_0048_KINGSDECLARATIONDATA_DECLARATIONMESSAGEID,贪婪与轻蔑蔓延。英雄每持有 3 金币，便 -1 声望并 +1 金币。
DECL_0049_KINGSDECLARATIONDATA_ACTIONTEXTID,主权城邦国家
DECL_0049_KINGSDECLARATIONDATA_DECLARATIONMESSAGEID,一座未被占据的聚落筑起城墙，由佣兵和厄运特工防守。
DECL_0050_KINGSDECLARATIONDATA_ACTIONTEXTID,阅后即焚
DECL_0050_KINGSDECLARATIONDATA_DECLARATIONMESSAGEID,声望领袖弃掉手牌，重洗所有卡组，并抽得随机卡牌。代价 -2 声望。
DECL_0051_KINGSDECLARATIONDATA_ACTIONTEXTID,战鼓
DECL_0051_KINGSDECLARATIONDATA_DECLARATIONMESSAGEID,国王向部族宣战。招募了两个新的国王守卫，所有英雄获得悬赏。
DECL_0052_KINGSDECLARATIONDATA_ACTIONTEXTID,黑暗诅咒
DECL_0052_KINGSDECLARATIONDATA_DECLARATIONMESSAGEID,国王在王宫旁放下四个新陷阱，并向其施放诅咒之地。
DICESYMBOLMOON_NAME,月亮
DICESYMBOLROT_NAME,腐化
DICESYMBOLSHIELD_NAME,盾牌
DICESYMBOLSUN_NAME,太阳
DICESYMBOLSWORD_NAME,剑
DICESYMBOLWYLD_NAME,怀尔德
DICE_ANNIVERSARY_NAME,骄傲的命运
DICE_ANNIVERSARY_ROT_NAME,腐化
DICE_ANNIVERSARY_ROYAL_NAME,皇家
DICE_BANDITCLAN_NAME,强盗族
DICE_CHEST1_COMMON1_NAME,靛蓝色
DICE_CHEST1_COMMON2_NAME,绿色
DICE_CHEST1_COMMON3_NAME,珊瑚色
DICE_CHEST1_COMMON4_NAME,黄色
DICE_CHEST1_EPIC_NAME,古人的弃兵局
DICE_CHEST1_RARE1_NAME,灵之至日
DICE_CHEST1_RARE2_NAME,橡木荣耀
DICE_CHEST1_UNCOMMON1_NAME,紫红褶纹
DICE_CHEST1_UNCOMMON2_NAME,矢车菊蓝斑点
DICE_CHEST1_UNCOMMON3_NAME,洋红斑纹
DICE_CHEST2_COMMON1_NAME,酒红色
DICE_CHEST2_COMMON2_NAME,赤褐色
DICE_CHEST2_COMMON3_NAME,血红色
DICE_CHEST2_COMMON4_NAME,杏黄色
DICE_CHEST2_EPIC_NAME,晨星
DICE_CHEST2_LEGENDARY_NAME,心之火
DICE_CHEST2_RARE1_NAME,忠信
DICE_CHEST2_RARE2_NAME,巨石的力量
DICE_CHEST2_UNCOMMON1_NAME,绯红之血
DICE_CHEST2_UNCOMMON2_NAME,赤红之血
DICE_CHEST2_UNCOMMON3_NAME,桃粉之血
DICE_CHEST3_COMMON1_NAME,瓦斯
DICE_CHEST3_COMMON2_NAME,血雾
DICE_CHEST3_COMMON3_NAME,蒸汽
DICE_CHEST3_COMMON4_NAME,烟雾
DICE_CHEST3_EPIC_NAME,小丑的诡计
DICE_CHEST3_LEGENDARY_NAME,妒毒
DICE_CHEST3_RARE1_NAME,黑暗毒液
DICE_CHEST3_RARE2_NAME,血石烈焰
DICE_CHEST3_UNCOMMON1_NAME,青绿烟雾
DICE_CHEST3_UNCOMMON2_NAME,薰衣草烟雾
DICE_CHEST3_UNCOMMON3_NAME,翡翠烟雾
DICE_CHEST4_COMMON1_NAME,常春藤
DICE_CHEST4_COMMON2_NAME,露水
DICE_CHEST4_COMMON3_NAME,风铃草
DICE_CHEST4_COMMON4_NAME,打火石
DICE_CHEST4_EPIC_NAME,常绿树
DICE_CHEST4_LEGENDARY_NAME,德鲁伊的承诺
DICE_CHEST4_RARE1_NAME,焦灼之怒
DICE_CHEST4_RARE2_NAME,灵线
DICE_CHEST4_UNCOMMON1_NAME,浊雾
DICE_CHEST4_UNCOMMON2_NAME,河流之涌
DICE_CHEST4_UNCOMMON3_NAME,琥珀漩涡
DICE_CHEST5_COMMON1_NAME,毛地黄
DICE_CHEST5_COMMON2_NAME,毒芹
DICE_CHEST5_COMMON3_NAME,紫藤
DICE_CHEST5_COMMON4_NAME,颠茄
DICE_CHEST5_EPIC_NAME,腐化之锁
DICE_CHEST5_LEGENDARY_NAME,枯萎之火
DICE_CHEST5_RARE1_NAME,术士之蔑
DICE_CHEST5_RARE2_NAME,胆汁瘟疫
DICE_CHEST5_UNCOMMON1_NAME,坏疽之痕
DICE_CHEST5_UNCOMMON2_NAME,冻伤之痕
DICE_CHEST5_UNCOMMON3_NAME,酒红之痕
DICE_CHEST6_COMMON1_NAME,紫罗兰
DICE_CHEST6_COMMON2_NAME,巧克力
DICE_CHEST6_COMMON3_NAME,咖啡
DICE_CHEST6_COMMON4_NAME,橄榄
DICE_CHEST6_EPIC_NAME,沉没之心
DICE_CHEST6_LEGENDARY_NAME,阿博特之眼
DICE_CHEST6_RARE1_NAME,舞动之龙
DICE_CHEST6_RARE2_NAME,柳之优雅
DICE_CHEST6_UNCOMMON1_NAME,蜂蜜云
DICE_CHEST6_UNCOMMON2_NAME,红酒云
DICE_CHEST6_UNCOMMON3_NAME,蓝莓云
DICE_CHEST7_COMMON1_NAME,紫红色
DICE_CHEST7_COMMON2_NAME,枫红
DICE_CHEST7_COMMON3_NAME,红宝石
DICE_CHEST7_COMMON4_NAME,钴蓝
DICE_CHEST7_EPIC_NAME,观星者
DICE_CHEST7_LEGENDARY_NAME,寰宇惊奇
DICE_CHEST7_RARE1_NAME,学者之器
DICE_CHEST7_RARE2_NAME,前途指引
DICE_CHEST7_UNCOMMON1_NAME,翠绿裹布
DICE_CHEST7_UNCOMMON2_NAME,烟霾裹布
DICE_CHEST7_UNCOMMON3_NAME,蓝宝裹布
DICE_CHEST8_COMMON1_NAME,蔚蓝
DICE_CHEST8_COMMON2_NAME,南瓜
DICE_CHEST8_COMMON3_NAME,钢铁
DICE_CHEST8_COMMON4_NAME,汉白玉
DICE_CHEST8_EPIC_NAME,邪恶编织
DICE_CHEST8_LEGENDARY_NAME,秘密财富
DICE_CHEST8_RARE1_NAME,余烬石
DICE_CHEST8_RARE2_NAME,临冬
DICE_CHEST8_UNCOMMON1_NAME,铬矿脉
DICE_CHEST8_UNCOMMON2_NAME,铁矿脉
DICE_CHEST8_UNCOMMON3_NAME,炭矿脉
DICE_CLANLEGEND_BEAR_NAME,灵裔
DICE_CLANLEGEND_RABBIT_NAME,傲歌
DICE_CLANLEGEND_RAT_NAME,玫瑰金
DICE_CLANLEGEND_WOLF_NAME,猎爪
DICE_CLAN_BEAR_NAME,熊族
DICE_CLAN_DRAGON_NAME,龙族
DICE_CLAN_RABBIT_NAME,兔族
DICE_CLAN_RAT_NAME,鼠族
DICE_CLAN_WOLF_NAME,狼族
DICE_DEFAULT_NAME,经典
DICE_EARLYACCESS_NAME,抢先体验
DICE_HALLOWEEN_NAME,万圣前夜
DICE_KICKSTARTER_NAME,Kickstarter
DICE_LABOURDAY_NAME,怀尔德的黎明
DICE_LUNA_NAME,银月
DICE_SHOW_NAME,极客
DICE_STRANGER_NAME,陌生人
DICE_SUBSCRIBER1_NAME,青铜订阅者
DICE_SUBSCRIBER2_NAME,白银订阅者
DICE_SUBSCRIBER3_NAME,黄金订阅者
DICE_SUBSCRIBER4_NAME,白金订阅者
DICE_SUMMERSOLSTICE_NAME,夏至
DICE_TWITCH_NAME,Twitch
DICE_WINTER_NAME,寒冬
ENCOUNTER_ARMS_QUESTINFODATA_ACTIONS_0_ACTIONTEXT,取得\n<default_reward>。
ENCOUNTER_ARMS_QUESTINFODATA_ENCOUNTERTEXT,闪闪发亮的精美设备堆满了西米恩的帐篷里每一个角落……
ENCOUNTER_ARMS_QUESTINFODATA_TITLE,西米恩之臂
ENCOUNTER_ARMS_QUESTINFODATA_TOOLTIPTEXT,西米恩之臂开业大吉！
ENCOUNTER_BROKER_QUESTINFODATA_ACTIONS_0_ACTIONTEXT,取得\n<default_reward>。
ENCOUNTER_BROKER_QUESTINFODATA_ENCOUNTERTEXT,一名比夫的打手在你面见绒鼠之前对你进行了搜身。他说， “据说你内心渴望着……宝藏？”
ENCOUNTER_BROKER_QUESTINFODATA_TITLE,比夫黑市
ENCOUNTER_BROKER_QUESTINFODATA_TOOLTIPTEXT,比夫黑市开业大吉！
ENCOUNTER_DOCTOR_QUESTINFODATA_ACTIONS_0_ACTIONTEXT,只需帮我包扎下，医生。
ENCOUNTER_DOCTOR_QUESTINFODATA_ACTIONS_0_DEFAULTOUTCOME_OUTCOMETEXT,药剂师点点头，当场就在城市街头为你处理伤口。等他处理完，你已能纵横全国。
ENCOUNTER_DOCTOR_QUESTINFODATA_ACTIONS_1_ACTIONTEXT,"""让我变得更强壮吧！"""
ENCOUNTER_DOCTOR_QUESTINFODATA_ACTIONS_1_DEFAULTOUTCOME_OUTCOMETEXT,药剂师把你带回他的诊所，酿制出一剂骇人的合剂。虽然难以下咽，但你的身体涌动着活力。
ENCOUNTER_DOCTOR_QUESTINFODATA_ACTIONS_2_ACTIONTEXT,"""和我一起去争夺王座。"""
ENCOUNTER_DOCTOR_QUESTINFODATA_ACTIONS_2_DEFAULTOUTCOME_OUTCOMETEXT,药剂师思索片刻，坦言道：“好吧，像我这样的老家伙，正该来上最后一场冒险。”
ENCOUNTER_DOCTOR_QUESTINFODATA_ENCOUNTERTEXT,咳！别紧张，英雄！事实上，你的状况不是太好。让我看一下你的伤口。我要看看我能做什么。
ENCOUNTER_DOCTOR_QUESTINFODATA_TITLE,一只提供帮助的爪子……
ENCOUNTER_DRUIDS_QUESTINFODATA_ACTIONS_0_ACTIONTEXT,石头。
ENCOUNTER_DRUIDS_QUESTINFODATA_ACTIONS_0_DEFAULTOUTCOME_OUTCOMETEXT,德鲁伊开始他们神秘的仪式。空气发出爆裂声，慢慢地灵石开始在空气中形成。这是一份礼物。送给你。
ENCOUNTER_DRUIDS_QUESTINFODATA_ACTIONS_1_ACTIONTEXT,救赎。
ENCOUNTER_DRUIDS_QUESTINFODATA_ACTIONS_1_DEFAULTOUTCOME_OUTCOMETEXT,德鲁伊带着你来到位于一颗满是瘤节的焕发着生命力的老树下方的池塘。你在水中洗了个澡，你的灵魂得到了净化。
ENCOUNTER_DRUIDS_QUESTINFODATA_ACTIONS_2_ACTIONTEXT,镰刀。
ENCOUNTER_DRUIDS_QUESTINFODATA_ACTIONS_2_DEFAULTOUTCOME_OUTCOMETEXT,德鲁伊用你不懂的古老方言喃喃吟颂。突然，一个人向前一步，展示一件古代兵器，它因为强大的力量而震鸣。
ENCOUNTER_DRUIDS_QUESTINFODATA_ENCOUNTERTEXT,"你看到后目瞪口呆，原来传说是真的。一群德鲁伊人站在你面前，开始吟唱。一个人用手指着你，""石头？救赎？镰刀？"""
ENCOUNTER_DRUIDS_QUESTINFODATA_TITLE,远古者
ENCOUNTER_GOBLINS_QUESTINFODATA_ACTIONS_0_ACTIONTEXT,“以汤之名！”
ENCOUNTER_GOBLINS_QUESTINFODATA_ACTIONS_0_DEFAULTOUTCOME_OUTCOMETEXT,“看他喝下我们肮脏的泔水，看他喝下最深的腐化。”你咳嗽起来。脓液顺着下巴流下。腐化。看来小妖赢了。
ENCOUNTER_GOBLINS_QUESTINFODATA_ACTIONS_1_ACTIONTEXT,“以眼之名！”
ENCOUNTER_GOBLINS_QUESTINFODATA_ACTIONS_1_DEFAULTOUTCOME_ADDITIONALREWARD_STATUSEFFECTCONFIG_NAME,永久侦察
ENCOUNTER_GOBLINS_QUESTINFODATA_ACTIONS_1_DEFAULTOUTCOME_OUTCOMETEXT,"""他们慢吞吞地走回来。走进了黑暗。""你能看到我们吗？你当然不能。但是，我们可以搞定。我的肉。""其中一个将他的爪子蒙住你的眼睛。"""
ENCOUNTER_GOBLINS_QUESTINFODATA_ACTIONS_2_ACTIONTEXT,“以鸦喙之名！”
ENCOUNTER_GOBLINS_QUESTINFODATA_ACTIONS_2_DEFAULTOUTCOME_OUTCOMETEXT,"双爪伸出来。他们咆哮着。尖叫。""肉不管用！肉很平常！""他们掏出匕首，然后逃跑了。你孤身一个。他们走了。"""
ENCOUNTER_GOBLINS_QUESTINFODATA_ENCOUNTERTEXT,两个生物左右潜行。它们咯咯笑、胡言、大笑又尖叫。“以汤之名、以眼之名、以鸦喙之名。要么玩我们的游戏，要么成为我们的肉。”
ENCOUNTER_GOBLINS_QUESTINFODATA_TITLE,小妖的游戏
ENCOUNTER_OXANADRUIDS_QUESTINFODATA_ACTIONS_0_ACTIONTEXT,盐。
ENCOUNTER_OXANADRUIDS_QUESTINFODATA_ACTIONS_0_DEFAULTOUTCOME_OUTCOMETEXT,你陷入狂怒，怒火倾泻在整个场地。对方的魔法和你的魔法都将被清除。
ENCOUNTER_OXANADRUIDS_QUESTINFODATA_ACTIONS_1_ACTIONTEXT,搜索。
ENCOUNTER_OXANADRUIDS_QUESTINFODATA_ACTIONS_1_DEFAULTOUTCOME_OUTCOMETEXT,你调查着现场的一切，一处金属的光泽吸引了你的目光，那是从一堆骸骨中散发出来的。一种奇怪而有效的武器。
ENCOUNTER_OXANADRUIDS_QUESTINFODATA_ACTIONS_2_ACTIONTEXT,推测。
ENCOUNTER_OXANADRUIDS_QUESTINFODATA_ACTIONS_2_DEFAULTOUTCOME_OUTCOMETEXT,出于好奇，你闭上双眼开始冥想。腐化与怀尔德的混沌幻象在你的脑海中碰撞，雄狮的咆哮让你猛然清醒过来！一块灵石出现在你眼前。
ENCOUNTER_OXANADRUIDS_QUESTINFODATA_ENCOUNTERTEXT,怀尔德的腐臭味几乎盖过了新鲜内脏的味道。德鲁伊最近来过此地。
ENCOUNTER_POTIONS_QUESTINFODATA_ACTIONS_0_ACTIONTEXT,取得\n<default_reward>。
ENCOUNTER_POTIONS_QUESTINFODATA_ENCOUNTERTEXT,贝蒂那可怕的药剂在你眼前晃来晃去。
ENCOUNTER_POTIONS_QUESTINFODATA_TITLE,贝蒂的廉价酿造
ENCOUNTER_POTIONS_QUESTINFODATA_TOOLTIPTEXT,贝蒂的廉价酿造开业大吉！
ENCOUNTER_RECRUITER_QUESTINFODATA_ACTIONS_0_ACTIONTEXT,指向\n<default_reward>。
ENCOUNTER_RECRUITER_QUESTINFODATA_ENCOUNTERTEXT,一个披着斗篷的家伙闪身进了酒吧， “能干的和能打的我都有！你今天可以从我这里挑一个随从交个朋友！”
ENCOUNTER_RECRUITER_QUESTINFODATA_TITLE,罗克西的招募
ENCOUNTER_RECRUITER_QUESTINFODATA_TOOLTIPTEXT,罗克西的招募开业大吉！
ENCOUNTER_SHADE_QUESTINFODATA_ACTIONS_0_ACTIONTEXT,“力量。”
ENCOUNTER_SHADE_QUESTINFODATA_ACTIONS_0_DEFAULTOUTCOME_OUTCOMETEXT,"""阴影沸腾了。他们内部形成一个形状。你试探着 靠近。一个宝藏……又是白马。它想要点回报的东西。"""
ENCOUNTER_SHADE_QUESTINFODATA_ACTIONS_1_ACTIONTEXT,“知识。”
ENCOUNTER_SHADE_QUESTINFODATA_ACTIONS_1_DEFAULTOUTCOME_OUTCOMETEXT,阴影变深，像光通过镜子一样聚焦着。灵石形成了。你目瞪口呆地瞪着。影子逐渐消退了。
ENCOUNTER_SHADE_QUESTINFODATA_ACTIONS_2_ACTIONTEXT,“自身”
ENCOUNTER_SHADE_QUESTINFODATA_ACTIONS_2_DEFAULTOUTCOME_OUTCOMETEXT,阴影爬到你的身体上，将你完全盖住。它从你的毛孔里抽吸着什么。陶醉其中。肮脏的力量让你重现活力。
ENCOUNTER_SHADE_QUESTINFODATA_ENCOUNTERTEXT,一只黝黑、美丽的眼睛与你对视。一只巨大白马的阴影。狂喜和死亡。你感觉他给了你什么东西……任何东西。
ENCOUNTER_SHADE_QUESTINFODATA_TITLE,白影的赠礼
ENCOUNTER_STRANGER_QUESTINFODATA_ACTIONS_0_ACTIONTEXT,“国王是从哪里来的？”
ENCOUNTER_STRANGER_QUESTINFODATA_ACTIONS_0_DEFAULTOUTCOME_OUTCOMETEXT,陌生人眯起眼睛看了看远处的宫殿，随后俯身靠得更近了。他从自己破烂斗篷的缝隙中递出了一张卡牌。
ENCOUNTER_STRANGER_QUESTINFODATA_ACTIONS_1_ACTIONTEXT,“你想要什么？”
ENCOUNTER_STRANGER_QUESTINFODATA_ACTIONS_1_DEFAULTOUTCOME_OUTCOMETEXT,陌生人的脸上露出好奇的神色，他微笑着，拿出一个捆好的袋子，并递到你眼前。朋友，我想要的东西跟你一样，所以我只是来帮忙的。
ENCOUNTER_STRANGER_QUESTINFODATA_ACTIONS_2_ACTIONTEXT,“闭嘴吧，你这动物！别来烦我了。”
ENCOUNTER_STRANGER_QUESTINFODATA_ACTIONS_2_DEFAULTOUTCOME_OUTCOMETEXT,陌生人的状态在狂野的焦躁与悦人的假象之间来回更替了数次，终于归于屈服。陌生人转了个身，逃出了视线范围。
ENCOUNTER_STRANGER_QUESTINFODATA_ENCOUNTERTEXT,陌生人好奇地潜伏在你的影子里。对，没错，国王初次踏上阿门罗，就是在这里。
ENCOUNTER_STRANGER_QUESTINFODATA_TITLE,宣泄羁绊……
ENCOUNTER_SWAMP_QUESTINFODATA_ACTIONS_0_ACTIONTEXT,让剧毒蔓延开来吧。
ENCOUNTER_SWAMP_QUESTINFODATA_ACTIONS_0_DEFAULTOUTCOME_OUTCOMETEXT,沼泽里的空气凝结成雾，慢慢渗入你的喉咙。你的身体由内而外都被这股雾气灼伤。原木里的家伙咯咯地笑了起来。你的身体原本纯洁无暇，但现在却永远地变了。
ENCOUNTER_SWAMP_QUESTINFODATA_ACTIONS_1_ACTIONTEXT,请求帮助
ENCOUNTER_SWAMP_QUESTINFODATA_ACTIONS_1_DEFAULTOUTCOME_OUTCOMETEXT,一只浑身泥泞的蟾蜍从原木上爬了出来。她的每只手上都握有苔藓针。借助针刺、疼痛和各种小瓶黏液，她把你变成了更多不同的东西。
ENCOUNTER_SWAMP_QUESTINFODATA_ACTIONS_2_ACTIONTEXT,“滚开！”
ENCOUNTER_SWAMP_QUESTINFODATA_ACTIONS_2_DEFAULTOUTCOME_OUTCOMETEXT,原木开始抖动，一道黑影从中暴起，落荒而逃。你在扭曲的木头里瞥见一件被遗落的宝藏。
ENCOUNTER_SWAMP_QUESTINFODATA_ENCOUNTERTEXT,沼泽里的空气让你原本就已中毒而又吃力的呼吸更加迟滞。你倒在腐烂的原木前。一张长满水泡的大嘴发出滋滋的声音。不要抗拒毒液，这是上天赐予的礼物，让我来告诉你……
ENCOUNTER_SWAMP_QUESTINFODATA_TITLE,一种充满剧毒的关系……
FOLLOWERCARDTYPE_NAME,随从
FOLLOWERCARDTYPE_STATUSFEEDRECEIVEDMESSAGE,<hero> 已收到一位随从。
GAMECONFIG_CONFIG_OVERKILLCONFIG_LEVELCONFIGS_1_COMBATTEXT,致命一击
GAMECONFIG_CONFIG_OVERKILLCONFIG_LEVELCONFIGS_2_COMBATTEXT,过量击杀
GAMECONFIG_CONFIG_OVERKILLCONFIG_LEVELCONFIGS_3_COMBATTEXT,屠杀
GAMECONFIG_CONFIG_OVERKILLCONFIG_LEVELCONFIGS_4_COMBATTEXT,消灭
GAMECONFIG_CONFIG_OVERKILLCONFIG_LEVELCONFIGS_5_COMBATTEXT,耻辱
GAMEGUIDEPAGE_AMBUSH_BODYTEXT,当某个角色和潜行中的某人发生冲突时，就是受到了伏击。潜行中的两个角色可能会意外攻击到对方，因此互相受到伏击。\n\n<sprite52>\n\n 当角色受到伏击时，他们就不能烧牌。
GAMEGUIDEPAGE_AMBUSH_TITLETEXT,伏击
GAMEGUIDEPAGE_ARMELLIANDICE_BODYTEXT,<sprite01>\n剑 - 视为攻击。\n\n<sprite02>\n盾牌 - 视为防御，阻挡对手的攻击。\n\n<sprite03>\n太阳 - 在白天掷出时视为攻击。\n\n<sprite04>\n月亮 - 在夜晚掷出时视为攻击。\n\n<sprite05>\n腐化 - 视为落空。\n\n<sprite06>\n怀尔德树 - 视为攻击并爆炸（奖励一颗骰子）！\n\n提示：若你获得 5 点腐化并已堕落，你的怀尔德和腐化将互换——怀尔德变为落空，腐化则视为攻击并爆炸！\n\n[b]骰子修正：[/b]\n\n某些卡牌和英雄能力会改变骰子的行为，这些效果称为骰子修正。共有三种骰子修正。\n\n穿透：贯穿防御，即使被阻挡也能造成伤害。\n\n反射：挡下攻击并将其反弹给对手。\n\n毒害：此次攻击造成伤害时毒害对手。\n\n提示：当两颗被修正的骰子相遇（如穿透遇到反射）时，它们相互抵消，双方均无效果。
GAMEGUIDEPAGE_ARMELLIANDICE_TITLETEXT,阿门罗骰子
GAMEGUIDEPAGE_BANES_BODYTEXT,<sprite07>\n贝恩会恐吓并吞噬聚落，夺取它们所到之处，并毁掉沿途的一切。\n\n每夜贝恩的腐化 +1。\n\n贝恩拥有可怕的黑心，因此无论腐化等级，都视为已堕落，且每杀死一个角色便恢复 +1 生命。\n\n贝恩在夜晚获得奖励骰子。\n\n斩杀贝恩是荣耀之举，但小心：死于贝恩会 +1 腐化。\n\n已堕落的英雄斩杀贝恩的奖励是 +1 腐化，而非 +1 声望。\n\n贝恩会主动避开灵界行者，也不会自愿进入巨石阵或石之护符。
GAMEGUIDEPAGE_BANES_TITLETEXT,贝恩
GAMEGUIDEPAGE_BOUNTIES_BODYTEXT,英雄可能因种种违抗王室的行径、因国王诏令、或因其他英雄对其使用卡牌而获得悬赏。被悬赏后，国王守卫会在黎明追捕你，且新的赏金挂上你人头后，或许连其他英雄也会来取你人头。\n\n悬赏分 3 级——通缉、逃犯、叛徒。悬赏生效期间，每个黎明升一级。\n\n悬赏只能用缓刑（诡术）或死亡清除。记住，你也可以领取其他英雄的悬赏！\n\n<sprite60>\n[b]1 级：通缉[/b]\n\n你被王室通缉，头上悬赏价值 2 金币和 1 声望。黎明时，附近的国王守卫见你即攻。\n\n<sprite61>\n[b]2 级：逃犯[/b]\n\n你是王室的逃犯，头上悬赏价值 4 金币和 2 声望。国王守卫会优先追捕你。\n\n<sprite62>\n[b]3 级：叛徒[/b]\n\n你是背叛王室的叛徒，头上悬赏价值 6 金币和 3 声望。国王守卫会跨越更远距离追捕你。\n\n注意：攻击国王守卫或进入王宫必定导致悬赏。攻击国王本人会立即让你成为叛徒。
GAMEGUIDEPAGE_BOUNTIES_TITLETEXT,悬赏
GAMEGUIDEPAGE_BUFFS_BODYTEXT,增益是游戏中的状态改变，如法术或附魔。增益可正可负，会影响承受它的玩家。
GAMEGUIDEPAGE_BUFFS_TITLETEXT,增益
GAMEGUIDEPAGE_BURNINGCARDS_BODYTEXT,在烧牌计时器耗尽前打出一张牌，即可保证你的一颗骰子结果为该卡的阿门罗符号。\n\n<sprite08>\n\n在陷阱和战斗中烧牌能锁定骰子结果，这是取胜的核心策略，尤其是攻入王宫时。\n\n<sprite09>\n\n每张牌的右上角都有阿门罗骰子的六个符号之一。
GAMEGUIDEPAGE_BURNINGCARDS_TITLETEXT,烧卡牌
GAMEGUIDEPAGE_CHESTSANDKEYS_BODYTEXT,<sprite55>\n作为参与多人游戏的奖励，玩家完成一局并返回主菜单后可能获得宝箱。\n\n宝箱可在库存中查看和打开。打开宝箱可获得游戏内装扮道具。\n\n宝箱以“系列”形式推出，每个系列包含五档稀有度（普通、非凡、稀有、史诗、传奇）的十一（11）颗独特骰子，以及狼族、兔族、熊族和鼠族四大部族的英雄皮肤碎片。\n\n<sprite57>\n\n\n\n注意：多人游戏的系列奖励会随时间变化，但所有系列物品均可在 Steam 市场交易和出售，快去交易、集齐你的系列吧！\n\n注意：过去宝箱和钥匙分开掉落。因此下列系列的宝箱仍需同系列钥匙才能打开：\n- 怀尔德的赏金\n- 战争掠获\n- 叛徒之礼\n- 德鲁伊遗赠\n- 废墟仪式
GAMEGUIDEPAGE_CHESTSANDKEYS_TITLETEXT,宝箱系列
GAMEGUIDEPAGE_CHESTSMOBILE_BODYTEXT,<sprite55>\n作为完成游戏的奖励，玩家会获得宝箱。\n\n宝箱以“系列”形式推出，每个系列包含五档稀有度的多颗独特骰子：普通、非凡、稀有、史诗和传奇。\n\n<sprite57>\n\n玩家可在库存中解锁宝箱，解锁后将获得该系列中的一颗随机骰子。\n\n注意：可用系列会随时间变化，快去游玩并全部收集吧！
GAMEGUIDEPAGE_CHESTSMOBILE_TITLETEXT,宝箱
GAMEGUIDEPAGE_CLANGROUNDS_BODYTEXT,部族领地是游戏中的特殊区块，存放你的戒指、护身符、皮肤、聊天用语、嘲讽以及其他可自定义选项。\n\n<sprite65>\n\n你可以在部族领地为每位英雄设置独特配装，并试用不同组合。\n\n部族领地还可查看英雄精通路线的信息，以及你尚未解锁的奖励。\n\n你可以从主菜单进入部族领地。
GAMEGUIDEPAGE_CLANGROUNDS_TITLETEXT,部族领地
GAMEGUIDEPAGE_COMBAT_BODYTEXT,在战斗时，双方投掷等于其战力的骰子次数。\n\n<sprite10>\n\n 如果你的攻击点数高于敌人的防御点数，你就可以对敌人造成伤害。\n\n<sprite11>\n\n 如果造成最大伤害的斗争者存活下来，他们将赢得战斗。\n\n 如果攻击者赢得战斗，他们将向前取得地块，防御者则退后。\n\n 如果防御者赢得战斗，他们将保住阵地，继续留在地块上。\n\n 如果斗争者受到极大的伤害耗尽了生命，他们将被杀死，结束他们的回合，返回到他们的部族城堡。
GAMEGUIDEPAGE_COMBAT_TITLETEXT,战斗
GAMEGUIDEPAGE_ENDGAME_BODYTEXT,阿门罗是一场抢夺王座的竞赛（先于场上其他英雄完成四个胜利条件之一）。\n\n如何达成由你决定，但往往需要随局势变化调整策略。\n\n<sprite12>\n弑君者胜利\n进入王宫，在战斗中杀死国王。你必须在这场遭遇中存活。\n\n<sprite13>\n灵石胜利\n带着四颗灵石进入王宫，点击国王，净化阿门罗的腐化。\n\n<sprite14>\n腐化胜利\n进入王宫，以高于国王的腐化在战斗中面对他，并在战斗中杀死他。你必须存活。\n\n<sprite15>\n声望胜利\n当国王死于腐化感染、或其他英雄在弑君过程中死亡时，成为声望领先者。
GAMEGUIDEPAGE_ENDGAME_TITLETEXT,赢得游戏
GAMEGUIDEPAGE_EQUIPCARDS_BODYTEXT,<sprite16>\n可装备道具卡和随从卡可分别装备到你的库存或随从栏。\n\n<sprite17>\n把牌打到库存或随从栏的空位，即可装备/招募该牌！\n\n<sprite18>\n你无法卸下已装备的牌，但可以用新牌覆盖库存或随从栏中已有的牌，被替换的牌将被弃置。\n\n大多数牌装备需花费金币，但某些更阴险的牌会让英雄获得腐化。
GAMEGUIDEPAGE_EQUIPCARDS_TITLETEXT,库存和队伍
GAMEGUIDEPAGE_EXPLODEPOOL_BODYTEXT,在战斗与陷阱中，特定的骰子符号会爆发——即额外投掷一个加成骰！默认情况下，只有怀尔德符号会爆发，但某些状态与卡牌效果（如已堕落）会改变哪些符号会爆发。\n\n<sprite63>\n单场战斗或陷阱中可达到的爆发次数上限由你的爆发池决定。通常情况下，爆发池等同于你的灵力属性。然而，一旦已堕落，爆发池将改为等同于你的腐化。此外，某些卡牌与效果可在此基础上修改你的爆发池。这些规则与限制适用于所有生物——连国王也不例外！\n\n在战斗或陷阱中，参与者的爆发池显示在屏幕底部。在战斗与陷阱之外，你可以在英雄展架上查看英雄的爆发池。
GAMEGUIDEPAGE_EXPLODEPOOL_TITLETEXT,爆发池
GAMEGUIDEPAGE_EXPLORE_BODYTEXT,探索地牢是一个自动进行的过程，进入地牢地块即可触发。\n\n<sprite19>\n\n探索地牢可能极其危险，也可能收益丰厚。\n\n<sprite20>\n\n地牢是宝藏、金币、魔法和游荡随从的最佳来源，但要当心……沉睡的恐怖同样盘踞在这些古墓之中。\n\n装备合适的道具与随从可以提高探索地牢的成功几率，且奖励的几率与数量在白天和黑夜各不相同。
GAMEGUIDEPAGE_EXPLORE_TITLETEXT,探索
GAMEGUIDEPAGE_HEROMASTERY_BODYTEXT,英雄精通系统会在你游玩阿门罗的过程中给予你奖励。每位英雄都有各自的精通路径。每一级精通都会给予你独特的奖励，例如骰子、聊天内容，甚至专属动画。\n\n<sprite66>\n\n你每游玩一局阿门罗，都会获得通往新英雄精通等级的进度。\n\n你可以通过阿门罗部族领地访问你的英雄精通路径。
GAMEGUIDEPAGE_HEROMASTERY_TITLETEXT,英雄精通
GAMEGUIDEPAGE_KINGSDEC_BODYTEXT,<sprite21>\n每个黎明，国王会向声望领先者提出两项宣言。这名英雄必须从这两项宣言中选择其一。\n\n选定后，该宣言会昭告阿门罗的所有其他动物，并成为法律，直至下一个黎明。\n\n<sprite22>\n\n提示——作为声望领先者，掌控哪些国王宣言得以立法是一个强大而有利的地位。但这可不是交友的最佳方式。
GAMEGUIDEPAGE_KINGSDEC_TITLETEXT,国王的宣言
GAMEGUIDEPAGE_KINGSGUARD_BODYTEXT,每个黎明，国王守卫都会在阿门罗王国巡逻，管理聚落，追捕悬赏并镇压贝恩。\n\n<sprite23>\n\n游戏开始时，国王守卫保持中立，一般不会理会英雄，并保护王国中的聚落。\n\n然而，一旦英雄触怒国王、背上悬赏，国王守卫就会追踪该英雄并试图将其斩杀。\n\n国王守卫在白天获得一个加成骰子，并配备其标志性武器——野兔之戟。\n\n<sprite24>\n\n杀死一名国王守卫将使你的英雄损失 1 声望。
GAMEGUIDEPAGE_KINGSGUARD_TITLETEXT,国王守卫
GAMEGUIDEPAGE_MAGIC_BODYTEXT,大多数英雄在追逐王座的旅途中都会依赖其施法能力——无论多么有限。\n\n几乎所有情况下，法术牌都要消耗英雄的魔法资源来施放。\n\n<sprite25>\n\n每个黄昏，所有英雄的魔法都会重置为与其灵力属性相同。\n\n法术牌的施放范围也受施放者灵力属性的限制（例如，灵力为 3 的英雄，其法术范围为 3 个地块）。\n\n<sprite26>
GAMEGUIDEPAGE_MAGIC_TITLETEXT,魔法
GAMEGUIDEPAGE_MOVEMENT_BODYTEXT,在阿门罗王国中移动和冒险需要消耗行动点数（AP）。某些地块（如山脉）可能需要超过 1 点行动点数才能穿越。\n\n<sprite27>\n\n英雄拥有的行动点数显示在英雄头像中。\n\n提示——如果英雄的行动点数在其回合外被修改（如通过打出卡牌等），这些效果将在其下一个回合生效。
GAMEGUIDEPAGE_MOVEMENT_TITLETEXT,移动
GAMEGUIDEPAGE_MULTIPLAYER_BODYTEXT,参与在线多人游戏（无论公开还是私人）后，玩家可以提升等级，解锁新头像、新边框，并提高在线匹配到的玩家水平。\n\n[b]升级[/b]\n\n阿门罗多人游戏目前有一百 (100) 个等级。各等级所需的星星数量不同。当玩家赚够星星后，即可进入下一等级。\n\n注意：如果你不想使用多人进度系统，可在视频与音频选项中开关其可视化显示。\n\n<sprite58>\n[b]星星[/b]\n\n玩家通常通过获胜获得星星，但也有多种赚取星星的方式。\n\n胜利——奖励一 (1) 颗星星。\n\n角逐者——完成一局公开多人游戏奖励一 (1) 颗星星。\n\n击败人类对手——每击败一名非 AI 玩家奖励一 (1) 颗星星。\n\n连胜奖励——连续赢得两 (2) 场或更多多人游戏，奖励一 (1) 颗星星。\n\n孤狼奖励——加入公开多人队列并与预组三人 (3) 队伍对阵并完成游戏，奖励一 (1) 颗星星。\n\n弱者奖励——若对局中有排名高出你五 (5) 级或以上的对手，奖励一 (1) 颗星星。\n\n注意：你必须完成游戏才能获得你有资格得到的任何星星。\n\n<sprite59>\n[b]嘉奖[/b]\n\n在公开多人游戏（通过加入公开多人队列开始的任何游戏）结束时，玩家可以嘉奖其他玩家，以褒扬其发扬阿门罗精神、打得精彩，或仅仅是为人不错。\n\n若玩家收到两 (2) 次嘉奖，将额外获得一 (1) 颗星星。\n\n若玩家收到三 (3) 次嘉奖，将总共额外获得两 (2) 颗星星。\n\n注意：你不能嘉奖自己。
GAMEGUIDEPAGE_MULTIPLAYER_TITLETEXT,多人
GAMEGUIDEPAGE_PALACE_BODYTEXT,<sprite28>\n进入王宫是一件危险的事。王宫被王宫花园环绕，其中有四道险峻的王宫陷阱。它们将考验你的智力或灵力。未通过王宫陷阱会被逐出王宫！\n\n进入王宫（或在其中）的任何移动都会消耗你所有剩余的行动点数——包括攻击国王！\n\n当英雄试图进入王宫或攻击国王时，国王会悬赏其首级。\n\n这将使国王守卫作为王冠的叛国者追捕他们，若另一名英雄先夺取该悬赏，他将获得额外声望和金币！\n\n<sprite29>\n\n提示——每道王宫陷阱都有需要匹配的特定符号。提前熟悉它们，以便应对陷阱。
GAMEGUIDEPAGE_PALACE_TITLETEXT,王宫
GAMEGUIDEPAGE_PERILS_BODYTEXT,<sprite30>\n\n陷阱是英雄或国王布置到地图上作为圈套的卡牌。\n\n陷阱会依据具体卡牌考验两种属性之一：诡术陷阱考验智力，法术陷阱考验你的灵力属性。\n\n<sprite31>\n\n要成功抵御陷阱，你需要用自己阿门罗骰子的符号匹配陷阱的符号。\n\n陷阱的难度或抵御等级以所需符号匹配的数量表示。\n\n<sprite32>\n\n焚烧卡牌是帮助通过凶险陷阱的绝佳策略。\n\n注意：陷阱所需的符号匹配数量可能超过你的英雄所拥有的骰子数。\n\n提示——陷阱的难度可以通过某些卡牌修改。
GAMEGUIDEPAGE_PERILS_TITLETEXT,陷阱
GAMEGUIDEPAGE_PLAYINGPERILS_BODYTEXT,<sprite33>\n\n大多数法术牌和诡术牌都可以作为陷阱打出。\n\n要将陷阱布到地图上，你需要有打出该卡牌的资源（多数情况下为金币或魔法），并为陷阱选择有效目标。\n\n<sprite34>\n\n右下角带有陷阱符号的卡牌可以作为陷阱布置到有效地块上。\n\n在阿门罗中布置陷阱是阻碍和破坏其他英雄争夺王座之路的核心机制。\n\n<sprite35>\n\n提示——其他英雄无法看到你的陷阱是哪张卡牌及其难度……除非他们拥有侦察能力！
GAMEGUIDEPAGE_PLAYINGPERILS_TITLETEXT,部署陷阱
GAMEGUIDEPAGE_PRESTIGE_BODYTEXT,<sprite36>\n\n声望是阿门罗中强大且人人渴求的资源。它影响你在王国中的名望以及国王对你的青睐。\n\n声望最高的英雄被视为声望领先者，并被任命为国王总管。\n\n<sprite37>\n\n你将掌控黎明时公布的国王宣言；若国王病死，你将被宣布为王位的合法继承人并赢得游戏。\n\n你可以通过打出卡牌、斩杀贝恩或英雄、收取悬赏和完成任务来获得声望。\n\n<sprite38>\n\n杀死国王守卫、死亡并被送回部族领地都会损失声望；而直接攻击国王将使你失去所有声望。
GAMEGUIDEPAGE_PRESTIGE_TITLETEXT,声望
GAMEGUIDEPAGE_RECONNECT_BODYTEXT,<sprite64>\n\n如果你的征程因断线或游戏崩溃而中断，别担心！恼人的技术问题不会终结你的在线多人冒险。\n\n阿门罗的重新连接功能让你在离开后的一段时间内仍有机会重新加入在线多人游戏。\n\n只需恢复网络连接，回到主菜单，在“多人”选项下选择“重新加入”即可尝试重新连接。\n\n请注意：为确保游戏在你缺席时继续进行，若你离开太久，一名 AI 选手将代替你的位置，直到你重新加入多人游戏。
GAMEGUIDEPAGE_RECONNECT_TITLETEXT,重新连接
GAMEGUIDEPAGE_ROT_BODYTEXT,<sprite39>\n\n腐化是一种黑暗的恶性力量。人们对它知之甚少，只知道它渴求生命，吞噬并扭曲它接触到的一切。有人说，对于愿意探求其黑暗秘密的人，它蕴藏着不可思议的力量。\n\n获得腐化有两个阶段；\n\n<sprite40>\n\n[b]已感染：[/b]每个黎明你将失去 1 点生命。在战斗中，腐化等级高于你的生物将获得你的腐化作为加成骰子！\n\n<sprite41>\n\n[b]已堕落：[/b]腐化达到 5 点时，你将完全堕落。你保留已感染的效果；贝恩不再攻击你；怀尔德符号现在视为未命中，而腐化符号会攻击并爆发；你每次击杀获得 +1 生命，每斩杀一名贝恩获得 +1 腐化；此外，进入石环或石阵结界时，你每有 1 点腐化就会受到 -1 生命。
GAMEGUIDEPAGE_ROT_TITLETEXT,腐化
GAMEGUIDEPAGE_ROUTING_BODYTEXT,在战斗中失利但幸存的英雄或生物仅可撤退到位于他们正后方的三个地块之一里。\n\n 如果这些地块被阻挡，并且英雄无法撤退，他们将被杀掉（溃退），无论他们剩余多少生命。\n\n<sprite42>
GAMEGUIDEPAGE_ROUTING_TITLETEXT,溃退
GAMEGUIDEPAGE_SPIRITSTONES_BODYTEXT,<sprite43>\n\n灵石是古老而令人渴求的怀尔德能量造物，是没有生命形态的生命精华。\n\n通过在这片大地上完成任务、探索和冒险，你可以收集灵石。\n\n<sprite44>\n\n当英雄拥有四颗灵石时，即被视为灵界行者。\n\n[b]灵界行者：[/b]只要拥有四颗或更多灵石，你就不会再获得腐化，改为每本应获得 1 点腐化就失去 1 点生命。你可以净化相邻地块上心怀黑心的生物（国王、贝恩），涤除其腐化并立即将其杀死。注意：净化消耗 1 点行动点数，且你会原地不动。最后，贝恩会主动避开灵界行者。\n\n由于能够净化心怀黑心的生物，若灵界行者能抵达国王的王座间，就能净化国王身上的腐化，拯救阿门罗王国，赢得灵石胜利。
GAMEGUIDEPAGE_SPIRITSTONES_TITLETEXT,灵石
GAMEGUIDEPAGE_THESTRANGER_BODYTEXT,陌客是一个顽皮的随从，据说常出没于阿门罗的地牢。偶然邂逅这个神秘角色，可以说（而且很可能）既是福也是祸。\n\n<sprite54>\n\n若你在地牢中发现陌客，他会加入你的队伍，无论队伍是否满员！\n\n陌客有三大特质……\n\n[b]粘人：[/b]无法通过在其之上招募随从或对自己使用贿赂来将陌客移出队伍。\n\n[b]误导：[/b]你的回合开始时，陌客会将你随机移动到相邻地块。此移动不消耗行动点数，但每回合都会发生，直到陌客离开你的队伍。\n\n[b]善变：[/b]若招募陌客的英雄在与其他英雄相邻的地块结束回合，或有英雄在与招募陌客的英雄相邻的地块结束回合，陌客就有机会换到另一位英雄的队伍。\n\n\n哦，还有一件事，有些老朋友可不喜欢团聚……
GAMEGUIDEPAGE_THESTRANGER_TITLETEXT,陌客
GAMEGUIDEPAGE_TILES_BODYTEXT,阿门罗王国由标示不同地形类型的地块构成。\n\n<sprite45>\n[b]平原：[/b]基础地形。无效果。\n\n<sprite46>\n[b]森林：[/b]在黑夜提供潜行。\n\n<sprite47>\n[b]山脉：[/b]设防。攀爬需 -2 行动点数，但在战斗中提供 +1 加成护盾。\n\n<sprite48>\n[b]聚落：[/b]被占据后，每个黎明生成 +1 金币。首个聚落之后，你每拥有一处聚落，所有诡术牌便获得 -1 金币折扣。\n\n<sprite49>\n[b]沼泽：[/b]因瘴气、蚊虫和难行之地导致 -1 生命。\n\n<sprite50>\n[b]石环：[/b]在这些神秘林地中回复 1 点生命。\n\n<sprite51>\n[b]地牢：[/b]遍布宝藏、贝恩等物的危险之地。
GAMEGUIDEPAGE_TILES_TITLETEXT,地块
GAMEGUIDEPAGE_TRANSMOGRIFY_BODYTEXT,"如果你发现自己有很多同一稀有度的骰子且来自同一收藏，你可以牺牲其中的五 (5) 个来交换一个下一级稀有度最高且属于同一收藏的随机骰子。\n\n<sprite53>\n\n你可通过选择一个有""可变形""标签的骰子在""库存""菜单中查看变形过程。\n\n注：只有宝箱收藏的骰子可以变形。"
GAMEGUIDEPAGE_TRANSMOGRIFY_TITLETEXT,变形
GAMEPROGRESS_DESCRIPTION,以全部八位初始英雄、全部四种胜利方式完成序章，登上阿门罗的王座。
GAME_GUIDE_CHANGE_PAGE,更改主题
GAME_GUIDE_CONTROL,向上/向下
GAME_INTRO_LINE_1,从鼠族到熊族，所有族群都宣布，\n\n是时候夺取王座了。
GAME_INTRO_LINE_2,腐化正在蔓延，它扭曲了我们的国王，\n\n并威胁阿门罗大地。
GAME_INTRO_SKIP_TEXT,按任意键跳过
GAME_INTRO_SKIP_TOUCH_TEXT,轻击跳过
GAME_INTRO_TEXT,阿门罗王国是一个充满魔法与奇迹的国度，然而一股黑暗的阴影正悄然爬过这片土地。我们曾经伟大的国王已被腐化的邪恶侵蚀，他的暴政与疯狂如今正威胁着他曾一统的王国。\n\n\n[i]英雄，无论用何种手段，你必须成为阿门罗的国王或女王。[/i]\n\n\n[i]但要当心，阿门罗的游戏是一场机遇与背叛交织的博弈。没有两局游戏是相同的，命运——和你的对手——常常会对你冷酷无情，但请记住……敢于从失败之口中夺取胜利的，才是真正的英雄。[/i]
GAME_MODE_CLASSIC_MULTIPLAYER_DESCRIPTION,在经典和自定义游戏中争夺阿门罗的王座。
GAME_MODE_CLASSIC_MULTIPLAYER_TITLE,经典多人
GAME_MODE_CUSTOM_MULTIPLAYER_DESCRIPTION,自定义多人游戏描述
GAME_MODE_CUSTOM_MULTIPLAYER_TITLE,自定义多人
GAME_NAME,阿门罗
GMB_CROSSPLAY_DESC,启用/禁用跨平台网络游戏
GMB_CROSSPLAY_DISABLE,禁用
GMB_CROSSPLAY_ENABLE,启用
GMB_DEAD_MANS_HAND_OFF_DESCRIPTION,英雄死亡时不会失去任何卡牌。
GMB_DEAD_MANS_HAND_OFF_OPTIONNAME,关闭
GMB_DEAD_MANS_HAND_ON_DESCRIPTION,你手上的卡牌会在死去时被废弃。
GMB_DEAD_MANS_HAND_ON_LONGNAME,死亡玩家的爪子
GMB_DEAD_MANS_HAND_ON_OPTIONNAME,开启
GMB_EXPLODE_POOL_OFF_DESCRIPTION,所有生物都可掷出无限爆炸。
GMB_EXPLODE_POOL_OFF_LONGNAME,无限爆发
GMB_EXPLODE_POOL_OFF_OPTIONNAME,开启
GMB_EXPLODE_POOL_ON_DESCRIPTION,默认的爆发池限制。
GMB_EXPLODE_POOL_ON_OPTIONNAME,关闭
GMB_FIND_PARTIES_DISABLE_DESCRIPTION,不允许在公开多人游戏中与好友组队进行匹配。
GMB_FIND_PARTIES_DISABLE_OPTIONNAME,关闭
GMB_FIND_PARTIES_ENABLE_DESCRIPTION,允许在公开多人游戏中与好友组队进行匹配。
GMB_FIND_PARTIES_ENABLE_OPTIONNAME,开启
GMB_FIRST_HAND_DEFAULT_DESCRIPTION,平均分配道具、法术和诡术卡牌开局
GMB_FIRST_HAND_DEFAULT_OPTIONNAME,默认
GMB_FIRST_HAND_DRAW_DESCRIPTION,选择在第一回合中抽起手牌的卡组。
GMB_FIRST_HAND_DRAW_LONGNAME,已抽取第一手牌
GMB_FIRST_HAND_DRAW_OPTIONNAME,抽取
GMB_FIRST_HAND_RANDOM_DESCRIPTION,完全随机抽取卡牌开局
GMB_FIRST_HAND_RANDOM_LONGNAME,随机抽取的第一手牌
GMB_FIRST_HAND_RANDOM_OPTIONNAME,随机
GMB_FURY_MODE_OFF_DESCRIPTION,使用回合计时器设置。
GMB_FURY_MODE_OFF_OPTIONNAME,关闭
GMB_FURY_MODE_ON_DESCRIPTION,更快、更激烈的阿门罗，配有常驻的动态计时器。
GMB_FURY_MODE_ON_LONGNAME,愤怒模式
GMB_FURY_MODE_ON_OPTIONNAME,开启
GMB_KING_DAWN_DEFAULT_DESCRIPTION,国王将像往常一样在黎明受到腐化伤害。
GMB_KING_DAWN_DEFAULT_OPTIONNAME,默认
GMB_KING_DAWN_NO_DAMAGE_DESCRIPTION,国王在黎明不会受到腐化伤害。
GMB_KING_DAWN_NO_DAMAGE_LONGNAME,国王免疫腐化伤害
GMB_KING_DAWN_NO_DAMAGE_OPTIONNAME,无腐化伤害
GMB_NEW_AI_OFF_DESCRIPTION,使用已有机器人
GMB_NEW_AI_OFF_OPTIONNAME,旧版
GMB_NEW_AI_ON_DESCRIPTION,使用新建机器人
GMB_NEW_AI_ON_LONGNAME,新建机器人
GMB_NEW_AI_ON_OPTIONNAME,新版
GMB_QUICK_AI_TURNS_OFF_DESCRIPTION,完整体现AI遭遇战斗和陷阱时的情形。
GMB_QUICK_AI_TURNS_OFF_OPTIONNAME,关闭
GMB_QUICK_AI_TURNS_ON_DESCRIPTION,AI 快速行动，跳过遭遇的战斗和陷阱。
GMB_QUICK_AI_TURNS_ON_OPTIONNAME,开启
GMB_STRANGER_OFF_DESCRIPTION,陌客不会造访阿门罗。
GMB_STRANGER_OFF_LONGNAME,无陌客
GMB_STRANGER_OFF_OPTIONNAME,离开
GMB_STRANGER_ON_DESCRIPTION,陌客在阿门罗的大地上漫游。
GMB_STRANGER_ON_OPTIONNAME,拜访
GMCC_ARMOURED_KG_DESCRIPTION,所有国王守卫均装备战斗护甲。
GMCC_ARMOURED_KG_LONGNAME,重甲国王守卫
GMCC_ARMOURED_KG_OPTIONNAME,披甲
GMCC_DEFAULT_BANE_DESCRIPTION,经典贝恩。
GMCC_DEFAULT_BANE_OPTIONNAME,默认
GMCC_DEFAULT_KG_DESCRIPTION,精英国王守卫
GMCC_DEFAULT_KG_OPTIONNAME,默认
GMCC_DIRE_BANE_DESCRIPTION,所有贝恩 +1 战力，+1 体力。
GMCC_DIRE_BANE_LONGNAME,恐怖贝恩
GMCC_DIRE_BANE_OPTIONNAME,恐怖
GMCC_HERO_AP_1_DESCRIPTION,所有英雄获得 +1 行动点数。
GMCC_HERO_AP_1_LONGNAME,+1 英雄行动点数
GMCC_HERO_AP_1_OPTIONNAME,+1 行动点数
GMCC_HERO_AP_2_DESCRIPTION,所有英雄获得 +2 行动点数
GMCC_HERO_AP_2_LONGNAME,+2 英雄行动点数
GMCC_HERO_AP_2_OPTIONNAME,+2 行动点数
GMCC_HERO_AP_DEFAULT_DESCRIPTION,所有英雄以默认行动点数开局。
GMCC_HERO_AP_DEFAULT_OPTIONNAME,默认
GMCC_HERO_BODY_1_DESCRIPTION,所有英雄获得 +1 体力。
GMCC_HERO_BODY_1_LONGNAME,英雄体力 +1
GMCC_HERO_BODY_1_OPTIONNAME,+1 体力
GMCC_HERO_BODY_2_DESCRIPTION,所有英雄获得 2 点体力。
GMCC_HERO_BODY_2_LONGNAME,英雄体力 +2
GMCC_HERO_BODY_2_OPTIONNAME,+2 体力
GMCC_HERO_BODY_3_DESCRIPTION,所有英雄获得 3 点体力。
GMCC_HERO_BODY_3_LONGNAME,英雄体力 +3
GMCC_HERO_BODY_3_OPTIONNAME,+3 体力
GMCC_HERO_BODY_DEFAULT_DESCRIPTION,英雄体力为初始默认值。
GMCC_HERO_BODY_DEFAULT_OPTIONNAME,默认
GMCC_HERO_ROT_1_DESCRIPTION,所有英雄开局 +1 腐化。
GMCC_HERO_ROT_1_LONGNAME,已感染英雄
GMCC_HERO_ROT_1_OPTIONNAME,开局已感染
GMCC_HERO_ROT_5_DESCRIPTION,所有英雄开局 +5 腐化。
GMCC_HERO_ROT_5_LONGNAME,已堕落英雄
GMCC_HERO_ROT_5_OPTIONNAME,开局已堕落
GMCC_HERO_ROT_DEFAULT_DESCRIPTION,所有英雄以默认腐化开局。
GMCC_HERO_ROT_DEFAULT_OPTIONNAME,默认
GMCC_HERO_STARTING_EQUIPMENT_DEFAULT_DESCRIPTION,英雄们不带任何装备开局
GMCC_HERO_STARTING_EQUIPMENT_DEFAULT_OPTIONNAME,默认
GMCC_HERO_STARTING_EQUIPMENT_FOLLOWER_1_DESCRIPTION,英雄们装备一张随机随从卡牌开局
GMCC_HERO_STARTING_EQUIPMENT_FOLLOWER_1_LONGNAME,随机起手随从卡牌
GMCC_HERO_STARTING_EQUIPMENT_FOLLOWER_1_OPTIONNAME,1 名随从
GMCC_HERO_STARTING_EQUIPMENT_TREASURE_1_DESCRIPTION,勇士们装备一张随机宝藏卡牌开局
GMCC_HERO_STARTING_EQUIPMENT_TREASURE_1_LONGNAME,随机起手宝藏卡牌
GMCC_HERO_STARTING_EQUIPMENT_TREASURE_1_OPTIONNAME,1 张宝藏卡牌
GMCC_HERO_STARTING_EQUIPMENT_TREASURE_AND_FOLLOWER_DESCRIPTION,英雄们装备一张随机宝藏卡牌和一张随机随从卡牌开局。
GMCC_HERO_STARTING_EQUIPMENT_TREASURE_AND_FOLLOWER_LONGNAME,随机起手宝藏和随从卡牌
GMCC_HERO_STARTING_EQUIPMENT_TREASURE_AND_FOLLOWER_OPTIONNAME,宝藏和随从
GMCC_HERO_WITS_1_DESCRIPTION,所有英雄获得 1 点智力。
GMCC_HERO_WITS_1_LONGNAME,+1 英雄智力
GMCC_HERO_WITS_1_OPTIONNAME,+1 智力
GMCC_HERO_WITS_DEFAULT_DESCRIPTION,所有英雄以默认智力开局。
GMCC_HERO_WITS_DEFAULT_OPTIONNAME,默认
GMCC_KING_BODY_DEFAULT_DESCRIPTION,国王开局拥有 9 点体力。
GMCC_KING_BODY_DEFAULT_OPTIONNAME,默认
GMCC_KING_BODY_HIGH_DESCRIPTION,国王开局拥有 10 点体力。
GMCC_KING_BODY_HIGH_LONGNAME,漫长的游戏
GMCC_KING_BODY_HIGH_OPTIONNAME,漫长
GMCC_KING_BODY_LOW_DESCRIPTION,国王开局拥有 8 点体力。
GMCC_KING_BODY_LOW_LONGNAME,短暂的游戏
GMCC_KING_BODY_LOW_OPTIONNAME,短暂
GMCC_KING_BODY_VHIGH_DESCRIPTION,国王开局拥有 11 点体力。
GMCC_KING_BODY_VHIGH_LONGNAME,史诗游戏
GMCC_KING_BODY_VHIGH_OPTIONNAME,史诗
GMCC_KING_BODY_VLOW_DESCRIPTION,国王开局拥有 7 点体力。
GMCC_KING_BODY_VLOW_LONGNAME,极短局游戏
GMCC_KING_BODY_VLOW_OPTIONNAME,极短
GMI_KINGS_PERIL_TOPUP_0_DESCRIPTION,国王不会在黄昏时布置陷阱。
GMI_KINGS_PERIL_TOPUP_0_LONGNAME,冷静的国王
GMI_KINGS_PERIL_TOPUP_0_OPTIONNAME,冷静
GMI_KINGS_PERIL_TOPUP_4_DESCRIPTION,每个黄昏，国王确保场上至少有 4 个陷阱。
GMI_KINGS_PERIL_TOPUP_4_OPTIONNAME,默认
GMI_KINGS_PERIL_TOPUP_8_DESCRIPTION,每个黄昏，国王确保场上至少有 8 个陷阱！
GMI_KINGS_PERIL_TOPUP_8_LONGNAME,疯狂国王
GMI_KINGS_PERIL_TOPUP_8_OPTIONNAME,疯狂
GMI_MAP_STYLE_MIRROR_0_DESCRIPTION,创建一张由四个相同象限和少量特殊地块组成的地图。
GMI_MAP_STYLE_MIRROR_0_LONGNAME,镜像地图（低混乱）
GMI_MAP_STYLE_MIRROR_0_OPTIONNAME,镜像（低）
GMI_MAP_STYLE_MIRROR_3_DESCRIPTION,创建一张由四个相同象限和大量特殊地块组成的地图。
GMI_MAP_STYLE_MIRROR_3_LONGNAME,镜像地图（最高混乱）
GMI_MAP_STYLE_MIRROR_3_OPTIONNAME,镜像（最高）
GMI_MAP_STYLE_MIRROR_RANDOM_DESCRIPTION,创建一张由相同象限和随机数量特殊地块组成的地图。
GMI_MAP_STYLE_MIRROR_RANDOM_LONGNAME,镜像地图（随机混乱）
GMI_MAP_STYLE_MIRROR_RANDOM_OPTIONNAME,镜像（随机）
GMI_MAP_STYLE_RANDOM_DESCRIPTION,地图会根据默认规则生成。
GMI_MAP_STYLE_RANDOM_OPTIONNAME,经典
GMI_PALACE_PERIL_DIFFICULTY_0_DESCRIPTION,王宫将不会有陷阱防守。
GMI_PALACE_PERIL_DIFFICULTY_0_LONGNAME,无王宫陷阱
GMI_PALACE_PERIL_DIFFICULTY_0_OPTIONNAME,无陷阱
GMI_PALACE_PERIL_DIFFICULTY_3_DESCRIPTION,王宫陷阱只需匹配 3 个符号即可通过。
GMI_PALACE_PERIL_DIFFICULTY_3_LONGNAME,简单王宫陷阱
GMI_PALACE_PERIL_DIFFICULTY_3_OPTIONNAME,简单
GMI_PALACE_PERIL_DIFFICULTY_4_DESCRIPTION,王宫陷阱需要匹配 4 个符号才能通过。
GMI_PALACE_PERIL_DIFFICULTY_4_OPTIONNAME,经典
GMI_PALACE_PERIL_DIFFICULTY_5_DESCRIPTION,王宫陷阱需要匹配 5 个符号才能通过。
GMI_PALACE_PERIL_DIFFICULTY_5_LONGNAME,困难王宫陷阱
GMI_PALACE_PERIL_DIFFICULTY_5_OPTIONNAME,困难
GMM_AUTUMN_DESCRIPTION,在秋季棋盘上游玩阿门罗。
GMM_AUTUMN_OPTIONNAME,秋季
GMM_DEFAULT_DESCRIPTION,随机选择桌面类型。
GMM_DEFAULT_OPTIONNAME,随机
GMM_SPRING_DESCRIPTION,在春季棋盘上游玩阿门罗。
GMM_SPRING_OPTIONNAME,春季
GMM_SUMMER_DESCRIPTION,在夏季棋盘上游玩阿门罗。
GMM_SUMMER_OPTIONNAME,夏季
GMM_WINTER_DESCRIPTION,在冬季棋盘上游玩阿门罗。
GMM_WINTER_OPTIONNAME,冬季
GMT_BURNDOWN_ONLY_DESCRIPTION,轻松的回合，但遇到战斗和陷阱时不能松懈！
GMT_BURNDOWN_ONLY_OPTIONNAME,仅限烧毁
GMT_DEBUG_SHORT_DESCRIPTION,调试：超短回合计时器仅用于测试！
GMT_DEBUG_SHORT_OPTIONNAME,调试短局
GMT_DISABLED_DESCRIPTION,没有时间限制，可以尽情放松。
GMT_DISABLED_OPTIONNAME,禁用
GMT_FURY_MODE_DESCRIPTION,为速度最快、最愤怒的玩家设计（开发中）
GMT_FURY_MODE_OPTIONNAME,狂怒模式
GMT_NORMAL_DESCRIPTION,以默认时间限制进行游戏。
GMT_NORMAL_OPTIONNAME,普通
GMT_SHORT_DESCRIPTION,时间很有限，考验自己的水平吧！
GMT_SHORT_OPTIONNAME,短局
GM_BANE_CONFIG_NAME,贝恩类型
GM_DEAD_MANS_HAND_NAME,死亡玩家的爪子
GM_EXPLODE_POOL_NAME,无限爆发
GM_FIND_PARTIES_NAME,团队匹配
GM_FIRST_HAND_NAME,起手牌类型
GM_FURY_MODE_NAME,狂怒模式
GM_GAME_LENGTH_NAME,游戏时长
GM_HERO_AP_NAME,英雄行动点数
GM_HERO_BODY_NAME,英雄体力
GM_HERO_ROT_NAME,英雄腐化
GM_HERO_STARTING_EQUIPMENT_NAME,英雄起始装备
GM_HERO_WITS_NAME,英雄智力
GM_KG_CONFIG_NAME,国王守卫类型
GM_KING_DAWN_NAME,国王黎明伤害
GM_MAD_KING_NAME,疯狂国王
GM_MAP_NAME,棋盘
GM_MAP_STYLE_NAME,地图风格
GM_NEW_AI_NAME,AI 类型
GM_PALACE_PERIL_DIFFICULTY_NAME,王宫陷阱难度
GM_QUICK_AI_TURNS_NAME,快速 AI 回合
GM_STRANGER_NAME,陌生人
GM_TIMERS_NAME,回合计时器
GRAPHICSOPTIONSCUSTOM_NAME,自定义
GRAPHICSOPTIONSHIGH_NAME,高
GRAPHICSOPTIONSLOW_NAME,低
GRAPHICSOPTIONSMEDIUM_NAME,中
GRAPHICSOPTIONSVERYHIGH_NAME,极高
GRAPHICSOPTIONSVERYLOW_NAME,极低
HEROSET03_DLC_DESCRIPTION,与四位全新可玩英雄和四枚新戒指——每个部族一枚！——一同加入争夺阿门罗王座的战斗！
HEROSET03_DLC_NAME,篡位英雄包
HEROSET04_DLC_DESCRIPTION,通过这支英雄包执掌大部族的放逐者，与阿门罗的本篇英雄一争高下！包含四位全新可玩英雄、一枚新护符与四枚新戒指！
HEROSET04_DLC_NAME,对手英雄包
HEROSTAT_BANESVANQUISHED,贝恩击杀数
HEROSTAT_BECOMECORRUPT,已堕落次数
HEROSTAT_DEATHSBYKINGINBATTLE,国王在战斗中杀死的人
HEROSTAT_HEROESDEFEATEDINBATTLE,战斗中被打败的英雄
HEROSTAT_KINGSGUARDSMURDERED,被杀死的国王守卫
HEROSTAT_KINGSSLAININBATTLE,战斗中被杀害的国王
HEROSTAT_SPIRITSTONESCOLLECTED,收集的灵石
HEROSTAT_THRONESASCENDED,登上的王座
HERO_BANDIT_01_DESCRIPTION,小光爪
HERO_BANDIT_01_HEROSELECTTOOLTIP,阿门罗有史以来最伟大的盗贼。
HERO_BANDIT_01_NAME,特维斯
HERO_BANDIT_01_TOOLTIPBODYTEXT,阿门罗有史以来最伟大的盗贼。
HERO_BANDIT_02_DESCRIPTION,灵魂渔夫
HERO_BANDIT_02_HEROSELECTTOOLTIP,复仇之外再无动机。为杀戮而活。
HERO_BANDIT_02_NAME,塞拉斯
HERO_BANDIT_02_TOOLTIPBODYTEXT,复仇之外再无动机。为杀戮而活。
HERO_BANDIT_03_DESCRIPTION,铁诗人
HERO_BANDIT_03_HEROSELECTTOOLTIP,一位武艺太高而死不掉、忠心太重而退不了的老骑士。
HERO_BANDIT_03_NAME,霍拉斯
HERO_BANDIT_03_TOOLTIPBODYTEXT,一位武艺太高而死不掉、忠心太重而退不了的老骑士。
HERO_BANDIT_04_DESCRIPTION,强盗王
HERO_BANDIT_04_HEROSELECTTOOLTIP,天生的领袖。魅力、智谋，与无情的决心。
HERO_BANDIT_04_NAME,斯卡蕾特
HERO_BANDIT_04_TOOLTIPBODYTEXT,天生的领袖。魅力、智谋，与无情的决心。
HERO_BEAR_01_DESCRIPTION,森林姊妹
HERO_BEAR_01_HEROSELECTTOOLTIP,与怀尔德融为一体，\n施法是萨娜的天赋。
HERO_BEAR_01_NAME,萨娜
HERO_BEAR_01_TOOLTIPBODYTEXT,与怀尔德融为一体，施法是萨娜的天赋。
HERO_BEAR_02_DESCRIPTION,伐橡树者
HERO_BEAR_02_HEROSELECTTOOLTIP,怀尔德为这头如攻城锤般的熊提供力量。
HERO_BEAR_02_NAME,布朗
HERO_BEAR_02_TOOLTIPBODYTEXT,怀尔德为这头如攻城锤般的熊提供力量。
HERO_BEAR_03_DESCRIPTION,怀尔德同族
HERO_BEAR_03_HEROSELECTTOOLTIP,一头朴素的熊，对森林有着深沉的亲和力。
HERO_BEAR_03_NAME,戈尔
HERO_BEAR_03_TOOLTIPBODYTEXT,一头朴素的熊，对森林有着深沉的亲和力。
HERO_BEAR_04_DESCRIPTION,吞噬者
HERO_BEAR_04_HEROSELECTTOOLTIP,一位古怪的老妪，献身于怀尔德之道……不惜一切代价。
HERO_BEAR_04_NAME,尤尔达娜
HERO_BEAR_04_TOOLTIPBODYTEXT,一位古怪的老妪，献身于怀尔德之道……不惜一切代价。
HERO_BODY,体力
HERO_DRAGON_01_DESCRIPTION,蠕虫咏者
HERO_DRAGON_01_HEROSELECTTOOLTIP,一位自封的先知，能够同时影响精明的头脑与野兽的心智。
HERO_DRAGON_01_NAME,沃洛达
HERO_DRAGON_01_TOOLTIPBODYTEXT,一位自封的先知，能够同时影响精明的头脑与野兽的心智。
HERO_DRAGON_02_DESCRIPTION,亡魂
HERO_DRAGON_02_HEROSELECTTOOLTIP,她可能是阿门罗最古老的生物，这位古老的勇士依然恪守着对蠕虫的誓言。
HERO_DRAGON_02_NAME,阿格尼亚
HERO_DRAGON_02_TOOLTIPBODYTEXT,她可能是阿门罗最古老的生物，这位古老的勇士依然恪守着对蠕虫的誓言。
HERO_DRAGON_03_DESCRIPTION,哨兵
HERO_DRAGON_03_HEROSELECTTOOLTIP,作为一队精英哨兵的成员，她是对付怀尔德的绝佳武器。
HERO_DRAGON_03_NAME,奥克萨娜
HERO_DRAGON_03_TOOLTIPBODYTEXT,作为一队精英哨兵的成员，她是对付怀尔德的绝佳武器。
HERO_DRAGON_04_DESCRIPTION,狂人
HERO_DRAGON_04_HEROSELECTTOOLTIP,一位忠于蠕虫的幻术师，狡诈多端且疑神疑鬼。
HERO_DRAGON_04_NAME,纳扎尔
HERO_DRAGON_04_TOOLTIPBODYTEXT,一位忠于蠕虫的幻术师，狡诈多端且疑神疑鬼。
HERO_FIGHT,战力
HERO_HEALTH,生命
HERO_RABBIT_01_DESCRIPTION,远寻者
HERO_RABBIT_01_HEROSELECTTOOLTIP,"全面型多面手，
还揣着一大袋金币。"
HERO_RABBIT_01_NAME,安布尔
HERO_RABBIT_01_TOOLTIPBODYTEXT,全面型多面手，还揣着一大袋金币。
HERO_RABBIT_02_DESCRIPTION,脱线
HERO_RABBIT_02_HEROSELECTTOOLTIP,一个小天才，足智多谋又容易激动！
HERO_RABBIT_02_NAME,巴纳比
HERO_RABBIT_02_TOOLTIPBODYTEXT,一个小天才，足智多谋又容易激动！
HERO_RABBIT_03_DESCRIPTION,兔窟女典守
HERO_RABBIT_03_HEROSELECTTOOLTIP,"一位以出色完成任务
而闻名的建筑大师。"
HERO_RABBIT_03_NAME,伊莱莎
HERO_RABBIT_03_TOOLTIPBODYTEXT,一位以出色完成任务而闻名的建筑大师。
HERO_RABBIT_04_DESCRIPTION,雷霆伯爵
HERO_RABBIT_04_HEROSELECTTOOLTIP,"曾是兔族贵族之首，一位功勋卓著的老将，
带着几分危险的老糊涂。"
HERO_RABBIT_04_NAME,哈格雷夫
HERO_RABBIT_04_TOOLTIPBODYTEXT,曾是兔族贵族之首，一位功勋卓著的老将，带着几分危险的老糊涂。
HERO_RAT_01_DESCRIPTION,狞笑之刃
HERO_RAT_01_HEROSELECTTOOLTIP,"精通阴谋与诡术，
手持一把快刃。"
HERO_RAT_01_NAME,墨丘里奥
HERO_RAT_01_TOOLTIPBODYTEXT,精通阴谋与诡术，手持一把快刃。
HERO_RAT_02_DESCRIPTION,旋风
HERO_RAT_02_HEROSELECTTOOLTIP,"一名致命刺客，
专精于伺机一击。"
HERO_RAT_02_NAME,佐沙
HERO_RAT_02_TOOLTIPBODYTEXT,一名致命刺客，专精于伺机一击。
HERO_RAT_03_DESCRIPTION,死亡预言者
HERO_RAT_03_HEROSELECTTOOLTIP,"以来自帷幕彼端的秘密作交易的
恐怖之人。"
HERO_RAT_03_NAME,萨尔贡
HERO_RAT_03_TOOLTIPBODYTEXT,以来自帷幕彼端的秘密作交易的恐怖之人。
HERO_RAT_04_DESCRIPTION,屠夫女爵
HERO_RAT_04_HEROSELECTTOOLTIP,"一只恶魔般的、两面三刀的老鼠，
外加双倍的人格。"
HERO_RAT_04_NAME,格莉奥特
HERO_RAT_04_TOOLTIPBODYTEXT,一只恶魔般的、两面三刀的老鼠，外加双倍的人格。
HERO_SHELF_AMULET,护身符
HERO_SHELF_FOLLOWERS_TITLE,队伍
HERO_SHELF_GOLD,金币
HERO_SHELF_ITEMS_TITLE,物品栏
HERO_SHELF_JOURNAL_QUEST_TITLE,任务
HERO_SHELF_KING_BYLINE,阿门罗的统治者
HERO_SHELF_MAGIC,魔法
HERO_SHELF_PRESTIGE,声望
HERO_SHELF_ROT,腐化
HERO_SHELF_SETTLEMENTS,聚落
HERO_SHELF_SETTLEMENTS_DESC,"黎明收入：
+{0} 金币
诡术折扣：
-{1} 金币"
HERO_SHELF_SIGNET,图章
HERO_SHELF_SPIRIT_STONES,灵石
HERO_SHELF_SPIRIT_STONES_REQUIRED_DESC,还需 {0} 枚灵石才能净化国王。
HERO_SHELF_SPIRIT_STONES_SPIRITWALKER_DESC,已做好使用灵石净化国王的准备！
HERO_SPIRIT,灵力
HERO_WITS,智力
HERO_WOLF_01_DESCRIPTION,凛冬之狼
HERO_WOLF_01_HEROSELECTTOOLTIP,"近身战斗无人能敌，
塞恩是天生的狩猎者。"
HERO_WOLF_01_NAME,塞恩
HERO_WOLF_01_TOOLTIPBODYTEXT,近身战斗无人能敌，塞恩是天生的狩猎者。
HERO_WOLF_02_DESCRIPTION,啸鸣之箭
HERO_WOLF_02_HEROSELECTTOOLTIP,谋略是她的致命武器。
HERO_WOLF_02_NAME,里弗
HERO_WOLF_02_TOOLTIPBODYTEXT,谋略是她的致命武器。
HERO_WOLF_03_DESCRIPTION,不屈者
HERO_WOLF_03_HEROSELECTTOOLTIP,"狼族最狂热勇士的领袖。
不可撼动。"
HERO_WOLF_03_NAME,玛格娜
HERO_WOLF_03_TOOLTIPBODYTEXT,狼族最狂热勇士的领袖。不可撼动。
HERO_WOLF_04_DESCRIPTION,放逐者
HERO_WOLF_04_HEROSELECTTOOLTIP,遭到放逐的狼族王座继承人。凶暴而高傲。
HERO_WOLF_04_NAME,方
HERO_WOLF_04_TOOLTIPBODYTEXT,遭到放逐的狼族王座继承人。凶暴而高傲。
HORRORSANDHEROES_DESCRIPTION,从无比的恐怖中，伟大的英雄傲然出现。
HORRORSANDHEROES_NAME,英雄与恐怖的对决
HORRORSANDHEROES_SUBTITLE,从无比的恐怖中，伟大的英雄傲然出现。
INSTALLER_DOWNLOAD_MESSAGE_1,正在下载资料……请尽量使用 WiFi
INSTALLER_DOWNLOAD_MESSAGE_2,正在下载更新……请保持阿门罗开启
INSTALLER_DOWNLOAD_MESSAGE_3,就快完成了……感谢你的耐心
INSTALLER_DOWNLOAD_MESSAGE_4,正在下载最后的资料……准备开玩！
INSTALLER_RECONNECT_MESSAGE,正在尝试重新连接……我们建议你使用 WiFi
INVMENU_BUY,购买
INVMENU_CATEGORY_TOOLTIP_BADGES,徽章
INVMENU_CATEGORY_TOOLTIP_CHESTKEYS,宝箱与钥匙
INVMENU_CATEGORY_TOOLTIP_CHESTKEYSGIFTS,礼物、宝箱与钥匙
INVMENU_CATEGORY_TOOLTIP_DICE,骰子
INVMENU_CATEGORY_TOOLTIP_HERO,英雄
INVMENU_CATEGORY_TOOLTIP_HEROSKINS,英雄皮肤
INVMENU_CATEGORY_TOOLTIP_NOVELLAS,中篇小说
INVMENU_CHEST_REQUIRED,所需宝箱
INVMENU_COST_DESCRIPTION,幻化消耗。
INVMENU_EQUIP,装备
INVMENU_EXPEND,牺牲
INVMENU_EXPEND_DESCRIPTION,五个同一稀有度和收藏的骰子。
INVMENU_EXPEND_DESCRIPTION_HEROSKINPIECE,来自同一部族的五个英雄皮肤碎片。
INVMENU_INSPECT,检查
INVMENU_IN_GAME,已装备
INVMENU_KEY_REQUIRED,所需钥匙
INVMENU_OPEN_ANOTHER,打开另一个（{0}）
INVMENU_OPEN_CHEST,打开宝箱
INVMENU_OPEN_MARKETPLACE,打开市场
INVMENU_OPEN_NOVELLA,打开中篇小说
INVMENU_RECEIVE,接收
INVMENU_RECEIVE_DESCRIPTION,一个该收藏的下一级稀有度最高的骰子。
INVMENU_RECEIVE_DESCRIPTION_HEROSKINPIECE,来自该部族的一个英雄皮肤。
INVMENU_TOOLTIP_EQUIP,在游戏中使用道具
INVMENU_TOOLTIP_MARKETPLACE,显示 Steam 市场页面
INVMENU_TOOLTIP_OPEN_CHEST,打开宝箱接收一个新的道具
INVMENU_TOOLTIP_OPEN_NOVELLA,使用阅读器阅读此短篇小说
INVMENU_TOOLTIP_TRANSMOGRIFY,将五个稀有度相同的骰子转换成一个稀有度级别更高的骰子
INVMENU_TOOLTIP_TRANSMOGRIFY_HEROSKINPIECE,将来自同一部族的五个英雄皮肤碎片转变为一个英雄皮肤
INVMENU_TRANSMOGRIFY,变形
INVMENU_UNEQUIP,解除装备
INV_AMULET05_DESCRIPTION,"[c]生长[/c]

每个黄昏 +1 生命。

英雄护符。所有英雄均可佩戴。"
INV_AMULET06_DESCRIPTION,[c] 观察护身符 [/c]\n\n 遇到陷阱时第一次标志匹配一定成功。\n\n 英雄护身符。所有英雄均可佩戴。
INV_AMULET07_DESCRIPTION,"[c]恩惠[/c]

以 2 声望开始。你的声望不会被降至 2 以下。

英雄护符。所有英雄均可佩戴。"
INV_AMULET08_DESCRIPTION,"[c]腐坏[/c]

以 2 腐化开始。（你将被感染，并在黎明时 -1 生命。）

英雄护符。所有英雄均可佩戴。"
INV_AMULET10_DESCRIPTION,"[c]挖掘[/c]

每获得一枚灵石获得 +3 金币。"
INV_AMULET11_DESCRIPTION,"[c]冲刺[/c]

以 1 点或更多未使用的行动点数结束回合，下回合获得 +1 行动点数。

英雄护符。所有英雄均可佩戴。"
INV_AMULET12_DESCRIPTION,[c] 训练 [/c]\n\n +2 部族亲密关系骰子加成。\n\n 英雄护身符。所有英雄均可佩戴。
INV_AMULET13_DESCRIPTION,[c] 抵抗护身符 [/c]\n\n 在战斗和陷阱中获得 +1 盾牌。\n\n 英雄护身符。所有英雄均可佩戴。
INV_AMULET14_DESCRIPTION,"[c]恐吓[/c]

在生物旁结束你的回合，其战斗骰子 -2，直到下回合结束。

英雄护符。所有英雄均可佩戴。"
INV_AMULET15_DESCRIPTION,"[c]调和[/c]

未堕落时，战斗中你手牌的所有腐化符号变为怀尔德符号。

英雄护符。所有英雄均可佩戴。"
INV_AMULET16_DESCRIPTION,"[c]衰变[/c]

每获得 1 腐化回复 2 生命，石环腐化伤害上限为 3。

英雄护符。所有英雄均可佩戴。"
INV_BADGE_1101_DEVELOPER_DESCRIPTION,你正在玩的游戏……这个家伙参与开发过。噢耶。
INV_BADGE_1101_DEVELOPER_TITLE,开发者
INV_BADGE_1102_LOGSUPERFRIENDS_DESCRIPTION,少有人拥有皇室玫瑰。来自极客联盟的私人礼物。
INV_BADGE_1102_LOGSUPERFRIENDS_TITLE,皇家玫瑰
INV_BADGE_1103_EARLYACCESS_DESCRIPTION,阿门罗的忠实信徒！从抢先体验起就位居王座之上！
INV_BADGE_1103_EARLYACCESS_TITLE,早起者
INV_BADGE_1112_LOCALISATION_DESCRIPTION,该奖励专门提供给对《阿门罗》文本本地化做出贡献的热心社区成员。
INV_BADGE_1112_LOCALISATION_TITLE,本地化专家
INV_BADGE_1113_TESTINGCOMMUNITY_DESCRIPTION,这个忠诚的阿门罗人勇敢地保护着王国免受臭虫的最大威胁……。
INV_BADGE_1113_TESTINGCOMMUNITY_TITLE,皇家卫队
INV_BADGE_1114_KICKSTARTERHERO_DESCRIPTION,这名支持者是阿门罗真正的英雄。顶级支持者就在这里！
INV_BADGE_1114_KICKSTARTERHERO_TITLE,英雄
INV_BADGE_1115_KICKSTARTERGUARDIAN_DESCRIPTION,阿门罗真正的守护者，在最黑暗的时代守护它的未来。
INV_BADGE_1115_KICKSTARTERGUARDIAN_TITLE,守护者
INV_BADGE_1116_KICKSTARTERGAMER_DESCRIPTION,这名支持者进入游戏后不会浪费时间。
INV_BADGE_1116_KICKSTARTERGAMER_TITLE,玩家
INV_BADGE_1117_KICKSTARTERARTISAN_DESCRIPTION,这名支持者为艺术而来，因为王位而留下来。
INV_BADGE_1117_KICKSTARTERARTISAN_TITLE,工匠
INV_BADGE_1118_KICKSTARTERGUPPY_DESCRIPTION,一名幸运获得阿门罗最不幸侍从效忠的支持者。
INV_BADGE_1118_KICKSTARTERGUPPY_TITLE,I <3 古比
INV_BADGE_1119_KICKSTARTERBANDIT_DESCRIPTION,一名强盗支持者！同情叛乱者。
INV_BADGE_1119_KICKSTARTERBANDIT_TITLE,强盗
INV_BADGE_1120_KICKSTARTERSCRIBE_DESCRIPTION,这名支持者一定有手稿和手册。
INV_BADGE_1120_KICKSTARTERSCRIBE_TITLE,抄写员
INV_BADGE_1121_KICKSTARTERLISTENER_DESCRIPTION,阿门罗悦耳之音的爱好者。支持过本游戏！
INV_BADGE_1121_KICKSTARTERLISTENER_TITLE,倾听者
INV_BADGE_1122_KICKSTARTERARMELLIAN_DESCRIPTION,阿门罗的公民！从最初就在这里！
INV_BADGE_1122_KICKSTARTERARMELLIAN_TITLE,阿门罗公民
INV_BADGE_20000_GIFTER_STATTRACKCONFIG_ENTRIES_0_DESCRIPTION,未兑换的赠礼人徽章升级器
INV_BADGE_20000_GIFTER_STATTRACKCONFIG_ENTRIES_0_TITLE,赠礼人徽章升级器
INV_BADGE_20000_GIFTER_STATTRACKCONFIG_ENTRIES_1_DESCRIPTION,"这位玩家花了些钱，为其他阿门罗玩家带去欢乐。

已拆开的礼物数量：{0}"
INV_BADGE_20000_GIFTER_STATTRACKCONFIG_ENTRIES_1_TITLE,赠礼人
INV_BADGE_20000_GIFTER_STATTRACKCONFIG_ENTRIES_2_DESCRIPTION,我想你肯定会说，我们这里有很多慷慨的玩家。\n\n他们已经为社区拆开了 {0} 份礼物！
INV_BADGE_20000_GIFTER_STATTRACKCONFIG_ENTRIES_2_TITLE,慷慨的赠礼人
INV_BADGE_20000_GIFTER_STATTRACKCONFIG_ENTRIES_3_DESCRIPTION,"瞧，这儿有位喜欢大家的人。看看他，送礼物跟玩儿似的！

已拆开 {0} 份礼物，还在增加！"
INV_BADGE_20000_GIFTER_STATTRACKCONFIG_ENTRIES_3_TITLE,高尚的赠礼人
INV_BADGE_20000_GIFTER_STATTRACKCONFIG_ENTRIES_4_DESCRIPTION,这就是你的父母亲希望你成为的那种神秘玩家。那个孩子是社交场合的中心人物。\n\n已经拆开了 {0} 份礼物！
INV_BADGE_20000_GIFTER_STATTRACKCONFIG_ENTRIES_4_TITLE,真正大手笔的赠礼人
INV_BADGE_20000_GIFTER_STATTRACKCONFIG_ENTRIES_5_DESCRIPTION,嗯，好吧，这个人爱你们所有人。非常爱。就是非常非常爱。我们怎么知道？！\n\n他们已经为社区拆开了 {0} 份礼物！
INV_BADGE_20000_GIFTER_STATTRACKCONFIG_ENTRIES_5_TITLE,礼物爱人
INV_BADGE_20000_GIFTER_STATTRACKCONFIG_ENTRIES_6_DESCRIPTION,这位玩家的爱（和钱包？）似乎深得不见底。\n\n你正在看的那个人真的拆开了 {0} 份礼物！\n\n那个故事真是传奇。<3
INV_BADGE_20000_GIFTER_STATTRACKCONFIG_ENTRIES_6_TITLE,礼物之神
INV_BADGE_BANDIT01_0_DESCRIPTION,用这个徽章展示你的技巧。
INV_BADGE_BANDIT01_0_NAME,特维斯的徽章
INV_BADGE_BANDIT02_0_DESCRIPTION,用这个徽章展示你复仇的动力。
INV_BADGE_BANDIT02_0_NAME,塞拉斯的徽章
INV_BADGE_BANDIT03_0_DESCRIPTION,用这个徽章展示你高贵的心灵。
INV_BADGE_BANDIT03_0_NAME,霍拉斯的徽章
INV_BADGE_BANDIT04_0_DESCRIPTION,用这个徽章展示你的统治权。
INV_BADGE_BANDIT04_0_NAME,斯卡蕾特的徽章
INV_BADGE_BEAR01_0_DESCRIPTION,用这个徽章展示你与怀尔德的联系。
INV_BADGE_BEAR01_0_NAME,萨娜的徽章
INV_BADGE_BEAR02_0_DESCRIPTION,用这个徽章展示你的远古力量。
INV_BADGE_BEAR02_0_NAME,布朗的徽章
INV_BADGE_BEAR03_0_DESCRIPTION,用这个徽章展示你谦逊的技艺。
INV_BADGE_BEAR03_0_NAME,戈尔的徽章
INV_BADGE_BEAR04_0_DESCRIPTION,用这个徽章展示你邪恶的方法。
INV_BADGE_BEAR04_0_NAME,尤尔达娜的徽章
INV_BADGE_DRAGON01_0_DESCRIPTION,用这个徽章展示你对蠕虫的信仰。
INV_BADGE_DRAGON01_0_NAME,沃洛达的徽章
INV_BADGE_DRAGON02_0_DESCRIPTION,用这个徽章展示你的无数经验。
INV_BADGE_DRAGON02_0_NAME,阿格尼亚的徽章
INV_BADGE_DRAGON03_0_DESCRIPTION,用这个徽章展示你的战斗技巧。
INV_BADGE_DRAGON03_0_NAME,奥克萨娜的徽章
INV_BADGE_DRAGON04_0_DESCRIPTION,用这个徽章展示你的倾情投入。
INV_BADGE_DRAGON04_0_NAME,纳扎尔的徽章
INV_BADGE_RABBIT01_0_DESCRIPTION,用这个徽章展示你冒险的天赋。
INV_BADGE_RABBIT01_0_NAME,安布尔的徽章
INV_BADGE_RABBIT02_0_DESCRIPTION,用这个徽章展示你天才的头脑。
INV_BADGE_RABBIT02_0_NAME,巴纳比的徽章
INV_BADGE_RABBIT03_0_DESCRIPTION,用这个徽章展示你对技艺的执着。
INV_BADGE_RABBIT03_0_NAME,伊莱莎的徽章
INV_BADGE_RABBIT04_0_DESCRIPTION,用这个徽章展示你军事实力。
INV_BADGE_RABBIT04_0_NAME,哈格雷夫的徽章
INV_BADGE_RAT01_0_DESCRIPTION,用这个徽章展示你无赖的作风。
INV_BADGE_RAT01_0_NAME,墨丘里奥的徽章
INV_BADGE_RAT02_0_DESCRIPTION,用这个徽章展示你的暗杀工具。
INV_BADGE_RAT02_0_NAME,佐沙的徽章
INV_BADGE_RAT03_0_DESCRIPTION,用这个徽章展示你对面纱的了解。
INV_BADGE_RAT03_0_NAME,萨尔贡的徽章
INV_BADGE_RAT04_0_DESCRIPTION,用这个徽章展示你的稳重和权力。
INV_BADGE_RAT04_0_NAME,格莉奥特的徽章
INV_BADGE_SUBSCRIBER_STATTRACKCONFIG_ENTRIES_0_DESCRIPTION,这位 Armellian 已向王国宣誓效忠并订阅。
INV_BADGE_SUBSCRIBER_STATTRACKCONFIG_ENTRIES_0_TITLE,青铜用户
INV_BADGE_SUBSCRIBER_STATTRACKCONFIG_ENTRIES_1_DESCRIPTION,这位 Armellian 已向王国宣誓效忠，并拥有至少一个月的活跃订阅。\n\n订阅月数：{0}
INV_BADGE_SUBSCRIBER_STATTRACKCONFIG_ENTRIES_1_TITLE,白银用户
INV_BADGE_SUBSCRIBER_STATTRACKCONFIG_ENTRIES_2_DESCRIPTION,这位 Armellian 已向王国宣誓效忠，并拥有至少三个月的活跃订阅。\n\n订阅月数：{0}
INV_BADGE_SUBSCRIBER_STATTRACKCONFIG_ENTRIES_2_TITLE,黄金用户
INV_BADGE_SUBSCRIBER_STATTRACKCONFIG_ENTRIES_3_DESCRIPTION,这位 Armellian 已向王国宣誓效忠，并拥有至少六个月的活跃订阅。\n\n订阅月数：{0}
INV_BADGE_SUBSCRIBER_STATTRACKCONFIG_ENTRIES_3_TITLE,白金用户
INV_BADGE_WOLF01_0_DESCRIPTION,用这个徽章展示你对刀剑的掌握。
INV_BADGE_WOLF01_0_NAME,塞恩的徽章
INV_BADGE_WOLF02_0_DESCRIPTION,用这个徽章展示你生存主义者的力量。
INV_BADGE_WOLF02_0_NAME,里弗的徽章
INV_BADGE_WOLF03_0_DESCRIPTION,用这个徽章展示你的不朽。
INV_BADGE_WOLF03_0_NAME,麦格纳的徽章
INV_BADGE_WOLF04_0_DESCRIPTION,用这个徽章展示你原始的怒火
INV_BADGE_WOLF04_0_NAME,方的徽章
INV_BARREL_1_ITEM_DESCRIPTION,包含一堆可在公开多人游戏结束时撒给所有玩家的好东西……稍微偏向赠礼人。;)
INV_BARREL_1_ITEM_TITLE,礼物桶
INV_BARREL_2_ITEM_SPECIALPLACEHOLDER_DESCRIPTION,未开封的桶
INV_BARREL_2_ITEM_SPECIALPLACEHOLDER_TITLE,赠礼人未开封的桶
INV_BARREL_3_ITEM_REGULARPLACEHOLDER_DESCRIPTION,未开封的桶
INV_BARREL_3_ITEM_REGULARPLACEHOLDER_TITLE,收礼人未开封的桶
INV_BUNDLESHARDS1_DESCRIPTION,80 枚碎片捆绑包。\n\n碎片用于从 Skeeve 商店中购买游戏内容。
INV_BUNDLESHARDS1_TITLE,小把碎片
INV_BUNDLESHARDS2_DESCRIPTION,500 枚碎片捆绑包。\n\n碎片用于从 Skeeve 商店中购买游戏内容。
INV_BUNDLESHARDS2_TITLE,一袋碎片
INV_BUNDLESHARDS3_DESCRIPTION,1200 枚碎片捆绑包。\n\n碎片用于从 Skeeve 商店中购买游戏内容。
INV_BUNDLESHARDS3_TITLE,大把碎片
INV_BUNDLESHARDS4_DESCRIPTION,2500 枚碎片捆绑包。\n\n碎片用于从 Skeeve 商店中购买游戏内容。
INV_BUNDLESHARDS4_TITLE,一箱碎片
INV_BUNDLESHARDS5_DESCRIPTION,7000 枚碎片捆绑包。\n\n碎片用于从 Skeeve 商店中购买游戏内容。
INV_BUNDLESHARDS5_TITLE,一车碎片
INV_BUNDLE_421_S4_KEYS_5_DESCRIPTION,5 把德鲁伊钥匙捆绑包。一笔划算的交易。
INV_BUNDLE_421_S4_KEYS_5_TITLE,德鲁伊钥匙 (x5)
INV_BUNDLE_422_S4_KEYS_20_DESCRIPTION,20 把德鲁伊钥匙捆绑包。批量购买，享受价格折扣！
INV_BUNDLE_422_S4_KEYS_20_TITLE,德鲁伊钥匙 (x20)
INV_BUNDLE_423_S4_CHESTS_5_DESCRIPTION,5 个德鲁伊宝箱捆绑包。划算的交易。
INV_BUNDLE_423_S4_CHESTS_5_TITLE,德鲁伊箱子 (x5)
INV_BUNDLE_424_S4_CHESTS_20_DESCRIPTION,20 个德鲁伊宝箱捆绑包。批量购买享受价格折扣！
INV_BUNDLE_424_S4_CHESTS_20_TITLE,德鲁伊箱子 (x20)
INV_BUNDLE_521_S5_KEYS_5_DESCRIPTION,5 把恐惧钥匙捆绑包。划算的交易。
INV_BUNDLE_521_S5_KEYS_5_TITLE,恐怖钥匙 (x5)
INV_BUNDLE_522_S5_KEYS_20_DESCRIPTION,20 把恐惧钥匙捆绑包。批量购买享受价格折扣！
INV_BUNDLE_522_S5_KEYS_20_TITLE,恐怖钥匙 (x20)
INV_BUNDLE_523_S5_CHESTS_5_DESCRIPTION,5 个恐惧宝箱捆绑包。划算的交易。
INV_BUNDLE_523_S5_CHESTS_5_TITLE,恐怖宝箱 (x5)
INV_BUNDLE_524_S5_CHESTS_20_DESCRIPTION,20 个恐惧宝箱捆绑包。批量购买享受价格折扣！
INV_BUNDLE_524_S5_CHESTS_20_TITLE,恐怖宝箱 (x20)
INV_COLLECTION_S1_TITLE,怀尔德的赏金收藏
INV_COLLECTION_S2_TITLE,战利品收藏
INV_COLLECTION_S3_TITLE,叛国者礼物收藏
INV_COLLECTION_S4_TITLE,德鲁伊的遗物藏品
INV_COLLECTION_S5_TITLE,废墟仪式藏品
INV_COLLECTION_S6_TITLE,斯基夫的奇珍异宝
INV_COLLECTION_S7_TITLE,观星者的遗物收藏
INV_COLLECTION_S8_TITLE,山之储备收藏
INV_CURRENCY_HARD_TITLE,碎片
INV_CURRENCY_SOFT_TITLE,皇家币
INV_DICELABOURDAY_DESCRIPTION,"随着阿门罗田野上冰雪消融、旭日升起，老爪们制作出怀尔德黎明骰子，送给年幼的小兽。

于怀尔德黎明庆典期间掉落。"
INV_DICELABOURDAY_TITLE,怀尔德的黎明骰子
INV_DICESUBSCRIBER1_DESCRIPTION,奖励给那些向王国宣誓效忠，并拥有活跃订阅的人。
INV_DICESUBSCRIBER1_TITLE,青铜用户骰子
INV_DICESUBSCRIBER2_DESCRIPTION,奖励给那些向王国证明其忠诚，并拥有至少一个月活跃订阅的人。
INV_DICESUBSCRIBER2_TITLE,白银用户骰子
INV_DICESUBSCRIBER3_DESCRIPTION,奖励给那些向王国证明其忠诚，并拥有至少三个月活跃订阅的人。
INV_DICESUBSCRIBER3_TITLE,黄金用户骰子
INV_DICESUBSCRIBER4_DESCRIPTION,奖励给那些向王国证明其忠诚，并拥有至少六个月活跃订阅的人。
INV_DICESUBSCRIBER4_TITLE,白金用户骰子
INV_DICE_1001_WINTER_DESCRIPTION,"来自阿门罗最寒冷的山峰，这些神奇的冬日骰子只见于游历最广的英雄冰冻的爪中。

于年末节假日期间掉落。"
INV_DICE_1001_WINTER_TITLE,冬之骰子
INV_DICE_1002_TWITCH_DESCRIPTION,让有前排票的用户见证 Good Bits。\n\n奖励给在 Twitch 上订阅极客联盟的用户。
INV_DICE_1002_TWITCH_TITLE,Twitch 骰子
INV_DICE_1003_GEEK_DESCRIPTION,"这些华丽的骰子每次投掷都会爆炸，并能匹配任何陷阱符号。哈哈，开玩笑的。

只有在现实中遇到极客联盟的开发者才能获得。（是的，我们知道这很荒谬。）"
INV_DICE_1003_GEEK_TITLE,极客骰子
INV_DICE_1004_STRANGER_DESCRIPTION,"猎奇者最爱的小块肥肉。

奖励率先进入 v1.2 更新《陌生人》的玩家。"
INV_DICE_1004_STRANGER_TITLE,陌生骰子
INV_DICE_1005_DEFAULT_DESCRIPTION,标准阿门罗骰子。这永恒的设计见证过众多英雄的成功，当然，也见证他们屈服于残酷的命运。
INV_DICE_1005_DEFAULT_TITLE,经典骰子
INV_DICE_1006_KICKSTARTER_DESCRIPTION,"只属于在我们还是幼崽时就加入这段旅程的人的骰子！

奖励阿门罗 Kickstarter 的支持者。"
INV_DICE_1006_KICKSTARTER_TITLE,Kickstarter 骰子
INV_DICE_1007_EARLYACCESS_DESCRIPTION,"只应由帮助阿门罗成为今日模样的人投掷的骰子。

奖励阿门罗的 Steam 抢先体验玩家。"
INV_DICE_1007_EARLYACCESS_TITLE,抢先体验骰子
INV_DICE_1008_BEARCLANLEGEND_DESCRIPTION,"阿门罗太多伟大的预言诞生并弹跳自这些骰子。传说它们与人的灵魂相连。

熊族的传说骰子。

灵力即力量。"
INV_DICE_1008_BEARCLANLEGEND_TITLE,Spiritkin 骰子
INV_DICE_1009_RABBITCLANLEGEND_DESCRIPTION,"据兔族传说，这些骰子由第一只在天空下行走的兔子投掷。从那以后它们就一直为名望之士表演。

兔族的传说骰子。

志在高处，深入地底。"
INV_DICE_1009_RABBITCLANLEGEND_TITLE,Pridesong 骰子
INV_DICE_1010_RATCLANLEGEND_DESCRIPTION,"许多可怜的动物在这些恶名昭彰的机会方块的红光下丢掉了一袋金币——乃至性命。据说当持有者的力量增长时，它们会发出低鸣。

鼠族的传说骰子。

玫瑰与荆棘。"
INV_DICE_1010_RATCLANLEGEND_TITLE,Rosegold 骰子
INV_DICE_1011_WOLFCLANLEGEND_DESCRIPTION,"虚张声势往往胜过真撕咬，但这些传奇骰子证明后者才是狼唯一真正的主人。

狼族的传说骰子。

狼群至上。"
INV_DICE_1011_WOLFCLANLEGEND_TITLE,Houndsclaw 骰子
INV_DICE_1012_BANDITCLAN_DESCRIPTION,只奖励给最疯狂的、或者被冤枉的英雄们。我猜这只是因为看法不同罢了。\n\n 强盗族的官方骰子。\n\n 自由战斗。
INV_DICE_1012_BANDITCLAN_TITLE,强盗族骰子
INV_DICE_1013_ANNIVERSARY_DESCRIPTION,适合国王的骰子。使用它们即能展露一个人内心的本性。\n\n在阿门罗周年纪念期间掉落。
INV_DICE_1013_ANNIVERSARY_TITLE,骄傲的命运
INV_DICE_1014_ROT_DESCRIPTION,充斥着腐化。给那些真正被遗弃的人的骰子。
INV_DICE_1014_ROT_TITLE,腐化骰子
INV_DICE_1015_ROYAL_DESCRIPTION,赐予国王守卫，为阿门罗的统治者、国王陛下效力而掷。
INV_DICE_1015_ROYAL_TITLE,皇家骰子
INV_DICE_1016_HALLOWEEN_DESCRIPTION,这些骰子用死刑犯的骨头手工雕刻而成，是绞刑前夕最受欢迎的台柱子。\n\n在万圣节前夕掉落。
INV_DICE_1016_HALLOWEEN_TITLE,绞刑前夕骰子
INV_DICE_1017_BEARCLAN_DESCRIPTION,并非所有场合都需要华丽的魔法——熊族知道何时更含蓄的工具就已足够。\n\n熊族的官方骰子。\n\n精神力量。
INV_DICE_1017_BEARCLAN_TITLE,熊族骰子
INV_DICE_1018_RABBITCLAN_DESCRIPTION,即使是像这样简单的运气工具，掷出兔族骰子也是一件特别的事。\n\n兔族的官方骰子。\n\n登高掘深。
INV_DICE_1018_RABBITCLAN_TITLE,兔族骰子
INV_DICE_1019_RATCLAN_DESCRIPTION,每只老鼠都知道一次投掷就能改变历史进程——所以手上总备着一副。\n\n鼠族的官方骰子。\n\n玫瑰与荆棘。
INV_DICE_1019_RATCLAN_TITLE,鼠族骰子
INV_DICE_1020_WOLFCLAN_DESCRIPTION,狼族通常不尚迷信与魔法，但运气游戏向来是酒馆里的常备消遣。\n\n狼族的官方骰子。\n\n强大狼族。
INV_DICE_1020_WOLFCLAN_TITLE,狼族骰子
INV_DICE_1021_LUNA_DESCRIPTION,农历新年之中阿门罗人狂欢者们的最爱，这些球状的骰子好似在夜空中跳舞的月亮。\n\n农历新年期间掉落。
INV_DICE_1021_LUNA_TITLE,银月骰子
INV_DICE_DRAGONCLAN_DESCRIPTION,我们呼吸着她的气息，我们体味着她的悲恸，\n她向外探索，我们紧随其后。\n\n龙族的官方骰子。\n\n以信仰与龙鳞相系
INV_DICE_DRAGONCLAN_TITLE,龙族骰子
INV_DICE_SUMMERSOLSTICE_DESCRIPTION,阿门罗人在夏至庆典期间的最爱，这些火热的球体随太阳的激情明灭闪耀。\n\n夏至期间掉落。
INV_DICE_SUMMERSOLSTICE_TITLE,夏至骰子
INV_DROPRATES,打开宝箱将按以下概率获得一件随机稀有度的道具：
INV_GENERATOR_DICE_EPIC_DESCRIPTION,任意收藏中的随机史诗骰子，代替已解锁的图章戒指发放。
INV_GENERATOR_DICE_EPIC_TITLE,随机史诗骰子
INV_HEROBANDIT01_DESCRIPTION,"阿门罗有史以来最伟大的窃贼。\n\n[c]战力：[/c]2, [c]体力：[/c]5, [c]智力：[/c]5, [c]灵力：[/c]4\n\n[c]扒手[/c]\n除王宫外处处拥有闪避。逃脱时，特威斯会从对手处偷取1张卡牌。"
INV_HEROBANDIT01_TITLE,特威斯，小光爪
INV_HEROBANDIT02_DESCRIPTION,"复仇是他唯一的目的。为杀戮而活。\n\n[c]战力：[/c]4, [c]体力：[/c]6, [c]智力：[/c]3, [c]灵力：[/c]3\n\n[c]屠夫[/c]\n西拉斯每有一级悬赏，战斗中便获得+1把剑。对抗国王守卫时，这些剑具有贯穿能力。"
INV_HEROBANDIT02_TITLE,西拉斯，灵魂渔夫
INV_HEROBANDIT03_DESCRIPTION,"一名年迈骑士，技艺过人，忠诚无比。\n\n[c] 战力：[/c]5, [c] 体力：[/c]6, [c] 智力：[/c]3, [c] 灵力：[/c]2\n\n[c] 第九骑士 [/c]\n 当贺拉斯移动到国王守卫的地块上时，除非他被悬赏，国王守卫将和他交换地块。"
INV_HEROBANDIT03_TITLE,贺拉斯，硬铁诗人
INV_HEROBANDIT04_DESCRIPTION,"天生的领袖。魅力、智慧与无情的决心。\n\n[c]战力：[/c]4, [c]体力：[/c]5, [c]智力：[/c]4, [c]灵力：[/c]3\n\n[c]革命家[/c]\n斯卡蕾特每解救一个被摧毁的聚落，便抽一张随从卡。"
INV_HEROBANDIT04_TITLE,斯卡蕾特，强盗国王
INV_HEROBEAR01_DESCRIPTION,"与怀尔德融为一体，施法是萨娜的天赋。\n\n[c]战力：[/c]2, [c]体力：[/c]6, [c]智力：[/c]3, [c]灵力：[/c]5\n\n[c]女祭司[/c]\n与已堕落生物战斗时，用灵力代替战力。"
INV_HEROBEAR01_TITLE,萨娜，森林姊妹
INV_HEROBEAR02_DESCRIPTION,"怀尔德为这只势不可挡的熊提供力量。\n\n[c]战力：[/c]4, [c]体力：[/c]6, [c]智力：[/c]3, [c]灵力：[/c]3\n\n[c]裂痕施术者[/c]\n布朗每施放一次法术，便在其下一回合结束前的下一场战斗中获得一个该卡牌符号的锁定骰子。"
INV_HEROBEAR02_TITLE,布朗，伐橡木者
INV_HEROBEAR03_DESCRIPTION,"一只平凡的熊，却与森林有着深厚的亲和。\n\n[c]战力：[/c]3, [c]体力：[/c]6, [c]智力：[/c]3, [c]灵力：[/c]4\n\n[c]树人[/c]\n在森林上结束回合后，戈尔会激活树甲，免疫下一次伤害来源。黎明时的腐化伤害不受影响。"
INV_HEROBEAR03_TITLE,戈尔，怀尔德之亲
INV_HEROBEAR04_DESCRIPTION,"一位古怪的老妪，不计代价地献身于怀尔德之道……\n\n[c]战力：[/c]2, [c]体力：[/c]5, [c]智力：[/c]4, [c]灵力：[/c]5\n\n[c]坩埚老妪[/c]\n她回合内施向尤尔达娜的法术会被坩埚吞噬并转化-1魔法，回合结束时获得一个契约法术。"
INV_HEROBEAR04_TITLE,吞噬者尤尔达娜
INV_HERORABBIT01_DESCRIPTION,"一名全能的多面手，行囊里常携带着大量金币。\n\n[c] 战力：[/c]3, [c] 体力：[/c]5, [c] 智力：[/c]4, [c] 灵力：[/c]4\n\n[c] 盗墓者 [/c]\n 提高在探索地牢时获得奖励的几率。"
INV_HERORABBIT01_TITLE,安布尔，远寻者
INV_HERORABBIT02_DESCRIPTION,一个小天才，足智多谋而又容易激动！\n\n[c]战力：[/c]4，[c]体力：[/c]6，[c]智力：[/c]4，[c]灵力：[/c]2\n\n[c]修补匠[/c]\n覆盖装备背包中的道具时，该道具会回到你的手牌，且不再产生其费用或收益。
INV_HERORABBIT02_TITLE,巴纳比，古怪之灵
INV_HERORABBIT03_DESCRIPTION,"一位以善成事著称的建筑大师。\n\n[c]战力：[/c]3, [c]体力：[/c]5, [c]智力：[/c]5, [c]灵力：[/c]3\n\n[c]建筑师[/c]\n在聚落上结束回合即可将其永久设防。伊莱莎无视设防聚落的移动惩罚。"
INV_HERORABBIT03_TITLE,伊莱莎，兔窝的女典狱官
INV_HERORABBIT04_DESCRIPTION,曾经是兔族中顶尖的贵族，一位盛装的将军，带了几分老成的危险气息。\n\n[c] 战力：[/c]5\n[c] 体力：[/c]5\n[c] 智力：[/c]4\n[c] 灵力：[/c]2\n\n[c] 炮手 [/c]\n 在平原或山地上结束回合时，哈格雷夫会向所有进入相邻地块的生物开火。
INV_HERORABBIT04_TITLE,雷霆伯爵哈格雷夫
INV_HERORAT01_DESCRIPTION,"精于诡计与欺瞒，佩一柄寒光闪烁的利刃。\n\n[c]战力：[/c]4, [c]体力：[/c]5, [c]智力：[/c]5, [c]灵力：[/c]2\n\n[c]恶棍[/c]\n占领聚落时，从其所有者处偷取1金币。"
INV_HERORAT01_TITLE,墨丘里奥，诡异之刃
INV_HERORAT02_DESCRIPTION,"一名可怕的刺客，拿着一把尖刀，随时准备杀敌。\n\n[c] 战力：[/c]5, [c] 体力：[/c]4, [c] 智力：[/c]4, [c] 灵力：[/c]3\n\n[c] 影子 [/c]\n 夜间，佐沙可在任何地方使用潜行。"
INV_HERORAT02_TITLE,佐沙，旋风
INV_HERORAT03_DESCRIPTION,"死后未知世界交易秘密的可怕之人。\n\n[c] 战力：[/c]3, [c] 体力：[/c]4, [c] 智力：[/c]5, [c] 灵力：[/c]4\n\n[c] 面纱眼魔 [/c]\n 抽牌时，可以看到每组牌的最上面一张卡牌。"
INV_HERORAT03_TITLE,萨尔贡，死亡讲述者
INV_HERORAT04_DESCRIPTION,一只恶毒的，热爱背叛的老鼠，具有双重人格。\n\n[c] 战力：[/c]4\n[c] 体力：[/c]4\n[c] 智力：[/c]5\n[c] 灵力：[/c]3\n\n[c] 街头女王 [/c]\n 格莱奥特的部族亲密关系骰子加成与前一日中诡术卡牌的施展数相等。
INV_HERORAT04_TITLE,屠夫女爵格莱奥特
INV_HEROWOLF01_DESCRIPTION,"在武装战斗中无人能敌，塞恩是一名天生的掠夺者。\n\n[c] 战力：[/c]5, [c] 体力：[/c]5, [c] 智力：[/c]3, [c] 灵力：[/c]3\n\n[c] 剑术大师 [/c]\n 在战斗中，所有烧掉的剑符号的卡将具有贯穿效果。"
INV_HEROWOLF01_TITLE,塞恩，冬狼
INV_HEROWOLF02_DESCRIPTION,"致命而足智多谋。\n\n[c]战力：[/c]4, [c]体力：[/c]5, [c]智力：[/c]4, [c]灵力：[/c]3\n\n[c]女猎手[/c]\n里弗在开战前先射箭造成1点伤害。若目标被击杀，她原地不动（仍消耗行动点数）。"
INV_HEROWOLF02_TITLE,里弗，哀嚎之矢
INV_HEROWOLF03_DESCRIPTION,"狼族最狂热的勇士们的首领。不可动摇。\n\n[c]战力：[/c]5, [c]体力：[/c]6, [c]智力：[/c]3, [c]灵力：[/c]2\n\n[c]盾卫[/c]\n战斗中烧掉的盾牌卡可反射对手的攻击。"
INV_HEROWOLF03_TITLE,马格努斯，坚不可摧者
INV_HEROWOLF04_DESCRIPTION,"遭放逐的狼族王座继承人。凶蛮而备受鄙夷。\n\n[c]战力：[/c]6, [c]体力：[/c]5, [c]智力：[/c]3, [c]灵力：[/c]2\n[c]腐化：[/c]1\n\n[c]狂战士[/c]\n攻击时若方屠杀了对手，战斗将在对手反击前结束。"
INV_HEROWOLF04_TITLE,方，放逐者
INV_NOVELLA_100001_KING_1_DESCRIPTION,他以流放者之身来到阿门罗，而离开时，已是他们的国王。
INV_NOVELLA_100001_KING_1_TITLE,国王-第一部分
INV_NOVELLA_100002_KING_2_DESCRIPTION,为了建造自己的王国，他必须摧毁过去的一切。
INV_NOVELLA_100002_KING_2_TITLE,国王-第二部分
INV_NOVELLA_100003_RABBIT01_DESCRIPTION,破败家族的末裔已经无可失去。
INV_NOVELLA_100003_RABBIT01_TITLE,安布尔
INV_NOVELLA_100004_RAT01_DESCRIPTION,鼠族没有简单的工作。
INV_NOVELLA_100004_RAT01_TITLE,墨丘里奥
INV_NOVELLA_100005_BEAR01_DESCRIPTION,当渡鸦的叫声打破寂静，森林的命运将由她决定。
INV_NOVELLA_100005_BEAR01_TITLE,萨娜
INV_NOVELLA_100006_WOLF01_DESCRIPTION,他是无法成王的王子。但是腐化不在乎命运。
INV_NOVELLA_100006_WOLF01_TITLE,塞恩
INV_NOVELLA_100007_DRAGON_DESCRIPTION,从阿门罗的深处，传来了呼唤的声音。他们回来了。
INV_NOVELLA_100007_DRAGON_TITLE,龙族
INV_RARITY_COMMON,常见
INV_RARITY_EPIC,史诗
INV_RARITY_LEGENDARY,传奇
INV_RARITY_RARE,稀有
INV_RARITY_UNCOMMON,罕见
INV_S1_2001_CHEST_DESCRIPTION,一个由未知的古人建成的神秘藏身处。这是怀尔德树树林。
INV_S1_2001_CHEST_TITLE,怀尔德宝箱
INV_S1_2002_KEY_DESCRIPTION,使用从轰鸣步行田野的怀尔德树林地下开采的黄金按照皇家标准铸造。
INV_S1_2002_KEY_TITLE,怀尔德钥匙
INV_S1_2011_DICE_COMMON1_DESCRIPTION,阿门罗平民中常见的骰子。
INV_S1_2011_DICE_COMMON1_TITLE,靛蓝色骰子
INV_S1_2012_DICE_COMMON2_DESCRIPTION,通常在阿门罗的民间发现的骰子。
INV_S1_2012_DICE_COMMON2_TITLE,绿色骰子
INV_S1_2013_DICE_COMMON3_DESCRIPTION,阿门罗平民中常见的骰子。
INV_S1_2013_DICE_COMMON3_TITLE,珊瑚色骰子
INV_S1_2014_DICE_COMMON4_DESCRIPTION,通常在阿门罗的民间发现的骰子。
INV_S1_2014_DICE_COMMON4_TITLE,黄色骰子
INV_S1_2021_DICE_UNCOMMON1_DESCRIPTION,你可能会看到阿门罗的贵族不时掷出的骰子。
INV_S1_2021_DICE_UNCOMMON1_TITLE,梅红交叠骰子
INV_S1_2022_DICE_UNCOMMON2_DESCRIPTION,你可能会看到阿门罗的贵族不时地滚动着的骰子。
INV_S1_2022_DICE_UNCOMMON2_TITLE,矢车菊蓝斑点骰子
INV_S1_2023_DICE_UNCOMMON3_DESCRIPTION,你可能会看到阿门罗的贵族不时掷出的骰子。
INV_S1_2023_DICE_UNCOMMON3_TITLE,洋红斑点骰子
INV_S1_2031_DICE_RARE1_DESCRIPTION,对于这些庆祝灵力至日的人来说，或许没有什么道具比这些占卜骰子更值得尊敬的了。
INV_S1_2031_DICE_RARE1_TITLE,灵力至日骰子
INV_S1_2032_DICE_RARE2_DESCRIPTION,在阿门罗城镇和聚落的疯狂巷道里很少见，这些古代骰子尽管被称为橡木，但它们是更为神圣的东西。
INV_S1_2032_DICE_RARE2_TITLE,橡木荣耀骰子
INV_S1_2041_DICE_EPIC1_DESCRIPTION,由远古未知的爪子、雕刻的怀尔德树以及上乘的黄金制作而成，这些骰子注定了这些贵族衰亡的命运，并使得弱者称王。
INV_S1_2041_DICE_EPIC1_TITLE,古人的弃兵局骰子
INV_S1_BUNDLE_CHEST_20_DESCRIPTION,20 个怀尔德宝箱捆绑包。批量购买，享受价格折扣！
INV_S1_BUNDLE_CHEST_20_TITLE,怀尔德宝箱 (x20)
INV_S1_BUNDLE_CHEST_50_DESCRIPTION,50 个怀尔德宝箱捆绑包。这才叫超省碎片！
INV_S1_BUNDLE_CHEST_50_TITLE,怀尔德宝箱 (x50)
INV_S1_BUNDLE_CHEST_5_DESCRIPTION,5 个怀尔德宝箱捆绑包。一笔划算的交易。
INV_S1_BUNDLE_CHEST_5_TITLE,怀尔德宝箱 (x5)
INV_S2_2101_CHEST_DESCRIPTION,于战争年代在战斗前线锻造，用以收纳死亡的工具。
INV_S2_2101_CHEST_TITLE,战争宝箱
INV_S2_2102_KEY_DESCRIPTION,绝望会驱动军阀的铁锤。这把钥匙是他们所唱之歌的秘密。
INV_S2_2102_KEY_TITLE,战争之匙
INV_S2_2111_DICE_COMMON1_DESCRIPTION,阿门罗平民中常见的骰子。
INV_S2_2111_DICE_COMMON1_TITLE,酒红色骰子
INV_S2_2112_DICE_COMMON2_DESCRIPTION,通常在阿门罗的民间发现的骰子。
INV_S2_2112_DICE_COMMON2_TITLE,赤褐色骰子
INV_S2_2113_DICE_COMMON3_DESCRIPTION,阿门罗平民中常见的骰子。
INV_S2_2113_DICE_COMMON3_TITLE,血红色骰子
INV_S2_2114_DICE_COMMON4_DESCRIPTION,通常在阿门罗的民间发现的骰子。
INV_S2_2114_DICE_COMMON4_TITLE,杏黄色骰子
INV_S2_2121_DICE_UNCOMMON1_DESCRIPTION,你可能会看到阿门罗的贵族不时掷出的骰子。
INV_S2_2121_DICE_UNCOMMON1_TITLE,深红色流血骰子
INV_S2_2122_DICE_UNCOMMON2_DESCRIPTION,你可能会看到阿门罗的贵族不时地滚动着的骰子。
INV_S2_2122_DICE_UNCOMMON2_TITLE,血红色流血骰子
INV_S2_2123_DICE_UNCOMMON3_DESCRIPTION,你可能会看到阿门罗的贵族不时掷出的骰子。
INV_S2_2123_DICE_UNCOMMON3_TITLE,桃红色流血骰子
INV_S2_2131_DICE_RARE1_DESCRIPTION,我宁愿信赖这些坚毅的骰子，也不愿信赖阿门罗漫漫长路上寻得的任何盾牌。
INV_S2_2131_DICE_RARE1_TITLE,信任骰子
INV_S2_2132_DICE_RARE2_DESCRIPTION,你可曾如巨石般有力？强壮？不屈？不可动摇？
INV_S2_2132_DICE_RARE2_TITLE,巨石的力量骰子
INV_S2_2141_DICE_EPIC1_DESCRIPTION,挥动这些骰子的鲜有仁慈之爪，因为晨星锤从来不是仁慈者的武器。
INV_S2_2141_DICE_EPIC1_TITLE,晨星骰子
INV_S2_2151_DICE_LEGENDARY1_DESCRIPTION,我们所有人心中都燃烧着永恒之火，流淌着熔融之河，回荡着焚烬之魂的悲鸣。战争是我们的恶习，却是烈焰的燃料。
INV_S2_2151_DICE_LEGENDARY1_TITLE,心之火骰子
INV_S3_2201_CHEST_DESCRIPTION,什么神奇的魔法给这个邪恶的棘手宝藏树干带来了生命，没有人知道。
INV_S3_2201_CHEST_TITLE,诡计宝箱
INV_S3_2202_KEY_DESCRIPTION,一把诡计多端的诡计钥匙！这个淘气小家伙转上一圈，谁也占不到便宜。
INV_S3_2202_KEY_TITLE,诡计钥匙
INV_S3_2211_DICE_COMMON1_DESCRIPTION,阿门罗平民中常见的骰子。
INV_S3_2211_DICE_COMMON1_TITLE,瓦斯骰子
INV_S3_2212_DICE_COMMON2_DESCRIPTION,通常在阿门罗的民间发现的骰子。
INV_S3_2212_DICE_COMMON2_TITLE,血雾骰子
INV_S3_2213_DICE_COMMON3_DESCRIPTION,阿门罗平民中常见的骰子。
INV_S3_2213_DICE_COMMON3_TITLE,蒸汽骰子
INV_S3_2214_DICE_COMMON4_DESCRIPTION,通常在阿门罗的民间发现的骰子。
INV_S3_2214_DICE_COMMON4_TITLE,烟雾骰子
INV_S3_2221_DICE_UNCOMMON1_DESCRIPTION,你可能会看到阿门罗的贵族不时掷出的骰子。
INV_S3_2221_DICE_UNCOMMON1_TITLE,青蓝色烟雾骰子
INV_S3_2222_DICE_UNCOMMON2_DESCRIPTION,你可能会看到阿门罗的贵族不时地滚动着的骰子。
INV_S3_2222_DICE_UNCOMMON2_TITLE,薰衣草色烟雾骰子
INV_S3_2223_DICE_UNCOMMON3_DESCRIPTION,你可能会看到阿门罗的贵族不时掷出的骰子。
INV_S3_2223_DICE_UNCOMMON3_TITLE,翡翠烟雾骰子
INV_S3_2231_DICE_RARE1_DESCRIPTION,非常醒目，这个骰子里面有险恶的秘密。
INV_S3_2231_DICE_RARE1_TITLE,黑暗毒液骰子
INV_S3_2232_DICE_RARE2_DESCRIPTION,点缀着血液，且有烈火补充能量，燃烧的欲望背后隐藏着邪恶的意图。
INV_S3_2232_DICE_RARE2_TITLE,血石火骰子
INV_S3_2241_DICE_EPIC1_DESCRIPTION,这个傻子为国王吟唱着有趣的五行诗，讲着笑话，但是在这个小丑亲吻戒指的时候，手中却握着一把匕首。
INV_S3_2241_DICE_EPIC1_TITLE,小丑的诡计骰子
INV_S3_2251_DICE_LEGENDARY1_DESCRIPTION,毒气当然留给敌人而绝非朋友，把这雾气锁进笼中，以免你悲苦的性命就此了结。
INV_S3_2251_DICE_LEGENDARY1_TITLE,有毒嫉妒骰子
INV_S4_2301_CHEST_DESCRIPTION,传说中的德鲁伊。神话故事中的动物和睡前童话中的怪物。正是他们留下的遗物，讲述了一个不同的故事。
INV_S4_2301_CHEST_TITLE,德鲁伊宝箱
INV_S4_2302_KEY_DESCRIPTION,秘密、德鲁伊的语言、在他们最终沉默离开时保留的一切。据说这把钥匙解锁了过去的低语。
INV_S4_2302_KEY_TITLE,德鲁伊钥匙
INV_S4_2311_DICE_COMMON1_DESCRIPTION,通常在阿门罗的民间发现的骰子。
INV_S4_2311_DICE_COMMON1_TITLE,常春藤骰子
INV_S4_2312_DICE_COMMON2_DESCRIPTION,通常在阿门罗的民间发现的骰子。
INV_S4_2312_DICE_COMMON2_TITLE,露水骰子
INV_S4_2313_DICE_COMMON3_DESCRIPTION,通常在阿门罗的民间发现的骰子。
INV_S4_2313_DICE_COMMON3_TITLE,风铃草骰子
INV_S4_2314_DICE_COMMON4_DESCRIPTION,通常在阿门罗的民间发现的骰子。
INV_S4_2314_DICE_COMMON4_TITLE,打火石骰子
INV_S4_2321_DICE_UNCOMMON1_DESCRIPTION,你可能会看到阿门罗的贵族不时掷出的骰子。
INV_S4_2321_DICE_UNCOMMON1_TITLE,暗雾骰子
INV_S4_2322_DICE_UNCOMMON2_DESCRIPTION,你可能会看到阿门罗的贵族不时地滚动着的骰子。
INV_S4_2322_DICE_UNCOMMON2_TITLE,河流骰子
INV_S4_2323_DICE_UNCOMMON3_DESCRIPTION,你可能会看到阿门罗的贵族不时掷出的骰子。
INV_S4_2323_DICE_UNCOMMON3_TITLE,黄漩涡骰子
INV_S4_2331_DICE_RARE1_DESCRIPTION,德鲁伊之所以臭名昭著，也许不仅是因为他们效忠于怀尔德，更是因为他们的无情暴怒。这些骰子可能代表了他们对怀尔德暴怒的认可。
INV_S4_2331_DICE_RARE1_TITLE,烧焦暴怒骰子
INV_S4_2332_DICE_RARE2_DESCRIPTION,一些人认为，德鲁伊在我们这些面纱者看不见的古老灵线交叉口建立了石头阵。有人说，这只是童话中的胡言乱语。
INV_S4_2332_DICE_RARE2_TITLE,灵线骰子
INV_S4_2341_DICE_EPIC1_DESCRIPTION,熊族的某些智者谈到有人掌握了怀尔德之道，能维系生命长存，达到一种常青的存在。
INV_S4_2341_DICE_EPIC1_TITLE,常青骰子
INV_S4_2351_DICE_LEGENDARY1_DESCRIPTION,德鲁伊最大的馈赠，是我们对怀尔德的好奇。他们的石环点缀着我们的大地，引诱我们探弄求索，逗引更多，分享秘密。
INV_S4_2351_DICE_LEGENDARY1_TITLE,德鲁伊的承诺
INV_S5_2401_CHEST_DESCRIPTION,它们，由阿门罗最深最黑暗的地牢中掠夺而来。这些宝箱不是为地表世界而生的。一旦那些深藏于中的可怖的秘密被释放，我等也只能寄望于怀尔德的护佑了。
INV_S5_2401_CHEST_TITLE,恐怖宝箱
INV_S5_2402_KEY_DESCRIPTION,赋予被禁锢的东西以自由，可以作为一个人的目标。但赋予故意被禁锢的东西以自由，可以给人以力量。
INV_S5_2402_KEY_TITLE,恐怖钥匙
INV_S5_2411_DICE_COMMON1_DESCRIPTION,通常在阿门罗的民间发现的骰子。
INV_S5_2411_DICE_COMMON1_TITLE,毛地黄骰子
INV_S5_2412_DICE_COMMON2_DESCRIPTION,通常在阿门罗的民间发现的骰子。
INV_S5_2412_DICE_COMMON2_TITLE,毒芹骰子
INV_S5_2413_DICE_COMMON3_DESCRIPTION,通常在阿门罗的民间发现的骰子。
INV_S5_2413_DICE_COMMON3_TITLE,紫藤骰子
INV_S5_2414_DICE_COMMON4_DESCRIPTION,通常在阿门罗的民间发现的骰子。
INV_S5_2414_DICE_COMMON4_TITLE,龙葵骰子
INV_S5_2421_DICE_UNCOMMON1_DESCRIPTION,你可能会看到阿门罗的贵族不时掷出的骰子。
INV_S5_2421_DICE_UNCOMMON1_TITLE,坏疽斑点骰子
INV_S5_2422_DICE_UNCOMMON2_DESCRIPTION,Dice you may see the nobility of 阿门罗 rolling from time to time.
INV_S5_2422_DICE_UNCOMMON2_TITLE,冻伤斑点骰子
INV_S5_2423_DICE_UNCOMMON3_DESCRIPTION,你可能会看到阿门罗的贵族不时掷出的骰子。
INV_S5_2423_DICE_UNCOMMON3_TITLE,酒红斑点骰子
INV_S5_2431_DICE_RARE1_DESCRIPTION,早已离世尘寰的腐化枯爪曾紧握这些骰子，如今只剩恶意与憎恨尚存。
INV_S5_2431_DICE_RARE1_TITLE,术士之嘲骰子
INV_S5_2432_DICE_RARE2_DESCRIPTION,不是彻底的死亡，不是绯红的潮汐，也不是潜行的黑暗。不曾有任何腐化的灾厄能像胆汁瘟疫一样狂野而无情。
INV_S5_2432_DICE_RARE2_TITLE,愤怒瘟疫骰子
INV_S5_2441_DICE_EPIC1_DESCRIPTION,真正了解腐化的方式是去畏惧它，而人们都将自身畏惧之物深锁封藏。看来古老的黑暗僧侣们的做法也没什么不同。
INV_S5_2441_DICE_EPIC1_TITLE,腐化之锁骰子
INV_S5_2451_DICE_LEGENDARY1_DESCRIPTION,厚重的古书内提及了在枯萎之火中可以一窥蠕虫之心的逸闻，但那些胆敢用此火围炉取暖的愚人必将陷入癫狂。
INV_S5_2451_DICE_LEGENDARY1_TITLE,枯萎之火骰子
INV_S6_2501_CHEST_DESCRIPTION,满载异域小饰品与古老珍宝（就搁在店中），把这个神秘大箱当作你老伙计斯基夫的礼物吧。\n\n奇怪宝箱无需钥匙。
INV_S6_2501_CHEST_TITLE,奇怪的宝箱
INV_S6_2502_KEY_TITLE,奇怪钥匙
INV_S6_2511_DICE_COMMON1_DESCRIPTION,通常在阿门罗的民间发现的骰子。
INV_S6_2511_DICE_COMMON1_TITLE,紫罗兰骰子
INV_S6_2512_DICE_COMMON2_DESCRIPTION,通常在阿门罗的民间发现的骰子。
INV_S6_2512_DICE_COMMON2_TITLE,巧克力骰子
INV_S6_2513_DICE_COMMON3_DESCRIPTION,通常在阿门罗的民间发现的骰子。
INV_S6_2513_DICE_COMMON3_TITLE,咖啡骰子
INV_S6_2514_DICE_COMMON4_DESCRIPTION,通常在阿门罗的民间发现的骰子。
INV_S6_2514_DICE_COMMON4_TITLE,橄榄骰子
INV_S6_2521_DICE_UNCOMMON1_DESCRIPTION,你可能会看到阿门罗的贵族不时地滚动着的骰子。
INV_S6_2521_DICE_UNCOMMON1_TITLE,蜂蜜云骰子
INV_S6_2522_DICE_UNCOMMON2_DESCRIPTION,你可能会看到阿门罗的贵族不时地滚动着的骰子。
INV_S6_2522_DICE_UNCOMMON2_TITLE,红酒云骰子
INV_S6_2523_DICE_UNCOMMON3_DESCRIPTION,你可能会看到阿门罗的贵族不时地滚动着的骰子。
INV_S6_2523_DICE_UNCOMMON3_TITLE,蓝莓云骰子
INV_S6_2531_DICE_RARE1_DESCRIPTION,这些骰子来自遥远的东方沼泽之外，在龙吻之火中铸成。
INV_S6_2531_DICE_RARE1_TITLE,舞动之龙骰子
INV_S6_2532_DICE_RARE2_DESCRIPTION,据说国王亲自从另一个位面索取了这些骰子，因为它们让他忆起童年。
INV_S6_2532_DICE_RARE2_TITLE,薇洛之优雅骰子
INV_S6_2541_DICE_EPIC1_DESCRIPTION,这些被诅咒的骰子由沉没之心珊瑚雕刻而成，所过之处，爱情不再纯洁，羁绊不再坚韧，誓言不再神圣。
INV_S6_2541_DICE_EPIC1_TITLE,沉没之心骰子
INV_S6_2551_DICE_LEGENDARY1_DESCRIPTION,阿门罗臭名昭著的（前任）大祭司——狂人阿博特的私人骰子。
INV_S6_2551_DICE_LEGENDARY1_TITLE,阿博特之眼骰子
INV_S6_BUNDLE_CHEST_20_DESCRIPTION,20 个奇怪宝箱捆绑包。批量购买，价格大减！\n\n奇怪宝箱无需钥匙。
INV_S6_BUNDLE_CHEST_20_TITLE,奇怪宝箱 (x20)
INV_S6_BUNDLE_CHEST_5_DESCRIPTION,5 个奇怪宝箱捆绑包。相当划算。\n\n奇怪宝箱无需钥匙。
INV_S6_BUNDLE_CHEST_5_TITLE,奇怪宝箱 (x5)
INV_S7_2601_CHEST_DESCRIPTION,深藏在古老修道院中，或在新冲击出的陨石坑中暗暗燃烧，这些箱子里藏匿着奇妙秘密。\n\n寰宇宝箱不需要钥匙。\n\n宝箱可以通过游戏内系统获得。\n\n观星者的遗物收藏
INV_S7_2601_CHEST_TITLE,寰宇宝箱
INV_S7_2602_KEY_TITLE,寰宇钥匙
INV_S7_2611_DICE_COMMON1_DESCRIPTION,通常在阿门罗的民间发现的骰子。\n\n观星者的遗物收藏
INV_S7_2611_DICE_COMMON1_TITLE,紫红色骰子
INV_S7_2612_DICE_COMMON2_DESCRIPTION,通常在阿门罗的民间发现的骰子。\n\n观星者的遗物收藏
INV_S7_2612_DICE_COMMON2_TITLE,枫红骰子
INV_S7_2613_DICE_COMMON3_DESCRIPTION,通常在阿门罗的民间发现的骰子。\n\n观星者的遗物收藏
INV_S7_2613_DICE_COMMON3_TITLE,红宝石骰子
INV_S7_2614_DICE_COMMON4_DESCRIPTION,通常在阿门罗的民间发现的骰子。\n\n观星者的遗物收藏
INV_S7_2614_DICE_COMMON4_TITLE,钴蓝骰子
INV_S7_2621_DICE_UNCOMMON1_DESCRIPTION,你可能会看到阿门罗的贵族不时掷出的骰子。\n\n观星者传家收藏
INV_S7_2621_DICE_UNCOMMON1_TITLE,鲜绿裹尸布骰子
INV_S7_2622_DICE_UNCOMMON2_DESCRIPTION,你可能会看到阿门罗的贵族不时地滚动着的骰子。\n\n观星者的遗物收藏
INV_S7_2622_DICE_UNCOMMON2_TITLE,迷雾裹尸布骰子
INV_S7_2623_DICE_UNCOMMON3_DESCRIPTION,你可能会看到阿门罗的贵族不时掷出的骰子。\n\n观星者传家收藏
INV_S7_2623_DICE_UNCOMMON3_TITLE,天蓝裹尸布骰子
INV_S7_2631_DICE_RARE1_DESCRIPTION,通过只有最睿智阿门罗人才知道的神秘工艺制造而成；这些骰子中潜藏的真正力量仍未可知，即使制作者也难以揣摩之中的威力。\n\n观星者的遗物收藏
INV_S7_2631_DICE_RARE1_TITLE,学者密仪骰子
INV_S7_2632_DICE_RARE2_DESCRIPTION,抬头仰望星辰，你便永不迷途；怀揣星辰，你便永不孤单。\n\n观星者传家收藏
INV_S7_2632_DICE_RARE2_TITLE,前途指引骰子
INV_S7_2641_DICE_EPIC1_DESCRIPTION,在某些人心中，星辰是无边机遇之海。在另一些人心中，它们是令人窒息的牢笼之栏。美丽，却无从逃脱。\n\n观星者传家收藏
INV_S7_2641_DICE_EPIC1_TITLE,星辰诉说者骰子
INV_S7_2651_DICE_LEGENDARY1_DESCRIPTION,夜空中闪耀，璀璨孩童眼眸。美妙如许，纯净如许，是如无尽完美之微尘。\n\n观星者的遗物收藏
INV_S7_2651_DICE_LEGENDARY1_TITLE,寰宇惊奇骰子
INV_S8_2701_CHEST_DESCRIPTION,遥远的崇山峻岭上覆盖着层层白雪，在这些白雪之下冰封着遗弃已久的宝藏，吸引着阿门罗的探寻者。
INV_S8_2701_CHEST_TITLE,北方宝箱
INV_S8_2702_KEY_TITLE,北方钥匙
INV_S8_2711_DICE_COMMON1_DESCRIPTION,阿门罗民间常见的骰子。
INV_S8_2711_DICE_COMMON1_TITLE,蔚蓝骰子
INV_S8_2712_DICE_COMMON2_DESCRIPTION,阿门罗民间常见的骰子。
INV_S8_2712_DICE_COMMON2_TITLE,南瓜骰子
INV_S8_2713_DICE_COMMON3_DESCRIPTION,阿门罗民间常见的骰子。
INV_S8_2713_DICE_COMMON3_TITLE,钢制骰子
INV_S8_2714_DICE_COMMON4_DESCRIPTION,阿门罗民间常见的骰子。
INV_S8_2714_DICE_COMMON4_TITLE,雪花石膏骰子
INV_S8_2721_DICE_UNCOMMON1_DESCRIPTION,你可能会看到阿门罗的贵族不时掷出的骰子。
INV_S8_2721_DICE_UNCOMMON1_TITLE,铬矿脉骰子
INV_S8_2722_DICE_UNCOMMON2_DESCRIPTION,偶尔会看到阿门罗贵族使用的骰子。
INV_S8_2722_DICE_UNCOMMON2_TITLE,铁矿脉骰子
INV_S8_2723_DICE_UNCOMMON3_DESCRIPTION,你可能会看到阿门罗的贵族不时掷出的骰子。
INV_S8_2723_DICE_UNCOMMON3_TITLE,炭矿脉骰子
INV_S8_2731_DICE_RARE1_DESCRIPTION,这些骰子太烫，无法触碰。每一个都是用山之心的碎片燃烧锻造而成。
INV_S8_2731_DICE_RARE1_TITLE,余烬石骰子
INV_S8_2732_DICE_RARE2_DESCRIPTION,不管太阳多明亮，火焰多旺盛，都不重要。温暖将会消失。寒冰即将袭来。临冬骰子将回归。
INV_S8_2732_DICE_RARE2_TITLE,临冬骰子
INV_S8_2741_DICE_EPIC1_DESCRIPTION,使用灵石碎片植入到冰冷的哈坎钢中制成。怀尔德和蠕虫，编织成令人生厌的结合。
INV_S8_2741_DICE_EPIC1_TITLE,邪恶编织骰子
INV_S8_2751_DICE_LEGENDARY1_DESCRIPTION,大美不忍藏，重宝难随身。它们自身太完美，以致周遭万物皆失色。
INV_S8_2751_DICE_LEGENDARY1_TITLE,秘密财富骰子
INV_SIGNET02_DESCRIPTION,[c]黑曜石[/c]\n\n你占领的所有聚落获得侦察，且任何夺走你聚落的生物也获得侦察，直至你的下一回合结束。\n\n鼠族戒指。仅鼠族英雄可装备。
INV_SIGNET03_DESCRIPTION,[c]红宝石[/c]\n\n战斗中首个掷出的剑将爆发。\n\n鼠族戒指。仅鼠族英雄可装备。
INV_SIGNET04_DESCRIPTION,[c]绿松石[/c]\n\n获得闪避与+2爆发池。\n\n鼠族戒指。仅鼠族英雄可装备。
INV_SIGNET06_DESCRIPTION,[c]粉黄玉[/c]\n\n聚落收入翻倍。\n\n兔族戒指。兔族英雄均可佩戴。
INV_SIGNET07_DESCRIPTION,[c]钻石[/c]\n\n每个已装备宝藏和招募的随从 +1 声望。\n\n兔族戒指。兔族英雄均可佩戴。
INV_SIGNET08_DESCRIPTION,[c] 日长石 [/c]\n\n 在白天的战斗和陷阱中，+1 太阳。\n\n 兔族戒指。所有兔族英雄均可佩戴。
INV_SIGNET10_DESCRIPTION,[c] 月长石 [/c]\n\n 在战斗中每杀掉一个对手， +2 魔法。\n\n 狼族戒指。所有狼族英雄均可佩戴。
INV_SIGNET11_DESCRIPTION,[c]缟玛瑙[/c]\n\n战斗中每击杀一次 +2 金币。\n\n狼族戒指。狼族英雄均可佩戴。
INV_SIGNET12_DESCRIPTION,[c] 天青石戒指 [/c]\n\n 无视山地地形行动惩罚。\n\n 狼族戒指。所有狼族英雄均可佩戴。
INV_SIGNET14_DESCRIPTION,[c]石英[/c]\n\n若在石环中，黎明时 -1 腐化。\n\n熊族戒指。熊族英雄均可佩戴。
INV_SIGNET15_DESCRIPTION,[c]紫水晶[/c]\n\n每燃烧一张法术卡 +1 魔法，每燃烧一张腐化法术卡 +2 魔法。\n\n熊族戒指。熊族英雄均可佩戴。
INV_SIGNET16_DESCRIPTION,[c] 琥珀 [/c]\n\n 战斗中的燃烧太阳和月亮卡牌始终被视为击中，并且其中的第一个爆炸。\n\n 熊族戒指。所有熊族英雄均可佩戴。
INV_SIGNET17_DESCRIPTION,[c]坦桑石[/c]\n\n成功逃离陷阱时 +2 金币。\n\n鼠族戒指。鼠族英雄均可佩戴。
INV_SIGNET18_DESCRIPTION,[c]虹彩石英[/c]\n\n每个黎明 +1 魔法和 +1 金币。\n\n兔族戒指。兔族英雄均可佩戴。
INV_SIGNET19_DESCRIPTION,[c] 红电气石戒指 [/c]\n\n 当你只有 3 点以下生命时，会 +3 战力。\n\n 狼族戒指。所有狼族英雄均可佩戴。
INV_SIGNET20_DESCRIPTION,[c] 海蓝宝石 [/c]\n\n 在夜晚的战斗和陷阱中，+1 月亮。\n\n 熊族戒指。所有熊族英雄均可佩戴。
INV_SIGNET22_DESCRIPTION,[c]猫眼石[/c]\n\n每回合打出的第一张诡术卡 1 金币折扣。\n\n鼠族戒指。鼠族英雄均可佩戴。
INV_SIGNET23_DESCRIPTION,[c] 尖晶石戒指 [/c]\n\n 在所有任务中获得 20%的增益。\n\n 兔族戒指。所有兔族英雄均可佩戴。
INV_SIGNET24_DESCRIPTION,[c]硅孔雀石戒指[/c]\n\n对生命 3 或更少的英雄战斗时获得侦察，并 +1 剑。\n\n狼族戒指。狼族英雄均可佩戴。
INV_SIGNET25_DESCRIPTION,[c] 塔菲石戒指 [/c]\n\n 在森林地形 +1 盾牌并 +1 灵力。\n\n 熊族戒指。所有熊族英雄均可佩戴。
INV_SIGNET27_DESCRIPTION,[c]粉黄玉（强盗族）[/c]\n\n聚落收入翻倍。\n\n强盗族戒指。强盗族英雄均可佩戴。
INV_SIGNET28_DESCRIPTION,[c]紫水晶（强盗族）[/c]\n\n每燃烧一张法术卡 +1 魔法，每燃烧一张腐化法术卡 +2 魔法。\n\n强盗族戒指。强盗族英雄均可佩戴。
INV_SIGNET29_DESCRIPTION,[c] 天青石戒指（强盗族）[/c]\n\n 无视山地地形行动惩罚。\n\n 强盗族戒指。所有强盗族英雄均可佩戴。
INV_SKIN_10011_WOLF01_DESCRIPTION,哈肯斯贝恩的守护者——塞恩・格雷梅恩，从不畏惧战斗，特别是当他穿上神圣仪式盔甲的时候。
INV_SKIN_10011_WOLF01_TITLE,哈肯斯守卫・塞恩
INV_SKIN_10021_RAT01_DESCRIPTION,每一只灵巧的老鼠都需要一个坚若磐石的化身，而值得信赖的胡须就是一个完美伪装的基岩。
INV_SKIN_10021_RAT01_TITLE,大胡子墨丘里奥
INV_SKIN_10031_BEAR01_DESCRIPTION,熊族的怀尔德歌者们和怀尔德有着直接联系，怀尔德借他们歌唱。萨娜的歌曲丝毫没有什么两样。
INV_SKIN_10031_BEAR01_TITLE,怀尔德歌者・萨娜
INV_SKIN_10041_RABBIT01_DESCRIPTION,很多人都在谈论远寻者，可是很少有人亲眼见到她漫游远在平原之外的阿门罗古老建筑深处。
INV_SKIN_10041_RABBIT01_TITLE,远寻者・安布尔
INV_SKIN_10051_WOLF02_DESCRIPTION,面纱骑兵最有价值的人物知道，要想克服荒野，就必须变得野蛮。
INV_SKIN_10051_WOLF02_TITLE,荒野里弗
INV_SKIN_10061_RAT02_DESCRIPTION,夜之母非常关心她的孩子们，特别是她最致命的蒙着纱的手。
INV_SKIN_10061_RAT02_TITLE,夜之姐妹佐沙
INV_SKIN_10071_BEAR02_DESCRIPTION,熊族演说者提到过布朗的流亡，但是他们中很少有人承认因该族的背叛而产生的泰坦。
INV_SKIN_10071_BEAR02_TITLE,军阀布朗
INV_SKIN_10081_RABBIT02_DESCRIPTION,巴纳比甚至都不关心被称作兔窝先驱是一项殊荣。他只是喜欢旗子。
INV_SKIN_10081_RABBIT02_TITLE,先驱巴纳比
INV_SKIN_10091_WOLF03_DESCRIPTION,有些勇士成为了传奇，他们依靠自己争得立足之地，其地位在任何身份之上。护盾狂怒只成就了一个人，那就是马格努斯。
INV_SKIN_10091_WOLF03_TITLE,护盾狂怒麦格纳
INV_SKIN_10101_RAT03_DESCRIPTION,当上面纱的领主，也就是成了死亡领主。因为一旦有人知道了死亡的秘密，那还有什么可害怕的呢？
INV_SKIN_10101_RAT03_TITLE,面纱领主萨尔贡
INV_SKIN_10111_BEAR03_DESCRIPTION,就连戈尔也明白坚固防御的重要性……只是他很难组织起这样的防御。
INV_SKIN_10111_BEAR03_TITLE,强力者戈尔
INV_SKIN_10121_RABBIT03_DESCRIPTION,当方案上的墨汁变干时，大部分建筑师会拂去爪子上的灰尘。伊莱莎会出现在每个建筑上，盯着它们的每一颗螺栓。
INV_SKIN_10121_RABBIT03_TITLE,建筑大师伊莱莎
INV_SKIN_10131_BANDIT01_DESCRIPTION,对很多人来说，强盗族只是盗贼，但是略过他们的个人行为，看到的迷雾中却翻滚着宏大的计划。不过问题仍然存在，在小偷这么没有荣誉的情况下，这一群爱打架且格格不入的人在争夺王位的征程中为何晋升得这么快……？
INV_SKIN_10131_BANDIT01_TITLE,黑色佣兵特威斯
INV_SKIN_10141_BANDIT02_DESCRIPTION,对很多人来说，强盗族只是盗贼，但是略过他们的个人行为，看到的迷雾中却翻滚着宏大的计划。不过问题仍然存在，在小偷这么没有荣誉的情况下，这一群爱打架且格格不入的人在争夺王位的征程中为何晋升得这么快……？
INV_SKIN_10141_BANDIT02_TITLE,黑色佣兵塞拉斯
INV_SKIN_10151_BANDIT03_DESCRIPTION,对很多人来说，强盗族只是盗贼，但是略过他们的个人行为，看到的迷雾中却翻滚着宏大的计划。不过问题仍然存在，在小偷这么没有荣誉的情况下，这一群爱打架且格格不入的人在争夺王位的征程中为何晋升得这么快……？
INV_SKIN_10151_BANDIT03_TITLE,黑色佣兵贺拉斯
INV_SKIN_10161_BANDIT04_DESCRIPTION,对很多人来说，强盗族只是盗贼，但是略过他们的个人行为，看到的迷雾中却翻滚着宏大的计划。不过问题仍然存在，在小偷这么没有荣誉的情况下，这一群爱打架且格格不入的人在争夺王位的征程中为何晋升得这么快……？
INV_SKIN_10161_BANDIT04_TITLE,黑色佣兵斯卡蕾特
INV_SKIN_PIECE_10000_WOLF_DESCRIPTION,改变来自狼族的五个英雄皮肤碎片，获得狼族英雄皮肤。
INV_SKIN_PIECE_10000_WOLF_TITLE,狼族皮肤碎片
INV_SKIN_PIECE_10001_RAT_DESCRIPTION,改变来自鼠族的五个英雄皮肤碎片，获得鼠族英雄皮肤。
INV_SKIN_PIECE_10001_RAT_TITLE,鼠族皮肤碎片
INV_SKIN_PIECE_10002_BEAR_DESCRIPTION,改变来自熊族的五个英雄皮肤碎片，获得熊族英雄皮肤。
INV_SKIN_PIECE_10002_BEAR_TITLE,熊族皮肤碎片
INV_SKIN_PIECE_10003_RABBIT_DESCRIPTION,改变来自兔族的五个英雄皮肤碎片，获得兔族英雄皮肤。
INV_SKIN_PIECE_10003_RABBIT_TITLE,兔族皮肤碎片
INV_TYPE_AMULET,护身符
INV_TYPE_BADGE,徽章
INV_TYPE_BOOK,中篇小说
INV_TYPE_CHEST,宝箱
INV_TYPE_CHESTKEY,宝箱及钥匙
INV_TYPE_DICESKIN,骰子
INV_TYPE_GIFTBARREL,礼物桶
INV_TYPE_HERO,英雄
INV_TYPE_HEROSKIN,英雄皮肤
INV_TYPE_HEROSKINPIECE,英雄皮肤碎片
INV_TYPE_KEY,钥匙
INV_TYPE_NOVELLA,中篇小说
INV_TYPE_SIGNET,图章戒指
ITEMCARDTYPE_NAME,道具
ITEMCARDTYPE_STATUSFEEDRECEIVEDMESSAGE,<hero> 已获得道具卡牌。
LOADING_SCREEN_TIP_1,在线遇到了一些很厉害的玩家？将他们加入你的好友列表。
LOADING_SCREEN_TIP_10,战斗总是血腥和残酷的。做好准备；穿上盔甲，备好要燃烧的卡牌。
LOADING_SCREEN_TIP_11,最谨慎的魔法使用者会在每个黄昏魔法重置前将其用尽。
LOADING_SCREEN_TIP_12,布置得当的陷阱可以保护聚落，或在战斗开始前阻止它。
LOADING_SCREEN_TIP_13,真正的阿门罗大师即使在不是自己的回合时，也明白打出卡牌的价值。
LOADING_SCREEN_TIP_14,在你的回合开始之前，精心策划动作，但要确保你要获取胜利的计划自由灵活。
LOADING_SCREEN_TIP_15,打破坏者（诡术），阻止对手的骰子在战斗中发生爆炸。
LOADING_SCREEN_TIP_16,对自己施放镜像（法术），减少对手在战斗中使用的骰子。
LOADING_SCREEN_TIP_17,有些卡牌与其他卡牌、戒指和正确的护身符一起使用，才能发挥出最大的威力。
LOADING_SCREEN_TIP_18,阿门罗有很大的运气成分。寻找并抓住每个机会，让胜算倒向你这边。
LOADING_SCREEN_TIP_19,别因自己的愚蠢冒不必要的风险，阿门罗是一场残酷无情的运气游戏。
LOADING_SCREEN_TIP_2,记得关注其他英雄的道具、护身符、戒指、随从和增益。
LOADING_SCREEN_TIP_20,多加实验，找到威力最大的英雄、戒指、护身符和策略组合。
LOADING_SCREEN_TIP_21,有些英雄比其他人更擅长应对不同的状况，谨慎选择你的战斗。
LOADING_SCREEN_TIP_22,通过分发悬赏操控国王守卫，是一个阻止其他英雄的好方法。
LOADING_SCREEN_TIP_23,记得多交朋友并与商人合约或同盟公约这样的卡牌结盟。
LOADING_SCREEN_TIP_24,掌控多个聚落可以降低诡术卡牌的费用。
LOADING_SCREEN_TIP_25,并非所有胜利方式都机会均等。当时机出现时，要准备随时调整策略。
LOADING_SCREEN_TIP_26,赢得的最好胜利都是经过艰难的战斗，并从失败的爪牙中抢过来的。
LOADING_SCREEN_TIP_27,阿门罗的力量平衡可以在一个回合内彻底改变。永不放弃。
LOADING_SCREEN_TIP_28,你不会赢得每场战斗，阿门罗中的战斗常常是致命的。明智地选择你的战斗。
LOADING_SCREEN_TIP_29,国王是位威猛的勇士。仔细选择正确的时机尝试进行刺杀。
LOADING_SCREEN_TIP_3,完成任务是一段强大有力但漫长的路程。你无需完成任务来夺得胜利。
LOADING_SCREEN_TIP_30,利用你的地形优势。山地能提供额外的防御，而森林在夜晚可帮助潜行。
LOADING_SCREEN_TIP_31,某些法术卡可以叠加。施放多张树皮皮肤或邪恶之眼卡牌，获得更好的效果！
LOADING_SCREEN_TIP_32,在战斗或陷阱中燃烧不想要的卡牌，以在下一次抽牌之前，给你的手上腾出点空间。
LOADING_SCREEN_TIP_33,某些法术卡可以叠加。施放多张树皮皮肤或邪恶之眼卡牌，获得更好的效果！
LOADING_SCREEN_TIP_34,使用卡牌和护身符提高你的统计数据，提高你成功的机率。
LOADING_SCREEN_TIP_35,你的第五个任务始终会解锁距离你的部族领地最近的宫殿花园。
LOADING_SCREEN_TIP_36,每次游玩时，打败某个特定陷阱所需的符号始终相同。
LOADING_SCREEN_TIP_37,中毒的生物，每消耗 1 个行动点数，-1 生命。
LOADING_SCREEN_TIP_38,刺杀国王时你必须存活，否则阿门罗的王位将交给声望领先者。
LOADING_SCREEN_TIP_39,已堕落的英雄在战斗中每击杀一次 +1 生命，若受害者是贝恩则 +1 腐化。
LOADING_SCREEN_TIP_4,王宫陷阱是很难逾越的障碍，但经过周密计划仍可克服。
LOADING_SCREEN_TIP_40,你也可以在任务中明智的选择安全的选项。
LOADING_SCREEN_TIP_41,王宫陷阱失败后会留在原地，但一旦被击败就永远消失。
LOADING_SCREEN_TIP_42,国王守卫会摧毁他们遇到的任何灵石。
LOADING_SCREEN_TIP_43,让卡牌在你手中不断流转，是阿门罗中最重要的技能之一。
LOADING_SCREEN_TIP_44,对于足够狡猾的玩家而言，陌生人可以成为得力帮手。
LOADING_SCREEN_TIP_45,诡术陷阱测试智力。法术陷阱测试灵力。
LOADING_SCREEN_TIP_46,提早计划你的选择。尽量缩短你的回合时间，留给对手更少的谋划时间。
LOADING_SCREEN_TIP_47,在英雄自己的回合中，你不能对他们打牌。
LOADING_SCREEN_TIP_48,施展更阴险的手段吧，他们可没在盯着地图。
LOADING_SCREEN_TIP_49,有时候，增益敌人或者减益你自己都会有利。
LOADING_SCREEN_TIP_5,走上腐化黑暗之路的第一步是已感染，但已堕落才是真正力量的所在。
LOADING_SCREEN_TIP_50,聪明的冒险家会在潜行时探索地牢。
LOADING_SCREEN_TIP_51,在你感觉不适的那天去拜访聚落。你可能会遇到一个帮手……
LOADING_SCREEN_TIP_52,通常，非常规的策略会赢得游戏。发挥创造力。利用迂回战术。
LOADING_SCREEN_TIP_53,对自己施放忽悠（诡术），卸下你的腐化道具再重新装备，获得额外腐化！
LOADING_SCREEN_TIP_54,手中塞满腐化卡牌？施放微光之盾（法术），将它们转化为护盾卡。
LOADING_SCREEN_TIP_55,灵石不会在同一个石环刷新两次。
LOADING_SCREEN_TIP_56,难度已经增加的陷阱，它们的旗子上有个交叉的骨头。
LOADING_SCREEN_TIP_57,务必仔细阅读卡牌说明。忙中易出错。
LOADING_SCREEN_TIP_58,王座只有一个座位，所以在阿门罗中友谊变幻无常。
LOADING_SCREEN_TIP_59,进入王宫后，打出能立即获得行动点数的卡牌，以便在同一回合攻击国王。
LOADING_SCREEN_TIP_6,贝恩是危险的造物，是纯粹腐化的化身。不要让它们感染你。
LOADING_SCREEN_TIP_60,潜行时使用传送（法术）或放逐（法术），让你的对手真正的大吃一惊。
LOADING_SCREEN_TIP_61,不要急于攻击。盟友往往比击杀所得的声望更有价值。
LOADING_SCREEN_TIP_62,享受冒险吗？给阿门罗写条评价，我们感激不尽！
LOADING_SCREEN_TIP_63,高手善用随机，顺应天命。
LOADING_SCREEN_TIP_64,认识其他勇敢的英雄吗？向他们宣传阿门罗吧！
LOADING_SCREEN_TIP_7,地牢在夜晚可能有丰厚的奖励，但也危险得多！
LOADING_SCREEN_TIP_8,有时好运多了，就会倒霉运。
LOADING_SCREEN_TIP_9,在战斗和陷阱中燃烧卡牌是减少危险和取得成功的好方法。
LOADOUTITEM_AMU01_NAME,抓刮
LOADOUTITEM_AMU02_NAME,浸湿
LOADOUTITEM_AMU03_NAME,思考
LOADOUTITEM_AMU04_NAME,感觉
LOADOUTITEM_AMU05_NAME,生长
LOADOUTITEM_AMU06_NAME,观看
LOADOUTITEM_AMU07_NAME,恩惠
LOADOUTITEM_AMU08_NAME,掠夺
LOADOUTITEM_AMU09_NAME,倾听者
LOADOUTITEM_AMU10_NAME,挖掘
LOADOUTITEM_AMU11_NAME,冲刺
LOADOUTITEM_AMU12_NAME,自律
LOADOUTITEM_AMU13_NAME,抵抗
LOADOUTITEM_AMU14_NAME,恐吓
LOADOUTITEM_AMU15_NAME,调和
LOADOUTITEM_AMU16_NAME,衰败
LOADOUTITEM_AMU21_NAME,毁灭
LOADOUTITEM_CLN_DAY_NAME,白天
LOADOUTITEM_CLN_NIGHT_NAME,黑夜
LOADOUTITEM_CLN_STREETQUEEN_NAME,黑夜
LOADOUTITEM_PERMASCOUT_NAME,永久侦察
LOADOUTITEM_POW00_NAME,黑心
LOADOUTITEM_POW01_NAME,剑术大师
LOADOUTITEM_POW02_NAME,盗墓者
LOADOUTITEM_POW03_NAME,女祭司
LOADOUTITEM_POW03_OLD_NAME,女祭司
LOADOUTITEM_POW03_old_NAME,女祭司
LOADOUTITEM_POW04_NAME,恶棍
LOADOUTITEM_POW05_NAME,女猎者
LOADOUTITEM_POW06_NAME,修补匠
LOADOUTITEM_POW07_ALT2_NAME,疤痕施法者
LOADOUTITEM_POW07_ALT_NAME,疤痕施法者
LOADOUTITEM_POW07_NAME,疤痕施法者
LOADOUTITEM_POW07_alt2_NAME,疤痕施法者
LOADOUTITEM_POW07_alt_NAME,疤痕施法者
LOADOUTITEM_POW08_NAME,暗影
LOADOUTITEM_POW09_NAME,扒手
LOADOUTITEM_POW10_NAME,屠夫
LOADOUTITEM_POW11_NAME,第九骑士
LOADOUTITEM_POW12_NAME,革命者
LOADOUTITEM_POW13_NAME,盾卫
LOADOUTITEM_POW14_NAME,建筑师
LOADOUTITEM_POW15_NAME,守护者
LOADOUTITEM_POW16_NAME,窥幕者
LOADOUTITEM_POW17_NAME,狂战士
LOADOUTITEM_POW18_NAME,炮手
LOADOUTITEM_POW19_NAME,街头女皇
LOADOUTITEM_POW20_NAME,坩埚巫婆
LOADOUTITEM_POW21_NAME,魅惑
LOADOUTITEM_POW22_NAME,祝圣
LOADOUTITEM_POW23_NAME,苦行僧
LOADOUTITEM_POW24_NAME,骗术师
LOADOUTITEM_SIG01_NAME,黑欧泊
LOADOUTITEM_SIG02_NAME,黑曜石
LOADOUTITEM_SIG03_NAME,红宝石
LOADOUTITEM_SIG04_NAME,绿松石
LOADOUTITEM_SIG05_NAME,祖母绿
LOADOUTITEM_SIG06_NAME,粉黄玉
LOADOUTITEM_SIG07_NAME,钻石
LOADOUTITEM_SIG08_NAME,日长石
LOADOUTITEM_SIG09_NAME,蓝宝石
LOADOUTITEM_SIG10_NAME,月长石
LOADOUTITEM_SIG11_NAME,缟玛瑙
LOADOUTITEM_SIG12_NAME,天青石
LOADOUTITEM_SIG13_NAME,翡翠
LOADOUTITEM_SIG14_NAME,石英
LOADOUTITEM_SIG15_NAME,紫水晶
LOADOUTITEM_SIG16_NAME,琥珀
LOADOUTITEM_SIG17_NAME,坦桑石
LOADOUTITEM_SIG18_NAME,彩虹石英
LOADOUTITEM_SIG19_NAME,红电气石
LOADOUTITEM_SIG20_NAME,海蓝宝石
LOADOUTITEM_SIG21_NAME,蓝硅硼钙石
LOADOUTITEM_SIG22_NAME,猫眼石
LOADOUTITEM_SIG23_NAME,尖晶石
LOADOUTITEM_SIG24_NAME,硅孔雀石
LOADOUTITEM_SIG25_NAME,塔菲石
LOADOUTITEM_SIG35_NAME,硫磺
LOADOUTITEM_SIG36_NAME,玄武岩
LOADOUTITEM_SIG37_NAME,斧石
LOADOUTITEM_SIG38_NAME,朱砂
LOADOUTITEM_SIG39_NAME,透闪石
LOADOUTITEM_SIG40_NAME,蛇纹石
LOADOUTITEM_TRK_DISCOUNT_NAME,土地拥有者
MAINMENU_ACHIEVEMENTS,成就
MAINMENU_CARD_GALLERY,卡牌图集
MAINMENU_CLAN_GROUNDS,部族领地
MAINMENU_COLLECTIBLES,收藏品
MAINMENU_CONTINUELABEL,继续
MAINMENU_CREDITS,制作组
MAINMENU_CROSSPLAY_WARNING,[F1DE85][b]Crossplay 已启用：[/b]  [FFFFFF]你可能会遇到跨平台的网络玩家。
MAINMENU_CYCLE_NEWSFEED,切换新闻
MAINMENU_FACEBOOK,Facebook
MAINMENU_FACEBOOK_TOOLTIP,访问 Facebook 页面
MAINMENU_GAME_CENTER,Game Center
MAINMENU_GAME_CENTER_TOOLTIP,打开 Game Center 成就
MAINMENU_GOOGLE_PLAY,Google Play
MAINMENU_GOOGLE_PLAY_TOOLTIP,打开 Google Play 游戏成就
MAINMENU_INVENTORY,物品栏
MAINMENU_JEWELLERY_BOX,珠宝盒
MAINMENU_MORE,更多
MAINMENU_MULTIPLAYER,多人
MAINMENU_MULTIPLAYER_ABANDON,放弃
MAINMENU_MULTIPLAYER_LOCAL,本地
MAINMENU_MULTIPLAYER_PRIVATE,私密
MAINMENU_MULTIPLAYER_PRIVATEGAME,私密游戏
MAINMENU_MULTIPLAYER_PUBLIC,公开
MAINMENU_MULTIPLAYER_PUBLICEVENT,公开活动
MAINMENU_MULTIPLAYER_PUBLICGAME,公开游戏
MAINMENU_MULTIPLAYER_RANKED,排位
MAINMENU_MULTIPLAYER_REJOIN,重新加入 {0}
MAINMENU_MULTIPLAYER_SKIRMISH,遭遇战
MAINMENU_OPEN_NEWSFEED,打开新闻提要链接
MAINMENU_OPTIONS,选项
MAINMENU_PRESS_TO_START,按下 <controller_icon> 开始
MAINMENU_PROLOGUE,序幕
MAINMENU_QUIT,退出
MAINMENU_QUIT_ASK,真的退出？
MAINMENU_RATE,评分
MAINMENU_RATE_ASK,为该游戏评分
MAINMENU_RATE_LATER,暂不
MAINMENU_REPORT_BUG,发送反馈
MAINMENU_SINGLEPLAYER,单人
MAINMENU_SINGLEPLAYER_CUSTOM_GAME,自定义游戏
MAINMENU_SINGLEPLAYER_GOOGLE_SAVES,云存档
MAINMENU_SINGLEPLAYER_NEW_GAME,新游戏
MAINMENU_SUBSCRIBE,订阅！
MAINMENU_SUBSCRIBED,已订阅
MAINMENU_TOOLTIP_ABANDON,放弃正在进行的多人游戏。
MAINMENU_TOOLTIP_ACHIEVEMENTS,查看你的成就
MAINMENU_TOOLTIP_CARDGALLERY,查看你的卡牌收集情况
MAINMENU_TOOLTIP_CHANGE_USER,作为不同的用户登录
MAINMENU_TOOLTIP_CHECKOUTYOURCONTROLSCHEME,编辑操控设置
MAINMENU_TOOLTIP_CLANGROUNDS,查看你的英雄，并设置你偏好的出战配置！
MAINMENU_TOOLTIP_COLLECTIBLES,查看你在阿门罗中获得的物品和成就
MAINMENU_TOOLTIP_CONTINUE,继续上次保存的游戏
MAINMENU_TOOLTIP_CREDITS,打造这款游戏的人们。
MAINMENU_TOOLTIP_CUSTOMGAME,尝试自定义规则，创造属于你自己的阿门罗。
MAINMENU_TOOLTIP_FREEDROP,每天回来领取你的免费宝箱！
MAINMENU_TOOLTIP_FREEDROP_HEADING,每日免费宝箱
MAINMENU_TOOLTIP_GAMEGUIDE,《阿门罗》规则和系统机制的参考指南
MAINMENU_TOOLTIP_GAME_CENTER,Game Center
MAINMENU_TOOLTIP_GOOGLE_PLAY,Google Play
MAINMENU_TOOLTIP_GOOGLE_SAVES,查看谷歌云端保存的游戏
MAINMENU_TOOLTIP_INTERFACE,调整你的界面选项
MAINMENU_TOOLTIP_INVENTORY,查看你收藏的各种道具
MAINMENU_TOOLTIP_ITEMSTORE,在 Skeeve 商店购买所有阿门罗游戏内的好物！
MAINMENU_TOOLTIP_JEWELLERYBOX,查看所有可解锁的物品，以及解锁这些物品的进度
MAINMENU_TOOLTIP_MORE,显示更多按钮
MAINMENU_TOOLTIP_MULTIPLAYER,正面交锋，争夺王位
MAINMENU_TOOLTIP_MULTIPLAYER_PARTY,MAINMENU_TOOLTIP_MULTIPLAYER_PARTY
MAINMENU_TOOLTIP_MULTIPLAYER_PRIVATE,和你的朋友开始一场私密游戏。
MAINMENU_TOOLTIP_MULTIPLAYER_PUBLIC,通过在线比赛测试你的实力。
MAINMENU_TOOLTIP_MULTIPLAYER_PUBLIC_EVENT,游玩一场我们的自定义规则线上比赛。
MAINMENU_TOOLTIP_NEWGAME,启动新游戏
MAINMENU_TOOLTIP_OPTIONS,量身定制属于你的阿门罗体验
MAINMENU_TOOLTIP_OPTIONS_GAMEPLAY,设置你喜欢的游戏体验
MAINMENU_TOOLTIP_PRIVATEGAME,和你的好友开始一场私密游戏。
MAINMENU_TOOLTIP_PROLOGUE,了解如何玩阿门罗
MAINMENU_TOOLTIP_PUBLICGAME,通过在线比赛测试你的实力。
MAINMENU_TOOLTIP_QUIT,退出到桌面
MAINMENU_TOOLTIP_RATE,为该游戏评分
MAINMENU_TOOLTIP_REJOIN,重新加入正在进行的多人游戏。
MAINMENU_TOOLTIP_SEND_FEEDBACK,提醒开发团队关于错误的信息，并分享你的建议
MAINMENU_TOOLTIP_SINGLEPLAYER,争夺阿门罗的王位
MAINMENU_TOOLTIP_SKIRMISH,与朋友或敌人进行在线多人游戏
MAINMENU_TOOLTIP_SUBSCRIBE,订阅后可获得阿门罗所提供的一切！
MAINMENU_TOOLTIP_SUBSCRIBE_HEADING,订阅
MAINMENU_TOOLTIP_TWEAKYOURSETTINGS,调节音频/视频选项
MAINMENU_TOOLTIP_VIEW_DLC,打开 Nintendo eShop 以查看可用的 DLC
MAINMENU_TOOLTIP_VIEW_DLC_PS4,打开 PlayStation™Store 查看可用的追加内容 (DLC)
MAINMENU_TOOLTIP_VIEW_DLC_XB1,打开 Xbox Games Store 查看可用的可下载内容 (DLC)
MAINMENU_TUTORIAL,教程
MAINMENU_TWITTER,Twitter
MAINMENU_TWITTER_TOOLTIP,访问 Twitter 页面
MAINMENU_VIEW_DLC,可下载内容
MAINMENU_VISIT_FACEBOOK_TOOLTIP,访问《阿门罗》官方 Facebook
MAINMENU_VISIT_FORUMS,访问论坛
MAINMENU_VISIT_FORUMS_TOOLTIP,加入 LoG 论坛进行交流
MAINMENU_VISIT_TWITCH_TOOLTIP,访问《阿门罗》官方 Twitch
MAINMENU_VISIT_TWITTER_TOOLTIP,访问《阿门罗》官方 Twitter
MAINMENU_VISIT_WIKI,访问 Wiki
MAINMENU_VISIT_WIKI_TOOLTIP,访问《阿门罗》官方 Wiki
MAPAUTUMN_NAME,秋季棋盘
MAPPACK01_DLC_DESCRIPTION,使用两款全新的、极其漂亮的阿门罗季节皮肤 - 秋季和春季，开启你的王座争夺之旅！
MAPPACK01_DLC_NAME,季节棋盘皮肤包
MAPSPRING_NAME,春季棋盘
MAPSUMMER_NAME,夏季棋盘
MAPWINTER_NAME,冬季棋盘
MP_ERROR_AGE_RESTRICTED,由于年龄限制，此玩家不可使用多人游戏功能。
MP_ERROR_AUTH_OTHER_FAILED,检测出未被授权的玩家，自动退出游戏室。
MP_ERROR_AUTH_OTHER_TIMEOUT,玩家回应失败，自动退出游戏室。
MP_ERROR_AUTH_SELF_BANNED,此账号目前禁用，自动退出游戏室。
MP_ERROR_AUTH_SELF_FAILED,此账号未被授权，自动退出游戏室。
MP_ERROR_CONNECT_FAIL,无法启动多人游戏，请检查你的互联网连接
MP_ERROR_CONNECT_FAIL_BANNED,此账户已被禁止，因此无法开始多人游戏。
MP_ERROR_DISCONNECTED,抱歉，网络连接已丢失。
MP_ERROR_GAME_UPDATE_REQUIRED,必须对游戏进行更新才能访问多人游戏。
MP_ERROR_INVALID_VERSION,一个或多个玩家使用了旧版的阿门罗。请确保所有玩家使用新版游戏。
MP_ERROR_NOT_SIGNED_IN,未登录有效的用户名。
MP_ERROR_NO_CONNECTION,网络连接不可用。请检查网络连接。
MP_ERROR_NO_MATCHMAKING,自动配对系统不可用。
MP_ERROR_SESSION_CLOSED,网络会话已开始或已结束。
MP_ERROR_SESSION_CREATE_FAIL,无法创建网络会话。
MP_ERROR_SESSION_FULL,未能加入网络会话，因为其中的玩家数量已满。
MP_ERROR_SESSION_JOIN_FAIL,无法进入网络会话。
MP_ERROR_SESSION_KICKED,你已经从网络会话中被踢出。
MP_ERROR_SESSION_LOST,断开网络会话。
MP_ERROR_SESSION_NOT_EXIST,无法进入游戏。网络会话不存在。
MP_ERROR_SIGN_IN_FAIL,无法连接网络。
MP_ERROR_SIGN_OUT,已连接的用户登出。
MP_ERROR_STEAM_UPDATE_CLIENT_REQUIRED,你的《阿门罗》版本已落后于服务器。请关闭游戏，并在Steam客户端中更新阿门罗。
MP_ERROR_SYSTEM_UPDATE_REQUIRED,系统软件必须更新。
MP_ERROR_TIMED_OUT,抱歉，游戏连接已超时。
MP_ERROR_UPDATE_CLIENT_REQUIRED,你的《阿门罗》版本已落后于服务器。请关闭游戏，下载最新更新。
MP_MSG_AFK_KICKED,你已被移出游戏由于人不在电脑前时间太长。
MP_MSG_CONVERT_TO_PUBLIC_QUEUE,这样会让所有私人游戏的成员进入单独的公开队列大厅，并停用所有私人游戏的功能。如果你想重新启用任何私人游戏的功能，你需要离开公开队列并创建一个新的私人游戏。
MP_MSG_FINDING_GAME,正在查找游戏
MP_MSG_HOUSE_RULES_IN_PUBLIC,你正在进入公共多人模式。自定义规则不可用，将会被重置。
MP_MSG_INVALID_VERSION,你的：{0} 他们的：{1}
MP_MSG_NOT_PARTY_LEADER,只有队长可以排队参加游戏。
MP_MSG_PARTY_CONNECT_TIMEOUT,一名队员加入游戏失败。
MP_MSG_PARTY_DISCONNECTED,一名队员已离开游戏。
MP_MSG_QUEUE_ABANDON,你已经离开自动配对搜索。你可以在 {0} 秒后再次搜索。
MP_MSG_QUEUE_BLOCKED,由于放弃了多人游戏排队，你现在无法搜索多人游戏。请在{0}秒后再次搜索。
MP_MSG_QUEUE_KICKED,你被踢出了对战队列，可在 {0} 秒后再次搜索。
MP_MSG_RECRUIT_AI,你想要招募 AI 进入房间吗？
MP_MSG_SESSION_ENTERED,已进入房间
MP_MSG_SESSION_PLAYER_JOINED,<player> 已加入
MP_MSG_SESSION_PLAYER_LEFT,<player> 已离开
MP_MSG_SESSION_PLAYER_MASTER,<player> 现在控制着房间
MP_MSG_STARTING_GAME,正在开始游戏
MP_MSG_STATUS_MATCHMAKING,正在等待玩家进入。
MP_MSG_STATUS_OTHER,正在玩阿门罗。
MP_MSG_STATUS_PLAYING_MULTI,正在玩多人游戏。
MP_MSG_STATUS_PLAYING_SINGLE,正在玩单人游戏。
MP_PS4_DEFAULT_INVITE_MESSAGE,加入我的阿门罗游戏！
MP_PS4_DEFAULT_SESSION_NAME,桌游世界，栩栩如生
MP_PS4_ERROR_NOT_REGISTERED,需要注册索尼娱乐网络账户。
MULTIPLAYER_AI,AI
MULTIPLAYER_INITIALISING_GAME,正在初始化多人对战游戏...
MULTIPLAYER_LEAVE_QUEUE,离开队列
MULTIPLAYER_PLAYERS_IN_QUEUE,队列中的玩家
MULTIPLAYER_PUBLIC_GAME_READY,你的多人对战游戏已就绪！
MULTIPLAYER_QUEUE_PLAYER_1,1
MULTIPLAYER_QUEUE_PLAYER_2,2
MULTIPLAYER_QUEUE_PLAYER_3,3
MULTIPLAYER_QUEUE_PLAYER_4,4
MULTIPLAYER_SINGLEPLAYER_HINT,你可以在等待多人游戏时先玩单人游戏。
MULTIPLAYER_TOOLTIP_FINDGAME,加入在线公共多人队列
MULTIPLAYER_TOOLTIP_HOUSERULES,量身定做属于你自己的《阿门罗》游戏体验
MULTIPLAYER_TOOLTIP_INVITEFRIENDS,召集英勇的玩家，组成你自己的小队，进行公开或私密游戏。
MULTIPLAYER_TOOLTIP_JOINROOM,通过输入他们的游戏室代码可加入到另一个大厅
MULTIPLAYER_TOOLTIP_LEAVEQUEUE,退出匹配并停止搜索其他玩家。
MULTIPLAYER_TOOLTIP_LEAVE_PARTY,离开当前这个充满了恶棍流氓的小队。总算解放了。
MULTIPLAYER_TOOLTIP_READY,当所有玩家准备好时游戏可以开始。
MULTIPLAYER_TOOLTIP_RECRUITAI,使用电脑玩家填满空位，仅限私密游戏使用。
MULTIPLAYER_TOOLTIP_ROOMCODE,显示游戏室代码，其他玩家即可用它加入大厅
MULTIPLAYER_TOOLTIP_STARTPRIVATE,与当前小队一起进入游戏模式选择，进行私密游戏，并使用 AI 填补空位。
MULTIPLAYER_TOOLTIP_STARTPUBLIC,与当前小队一起进入游戏模式选择，进行公开游戏，并使用匹配功能寻找其他玩家。
MULTIPLAYER_WAITING_FOR_LOBBY,等待填充大厅...
MULTIPLAYER_WAITING_FOR_OTHER_PLAYERS,等待其他玩家...
NEW_CONTENT_UNLOCKED_TITLE,新内容已解锁！
NOTIFICATION_DECKSHUFFLED_FOLLOWER,随从卡组洗牌
NOTIFICATION_DECKSHUFFLED_ITEM,道具卡组洗牌
NOTIFICATION_DECKSHUFFLED_SPELL,法术卡组洗牌
NOTIFICATION_DECKSHUFFLED_TREASURE,宝藏卡组洗牌
NOTIFICATION_DECKSHUFFLED_TRICKERY,诡术卡组洗牌
NOVELLA_MENU_JUMPTOBOOKMARK,进入书签
NOVELLA_MENU_JUMPTOTITLE,进入标题
NOVELLA_MENU_MODELANDSCAPE,横向模式
NOVELLA_MENU_MODEPORTRAIT,纵向模式
NOVELLA_MENU_TEXTSIZEDOWN,缩小字体大小
NOVELLA_MENU_TEXTSIZEUP,扩大字体大小
NOVELLA_PROMPT_LEAVE,是否离开阅读器并回到主菜单？
NPC_BANE_01_NAME,贝恩
NPC_KINGSGUARD_01_NAME,国王守卫
NPC_KING_01_NAME,国王
NPC_KING_01_TOOLTIPBODYTEXT,曾经英明仁慈的阿门罗统治者，如今已堕入黑暗。
OPTIONS_AUDIO,音频
OPTIONS_AUDIO_HEADING,音频选项
OPTIONS_AUDIO_MUSIC_VOLUME,音乐音量
OPTIONS_AUDIO_SFX_VOLUME,音效音量
OPTIONS_AUDIO_VO_VOLUME,配音音量
OPTIONS_AUTO_ENCOUNTER_PEEK,自动遭遇窥视
OPTIONS_AUTO_ENCOUNTER_PEEK_OFF,关
OPTIONS_AUTO_ENCOUNTER_PEEK_ON,开启
OPTIONS_BATTERY_SAVER,省电模式
OPTIONS_CONTROLLERS_CONFIRM_BINDING,确认
OPTIONS_CONTROLLERS_ENDTURN_BINDING,回合结束
OPTIONS_CONTROLLERS_FOCUSCARD_BINDING,聚焦卡牌[b]向右[/b]
OPTIONS_CONTROLLERS_HEROSHELF_BINDING,英雄陈列架
OPTIONS_CONTROLLERS_INFORMATION_BINDING,信息
OPTIONS_CONTROLLERS_LEFTSTICK_BINDING,[b]左摇杆[/b]\n移动光标\n掷骰子
OPTIONS_CONTROLLERS_LEFTSTICK_BINDING_SWITCH,[b]L 摇杆 [/b]\n 移动光标\n 掷骰子
OPTIONS_CONTROLLERS_LEFTSTICK_BINDING_XBOX,[b]左摇杆[/b]\n移动光标\n掷骰子
OPTIONS_CONTROLLERS_PS4_L1_BINDING,循环玩家 [b]L1[/b]
OPTIONS_CONTROLLERS_PS4_L1_R1_BINDING,[b]L1 + R1[/b] 聚焦当前玩家
OPTIONS_CONTROLLERS_PS4_L2_BINDING,飞行摄像机 [b]L2[/b]
OPTIONS_CONTROLLERS_PS4_OPTIONS_BINDING,[b]OPTIONS[/b]\n菜单
OPTIONS_CONTROLLERS_PS4_R1_BINDING,[b]R1[/b] 循环玩家
OPTIONS_CONTROLLERS_PS4_R2_BINDING,[b]R2[/b] 准备一张选好的卡牌
OPTIONS_CONTROLLERS_PS4_TOUCHPAD_BINDING,"[b]触控板按钮[/b]
汇总面板

[b]触控板[/b]
滑动以投掷骰子"
OPTIONS_CONTROLLERS_RIGHTSTICK_BINDING,[b]右摇杆[/b]缩放地图\n[b]R3[/b] 状态反馈
OPTIONS_CONTROLLERS_RIGHTSTICK_BINDING_SWITCH,[b]R 摇杆 [/b] 缩放地图\n[b] 按下 R 摇杆 [/b] 状态反馈
OPTIONS_CONTROLLERS_RIGHTSTICK_BINDING_VITA,[b]右摇杆[/b]缩放地图
OPTIONS_CONTROLLERS_RIGHTSTICK_BINDING_XBOX,[b]右摇杆[/b]缩放地图\n[b]按下右摇杆[/b] 状态反馈
OPTIONS_CONTROLLERS_SELECTCARD_BINDING,选择卡牌[b]向上向下[/b]
OPTIONS_CONTROLLERS_SELECTCARD_DOWN_BINDING,选择卡牌[b]向下[/b]
OPTIONS_CONTROLLERS_SELECTCARD_UP_BINDING,选择卡牌[b]向上[/b]
OPTIONS_CONTROLLERS_SWITCH_L_BINDING,循环玩家 [b]L[/b]
OPTIONS_CONTROLLERS_SWITCH_L_R_BINDING,[b]L + R[/b] 聚焦当前玩家
OPTIONS_CONTROLLERS_SWITCH_MINUS_BINDING,[b]-[/b]\n汇总面板
OPTIONS_CONTROLLERS_SWITCH_PLUS_BINDING,[b]+[/b]\n菜单
OPTIONS_CONTROLLERS_SWITCH_R_BINDING,[b]R[/b] 循环玩家
OPTIONS_CONTROLLERS_SWITCH_SCREEN,触屏
OPTIONS_CONTROLLERS_SWITCH_ZL_BINDING,飞行摄像机 [b]ZL[/b]
OPTIONS_CONTROLLERS_SWITCH_ZR_BINDING,[b]ZR[/b] 准备一张选好的卡牌
OPTIONS_CONTROLLERS_UNFOCUSCARD_BINDING,卡牌离焦[b]向左[/b]
OPTIONS_CONTROLLERS_VITA_REMOTE_L_BINDING,飞行摄像机[b]按住 L[/b]
OPTIONS_CONTROLLERS_VITA_REMOTE_OPTIONS_BINDING,[b]START[/b]\n菜单
OPTIONS_CONTROLLERS_VITA_REMOTE_REARTOUCHPAD,[b]后触控板[/b]
OPTIONS_CONTROLLERS_VITA_REMOTE_R_BINDING,[b]按住 R[/b] 准备一张选好的卡牌
OPTIONS_CONTROLLERS_VITA_REMOTE_TOUCHSCREEN,"[b]触屏按钮[/b]
汇总面板

[b]触屏[/b]
滑动以投掷骰子"
OPTIONS_CONTROLLERS_XBOX360_BACK_BINDING,[b]BACK[/b]\n汇总面板
OPTIONS_CONTROLLERS_XBOX360_START_BINDING,[b]START[/b]\n菜单
OPTIONS_CONTROLLERS_XBOXONE_LB_BINDING,循环玩家 [b]LB[/b]
OPTIONS_CONTROLLERS_XBOXONE_LB_RB_BINDING,[b]LB + RB[/b] 聚焦当前玩家
OPTIONS_CONTROLLERS_XBOXONE_LT_BINDING,飞行摄像机 [b]LT[/b]
OPTIONS_CONTROLLERS_XBOXONE_MENU_BINDING,[b]MENU[/b]\n菜单
OPTIONS_CONTROLLERS_XBOXONE_RB_BINDING,[b]RB[/b] 循环玩家
OPTIONS_CONTROLLERS_XBOXONE_RT_BINDING,[b]RT[/b] 准备一张选好的卡牌
OPTIONS_CONTROLLERS_XBOXONE_VIEW_BINDING,[b]VIEW[/b]\n汇总面板
OPTIONS_CONTROLLER_VIBRATION,控制器震动
OPTIONS_CONTROLS,控制
OPTIONS_CONTROLS_FOCUS_CURRENT_TURNTAKER,聚焦当前回合玩家
OPTIONS_CONTROLS_FOCUS_LOCAL_PLAYER,聚焦本地玩家
OPTIONS_CONTROLS_FOCUS_NEXT_ENTITY,聚焦下一个实体
OPTIONS_CONTROLS_FOCUS_PALACE,聚焦王宫
OPTIONS_CONTROLS_FOCUS_PREVIOUS_ENTITY,聚焦上一个实体
OPTIONS_CONTROLS_FOCUS_QUEST,聚焦任务
OPTIONS_CONTROLS_FOCUS_TURNTAKER_1,聚焦第一个回合玩家
OPTIONS_CONTROLS_FOCUS_TURNTAKER_2,聚焦第二个回合玩家
OPTIONS_CONTROLS_FOCUS_TURNTAKER_3,聚焦第三个回合玩家
OPTIONS_CONTROLS_FOCUS_TURNTAKER_4,聚焦第四个回合玩家
OPTIONS_CONTROLS_HARDWARE_CURSOR,硬件光标
OPTIONS_CONTROLS_MOUSE_SENSITIVITY,鼠标灵敏度
OPTIONS_CONTROLS_SCROLL_MAP_DOWN,向下滚动地图
OPTIONS_CONTROLS_SCROLL_MAP_LEFT,向左滚动地图
OPTIONS_CONTROLS_SCROLL_MAP_RIGHT,向右滚动地图
OPTIONS_CONTROLS_SCROLL_MAP_UP,向上滚动地图
OPTIONS_CONTROLS_SHOWHIDE_HERO_SHELF,显示 / 隐藏英雄展架
OPTIONS_CONTROLS_SHOWHIDE_INVENTORY,显示/隐藏物品栏
OPTIONS_CONTROLS_SHOWHIDE_JOURNAL,显示/隐藏日志
OPTIONS_CONTROLS_SHOW_CONTROLLER,按下任意控制器按钮，查看控制器设置。
OPTIONS_CONTROLS_SHOW_KEYBOARD_MOUSE,按下任意键，查看键盘/鼠标控制设置。
OPTIONS_CONTROLS_SHOW_SUMMARY,显示概要
OPTIONS_CONTROLS_SPEEDUP_AI_TURNS,快进
OPTIONS_CROSSPLAY_ENABLE,跨平台联机
OPTIONS_CROSSPLAY_ENABLE_DESCRIPTION,让你和其他受支持平台上的玩家进行多人游戏。
OPTIONS_GAMEPLAY,游戏首选项
OPTIONS_GAMEPLAY_FOCUS_CLOSEST_BANE,聚焦最近的贝恩
OPTIONS_GAMEPLAY_FOCUS_CLOSEST_KINGSGUARD,聚焦最近的国王守卫
OPTIONS_GAMEPLAY_PREFERENCES_HEADING,游戏首选项
OPTIONS_GAMEPLAY_PREFERENCES_WARNING,注：在某些游戏模式下，这些首选项可能会被覆盖
OPTIONS_GAMEPLAY_QUICK_AI_ENCOUNTERS,快速 AI 遭遇
OPTIONS_GAMEPLAY_QUICK_MODE,快速游戏模式
OPTIONS_GAMEPLAY_ROLL_DICE,掷骰子
OPTIONS_GAMEPLAY_SETTINGS_HEADING,游戏设置
OPTIONS_GAMEPLAY_TUTORIALS,教程
OPTIONS_HOUSE_RULES_FIRST_TIME_WARNING,欢迎你，冒险者！这些是阿门罗的自定义规则，汇聚了社区的绝佳建议和我们工作室自己的实验！
OPTIONS_HOUSE_RULES_HEADING,自定义规则
OPTIONS_HOUSE_RULES_PROGRESSION_WARNING,警告：成就已在自定义游戏中禁用！
OPTIONS_HOUSE_RULES_PROGRESSION_WARNING_MULTIPLAYER,警告：更改任何一条自定义规则，都会禁用此游戏的成就和多人进度！
OPTIONS_INTERFACE,界面
OPTIONS_INTERFACE_HEADING,界面选项
OPTIONS_LANGUAGE,语言
OPTIONS_LANGUAGE_DESC,选择语言
OPTIONS_SHOW_RANK,显示玩家级别
OPTIONS_SHOW_RANK_OFF,关闭
OPTIONS_SHOW_RANK_ON,开启
OPTIONS_VIDEO_AUDIO,音频与视频
OPTIONS_VIDEO_AUDIO_HEADING,视频与音频选项
OPTIONS_VIDEO_FULLSCREEN_MODE,屏幕模式
OPTIONS_VIDEO_FULLSCREEN_OFF,窗口化
OPTIONS_VIDEO_FULLSCREEN_ON,全屏模式
OPTIONS_VIDEO_GRAPHICS_QUALITY,图形质量
OPTIONS_VIDEO_RESOLUTION,屏幕分辨率
OPTIONS_VIDEO_VSYNC,垂直同步模式
PALACEPERILCARDTYPE_NAME,王宫陷阱
PAUSE_MENU_AV_OPTIONS,音频/视频
PAUSE_MENU_CHANGE_USER,更改用户
PAUSE_MENU_CHANGE_USER_PROMPT,以其他用户登录将退出当前游戏。确定要继续吗？
PAUSE_MENU_CONTINUE,继续
PAUSE_MENU_CONTROLS,控制
PAUSE_MENU_GAMEPLAY_OPTIONS,游戏设置
PAUSE_MENU_GAME_GUIDE,游戏指南
PAUSE_MENU_HOUSE_RULES,自定义规则
PAUSE_MENU_INTERFACE_OPTIONS,界面
PAUSE_MENU_QUIT,退出
PAUSE_MENU_RESTART_ACT,重新开始本幕
PERIL_INSTRUCTION_TEXT,烧掉卡牌或掷骰子\n以匹配符号
PERIL_RETURN_TO_BOARD,返回桌面
PERIL_STAT_VERSUS_PERIL,<stat_type> 对决 陷阱
PERIL_TITLE,陷阱
PRESTIGELEADER_ANNOUNCE,“根据我忠实总管的建议，<clan>族的<hero>，愿这黎明的宣言成为律令。”
PRESTIGELEADER_DAWN,第{0}天的黎明
PRESTIGELEADER_DESC,等待国王今天的宣言……
PRESTIGELEADER_DESC_LEADER,选择国王的宣言。
PRESTIGELEADER_NONE_ANNOUNCE,"""希望这黎明的宣言将统治一切。"""
PRESTIGELEADER_TITLE,国王将<clan>族的<hero>召到他身边。
PRESTIGELEADER_TITLE_LEADER,<hero>，作为声望首领，国王想寻求你的建议。
PROLOGUEACT1CONFIG_DESCRIPTION,在塞恩的故事中，学习移动和战斗的基础。
PROLOGUEACT1CONFIG_NAME,狼族的追猎
PROLOGUEACT1CONFIG_REFILLCARDADVICE,你丢了<card>！这里还有一个。
PROLOGUEACT1CONFIG_REFILLRESOURCESADVICE,再给你一点<stat_type>，这样你就能施放<card>了。
PROLOGUEACT2CONFIG_DESCRIPTION,在墨丘里奥的故事中，学习打出卡牌，穿越阿门罗的重重陷阱。
PROLOGUEACT2CONFIG_NAME,鼠族的故事
PROLOGUEACT2CONFIG_REFILLCARDADVICE,你丢了<card>！这里还有一个。
PROLOGUEACT2CONFIG_REFILLRESOURCESADVICE,再给你一点<stat_type>，这样你就能施放<card>了。
PROLOGUEACT3CONFIG_DESCRIPTION,在安布尔的故事中，学习施放法术并操纵王国的政局。
PROLOGUEACT3CONFIG_NAME,兔族的征途
PROLOGUEACT3CONFIG_REFILLCARDADVICE,你丢了<card>！这里还有一个。
PROLOGUEACT3CONFIG_REFILLRESOURCESADVICE,再给你一点<stat_type>，这样你就能施放<card>了。
PROLOGUEACT4CONFIG_DESCRIPTION,在萨娜的故事中，学习抵御腐化，并发现通往胜利的不同路线。
PROLOGUEACT4CONFIG_NAME,熊族的朝圣
PROLOGUEACT4CONFIG_REFILLCARDADVICE,你丢了<card>！这里还有一个。
PROLOGUEACT4CONFIG_REFILLRESOURCESADVICE,再给你一点<stat_type>，这样你就能施放<card>了。
PROLOGUESELECT_CONTINUE,继续
PROLOGUE_ACT1_OUTRO_1,阿门罗内部激起黑暗力量\n\n因为现在腐化迹象已经蔓延
PROLOGUE_ACT1_OUTRO_2,一只被猎捕的狼被迫后退\n\n当老鼠偷偷潜入想要寻找更多东西时
PROLOGUE_ACT2_OUTRO_1,"混乱肆虐，笼罩大地

英雄奔走，止乱定计"
PROLOGUE_ACT2_OUTRO_2,但在东方仍然是阳光明媚\n\n一只兔子的追寻现在已经开始\n
PROLOGUE_ACT3_OUTRO_1,"国王抛弃了他纯洁之道

腐化日益壮大"
PROLOGUE_ACT3_OUTRO_2,"聪明的兔子谋划守护我们的自由

而熊群在怀尔德树下谈和平"
PROLOGUE_ACT4_OUTRO_1,从狼到熊，部族宣布，\n\n夺取王位的时刻到了
PROLOGUE_ACT4_OUTRO_2,"腐化悄然蔓延，扭曲了我们的国王，

英雄们，奋起！拯救阿门罗！"
PROLOGUE_AMBER_LETTER,[B20A0EFF]安布尔夫人，[-] [000000FF]我们欢迎你，远寻者，愿你旅途顺利。我们带来了可怕的消息，心情十分沉重。国王已弃绝兔族议会。他不再听取我们的意见，王国也因此遭殃。你是名扬阿门罗的传奇，我们请你巩固声望，重获国王的信任。趁事态尚未升级，我们仍可平息此事。[-]
PROLOGUE_AMBER_LETTER_SENDER,弗洛里安，兔族首领
PROLOGUE_MERCURIO_LETTER,[B20A0EFF]你好，墨丘里奥。[-] [000000FF]我们安插在王宫的亲信听闻了秘密计划。塞恩似乎对他的本事颇为自许。他在搜寻腐化的工具。国王已为他设下陷阱，他头上将挂起悬赏。我们要你去领下这份悬赏，让他知道染指腐化的后果，然后把这些工具夺为己用。间谍大师纳特·芬尼特在南岸等你，她的本事会对你有用。祝你好运。利剑要锋利，口舌要更利。记住，毁掉这封信。[-]
PROLOGUE_MERCURIO_LETTER_SENDER,菲斯汀
PROLOGUE_SANA_LETTER,[B20A0EFF]萨娜姐姐，[-] [000000FF]我长话短说。你一定也察觉到黑暗在蔓延，古老的魔法在涌动——那是腐化的力量。长老们一致认同：它回来了。必须在腐化显现之前将其净化。若贝恩再度崛起，一切都将万劫不复。[-]
PROLOGUE_SANA_LETTER_SENDER,哥哥艾拉日尔斯
PROLOGUE_THANE_LETTER,[B20A0EFF]愿月光照耀你，塞恩。[-] [000000FF]长老们愈发不安，黑暗的气息污染着空气。我们怀疑有黑暗力量在作祟，我们怀疑是腐化。一名狼族骑士在南岸门外等你，他已上报鼠族活动的迹象，污秽或许正是他们所为。我们已派一名向导引你前往聚落。他虽是个话痨，却是经验老到的探险家，会好好辅佐你。愿你的利剑百发百中。[-]
PROLOGUE_THANE_LETTER_SENDER,踏雪者格雷迈恩，族母。
PUSHNOTIFICATION_24_DESCRIPTION,你的每日宝箱奖励已准备好！
PUSHNOTIFICATION_24_TITLE,领取你的免费宝箱！
PUSHNOTIFICATION_72_DESCRIPTION,英雄，阿门罗王国需要你！
PUSHNOTIFICATION_72_TITLE,阿门罗的王座等待着你！
QUESTS_CHOOSE_QUEST_DESCRIPTION,“嗨，长官，我听说阿门罗的土地上出事了！可能只是谣言，但你有胆量接下吗？”
QUESTS_CHOOSE_QUEST_TITLE,选择任务
QUESTS_TIER_1_QUEST_DESCRIPTION_0,“怀尔德保佑你，<hero_name>。你能来真是太好了。有许多事情需要处理。”
QUESTS_TIER_1_QUEST_DESCRIPTION_1,你总算来这儿了。有许多灾难需要注意，而且你是唯一能够帮忙的。
QUESTS_TIER_1_QUEST_DESCRIPTION_2,我们这里没有太多你的同类。好吧。可能你在这里能调查点事情。
QUESTS_TIER_1_QUEST_DESCRIPTION_3,哇！<hero_name>！我听到些消息，你肯定想知道！
QUESTS_TIER_1_QUEST_DESCRIPTION_4,“啊！是<hero_name>！怀尔德知道我有消息要告诉你！”
QUESTS_TIER_1_QUEST_DESCRIPTION_5,我记得在我像你这么大的时候，喜欢听童话故事。嗯，我有几个你肯定想听。
QUESTS_TIER_1_QUEST_DESCRIPTION_6,有硬币吗？我知道些你肯定想听的事。
QUESTS_TIER_1_QUEST_DESCRIPTION_7,仔细听我说，英雄。有许多事情需要你做，也有许多其他英雄可以做，所以你就把事情做好，不然我会找其他笨蛋去做。
QUESTS_TIER_1_QUEST_DESCRIPTION_8,谣言？我有更好的事要做！嗯……好吧，我确实听到一两件听起来有点怪的事。
QUESTS_TIER_1_QUEST_DESCRIPTION_9,"其他英雄都犯了错误。你是我唯一信任的对象。我这就告诉你我知道的事情。"""
QUESTS_TIER_2_QUEST_DESCRIPTION_0,"""曾经有一天，整个阿门罗上下一心。如今，苦难多得数不胜数。"""
QUESTS_TIER_2_QUEST_DESCRIPTION_1,另一位英雄。你们中有一些在东奔西跑。你看起来仍然很强壮。你可能需要承担一些真正的任务。
QUESTS_TIER_2_QUEST_DESCRIPTION_2,一位英雄？呃。嗯，如果你想去做不可能的事情，我听说了一些事情。
QUESTS_TIER_2_QUEST_DESCRIPTION_3,<hero_name>！很高兴看到你。我的父母正谈论着一些恐怖的事情。
QUESTS_TIER_2_QUEST_DESCRIPTION_4,你知道，如果你需要帮助，我总是会在身边。我现在有一些事情需要你了解！
QUESTS_TIER_2_QUEST_DESCRIPTION_5,在我这个年龄，人们在你耳边说话的时候是不会注意他们的言辞的。因此我听过各种各样有趣的事情。
QUESTS_TIER_2_QUEST_DESCRIPTION_6,有秘密的话，离乞丐远点。我们的耳朵可比你想象的灵。
QUESTS_TIER_2_QUEST_DESCRIPTION_7,如果你看到我看到的东西，你可能会更加谨慎去做这种'英勇'的事迹。
QUESTS_TIER_2_QUEST_DESCRIPTION_8,"""如今人们很少交谈，信任已不复存在。大概是因为周围的陷阱太多了。"""
QUESTS_TIER_2_QUEST_DESCRIPTION_9,"""为国王效力时，我无意间听到许多可能威胁阿门罗安全的事。"""
QUESTS_TIER_3_QUEST_DESCRIPTION_0,"""白天越来越短，黑夜越来越长，<hero_name>。需要你帮忙把阿门罗从黑暗中拯救出来。"""
QUESTS_TIER_3_QUEST_DESCRIPTION_1,"""让腐化吞掉国王和他那类东西吧。得靠你这样的兽挺身而出，否则阿门罗将化为灰烬。"""
QUESTS_TIER_3_QUEST_DESCRIPTION_2,并不是因为我在乎，但是还是有些流言蜚语。我想你可能想要知道个究竟。
QUESTS_TIER_3_QUEST_DESCRIPTION_3,<hero_name>！每个人都在谈论着黑暗中的危险。
QUESTS_TIER_3_QUEST_DESCRIPTION_4,<hero_name>。我一直留心着你可能需要的消息。
QUESTS_TIER_3_QUEST_DESCRIPTION_5,"""我知道我听起来像只老蛤蟆，但阿门罗近来每况愈下。我知道几个像你这样的年轻人能帮上忙的法子。"""
QUESTS_TIER_3_QUEST_DESCRIPTION_6,时间已经很长了，<hero_name>。但是，如果你为我调查点事情，我可以让时间再长一些。
QUESTS_TIER_3_QUEST_DESCRIPTION_7,"""你比大多数""英雄""都出色。这也是好事。我们需要有你这般本领的人。麻烦正在酝酿。"""
QUESTS_TIER_3_QUEST_DESCRIPTION_8,"""我以前总觉得国王会保护我们……可疾行兔清洗之后呢？他难保不会做得太过火。"""
QUESTS_TIER_3_QUEST_DESCRIPTION_9,"""如果国王的疯狂不受遏制，整个阿门罗都将陷入危险。但在对付他之前，还有别的事需要处理。"""
QUESTS_TIER_4_QUEST_DESCRIPTION_0,"""末日即将到来 <hero_name>。在你对付国王前，请再帮助我们一次。"
QUESTS_TIER_4_QUEST_DESCRIPTION_1,"""快结束了，英雄。去吧。这片大地需要你。你欠着阿门罗民众的。"""
QUESTS_TIER_4_QUEST_DESCRIPTION_2,"""连我都看得出阿门罗病了。你得做点什么，<hero_name>。快。"""
QUESTS_TIER_4_QUEST_DESCRIPTION_3,我的妈妈说，如果你不来帮助，阿门罗的一切都将毁于一旦。帮帮忙吧？
QUESTS_TIER_4_QUEST_DESCRIPTION_4,<hero_name>！我不该在这里。太危险了。我会告诉你我听到的东西，然后我就会藏起来。
QUESTS_TIER_4_QUEST_DESCRIPTION_5,我剩下的时间不多了。但我希望，在我死之前，能够看到一些好的事情发生。
QUESTS_TIER_4_QUEST_DESCRIPTION_6,"""上次发生这些不好的事情时，我丢掉了我的幼兽。请不要再让这种事情发生在他人身上。你必须帮忙。"""
QUESTS_TIER_4_QUEST_DESCRIPTION_7,"""怀尔德在上！你可算来了。你得开始行动了。阿门罗正麻烦缠身。"""
QUESTS_TIER_4_QUEST_DESCRIPTION_8,我不会假装喜欢你们这些英雄，但这种时候只有你们能帮上忙。我听说了一些非常可怕的危机。
QUESTS_TIER_4_QUEST_DESCRIPTION_9,"""没有你的帮助，阿门罗早就陷落了。我很遗憾这么说，但我们还需要你帮最后一次忙。"""
QUESTS_TIER_5_QUEST_DESCRIPTION_0,"""时候到了，<hero_name>。如果你现在不弑杀国王，整个阿门罗都将万劫不复。"""
QUESTS_TIER_5_QUEST_DESCRIPTION_1,终于要结束了。不管怎样。去吧，戴着皇冠回来，或者别回来了。
QUESTS_TIER_5_QUEST_DESCRIPTION_2,"我从没想过我会说这话，但是你在王位上会非常出色的。亲自去杀掉国王吧！"""
QUESTS_TIER_5_QUEST_DESCRIPTION_3,"""你做到了！我知道你会的，差不多。但是，你还要做点其他的事情。"""
QUESTS_TIER_5_QUEST_DESCRIPTION_4,"我们现在需要行动 <hero_name>。一旦你登上王座，你就会想起我。不是吗？"""
QUESTS_TIER_5_QUEST_DESCRIPTION_5,真是的。我从没想过活着看到新王登基的这一天。去吧，带上我的祝福。
QUESTS_TIER_5_QUEST_DESCRIPTION_6,你吗？登上王座！呸！对我们乞丐来说什么都一样……但不管怎样，祝你好运。
QUESTS_TIER_5_QUEST_DESCRIPTION_7,"""终于到时候了。阿门罗将从那个暴君手中解放。我希望你别变得跟他一样坏。"""
QUESTS_TIER_5_QUEST_DESCRIPTION_8,你知道，我或许错了。疯狂国王是真的疯了。我相信你会清正廉明地统治阿门罗。
QUESTS_TIER_5_QUEST_DESCRIPTION_9,"""时候到了。当你戴上阿门罗之冕时，能为你效劳将是我的荣幸。"""
QUEST_BANDIT_1_1_QUESTINFODATA_ACTIONS_0_ACTIONTEXT,解除他的武装——让他看看你为何被选中，而非他。
QUEST_BANDIT_1_1_QUESTINFODATA_ACTIONS_0_DEFAULTOUTCOME_JOURNALTEXT,<hero_name> 试图解除这背信者的武装，却是徒劳。最终，我们的英雄被迫在正面交战中将其斩杀。
QUEST_BANDIT_1_1_QUESTINFODATA_ACTIONS_0_DEFAULTOUTCOME_OUTCOMETEXT,你竭尽全力想解除老友的武装，他却毫不留情地对你猛砍。你知道他绝不会放过你，被迫出手将其斩杀。
QUEST_BANDIT_1_1_QUESTINFODATA_ACTIONS_0_TESTSUCCESSOUTCOME_JOURNALTEXT,但 <hero_name> 不屑取老友性命。只一击便解除了那嫉妒者的武装，他带着耻辱逃进了林中。
QUEST_BANDIT_1_1_QUESTINFODATA_ACTIONS_0_TESTSUCCESSOUTCOME_OUTCOMETEXT,你麻利一挥，用剑面拍击他的手腕，迅速解除了他的武装。他羞愧地逃走了，包袱也丢在了原地。
QUEST_BANDIT_1_1_QUESTINFODATA_ACTIONS_1_ACTIONTEXT,杀了他。你没空顾念旧情。
QUEST_BANDIT_1_1_QUESTINFODATA_ACTIONS_1_DEFAULTOUTCOME_JOURNALTEXT,"<hero_name> 踏步而出，林间掠过一阵寒风。""那我便让你看看，我为何被选中。""战斗在数息之间便已告终。"
QUEST_BANDIT_1_1_QUESTINFODATA_ACTIONS_1_DEFAULTOUTCOME_OUTCOMETEXT,你们曾为挚友，如今他却已被疯狂的嫉妒扭曲。你出手将他斩杀，离开林间时心中空无一物。
QUEST_BANDIT_1_1_QUESTINFODATA_ENCOUNTERTEXT,"你在森林深处一座林间空地遇见了你最年长的老友。他的剑已出鞘，直指你咽喉。""王座本该是我的！""他冷笑道。"
QUEST_BANDIT_1_1_QUESTINFODATA_JOURNALENCOUNTERTEXT,我们的英雄很快就撞见了他们的老友。他剑已出鞘，准备杀死 <hero_name> 以证明自己更配继承王座。
QUEST_BANDIT_1_1_QUESTINFODATA_JOURNALRUMOURTEXT,<hero_name> 刚踏上征途，便从内部燃起了威胁。一位老友向他发起了生死决斗的挑战！
QUEST_BANDIT_1_1_QUESTINFODATA_RUMOURTEXT,看来你的某位老朋友觉得他比你更配坐上王座。最好在出发争王之前，先整顿好你的家族。
QUEST_BANDIT_1_1_QUESTINFODATA_TITLE,家族内讧
QUEST_BANDIT_1_2_QUESTINFODATA_ACTIONS_0_ACTIONTEXT,单枪匹马地冲入奴隶贩子的营地。
QUEST_BANDIT_1_2_QUESTINFODATA_ACTIONS_0_DEFAULTOUTCOME_JOURNALTEXT,<hero_name> 试图单枪匹马解放所有奴隶。然而这举动愚不可及，只弄得我方英雄身负重伤，被迫逃离。
QUEST_BANDIT_1_2_QUESTINFODATA_ACTIONS_0_DEFAULTOUTCOME_OUTCOMETEXT,你试图证明自己有足够力量夺取王座，却付出了惨重代价。奴隶贩子将你击退，你被迫逃离。
QUEST_BANDIT_1_2_QUESTINFODATA_ACTIONS_0_TESTSUCCESSOUTCOME_JOURNALTEXT,<hero_name> 突袭了营地，不剩一个站着的奴隶贩子。奴隶们获得解放，<hero_name> 的王位之争由此开始。
QUEST_BANDIT_1_2_QUESTINFODATA_ACTIONS_0_TESTSUCCESSOUTCOME_OUTCOMETEXT,你冲过奴隶贩子的营地，掀起一场令人胆寒的死亡旋风。其中一个奴隶甚至要加入你的征程。
QUEST_BANDIT_1_2_QUESTINFODATA_ACTIONS_1_ACTIONTEXT,以部族为后盾发起攻击。
QUEST_BANDIT_1_2_QUESTINFODATA_ACTIONS_1_DEFAULTOUTCOME_JOURNALTEXT,<hero_name> 召集了强大的强盗大军，一同突袭营地，解放奴隶，涤清了整座山。
QUEST_BANDIT_1_2_QUESTINFODATA_ACTIONS_1_DEFAULTOUTCOME_OUTCOMETEXT,有你的强盗们并肩作战，你成功解放了营地。作战双方都有较大伤亡，但你仍然成为了一名英雄。
QUEST_BANDIT_1_2_QUESTINFODATA_ENCOUNTERTEXT,多年来，你的强盗族一直在与<quest_tile>的奴隶贩子作战。现在是证明你配得上阿门罗王座的时候了。
QUEST_BANDIT_1_2_QUESTINFODATA_JOURNALENCOUNTERTEXT,营地驻扎在大山深处，犹如一座高耸的巨石。我们的英雄能看到无数奴隶在鞭打下做着苦工。
QUEST_BANDIT_1_2_QUESTINFODATA_JOURNALRUMOURTEXT,<quest_tile> 的奴隶贩子一直是 <hero_name> 的心腹之患。他们的覆灭将使我们的英雄踏上领袖之路。
QUEST_BANDIT_1_2_QUESTINFODATA_RUMOURTEXT,你要夺王座，就得开始像个领袖一样行事。或许可以先从清理山上那些卑鄙的奴隶贩子开始？
QUEST_BANDIT_1_2_QUESTINFODATA_TITLE,山上之死
QUEST_BANDIT_1_3_QUESTINFODATA_ACTIONS_0_ACTIONTEXT,杀死守卫，然后再杀死男爵。
QUEST_BANDIT_1_3_QUESTINFODATA_ACTIONS_0_DEFAULTOUTCOME_JOURNALTEXT,但强盗绝不会退缩！即使寡不敌众，他们仍然奋勇战斗！我们的英雄身负重伤被迫逃离，但仍不失凛凛威风。
QUEST_BANDIT_1_3_QUESTINFODATA_ACTIONS_0_DEFAULTOUTCOME_OUTCOMETEXT,你拔剑迎向男爵的守卫。不幸的是，你技艺不精，被迫逃离，此次行动以失败告终。
QUEST_BANDIT_1_3_QUESTINFODATA_ACTIONS_0_TESTSUCCESSOUTCOME_JOURNALTEXT,<hero_name> 辗转闪躲，守卫如割草般纷纷倒下。男爵便是下一个目标——他空洞的哀求在我们的英雄剑下毫无意义。
QUEST_BANDIT_1_3_QUESTINFODATA_ACTIONS_0_TESTSUCCESSOUTCOME_OUTCOMETEXT,你冲向守卫，须臾之间便将他们尽数斩杀。男爵是下一个目标——不过得先捞一件他的宝贝再说。
QUEST_BANDIT_1_3_QUESTINFODATA_ACTIONS_1_ACTIONTEXT,逃离。当懦夫总比丧命要好。
QUEST_BANDIT_1_3_QUESTINFODATA_ACTIONS_1_DEFAULTOUTCOME_JOURNALTEXT,强盗能活多久只能看他们的运气了，我们的英雄知道他们的运气快要耗尽了。他们逃走了，以便来日再战。
QUEST_BANDIT_1_3_QUESTINFODATA_ACTIONS_1_DEFAULTOUTCOME_OUTCOMETEXT,你斩杀了几名男爵的守卫，勉强逃出陷阱——这趟征程的开局着实狼狈，但至少你还活着。
QUEST_BANDIT_1_3_QUESTINFODATA_ENCOUNTERTEXT,你进入聚落，很快便意识到有关宝藏的传言只是一个诡计——男爵已下令取你性命！
QUEST_BANDIT_1_3_QUESTINFODATA_JOURNALENCOUNTERTEXT,唉，当 <hero_name> 到达时，只发现一个陷阱，是卑鄙的男爵精心设下的！我们的英雄被包围了！
QUEST_BANDIT_1_3_QUESTINFODATA_JOURNALRUMOURTEXT,我们英雄的旅程将从附近一座小镇开始，传闻那里一名奸诈的男爵从其臣民那里搜刮了大量财富。
QUEST_BANDIT_1_3_QUESTINFODATA_RUMOURTEXT,当地一名男爵发现了宝藏，却想据为己有。若你能替他「解放」这件战利品，你的征程将有个不错的开头。
QUEST_BANDIT_1_3_QUESTINFODATA_TITLE,被困的宝藏
QUEST_BANDIT_1_4_QUESTINFODATA_ACTIONS_0_ACTIONTEXT,用你的智力谈判，解救这座农场。
QUEST_BANDIT_1_4_QUESTINFODATA_ACTIONS_0_DEFAULTOUTCOME_JOURNALTEXT,我们的英雄试过谈判，但谈话迅速破裂，演变成一场难看的叫骂。<hero_name> 被迫继续前行。
QUEST_BANDIT_1_4_QUESTINFODATA_ACTIONS_0_DEFAULTOUTCOME_OUTCOMETEXT,你试图说服前来争抢的强盗，这座农场不值得他们费心，但谈判迅速破裂。出师不利。
QUEST_BANDIT_1_4_QUESTINFODATA_ACTIONS_0_TESTSUCCESSOUTCOME_JOURNALTEXT,我们的英雄的谈判进展顺利，使强盗们相信了付出将超出收获。农民们感激不尽！
QUEST_BANDIT_1_4_QUESTINFODATA_ACTIONS_0_TESTSUCCESSOUTCOME_OUTCOMETEXT,对手强盗们很快便相信这座农场只是浪费他们的资源。感恩的农民献上一块灵石以示谢意。
QUEST_BANDIT_1_4_QUESTINFODATA_ACTIONS_1_ACTIONTEXT,逼退强盗。
QUEST_BANDIT_1_4_QUESTINFODATA_ACTIONS_1_DEFAULTOUTCOME_JOURNALTEXT,我们的英雄赶走了那些强盗，结果却将他们激怒了。农场被点燃了，我们的英雄这场皮洛士式的胜利并不理想。
QUEST_BANDIT_1_4_QUESTINFODATA_ACTIONS_1_DEFAULTOUTCOME_OUTCOMETEXT,你威胁强盗——他们离开了，但离开前顺手点燃了农场。看来奖励是无望了。
QUEST_BANDIT_1_4_QUESTINFODATA_ENCOUNTERTEXT,这座农场确实饱受强盗侵扰——事实上那些强盗是你的恶性竞争对手。他们不可能轻易放弃这笔有利可图的营生。
QUEST_BANDIT_1_4_QUESTINFODATA_JOURNALENCOUNTERTEXT,不巧的是，控制这座农场的强盗不只是对手，而是你所属强盗族的死对头。
QUEST_BANDIT_1_4_QUESTINFODATA_JOURNALRUMOURTEXT,<hero_name> 被引到了平原上的一个小农场，一个对手强盗族正在这里制造麻烦。
QUEST_BANDIT_1_4_QUESTINFODATA_RUMOURTEXT,附近的农场遇上了强盗麻烦。你本身就是个强盗，我想你特别适合解决这个问题。
QUEST_BANDIT_1_4_QUESTINFODATA_TITLE,瓜分利益
QUEST_BANDIT_1_5_QUESTINFODATA_ACTIONS_0_ACTIONTEXT,投降，然后一起逃走。
QUEST_BANDIT_1_5_QUESTINFODATA_ACTIONS_0_DEFAULTOUTCOME_JOURNALTEXT,唉，我们的英雄的越狱计划很快便被发现了。他们身负重伤、满心羞愧地逃出了监狱。
QUEST_BANDIT_1_5_QUESTINFODATA_ACTIONS_0_DEFAULTOUTCOME_OUTCOMETEXT,你那精妙的计划有一个致命缺陷：你。守卫很快发现了你藏好的开锁工具，你只得放弃越狱。
QUEST_BANDIT_1_5_QUESTINFODATA_ACTIONS_0_TESTSUCCESSOUTCOME_JOURNALTEXT,<hero_name> 戴着镣铐进了监狱，但一根藏好的开锁工具提供了轻松的逃脱手段——对我们英雄和其他人来说都是！
QUEST_BANDIT_1_5_QUESTINFODATA_ACTIONS_0_TESTSUCCESSOUTCOME_OUTCOMETEXT,夜色降临，你取出藏好的开锁工具，解放了你的朋友们，带领他们走向自由。其中一人甚至要追随你踏上征程！
QUEST_BANDIT_1_5_QUESTINFODATA_ACTIONS_1_ACTIONTEXT,让他们从装有铁条的窗户逃走。
QUEST_BANDIT_1_5_QUESTINFODATA_ACTIONS_1_DEFAULTOUTCOME_JOURNALTEXT,<hero_name> 爬到了牢窗边，勉强打开一道窄缝——只有寥寥数人能钻过去。这绝非一场漂亮的越狱。
QUEST_BANDIT_1_5_QUESTINFODATA_ACTIONS_1_DEFAULTOUTCOME_OUTCOMETEXT,你爬到他们的牢窗边，但只有寥寥几人能钻过你割开的窄缝。这绝非一场漂亮的越狱。
QUEST_BANDIT_1_5_QUESTINFODATA_ENCOUNTERTEXT,小镇的监狱相当坚固，有多层楼面和一小队守卫。这可不是件容易的事。
QUEST_BANDIT_1_5_QUESTINFODATA_JOURNALENCOUNTERTEXT,我们的英雄站在这座气势恢宏的建筑前权衡方案。这要么是一场传奇的成功，要么是一场传奇的失败。
QUEST_BANDIT_1_5_QUESTINFODATA_JOURNALRUMOURTEXT,<hero_name> 的王位之争首先将他们带往一座小镇，那里有一座大监狱，我们的强盗盟友正被关在里面腐烂。
QUEST_BANDIT_1_5_QUESTINFODATA_RUMOURTEXT,我们几位最忠诚的追随者被当地守卫抓走了。要把他们弄出来，光靠蛮力可不行！
QUEST_BANDIT_1_5_QUESTINFODATA_TITLE,闯入并逃出监狱
QUEST_BANDIT_1_6_QUESTINFODATA_ACTIONS_0_ACTIONTEXT,用你的智力去揭开宝藏。
QUEST_BANDIT_1_6_QUESTINFODATA_ACTIONS_0_DEFAULTOUTCOME_JOURNALTEXT,<hero_name> 试图搜寻宝藏，但冰冷的雪掩藏了一切，迫使我方英雄在冻伤发作前逃离。
QUEST_BANDIT_1_6_QUESTINFODATA_ACTIONS_0_DEFAULTOUTCOME_OUTCOMETEXT,你试图搜寻任何能找到的线索，但严寒的大山掩藏了一切。你几乎生了冻伤，才被迫下山。
QUEST_BANDIT_1_6_QUESTINFODATA_ACTIONS_0_TESTSUCCESSOUTCOME_JOURNALTEXT,凭借机智与锐眼，<hero_name> 很快发现了一条古老的小径，它直通那古老的、已被遗忘的宝藏。
QUEST_BANDIT_1_6_QUESTINFODATA_ACTIONS_0_TESTSUCCESSOUTCOME_OUTCOMETEXT,凭借你的机智，你很快找到了一条古老的小径，它通向一道窄峡谷。在那里，一只古旧的宝藏箱半埋在雪中。
QUEST_BANDIT_1_6_QUESTINFODATA_ACTIONS_1_ACTIONTEXT,离开大山。
QUEST_BANDIT_1_6_QUESTINFODATA_ACTIONS_1_DEFAULTOUTCOME_JOURNALTEXT,<hero_name> 很快意识到，如果宝藏至今无人寻得，也许永远无人寻得。于是他们离开了山峰，也算长了见识。
QUEST_BANDIT_1_6_QUESTINFODATA_ACTIONS_1_DEFAULTOUTCOME_OUTCOMETEXT,你猜想既然至今没人找到宝藏，你肯定也找不到。于是你下了山，觉得自己这么想还挺聪明。
QUEST_BANDIT_1_6_QUESTINFODATA_ENCOUNTERTEXT,你登上山顶，四处寻找宝藏可能被隐藏在哪里的迹象。你的内心深处知道它就在这里。
QUEST_BANDIT_1_6_QUESTINFODATA_JOURNALENCOUNTERTEXT,我们的英雄登上严寒刺骨的山顶，上下四处寻找宝藏的迹象。如果它真的存在的话，那它肯定就在什么地方。
QUEST_BANDIT_1_6_QUESTINFODATA_JOURNALRUMOURTEXT,一直有传言说<quest_tile>藏着宝藏。我们的英雄很快就会知道这些传言是否属实。
QUEST_BANDIT_1_6_QUESTINFODATA_RUMOURTEXT,我建议你阅读一些有关附近丢失宝藏的故事，以免你过度深陷于政治阴谋之中。可能会有帮助！
QUEST_BANDIT_1_6_QUESTINFODATA_TITLE,传奇夺宝
QUEST_BANDIT_1_7_QUESTINFODATA_ACTIONS_0_ACTIONTEXT,走近老獾。依靠你的灵力。
QUEST_BANDIT_1_7_QUESTINFODATA_ACTIONS_0_DEFAULTOUTCOME_JOURNALTEXT,<hero_name> 走到老獾跟前，但灵力的考验在还没开始之前就已经结束了。它失踪了，从树林里永远地消失了。
QUEST_BANDIT_1_7_QUESTINFODATA_ACTIONS_0_DEFAULTOUTCOME_OUTCOMETEXT,你走近老妪，但遗憾的是，你似乎缺乏灵力。考验失败，老獾消失在一股紫烟之中。
QUEST_BANDIT_1_7_QUESTINFODATA_ACTIONS_0_TESTSUCCESSOUTCOME_JOURNALTEXT,"""怀尔德之力在你体内很强，""老獾说道。""善加培育，王座或许终归是你的。""她放下灵石，随即消失。"
QUEST_BANDIT_1_7_QUESTINFODATA_ACTIONS_0_TESTSUCCESSOUTCOME_OUTCOMETEXT,当你靠近老獾时，她察觉到你怀尔德之力很强。她把灵石放在你面前，随即凭空消失。
QUEST_BANDIT_1_7_QUESTINFODATA_ACTIONS_1_ACTIONTEXT,威胁老妪。
QUEST_BANDIT_1_7_QUESTINFODATA_ACTIONS_1_DEFAULTOUTCOME_JOURNALTEXT,<hero_name> 抽出利剑索要灵石。老獾微微一笑……随即消失，带走了灵石。糟糕。
QUEST_BANDIT_1_7_QUESTINFODATA_ACTIONS_1_DEFAULTOUTCOME_OUTCOMETEXT,"你抽出你的剑。""灵石在哪里？""你问道。老獾什么也没说——因为她走了；就在你的眼前消失了。哎哟！"
QUEST_BANDIT_1_7_QUESTINFODATA_ENCOUNTERTEXT,你在森林深处找到了老獾，它周围的空气非常奇怪。树木似乎同时向前倾斜了一点，遮蔽了天空。
QUEST_BANDIT_1_7_QUESTINFODATA_JOURNALENCOUNTERTEXT,我们的英雄冒险进入了森林，在一处幽谷发现了老獾。但好像有什么不对劲——树木似乎在低语……
QUEST_BANDIT_1_7_QUESTINFODATA_JOURNALRUMOURTEXT,<hero_name> 听说有个老婆婆藏着一块灵石。若有谁被认为配得上，灵石便归他取走。
QUEST_BANDIT_1_7_QUESTINFODATA_RUMOURTEXT,我听说附近的森林里能求得一块灵石……但持有它的老婆婆会考验每个觊觎其光彩的人。
QUEST_BANDIT_1_7_QUESTINFODATA_TITLE,老妪与灵石
QUEST_BANDIT_1_8_QUESTINFODATA_ACTIONS_0_ACTIONTEXT,恳求怀尔德饶你的朋友一命。
QUEST_BANDIT_1_8_QUESTINFODATA_ACTIONS_0_DEFAULTOUTCOME_JOURNALTEXT,怀尔德沉默不语，我们的英雄只得斩杀朋友。双方恶斗连连，腐化也由此在<hero_name>体内滋生。
QUEST_BANDIT_1_8_QUESTINFODATA_ACTIONS_0_DEFAULTOUTCOME_OUTCOMETEXT,怀尔德全然无视你。你的朋友凶狠地朝你挥砍，溃烂的伤口痛入骨髓。你勉力将他斩倒。
QUEST_BANDIT_1_8_QUESTINFODATA_ACTIONS_0_TESTSUCCESSOUTCOME_JOURNALTEXT,<hero_name> 的呼唤得到回应——一团涤净的火焰，将神殿中邪恶的腐化清除。我们英雄的朋友现身，准备施以援手。
QUEST_BANDIT_1_8_QUESTINFODATA_ACTIONS_0_TESTSUCCESSOUTCOME_OUTCOMETEXT,怀尔德回应了你的呼唤，以烈火净化神殿。你的朋友毫发无伤地现身，准备向你宣誓效忠。
QUEST_BANDIT_1_8_QUESTINFODATA_ACTIONS_1_ACTIONTEXT,帮你的朋友摆脱痛苦。
QUEST_BANDIT_1_8_QUESTINFODATA_ACTIONS_1_DEFAULTOUTCOME_JOURNALTEXT,<hero_name> 明白腐化一旦扎根便几乎无药可救。他们点燃神殿，一劳永逸地终结了这场疯狂。
QUEST_BANDIT_1_8_QUESTINFODATA_ACTIONS_1_DEFAULTOUTCOME_OUTCOMETEXT,实在无计可施——腐化无论藏身何处都必须铲除。你烧毁神殿，杀死了自己的朋友。
QUEST_BANDIT_1_8_QUESTINFODATA_ENCOUNTERTEXT,你发现村庄笼罩在恐惧之中。诊所一片狼藉，是被你的好友摧毁的。你追踪他来到附近的一座神殿。
QUEST_BANDIT_1_8_QUESTINFODATA_JOURNALENCOUNTERTEXT,我们的英雄到达后发现村庄被已堕落的强盗挟持。只有<hero_name>能阻止这场疯狂。
QUEST_BANDIT_1_8_QUESTINFODATA_JOURNALRUMOURTEXT,<hero_name> 听说一名忠诚的强盗、一位挚友兼盟友，已被腐化堕落。但也许还来得及拯救他。
QUEST_BANDIT_1_8_QUESTINFODATA_RUMOURTEXT,我们一名忠实的随从遭贝恩祸害。他们正在附近一家诊所，但是快没有时间了……
QUEST_BANDIT_1_8_QUESTINFODATA_TITLE,陷入黑暗
QUEST_BANDIT_1_9_QUESTINFODATA_ACTIONS_0_ACTIONTEXT,寻求好运庇佑。
QUEST_BANDIT_1_9_QUESTINFODATA_ACTIONS_0_DEFAULTOUTCOME_JOURNALTEXT,我们的英雄跪在石环之中，却因缺乏与怀尔德的精神联结而定下了命运。这一天不会有任何庇佑降临。
QUEST_BANDIT_1_9_QUESTINFODATA_ACTIONS_0_DEFAULTOUTCOME_OUTCOMETEXT,你跪在石环中努力凝神——但你缺乏与怀尔德沟通所需的灵力。这次经历让你感到虚弱。
QUEST_BANDIT_1_9_QUESTINFODATA_ACTIONS_0_TESTSUCCESSOUTCOME_JOURNALTEXT,我们的英雄可以感觉到在石环有种强大的东西在发挥着作用。随后，一件宝藏突然凭空从空气中出现了！
QUEST_BANDIT_1_9_QUESTINFODATA_ACTIONS_0_TESTSUCCESSOUTCOME_OUTCOMETEXT,你跪在石环中，感觉到一股强大的能量在你的体内流淌。就在那里，从稀薄的空气中突然出现了一件宝藏！
QUEST_BANDIT_1_9_QUESTINFODATA_ACTIONS_1_ACTIONTEXT,站在石头阵外祈祷。
QUEST_BANDIT_1_9_QUESTINFODATA_ACTIONS_1_DEFAULTOUTCOME_JOURNALTEXT,我们的英雄深知不可贸然闯入古老的灵性遗迹。他们在远处祈求援助，得到了些许庇佑。
QUEST_BANDIT_1_9_QUESTINFODATA_ACTIONS_1_DEFAULTOUTCOME_OUTCOMETEXT,你与石环保持一定距离，祈求在旅途中碰到好运气。你觉得自己的精神稍有恢复，但也仅此而已。
QUEST_BANDIT_1_9_QUESTINFODATA_ENCOUNTERTEXT,你走近石环，没有发现什么不寻常的事情——只是一些直立的石头，上面覆盖着爬满常春藤的卷须。
QUEST_BANDIT_1_9_QUESTINFODATA_JOURNALENCOUNTERTEXT,<hero_name>仔细观察了石环，没有发现什么异样。石头一片灰暗，上面的诸多刻痕毫无生气。
QUEST_BANDIT_1_9_QUESTINFODATA_JOURNALRUMOURTEXT,我们的英雄听说过一个古老的阿门罗风俗——在附近的石环向古老的德鲁伊祈求好运。
QUEST_BANDIT_1_9_QUESTINFODATA_RUMOURTEXT,你的旅程才刚刚开始，所以，你在开始任何伟大的事业之前，去石环祈求庇佑也是情理之中。
QUEST_BANDIT_1_9_QUESTINFODATA_TITLE,奇迹之阵
QUEST_BANDIT_2_10_QUESTINFODATA_ACTIONS_0_ACTIONTEXT,帮助贸易者移动马车。
QUEST_BANDIT_2_10_QUESTINFODATA_ACTIONS_0_DEFAULTOUTCOME_JOURNALTEXT,我们的英雄怎么说也是个机会主义者。可惜他们力气不够，挪不动马车！实在尴尬。
QUEST_BANDIT_2_10_QUESTINFODATA_ACTIONS_0_DEFAULTOUTCOME_OUTCOMETEXT,你决定帮助贸易者，却缺乏挪动他马车所需的力量。至少可以说他很失望。
QUEST_BANDIT_2_10_QUESTINFODATA_ACTIONS_0_TESTSUCCESSOUTCOME_JOURNALTEXT,我们的英雄轻松把马车推回路上。贸易者兑现承诺，<hero_name> 很快便得到了一块灵石！
QUEST_BANDIT_2_10_QUESTINFODATA_ACTIONS_0_TESTSUCCESSOUTCOME_OUTCOMETEXT,你嘿咻一声把马车推到坚实的地面。如释重负的贸易者向你展示藏匿点，灵石归你了。
QUEST_BANDIT_2_10_QUESTINFODATA_ACTIONS_1_ACTIONTEXT,威胁贸易者。
QUEST_BANDIT_2_10_QUESTINFODATA_ACTIONS_1_DEFAULTOUTCOME_JOURNALTEXT,<hero_name> 不先拿到预付款绝不帮忙！但贸易者很精明，骗过我们的英雄后，永远逃离了阿门罗。
QUEST_BANDIT_2_10_QUESTINFODATA_ACTIONS_1_DEFAULTOUTCOME_OUTCOMETEXT,你威胁说要打断贸易者的腿，它勉强说出了自己的秘密藏身之处。但是没有灵石！你再也不会见到这名贸易者了。
QUEST_BANDIT_2_10_QUESTINFODATA_ACTIONS_2_ACTIONTEXT,“让开。”
QUEST_BANDIT_2_10_QUESTINFODATA_ACTIONS_2_DEFAULTOUTCOME_JOURNALTEXT,我们的英雄无法自行移动马车，但幸运的是，铁匠在那里。他们成功地移走了马车，并得到了公正的奖励。
QUEST_BANDIT_2_10_QUESTINFODATA_ACTIONS_2_DEFAULTOUTCOME_OUTCOMETEXT,只需要铁匠将马车往上举一下就能将马车拉出来。贸易者看到需要两份奖励，于是提供了礼物。
QUEST_BANDIT_2_10_QUESTINFODATA_ENCOUNTERTEXT,"贸易者绝望地喊道：""请不要抢我的东西！帮我挪动马车，我就告诉你我把灵石藏在哪儿了！"""
QUEST_BANDIT_2_10_QUESTINFODATA_JOURNALENCOUNTERTEXT,但贸易者开出更诱人的条件：如果 <hero_name> 帮忙挪车，他就透露一块灵石的下落！
QUEST_BANDIT_2_10_QUESTINFODATA_JOURNALRUMOURTEXT,贸易者的马车陷入了平原上一个泥坑里。这样的事情解决起来就太容易了。
QUEST_BANDIT_2_10_QUESTINFODATA_RUMOURTEXT,某个贸易者迷失在了平原上——这个可怜的傻瓜的马车陷在了泥地里了。可能是个非常容易解决的事情！
QUEST_BANDIT_2_10_QUESTINFODATA_TITLE,用力拉呀
QUEST_BANDIT_2_11_QUESTINFODATA_ACTIONS_0_ACTIONTEXT,闯入大厅！
QUEST_BANDIT_2_11_QUESTINFODATA_ACTIONS_0_DEFAULTOUTCOME_JOURNALTEXT,我们的英雄不顾守卫，立刻冲了上去！可惜他们力气不足，救不出被困的镇民。大厅燃烧了数小时。
QUEST_BANDIT_2_11_QUESTINFODATA_ACTIONS_0_DEFAULTOUTCOME_OUTCOMETEXT,你冲到前门，用你的肩膀进行猛烈撞击。但什么也没有发生。因为你缺乏力量，导致那一天死了无数镇民。
QUEST_BANDIT_2_11_QUESTINFODATA_ACTIONS_0_TESTSUCCESSOUTCOME_JOURNALTEXT,我们的英雄忽略了无能的守卫，撞开了门，在大火可能夺走被困镇民的性命之前，解救了他们。
QUEST_BANDIT_2_11_QUESTINFODATA_ACTIONS_0_TESTSUCCESSOUTCOME_OUTCOMETEXT,你忽略了守卫，砸开门，解救了被困镇民。其中一个镇民非常感激你，于是想援助你完成你的任务。
QUEST_BANDIT_2_11_QUESTINFODATA_ACTIONS_1_ACTIONTEXT,向守卫提供帮助。
QUEST_BANDIT_2_11_QUESTINFODATA_ACTIONS_1_DEFAULTOUTCOME_JOURNALTEXT,但是，守卫选择首先扑灭大火。我们的英雄前去帮助，但却是徒劳。大厅已经燃烧了数小时，镇民们死掉了。
QUEST_BANDIT_2_11_QUESTINFODATA_ACTIONS_1_DEFAULTOUTCOME_OUTCOMETEXT,你没有采取行动，而是听从守卫的。他们的延误导致无数镇民的死亡，即使你帮助扑灭了火。
QUEST_BANDIT_2_11_QUESTINFODATA_ACTIONS_2_ACTIONTEXT,防止自己被大火烧伤
QUEST_BANDIT_2_11_QUESTINFODATA_ACTIONS_2_DEFAULTOUTCOME_JOURNALTEXT,我们的英雄不会让无辜者被活活烧死。他们在英雄头盔的保护下，冒着大火救出了镇民。
QUEST_BANDIT_2_11_QUESTINFODATA_ACTIONS_2_DEFAULTOUTCOME_OUTCOMETEXT,英雄头盔将保护你。你全速向前冲进了房子。炙热鞭打着你，但你有时间解救被困在内的镇民。时间刚够。
QUEST_BANDIT_2_11_QUESTINFODATA_ACTIONS_3_ACTIONTEXT,冒火施救
QUEST_BANDIT_2_11_QUESTINFODATA_ACTIONS_3_DEFAULTOUTCOME_JOURNALTEXT,<hero_name> 用皇家盾牌撞开燃烧的木材。里面的镇民得以跟在他们身后逃脱。
QUEST_BANDIT_2_11_QUESTINFODATA_ACTIONS_3_DEFAULTOUTCOME_OUTCOMETEXT,你举起皇家盾牌，撞开摇摇欲坠的木材。火星与火焰伤不到你。你奋勇向前，开出一条生路。
QUEST_BANDIT_2_11_QUESTINFODATA_ENCOUNTERTEXT,你进城后看到大厅里火焰缭绕，镇民被困在了里面。守卫无能为力，你必须帮助他们！
QUEST_BANDIT_2_11_QUESTINFODATA_JOURNALENCOUNTERTEXT,但是，<hero_name>靠近村庄时，发现空气中烟雾弥漫。镇上的大厅在燃烧，镇民被困在了里面！
QUEST_BANDIT_2_11_QUESTINFODATA_JOURNALRUMOURTEXT,我们的英雄听到一个奇怪的传言：附近一个村庄正处于动荡之中。也许他们需要一个更强的领导者来指导他们？
QUEST_BANDIT_2_11_QUESTINFODATA_RUMOURTEXT,附近一个小镇正经历着一场小小的动荡。不知道实际上是什么情况，但他们可以利用一个强有力的领导者。
QUEST_BANDIT_2_11_QUESTINFODATA_TITLE,向着烈火
QUEST_BANDIT_2_12_QUESTINFODATA_ACTIONS_0_ACTIONTEXT,挖通土层，掘出宝藏！
QUEST_BANDIT_2_12_QUESTINFODATA_ACTIONS_0_DEFAULTOUTCOME_JOURNALTEXT,虽然努力尝试了，但<hero_name>还是缺乏挖通土层的力量。宝藏仍将深埋地下，现在是得不到了。
QUEST_BANDIT_2_12_QUESTINFODATA_ACTIONS_0_DEFAULTOUTCOME_OUTCOMETEXT,你没走多远就感到十分疲倦了。你强迫自己超越自己的极限，但这却是不够的。你离开的时候，疲倦不堪，两爪空空。
QUEST_BANDIT_2_12_QUESTINFODATA_ACTIONS_0_TESTSUCCESSOUTCOME_JOURNALTEXT,我们知道，<hero_name> 力大无比！挖掘不算什么，很快宝藏便被挖出，供我们的英雄领取！
QUEST_BANDIT_2_12_QUESTINFODATA_ACTIONS_0_TESTSUCCESSOUTCOME_OUTCOMETEXT,你疯狂地挖掘着，每一铲下去都让你更加接近宝藏。突然，你听到铛铛一声。你找到了宝藏！
QUEST_BANDIT_2_12_QUESTINFODATA_ACTIONS_1_ACTIONTEXT,向你的强盗伙伴寻求帮助。
QUEST_BANDIT_2_12_QUESTINFODATA_ACTIONS_1_DEFAULTOUTCOME_JOURNALTEXT,<hero_name>忠诚的强盗挖穿了土层，却在他们中间瓜分了宝藏。我们的英雄一无所获。
QUEST_BANDIT_2_12_QUESTINFODATA_ACTIONS_1_DEFAULTOUTCOME_OUTCOMETEXT,你的强盗迅速挖穿了封藏宝藏的土层，但他们却瓜分了这一战利品，你一无所获。
QUEST_BANDIT_2_12_QUESTINFODATA_ACTIONS_2_ACTIONTEXT,"""我要把它炸开。"""
QUEST_BANDIT_2_12_QUESTINFODATA_ACTIONS_2_DEFAULTOUTCOME_JOURNALTEXT,炼金术士的混合物将泥地炸开了。不幸的是，下面隐藏的一些珍贵的宝藏被损毁了。
QUEST_BANDIT_2_12_QUESTINFODATA_ACTIONS_2_DEFAULTOUTCOME_OUTCOMETEXT,炼金术士跪下来，往泥地里倾倒了一些奇怪的绿色液体。片刻之后，一声轰鸣震撼了世界。泥地不见了。
QUEST_BANDIT_2_12_QUESTINFODATA_ACTIONS_3_ACTIONTEXT,召唤怀尔德
QUEST_BANDIT_2_12_QUESTINFODATA_ACTIONS_3_DEFAULTOUTCOME_JOURNALTEXT,蒙特在兔族中素以与怀尔德的联结闻名。月镰知道这一点，引着我们的英雄找到了他的遗体。
QUEST_BANDIT_2_12_QUESTINFODATA_ACTIONS_3_DEFAULTOUTCOME_OUTCOMETEXT,月镰发出光芒。诡异的光指向地下更深处。你跟随而行，很快便发现蒙特的遗体摊卧在一只敞开的宝箱前。
QUEST_BANDIT_2_12_QUESTINFODATA_ENCOUNTERTEXT,这座古坟已经被废弃了几代人的时间，但我们的英雄知道在哪里寻找宝藏：古坟深处一个土坑里。
QUEST_BANDIT_2_12_QUESTINFODATA_JOURNALENCOUNTERTEXT,我们的英雄发现了他古坟的所在，但这个土坑将是一场极其艰巨的考验！
QUEST_BANDIT_2_12_QUESTINFODATA_JOURNALRUMOURTEXT,传说最古怪的兔子探险家蒙特将他的巨额财富埋葬在地下一个很深的土坑底部。
QUEST_BANDIT_2_12_QUESTINFODATA_RUMOURTEXT,传说一只疯狂的兔子探险家有一笔庞大的宝藏，却把它埋在了一个深坑的底部。你认为你能找到它吗？
QUEST_BANDIT_2_12_QUESTINFODATA_TITLE,藏宝之坑
QUEST_BANDIT_2_1_QUESTINFODATA_ACTIONS_0_ACTIONTEXT,要求为记账者支付赎金
QUEST_BANDIT_2_1_QUESTINFODATA_ACTIONS_0_DEFAULTOUTCOME_JOURNALTEXT,不幸的是，我们的英雄缺乏必要的智力，没能看住记账者。尴尬的是，赎金始终没人支付。
QUEST_BANDIT_2_1_QUESTINFODATA_ACTIONS_0_DEFAULTOUTCOME_OUTCOMETEXT,你在森林里等了好几个小时，想知道什么时候才会向你支付赎金。永远不会，记账者乘你不备时已经悄悄溜掉了。
QUEST_BANDIT_2_1_QUESTINFODATA_ACTIONS_0_TESTSUCCESSOUTCOME_JOURNALTEXT,凭着机敏的头脑和更伶俐的口舌，我们的英雄迫使当地国王守卫支付一块灵石，换取记账者的获释。
QUEST_BANDIT_2_1_QUESTINFODATA_ACTIONS_0_TESTSUCCESSOUTCOME_OUTCOMETEXT,运用你敏锐的智力，逼迫当地国王守卫交出一块灵石，换取记账者平安获释。
QUEST_BANDIT_2_1_QUESTINFODATA_ACTIONS_1_ACTIONTEXT,抢走记账者的财物，然后放她走。
QUEST_BANDIT_2_1_QUESTINFODATA_ACTIONS_1_DEFAULTOUTCOME_JOURNALTEXT,但是失败的几率太大，而且也很难预料国王守卫会怎么做。我们的英雄迅速放了它。
QUEST_BANDIT_2_1_QUESTINFODATA_ACTIONS_1_DEFAULTOUTCOME_OUTCOMETEXT,记账者身上除了会计总帐几乎一无所有。你了解到了一点有关国王的财政情况的知识，但仅此而已。
QUEST_BANDIT_2_1_QUESTINFODATA_ACTIONS_2_ACTIONTEXT,愚弄记账者
QUEST_BANDIT_2_1_QUESTINFODATA_ACTIONS_2_DEFAULTOUTCOME_JOURNALTEXT,炸掉赎金！我们的英雄使用皇家旗帜证明忠诚。记账者相信<hero_name>是一位盟友，便向它透露了秘密。
QUEST_BANDIT_2_1_QUESTINFODATA_ACTIONS_2_DEFAULTOUTCOME_OUTCOMETEXT,你挥舞着皇家旗帜，并向记账者低语谎称。她认为你是一个朋友，于是揭示了宝藏隐藏的地点。
QUEST_BANDIT_2_1_QUESTINFODATA_ACTIONS_3_ACTIONTEXT,愚弄记账者
QUEST_BANDIT_2_1_QUESTINFODATA_ACTIONS_3_DEFAULTOUTCOME_JOURNALTEXT,炸掉赎金！我们的英雄使用皇家旗帜证明忠诚。记账者相信<hero_name>是一位盟友，便向它透露了秘密。
QUEST_BANDIT_2_1_QUESTINFODATA_ACTIONS_3_DEFAULTOUTCOME_OUTCOMETEXT,你挥舞皇家旗帜，向记账者低声撒谎。他把你当作朋友，透露了宝藏藏匿的地点。
QUEST_BANDIT_2_1_QUESTINFODATA_ACTIONS_4_ACTIONTEXT,"""账簿更有价值！"""
QUEST_BANDIT_2_1_QUESTINFODATA_ACTIONS_4_DEFAULTOUTCOME_JOURNALTEXT,但是既然有罕见的账簿可以卖，为什么还要担心赎金的问题呢？我们英雄的硬币大师以极少的努力赚得了一大笔钱。
QUEST_BANDIT_2_1_QUESTINFODATA_ACTIONS_4_DEFAULTOUTCOME_OUTCOMETEXT,硬币大师估计了这卷账簿的价值。他笑了。你放走了记账者，并分掉了他的账簿卖得的钱。伟大的收获！
QUEST_BANDIT_2_1_QUESTINFODATA_ENCOUNTERTEXT,当你的强盗迅速除掉保镖之时，你带走了记账者。它求你放了它，不过，放不放由你来决定。
QUEST_BANDIT_2_1_QUESTINFODATA_JOURNALENCOUNTERTEXT,<hero_name> 十分聪明，不至于杀她——国王守卫会花大价钱换取她平安归来。
QUEST_BANDIT_2_1_QUESTINFODATA_JOURNALRUMOURTEXT,阿门罗的皇家记账者管理着国王疯狂的计划，因而价值连城——对国王如此，对强盗亦然。
QUEST_BANDIT_2_1_QUESTINFODATA_RUMOURTEXT,皇家记账者将会穿越附近几个树林。我敢打赌我们的国王会付出任何代价让她安全……
QUEST_BANDIT_2_1_QUESTINFODATA_TITLE,记账者
QUEST_BANDIT_2_2_QUESTINFODATA_ACTIONS_0_ACTIONTEXT,撬开锁。放走其他囚犯！
QUEST_BANDIT_2_2_QUESTINFODATA_ACTIONS_0_DEFAULTOUTCOME_JOURNALTEXT,虽然我们的英雄很容易就撬开了镣铐上的锁，但很快就被守卫注意到了。<hero_name>被迫逃离，此次行动以失败告终。
QUEST_BANDIT_2_2_QUESTINFODATA_ACTIONS_0_DEFAULTOUTCOME_OUTCOMETEXT,你轻松打开锁，但一时疏于留意，守卫很快发现了你。你险些丧命才逃出生天。
QUEST_BANDIT_2_2_QUESTINFODATA_ACTIONS_0_TESTSUCCESSOUTCOME_JOURNALTEXT,幸运的是，我们的英雄精于撬锁，在领导一群愤怒的阿门罗公民上更是如此。于是很快就解放了小镇。
QUEST_BANDIT_2_2_QUESTINFODATA_ACTIONS_0_TESTSUCCESSOUTCOME_OUTCOMETEXT,你脱开镣铐，快速找到了其他被捕生物。你们设法找到了武器，解放了小镇。
QUEST_BANDIT_2_2_QUESTINFODATA_ACTIONS_1_ACTIONTEXT,撬开锁子，自行逃走。
QUEST_BANDIT_2_2_QUESTINFODATA_ACTIONS_1_DEFAULTOUTCOME_JOURNALTEXT,我们的英雄脱开镣铐，远离了村庄，它黑暗的秘密仍被隐藏着；那些被奴役的生物也是如此。
QUEST_BANDIT_2_2_QUESTINFODATA_ACTIONS_1_DEFAULTOUTCOME_OUTCOMETEXT,你脱开镣铐，悄悄溜出了小镇。其他被俘的阿门罗公民发出的低沉的哭声将永远跟着你。
QUEST_BANDIT_2_2_QUESTINFODATA_ACTIONS_2_ACTIONTEXT,"""喂，锁松了。"""
QUEST_BANDIT_2_2_QUESTINFODATA_ACTIONS_2_DEFAULTOUTCOME_JOURNALTEXT,我们的英雄似乎注定要失败，直到他们的咒法师介入。它轻松将锁解开，然后一起逃脱了守卫的魔爪。
QUEST_BANDIT_2_2_QUESTINFODATA_ACTIONS_2_DEFAULTOUTCOME_OUTCOMETEXT,你的爪子可以自由活动，但守卫们没有意识到这一点。你的咒法师眨眨眼。你保持姿势，然后展开攻击！逃离魔爪。
QUEST_BANDIT_2_2_QUESTINFODATA_ACTIONS_3_ACTIONTEXT,亮出皇家赦令
QUEST_BANDIT_2_2_QUESTINFODATA_ACTIONS_3_DEFAULTOUTCOME_JOURNALTEXT,如果没有皇家赦令，我们的英雄可能已经被送上了断头台。守卫们被迫不情愿地放走了<hero_name>。
QUEST_BANDIT_2_2_QUESTINFODATA_ACTIONS_3_DEFAULTOUTCOME_OUTCOMETEXT,自鸣得意的守卫脸上立马没了他们在瞬间挂上的笑容。获释后你漫步走出城。任何生物都不能抓你。
QUEST_BANDIT_2_2_QUESTINFODATA_ENCOUNTERTEXT,没等你进门，城镇守卫就将你拦了下来，将你打晕并用镣铐铐了起来。情况不妙。
QUEST_BANDIT_2_2_QUESTINFODATA_JOURNALENCOUNTERTEXT,"<hero_name> 走近门口时，守卫们迅速制服了他们。""好啊，你们这些家伙，""其中一个说道。""又抓了一个奴隶！"""
QUEST_BANDIT_2_2_QUESTINFODATA_JOURNALRUMOURTEXT,<quest_tile>的小镇以一个你有去无回的地方而出名。我们的英雄决定去调查一番。
QUEST_BANDIT_2_2_QUESTINFODATA_RUMOURTEXT,我经常听到传言说附近一个小聚落在奴役像我们这样的自由斗士。我建议去那里看看。
QUEST_BANDIT_2_2_QUESTINFODATA_TITLE,镣铐之村
QUEST_BANDIT_2_3_QUESTINFODATA_ACTIONS_0_ACTIONTEXT,"协商""平分""。"
QUEST_BANDIT_2_3_QUESTINFODATA_ACTIONS_0_DEFAULTOUTCOME_JOURNALTEXT,谈判开始了，但我们的英雄却是榆木脑袋一个，试图偷偷拿走更多的战利品。其它强盗发现了之后，偷走了一切。
QUEST_BANDIT_2_3_QUESTINFODATA_ACTIONS_0_DEFAULTOUTCOME_OUTCOMETEXT,当你试图协商平分战利品时，其它强盗却发现你在偷偷地拿更多的廉价珠宝。于是对你大打出手，抢走了一切。
QUEST_BANDIT_2_3_QUESTINFODATA_ACTIONS_0_TESTSUCCESSOUTCOME_JOURNALTEXT,但在那一天我们的英雄充分发挥了它敏锐的智力！快速谈判的结果是，<hero_name>只带走最好的宝藏。
QUEST_BANDIT_2_3_QUESTINFODATA_ACTIONS_0_TESTSUCCESSOUTCOME_OUTCOMETEXT,你发挥你敏锐的智力，在其它强盗都不知道的情况下掏空了他们的战利品。你带走了一笔非常大的宝藏。不错的收获！
QUEST_BANDIT_2_3_QUESTINFODATA_ACTIONS_1_ACTIONTEXT,让你的竞争对手拿去吧。
QUEST_BANDIT_2_3_QUESTINFODATA_ACTIONS_1_DEFAULTOUTCOME_JOURNALTEXT,我们的英雄当然不会与其它罪犯谈判——事情总是搞得一团糟。最好放他们走自己的路。
QUEST_BANDIT_2_3_QUESTINFODATA_ACTIONS_1_DEFAULTOUTCOME_OUTCOMETEXT,知道糟糕的谈判可能会演变成一场暴力行动，你决定将商队留给其它强盗。至少国王的好日子被毁了！
QUEST_BANDIT_2_3_QUESTINFODATA_ACTIONS_2_ACTIONTEXT,披甲上阵，发起攻击！
QUEST_BANDIT_2_3_QUESTINFODATA_ACTIONS_2_DEFAULTOUTCOME_JOURNALTEXT,我们的英雄在狮心胸甲的帮助下威猛无比。他们击退对手，拿走了剩下的所有战利品。
QUEST_BANDIT_2_3_QUESTINFODATA_ACTIONS_2_DEFAULTOUTCOME_OUTCOMETEXT,狮心胸甲可防止你被强盗那些粗制滥造的刀剑刺伤。你奋力抵抗争夺者，但他们还是偷走了一些宝藏。
QUEST_BANDIT_2_3_QUESTINFODATA_ACTIONS_3_ACTIONTEXT,"""让我来。"""
QUEST_BANDIT_2_3_QUESTINFODATA_ACTIONS_3_DEFAULTOUTCOME_JOURNALTEXT,有时，最不起眼的东西看似最为重要。<hero_name>的贸易者辨别出了真正值得拿取的东西，并将其收入囊中。
QUEST_BANDIT_2_3_QUESTINFODATA_ACTIONS_3_DEFAULTOUTCOME_OUTCOMETEXT,你的贸易者迈步向前。他们利用你的名声来索要特定的货物。就是会向正确的买家卖一笔好价钱的货物。
QUEST_BANDIT_2_3_QUESTINFODATA_ACTIONS_4_ACTIONTEXT,尽一切所能去偷！
QUEST_BANDIT_2_3_QUESTINFODATA_ACTIONS_4_DEFAULTOUTCOME_JOURNALTEXT,没时间去处理琐碎的政治事务了。<hero_name>利用魔镜斗篷漂移过去，拿走了一切能拿走的，然后消失在了远处。
QUEST_BANDIT_2_3_QUESTINFODATA_ACTIONS_4_DEFAULTOUTCOME_OUTCOMETEXT,魔镜斗篷闪着微光，帮你躲过了其他强盗窥视的魔眼。你缓慢往里爬，抓起一切能携带的东西。完美的行动。
QUEST_BANDIT_2_3_QUESTINFODATA_ENCOUNTERTEXT,你走近商队，发现它已经被一伙与之竞争的强盗截停。稍有不慎，事情就会变得难堪。
QUEST_BANDIT_2_3_QUESTINFODATA_JOURNALENCOUNTERTEXT,有传言称一个满载战利品的商队没走多远就引起了注意，当然如此。另一个强盗族已经赶到了现场。
QUEST_BANDIT_2_3_QUESTINFODATA_JOURNALRUMOURTEXT,我们的英雄听说一支满载赃物的商队正驶向国王的城堡。<hero_name> 决定将其夺回。
QUEST_BANDIT_2_3_QUESTINFODATA_RUMOURTEXT,一支商队正穿过平原，满载着从我们这些淳朴民众那里偷来的各种东西。也许你能把它们弄回来？
QUEST_BANDIT_2_3_QUESTINFODATA_TITLE,阿门罗对峙
QUEST_BANDIT_2_4_QUESTINFODATA_ACTIONS_0_ACTIONTEXT,单枪匹马，冲入商队。
QUEST_BANDIT_2_4_QUESTINFODATA_ACTIONS_0_DEFAULTOUTCOME_JOURNALTEXT,我们勇敢的英雄冲向商队，但守卫实在太强。他们击倒了 <hero_name>，任其倒在尘土中流血。
QUEST_BANDIT_2_4_QUESTINFODATA_ACTIONS_0_DEFAULTOUTCOME_OUTCOMETEXT,你高举武器勇敢地冲向商队——但守卫轻易就把你解决，让你负伤倒在路边。
QUEST_BANDIT_2_4_QUESTINFODATA_ACTIONS_0_TESTSUCCESSOUTCOME_JOURNALTEXT,我们的英雄拔出钢刃冲向商队，顷刻间放倒守卫！他们苦苦追寻的灵石很快便唾手可得。
QUEST_BANDIT_2_4_QUESTINFODATA_ACTIONS_0_TESTSUCCESSOUTCOME_OUTCOMETEXT,你冲向商队，轻松砍倒守卫，很快让整支商队停了下来。灵石归你了！
QUEST_BANDIT_2_4_QUESTINFODATA_ACTIONS_1_ACTIONTEXT,让你的强盗帮你攻击商队。
QUEST_BANDIT_2_4_QUESTINFODATA_ACTIONS_1_DEFAULTOUTCOME_JOURNALTEXT,我们的英雄率领强盗族对抗商队，轻松斩杀守卫。可惜灵石在混战中失落了。
QUEST_BANDIT_2_4_QUESTINFODATA_ACTIONS_1_DEFAULTOUTCOME_OUTCOMETEXT,你率领你的部族对抗商队守卫，轻松取胜，但灵石在随后的混乱中从你手边溜走了。
QUEST_BANDIT_2_4_QUESTINFODATA_ACTIONS_2_ACTIONTEXT,抢劫！
QUEST_BANDIT_2_4_QUESTINFODATA_ACTIONS_2_DEFAULTOUTCOME_JOURNALTEXT,到现在仍能听到关于我们英雄大胆抢劫的事情。他们伏击商队，给他们的守卫以措手不及，并释放了一件非常有价值的工具。
QUEST_BANDIT_2_4_QUESTINFODATA_ACTIONS_2_DEFAULTOUTCOME_OUTCOMETEXT,你用布蒙住脸，持手炮抢劫了商队。守卫还没来得及反应，你已经夺得奖赏逃之夭夭。
QUEST_BANDIT_2_4_QUESTINFODATA_ACTIONS_3_ACTIONTEXT,片甲不留
QUEST_BANDIT_2_4_QUESTINFODATA_ACTIONS_3_DEFAULTOUTCOME_JOURNALTEXT,我们的英雄受黑暗的指引，杀死了所有守卫。以行动取胜之后，他们逃走了，但是他们的魔法却变了。
QUEST_BANDIT_2_4_QUESTINFODATA_ACTIONS_3_DEFAULTOUTCOME_OUTCOMETEXT,在被诅咒的剑的帮助下，你击杀了所有守卫。腐化在你体内流淌着。然后是一阵恐慌。你战胜了它然后逃离了。但你感觉不一样了。
QUEST_BANDIT_2_4_QUESTINFODATA_ACTIONS_4_ACTIONTEXT,利用怀尔德攻击
QUEST_BANDIT_2_4_QUESTINFODATA_ACTIONS_4_DEFAULTOUTCOME_JOURNALTEXT,我们的英雄将怀尔德的怒火倾泻在倒霉的守卫身上。尽管商人带着灵石逃走了，商队还是留下了不少有用的工具。\n
QUEST_BANDIT_2_4_QUESTINFODATA_ACTIONS_4_DEFAULTOUTCOME_OUTCOMETEXT,守卫在怀尔德焰杖面前毫无胜算。你唤起它的怒火将他们斩杀。商人逃走了，却留下了一些货物。
QUEST_BANDIT_2_4_QUESTINFODATA_ENCOUNTERTEXT,商队确实满载着小玩意和廉价珠宝，但贸易者携带的那块灵石才是你的目标。
QUEST_BANDIT_2_4_QUESTINFODATA_JOURNALENCOUNTERTEXT,<hero_name> 从远处窥见那支满载贵重商品的商队。但贸易者的灵石才是我们英雄的猎物。
QUEST_BANDIT_2_4_QUESTINFODATA_JOURNALRUMOURTEXT,我们的英雄听到了一个有价值的传言——一位傲慢富有的贸易者正带着他的商队穿过附近这片平原。
QUEST_BANDIT_2_4_QUESTINFODATA_RUMOURTEXT,一位富有的贸易者正带着货物穿过平原。如果你能突破他的守卫，听说有一块灵石等着你拿！
QUEST_BANDIT_2_4_QUESTINFODATA_TITLE,灵石之旅
QUEST_BANDIT_2_5_QUESTINFODATA_ACTIONS_0_ACTIONTEXT,干掉整个小偷公会。
QUEST_BANDIT_2_5_QUESTINFODATA_ACTIONS_0_DEFAULTOUTCOME_JOURNALTEXT,我们的英雄勇敢地尝试直捣小偷的巢穴斩杀他们，却只害死了自己的朋友。这对强盗族而言是悲伤的一天。
QUEST_BANDIT_2_5_QUESTINFODATA_ACTIONS_0_DEFAULTOUTCOME_OUTCOMETEXT,你试图杀死小偷，但是你的技能却远不及他们。你的朋友被杀了，你也身负重伤逃走了。
QUEST_BANDIT_2_5_QUESTINFODATA_ACTIONS_0_TESTSUCCESSOUTCOME_JOURNALTEXT,但 <hero_name> 绝不会善罢甘休！阿门罗小偷公会就此被撕成碎片，尽数殒命于我们英雄的利刃之下。
QUEST_BANDIT_2_5_QUESTINFODATA_ACTIONS_0_TESTSUCCESSOUTCOME_OUTCOMETEXT,你迅速抽出剑，这个老前辈就倒在了你的面前。其他小偷也很快被你杀死了，你的朋友承诺依然站在你这一边。
QUEST_BANDIT_2_5_QUESTINFODATA_ACTIONS_1_ACTIONTEXT,杀了你的朋友。避免战争。
QUEST_BANDIT_2_5_QUESTINFODATA_ACTIONS_1_DEFAULTOUTCOME_JOURNALTEXT,<hero_name> 知道小偷有一天会成为宝贵的盟友，于是当着他们的面杀了自己的朋友，以巩固持久的和平。
QUEST_BANDIT_2_5_QUESTINFODATA_ACTIONS_1_DEFAULTOUTCOME_OUTCOMETEXT,你的剑滑过你挚友的喉咙。现在你不能与窃贼公会为敌；毕竟对国王的战争即将到来。
QUEST_BANDIT_2_5_QUESTINFODATA_ACTIONS_2_ACTIONTEXT,为他们抗辩
QUEST_BANDIT_2_5_QUESTINFODATA_ACTIONS_2_DEFAULTOUTCOME_JOURNALTEXT,<hero_name> 戴上面具，利用其被赋予的非凡感召力争取宽大处理。惩罚被降至暂时流放。
QUEST_BANDIT_2_5_QUESTINFODATA_ACTIONS_2_DEFAULTOUTCOME_OUTCOMETEXT,你戴着伪装的面具，为你朋友的案件作出抗辩。你本身就是一名强盗，有发言权。于是你的朋友被判处新的惩罚。暂时放逐。
QUEST_BANDIT_2_5_QUESTINFODATA_ACTIONS_3_ACTIONTEXT,"""确保你这样做！"""
QUEST_BANDIT_2_5_QUESTINFODATA_ACTIONS_3_DEFAULTOUTCOME_JOURNALTEXT,<hero_name> 别无选择。他们为了保命被迫伤害了自己的朋友。行动成功了。仅此而已。
QUEST_BANDIT_2_5_QUESTINFODATA_ACTIONS_3_DEFAULTOUTCOME_OUTCOMETEXT,你假装愤怒，要求自己动手。你刺穿了自己的朋友。当小偷离开时，你的药剂师拯救了他的性命。
QUEST_BANDIT_2_5_QUESTINFODATA_ACTIONS_4_ACTIONTEXT,"""我为他们担保"""
QUEST_BANDIT_2_5_QUESTINFODATA_ACTIONS_4_DEFAULTOUTCOME_JOURNALTEXT,<hero_name>的间谍大师与窃贼公会有不少关系。他能够利用自己的影响力减轻可怕的惩罚。
QUEST_BANDIT_2_5_QUESTINFODATA_ACTIONS_4_DEFAULTOUTCOME_OUTCOMETEXT,间谍大师是公会元老的一位老朋友。经过多番争辩后，他勉强同意将处罚降至仅一年的流放。
QUEST_BANDIT_2_5_QUESTINFODATA_ENCOUNTERTEXT,你很快明白你的朋友试图偷小偷的东西——在他们眼里，这就该判死刑。公会老前辈不高兴。
QUEST_BANDIT_2_5_QUESTINFODATA_JOURNALENCOUNTERTEXT,就在公会大厅里，很明显是强盗族的随从偷了窃贼的东西。这只能处以死刑。
QUEST_BANDIT_2_5_QUESTINFODATA_JOURNALRUMOURTEXT,强盗族一名忠实的随从被著名的阿门罗窃贼公会俘获了。我们的英雄请求接见。
QUEST_BANDIT_2_5_QUESTINFODATA_RUMOURTEXT,当地小偷公会抓住了我们的一员。我不是说你应该发起一场战争，但是我们必须保护自己的成员。
QUEST_BANDIT_2_5_QUESTINFODATA_TITLE,公会事务
QUEST_BANDIT_2_6_QUESTINFODATA_ACTIONS_0_ACTIONTEXT,仅选择以赤爪空拳相对。你肯定可以打败这只野猪。
QUEST_BANDIT_2_6_QUESTINFODATA_ACTIONS_0_DEFAULTOUTCOME_JOURNALTEXT,我们的英雄选择赤爪空拳相对，野猪颇受折服，但他们却注定没有机会赢得胜利。<hero_name>离开竞技场，身上添了许多新的伤疤。
QUEST_BANDIT_2_6_QUESTINFODATA_ACTIONS_0_DEFAULTOUTCOME_OUTCOMETEXT,你的选择给野猪留下了深刻的印象，但这对你来说相当不容易。遗憾的是，他的技能略胜一筹，你带着一些新的伤疤离开了。
QUEST_BANDIT_2_6_QUESTINFODATA_ACTIONS_0_TESTSUCCESSOUTCOME_JOURNALTEXT,即使赤爪空拳，我们的英雄也知道野猪必败！他们确实失败了，然后文雅地将承诺的宝藏交给了<hero_name>作为奖励。
QUEST_BANDIT_2_6_QUESTINFODATA_ACTIONS_0_TESTSUCCESSOUTCOME_OUTCOMETEXT,你的选择给野猪留下了深刻的印象；当你在开放的战斗中打败它时更是如此！如它所承诺的那样，你获得了一件宝藏作为奖励。
QUEST_BANDIT_2_6_QUESTINFODATA_ACTIONS_1_ACTIONTEXT,选择长矛。从远处打倒它。
QUEST_BANDIT_2_6_QUESTINFODATA_ACTIONS_1_DEFAULTOUTCOME_JOURNALTEXT,我们的英雄拿起长矛，希望这个武器伸出的额外距离能够决定胜利。但是，野猪的技能也不赖，双方打成了僵局。
QUEST_BANDIT_2_6_QUESTINFODATA_ACTIONS_1_DEFAULTOUTCOME_OUTCOMETEXT,野猪拿起一把巨大的斧子，显然是它得意的武器。你们打成僵局，最终平手，分道扬镳。
QUEST_BANDIT_2_6_QUESTINFODATA_ACTIONS_2_ACTIONTEXT,以腐化作战
QUEST_BANDIT_2_6_QUESTINFODATA_ACTIONS_2_DEFAULTOUTCOME_JOURNALTEXT,我们的英雄在心里就是强盗。他们不会放弃任何好处，并利用受诅咒的乌鸦嘴匕首获得胜利。
QUEST_BANDIT_2_6_QUESTINFODATA_ACTIONS_2_DEFAULTOUTCOME_OUTCOMETEXT,乌鸦嘴匕首将会赢得这场战斗。力量不会战胜技巧。你打伤了最强大的野兽，然后愤愤离开了。你不需要奖品。
QUEST_BANDIT_2_6_QUESTINFODATA_ACTIONS_3_ACTIONTEXT,"""力量？让我来。"""
QUEST_BANDIT_2_6_QUESTINFODATA_ACTIONS_3_DEFAULTOUTCOME_JOURNALTEXT,<hero_name>的狂战士提出要取代我们的英雄。战斗非常激烈，但他击败了强壮的野兽，证明了自己的力量。
QUEST_BANDIT_2_6_QUESTINFODATA_ACTIONS_3_DEFAULTOUTCOME_OUTCOMETEXT,狂战士迈步向前。这两个巨大的野兽朝着彼此咆哮并厮杀开来。这场战斗持续了好几个小时，但你的狂战士最终成为了胜利者。
QUEST_BANDIT_2_6_QUESTINFODATA_ACTIONS_4_ACTIONTEXT,“用这个！”
QUEST_BANDIT_2_6_QUESTINFODATA_ACTIONS_4_DEFAULTOUTCOME_JOURNALTEXT,我们英雄的采掘师已经有了解决办法。鹤嘴锄具有胜利所需的延伸范围。我们的英雄赢得了胜利并与采掘师分掉了奖品。
QUEST_BANDIT_2_6_QUESTINFODATA_ACTIONS_4_DEFAULTOUTCOME_OUTCOMETEXT,鹤嘴锄似乎是最完美的武器。在采掘师的建议下，你用它设法彻底击败了强壮的野兽。
QUEST_BANDIT_2_6_QUESTINFODATA_ENCOUNTERTEXT,你在森林深处一个临时搭建的竞技场与挑战者会面。巨大的野猪让你为即将到来的战斗自选武器。
QUEST_BANDIT_2_6_QUESTINFODATA_JOURNALENCOUNTERTEXT,<hero_name> 在森林里会战野猪斗士，发现它正在一个临时搭建的竞技场上。是选择武器的时间了。
QUEST_BANDIT_2_6_QUESTINFODATA_JOURNALRUMOURTEXT,我们的英雄收到了当地一名战士的邀请函——一场力量和技巧的挑战，获胜者将能拿到一个有价值的宝藏。
QUEST_BANDIT_2_6_QUESTINFODATA_RUMOURTEXT,当地一些强大的野兽向你发出了挑战。不知道是谁，所以我建议你谨慎行事。但是要注意哦，如果你赢了，将有宝藏拿哦！
QUEST_BANDIT_2_6_QUESTINFODATA_TITLE,森林冠军
QUEST_BANDIT_2_7_QUESTINFODATA_ACTIONS_0_ACTIONTEXT,接受改变后的未来。走进石环。
QUEST_BANDIT_2_7_QUESTINFODATA_ACTIONS_0_DEFAULTOUTCOME_JOURNALTEXT,我们的英雄走进石环时，那里黑暗得足以将怀尔德从他的灵魂中驱除，夺去他的生命力。一场可怕的悲剧！
QUEST_BANDIT_2_7_QUESTINFODATA_ACTIONS_0_DEFAULTOUTCOME_OUTCOMETEXT,你走进石环时，被一阵强烈的能量击中，它吸走了你体内的生命力。你逃走了，倍感虚弱和痛苦。
QUEST_BANDIT_2_7_QUESTINFODATA_ACTIONS_0_TESTSUCCESSOUTCOME_JOURNALTEXT,但还没黑到让我们的英雄无法得到救赎！怀尔德会宽恕，这次它给了<hero_name>一块灵石作为奖励。
QUEST_BANDIT_2_7_QUESTINFODATA_ACTIONS_0_TESTSUCCESSOUTCOME_OUTCOMETEXT,你走进石环，感到骨子里一片平静。突然，一块灵石凭空显现——这是对你信念的奖励！
QUEST_BANDIT_2_7_QUESTINFODATA_ACTIONS_1_ACTIONTEXT,接受你黑暗的过去。离开石环。
QUEST_BANDIT_2_7_QUESTINFODATA_ACTIONS_1_DEFAULTOUTCOME_JOURNALTEXT,天足够黑，我们的英雄不得不承认，在怀尔德眼中救赎已无可能。他永远地离开了石环。
QUEST_BANDIT_2_7_QUESTINFODATA_ACTIONS_1_DEFAULTOUTCOME_OUTCOMETEXT,你在石环外徘徊，意识到你只相信一件事：你自己。你离开石环，感觉自己更明智了。
QUEST_BANDIT_2_7_QUESTINFODATA_ACTIONS_2_ACTIONTEXT,手持怀尔德护符
QUEST_BANDIT_2_7_QUESTINFODATA_ACTIONS_2_DEFAULTOUTCOME_JOURNALTEXT,怀尔德护符使我们的英雄免受石环的审判。它赐予他魔法，作为旅途的助益。
QUEST_BANDIT_2_7_QUESTINFODATA_ACTIONS_2_DEFAULTOUTCOME_OUTCOMETEXT,"无论你有""多么波折""的过去，你已经被原谅。你抓着护身符，大步向前跨去。护身符发着光。魔法在你的体内流淌着。"
QUEST_BANDIT_2_7_QUESTINFODATA_ACTIONS_3_ACTIONTEXT,"""我是值得的"""
QUEST_BANDIT_2_7_QUESTINFODATA_ACTIONS_3_DEFAULTOUTCOME_JOURNALTEXT,怀尔德与陌生者的行事之道似乎同样神秘。我们的英雄从两者那里都获得了魔法。
QUEST_BANDIT_2_7_QUESTINFODATA_ACTIONS_3_DEFAULTOUTCOME_OUTCOMETEXT,陌生者迈进石环。云飘过月亮。他的眼睛发着光。他转过身来，举起爪子。魔法流入你的身体。
QUEST_BANDIT_2_7_QUESTINFODATA_ACTIONS_4_ACTIONTEXT,"""这里的魔法很简单。"""
QUEST_BANDIT_2_7_QUESTINFODATA_ACTIONS_4_DEFAULTOUTCOME_JOURNALTEXT,石环并不乐于接受<hero_name>学徒的干预。它释放了自己的魔法，但我们的英雄抓住了一些。
QUEST_BANDIT_2_7_QUESTINFODATA_ACTIONS_4_DEFAULTOUTCOME_OUTCOMETEXT,学徒迈步向前，喃喃念了几句咒语。石环回应了。很糟糕。它闪着光。学徒痛叫起来，但你感觉自己更强了。
QUEST_BANDIT_2_7_QUESTINFODATA_ENCOUNTERTEXT,你站在古老的石环前，知道你波折的过去可能使这一切化为乌有。
QUEST_BANDIT_2_7_QUESTINFODATA_JOURNALENCOUNTERTEXT,这个考验很简单：走进石环，如果心地纯洁，就会获得奖励。唉，我们的英雄有一段黑暗的过去！
QUEST_BANDIT_2_7_QUESTINFODATA_JOURNALRUMOURTEXT,精通怀尔德之道的强者常在阿门罗各地的石环中寻得慰藉。我们的英雄会成为其中一员吗？
QUEST_BANDIT_2_7_QUESTINFODATA_RUMOURTEXT,不确定我们这样的人是否配得上那些石阵，但有很多传言说，精通怀尔德的强者在那里会得到奖励。
QUEST_BANDIT_2_7_QUESTINFODATA_TITLE,至暗之心
QUEST_BANDIT_2_8_QUESTINFODATA_ACTIONS_0_ACTIONTEXT,"""怀尔德有多相信我，我就有多相信它。"""
QUEST_BANDIT_2_8_QUESTINFODATA_ACTIONS_0_DEFAULTOUTCOME_JOURNALTEXT,一个奇怪的问题，但我们的英雄却回答说是。不幸的是，流浪者不相信他们——任务完全白费。
QUEST_BANDIT_2_8_QUESTINFODATA_ACTIONS_0_DEFAULTOUTCOME_OUTCOMETEXT,"流浪者窥探你灵魂深处，看起来很失望。""它不相信你。我也不信。""你两手空空地离开了幽谷。"
QUEST_BANDIT_2_8_QUESTINFODATA_ACTIONS_0_TESTSUCCESSOUTCOME_JOURNALTEXT,<hero_name> 自信地回答：当然是的。流浪者被说服了，会来加入我们的英雄完成任务。
QUEST_BANDIT_2_8_QUESTINFODATA_ACTIONS_0_TESTSUCCESSOUTCOME_OUTCOMETEXT,"流浪者窥入你灵魂深处。""它相信你注定成就伟业。我也一样。""陌生者宣誓永远效忠于你。"
QUEST_BANDIT_2_8_QUESTINFODATA_ACTIONS_1_ACTIONTEXT,"""没有。我做的一切都是通过我的自由意志决定的。"""
QUEST_BANDIT_2_8_QUESTINFODATA_ACTIONS_1_DEFAULTOUTCOME_JOURNALTEXT,"当我们的英雄明确以""不""回答时，流浪者被逗乐了，但它拒绝放弃，不管怎样，它还是给了你小小的庇佑。"
QUEST_BANDIT_2_8_QUESTINFODATA_ACTIONS_1_DEFAULTOUTCOME_OUTCOMETEXT,"流浪者咯咯笑道。""至少你对自己的无信仰很坦诚。但也许怀尔德仍然相信你。"""
QUEST_BANDIT_2_8_QUESTINFODATA_ACTIONS_2_ACTIONTEXT,"""怀尔德？我走的是一条不同的路。"""
QUEST_BANDIT_2_8_QUESTINFODATA_ACTIONS_2_DEFAULTOUTCOME_JOURNALTEXT,流浪者看到我们英雄的贝恩爪时很震惊。他们意识到<hero_name>近乎快被腐化了，于是，给他们了一件有价值的物品以帮助抵抗它。
QUEST_BANDIT_2_8_QUESTINFODATA_ACTIONS_2_DEFAULTOUTCOME_OUTCOMETEXT,"你举起贝恩的爪子，暴露了里面的一小部分腐化。流浪者睁大了双眼。""那你更需要我的帮助了。"""
QUEST_BANDIT_2_8_QUESTINFODATA_ACTIONS_3_ACTIONTEXT,"""我们的魔法不同。"""
QUEST_BANDIT_2_8_QUESTINFODATA_ACTIONS_3_DEFAULTOUTCOME_JOURNALTEXT,"流浪者一看到术士的魔法便颤抖起来。他们提出建议并送上一份礼物。""当心腐化。"""
QUEST_BANDIT_2_8_QUESTINFODATA_ACTIONS_3_DEFAULTOUTCOME_OUTCOMETEXT,"流浪者对术士皱了皱眉。""如果你走我认为你会走的路，那么你就需要我的帮助。"""
QUEST_BANDIT_2_8_QUESTINFODATA_ACTIONS_4_ACTIONTEXT,"""怀尔德是谁？"""
QUEST_BANDIT_2_8_QUESTINFODATA_ACTIONS_4_DEFAULTOUTCOME_JOURNALTEXT,喜剧大师傻瓜逗乐了流浪者，于是他们向我们的英雄赠送了一份礼物。一张有价值的法术卡牌，上面落有灰尘。
QUEST_BANDIT_2_8_QUESTINFODATA_ACTIONS_4_DEFAULTOUTCOME_OUTCOMETEXT,傻瓜突然展开了滑稽有趣的例行之事。严肃的流浪者先皱眉，然后抿着嘴巴笑，而后又开始大笑。他们为傻瓜提供了一份礼物，而傻瓜又将礼物送给了你。
QUEST_BANDIT_2_8_QUESTINFODATA_ENCOUNTERTEXT,在森林深处的柳条笼里，你发现一个奇怪的流浪者，显然灵力强健。他们问你是否相信怀尔德。
QUEST_BANDIT_2_8_QUESTINFODATA_JOURNALENCOUNTERTEXT,流浪者被锁在森林深处一个厚实的柳条笼里，只问了我们的英雄一个问题：他们相信怀尔德吗？
QUEST_BANDIT_2_8_QUESTINFODATA_JOURNALRUMOURTEXT,我们的英雄听说强盗同伴抓获了一名奇怪的旅行者——它点名要见<hero_name>。但是为什么呢？
QUEST_BANDIT_2_8_QUESTINFODATA_RUMOURTEXT,我们一名帮派成员在附近的森林里抓获了一名旅行者，它点名要见你。你可能想去那边看看究竟是怎么回事。
QUEST_BANDIT_2_8_QUESTINFODATA_TITLE,旅行的怀尔德
QUEST_BANDIT_2_9_QUESTINFODATA_ACTIONS_0_ACTIONTEXT,进入藏宝室。你与怀尔德合一！
QUEST_BANDIT_2_9_QUESTINFODATA_ACTIONS_0_DEFAULTOUTCOME_JOURNALTEXT,我们的英雄仍然决定朝前走。不幸的是，真正的信徒可能会发现他们的伪善并将他们永远赶走。
QUEST_BANDIT_2_9_QUESTINFODATA_ACTIONS_0_DEFAULTOUTCOME_OUTCOMETEXT,你穿过群众，但他们立刻意识到你来是为了夺取宝藏，而不是寻求启迪。愤怒的人群逼迫你逃离。
QUEST_BANDIT_2_9_QUESTINFODATA_ACTIONS_0_TESTSUCCESSOUTCOME_JOURNALTEXT,<hero_name> 悄悄穿过人群，轻松被当成了一名真正的信徒。神殿的宝藏很快落入了强盗之爪。
QUEST_BANDIT_2_9_QUESTINFODATA_ACTIONS_0_TESTSUCCESSOUTCOME_OUTCOMETEXT,你悄悄穿过人群，你在怀尔德方面的力量足以让你入内。此地的宝藏很快便归你所有。
QUEST_BANDIT_2_9_QUESTINFODATA_ACTIONS_1_ACTIONTEXT,并不值得冒险。探索神殿其他地方。
QUEST_BANDIT_2_9_QUESTINFODATA_ACTIONS_1_DEFAULTOUTCOME_JOURNALTEXT,<hero_name> 知道被抓的风险太大。然而，搜索神殿却使你获得了某种程度的精神启迪。
QUEST_BANDIT_2_9_QUESTINFODATA_ACTIONS_1_DEFAULTOUTCOME_OUTCOMETEXT,你避开拥挤的人群，悄悄绕到神殿后面。那里有一个石环，站在里面让你的心中充满了希望。
QUEST_BANDIT_2_9_QUESTINFODATA_ACTIONS_2_ACTIONTEXT,让侍从引开注意
QUEST_BANDIT_2_9_QUESTINFODATA_ACTIONS_2_DEFAULTOUTCOME_JOURNALTEXT,"侍从""兴高采烈地""自愿引起分心。当侍从跑掉时，我们的英雄偷了卡牌。"
QUEST_BANDIT_2_9_QUESTINFODATA_ACTIONS_2_DEFAULTOUTCOME_OUTCOMETEXT,"你用你的装备武装侍从，然后大喊""异教徒！""。当他们被赶走时，你悄悄溜进神殿，偷走了一张法术卡。"
QUEST_BANDIT_2_9_QUESTINFODATA_ACTIONS_3_ACTIONTEXT,"""我知道另一条进去的路。"""
QUEST_BANDIT_2_9_QUESTINFODATA_ACTIONS_3_DEFAULTOUTCOME_JOURNALTEXT,<hero_name>的探索者知道从这里到蓝莓小镇的每一处废墟。他们通过一个秘密入口进入了神庙。
QUEST_BANDIT_2_9_QUESTINFODATA_ACTIONS_3_DEFAULTOUTCOME_OUTCOMETEXT,拥挤的入口可能无法进入，你的探险家知道有个后门。你进去后分掉了战利品。
QUEST_BANDIT_2_9_QUESTINFODATA_ACTIONS_4_ACTIONTEXT,从空中进入
QUEST_BANDIT_2_9_QUESTINFODATA_ACTIONS_4_DEFAULTOUTCOME_JOURNALTEXT,群众和魔法的双重障碍似乎无法通过。但是借助飞翼靴，<hero_name>可以从空中进入！
QUEST_BANDIT_2_9_QUESTINFODATA_ACTIONS_4_DEFAULTOUTCOME_OUTCOMETEXT,神庙周围的人群和屏障没有延伸到空中。你使用飞翼靴进入，并拿走一张法术卡。
QUEST_BANDIT_2_9_QUESTINFODATA_ENCOUNTERTEXT,你爬上神殿，发现里面挤满了形形色色的怀尔德崇拜者。一不小心，你就会格外显眼。
QUEST_BANDIT_2_9_QUESTINFODATA_JOURNALENCOUNTERTEXT,<hero_name>站在神殿前面，发现里面充满了跋涉者和崇拜者。假信徒肯定会被很快发现的。
QUEST_BANDIT_2_9_QUESTINFODATA_JOURNALRUMOURTEXT,传说<quest_tile>的熊族神殿充满了宝藏。唯一的问题是我们的英雄如何进入！
QUEST_BANDIT_2_9_QUESTINFODATA_RUMOURTEXT,山上高处有一座熊族神殿，里面满是宝藏。如果你深得怀尔德之力，或许能获准进入！
QUEST_BANDIT_2_9_QUESTINFODATA_TITLE,灵力窃贼
QUEST_BANDIT_3_10_QUESTINFODATA_ACTIONS_0_ACTIONTEXT,帮助戴尔文将武器带出地牢。
QUEST_BANDIT_3_10_QUESTINFODATA_ACTIONS_0_DEFAULTOUTCOME_JOURNALTEXT,我们的英雄徒劳地试图帮戴尔文搬走那几大箱武器，但力量不足。此后恶意的谣言迅速传开。
QUEST_BANDIT_3_10_QUESTINFODATA_ACTIONS_0_DEFAULTOUTCOME_OUTCOMETEXT,你冒险进入地牢，试图提起这些巨大的箱子，但缺乏所需的力量。戴尔文提起了这些重物。
QUEST_BANDIT_3_10_QUESTINFODATA_ACTIONS_0_TESTSUCCESSOUTCOME_JOURNALTEXT,<hero_name>也是，它单枪匹马地将武器从藏匿之地移走了，然后帮助在强盗族里分发了武器。
QUEST_BANDIT_3_10_QUESTINFODATA_ACTIONS_0_TESTSUCCESSOUTCOME_OUTCOMETEXT,凭你的力量，武器箱很快被搬走，里面的武器分发给了你的部族。戴尔文奉上一块灵石以表感谢。
QUEST_BANDIT_3_10_QUESTINFODATA_ACTIONS_1_ACTIONTEXT,带上几个强盗来帮忙。
QUEST_BANDIT_3_10_QUESTINFODATA_ACTIONS_1_DEFAULTOUTCOME_JOURNALTEXT,<hero_name> 带了一些强盗来帮忙搬武器——强盗族齐心协力，很快就正确武装了起来！
QUEST_BANDIT_3_10_QUESTINFODATA_ACTIONS_1_DEFAULTOUTCOME_OUTCOMETEXT,你知道自己不能处理这个问题，便带了几个同伴强盗来帮忙。搬运工作进行得很快，但却没有得到奖励。
QUEST_BANDIT_3_10_QUESTINFODATA_ACTIONS_2_ACTIONTEXT,"""我有很廉价的工人。"""
QUEST_BANDIT_3_10_QUESTINFODATA_ACTIONS_2_DEFAULTOUTCOME_JOURNALTEXT,<hero_name>的贸易者干这种事情已经有多年的经验了。他们召唤朋友们来帮助。德尔文很满意。\n
QUEST_BANDIT_3_10_QUESTINFODATA_ACTIONS_2_DEFAULTOUTCOME_OUTCOMETEXT,贸易者只花了几个小时就在附近召集了一批工人。板条箱快速有序地被移走了，你自己拿了些东西。
QUEST_BANDIT_3_10_QUESTINFODATA_ACTIONS_3_ACTIONTEXT,"""捞回的武器？不！"""
QUEST_BANDIT_3_10_QUESTINFODATA_ACTIONS_3_DEFAULTOUTCOME_JOURNALTEXT,<hero_name>的铁匠不容打捞的武器支持我们英雄的事业。他们亲自锻造钢铁，为事业打造优质武器。
QUEST_BANDIT_3_10_QUESTINFODATA_ACTIONS_3_DEFAULTOUTCOME_OUTCOMETEXT,"铁匠吐了一口唾沫在地上。""我来造。""需要几个小时，但是很快，强盗族将装备精良，蓄势待发。"
QUEST_BANDIT_3_10_QUESTINFODATA_ENCOUNTERTEXT,"你在一个古老的地牢外面遇到了家族的武器大师戴尔文。""那里藏有武器箱"",他说。""能帮忙把它们搬运出来吗?"""
QUEST_BANDIT_3_10_QUESTINFODATA_JOURNALENCOUNTERTEXT,国王守卫需要管束，因此强盗需要合适的武器。强盗武器大师老狐狸戴尔文已经准备好了。
QUEST_BANDIT_3_10_QUESTINFODATA_JOURNALRUMOURTEXT,强盗族正在为<hero_name>登上王位做准备，他们正在武装自己，以便最终推翻国王。
QUEST_BANDIT_3_10_QUESTINFODATA_RUMOURTEXT,当你尝试登上王位时，你的强盗将对国王守卫进行管束。要做到这一点，他们需要适当的武器！
QUEST_BANDIT_3_10_QUESTINFODATA_TITLE,武器走私者
QUEST_BANDIT_3_11_QUESTINFODATA_ACTIONS_0_ACTIONTEXT,挑战他们家族的战士，比试力量。
QUEST_BANDIT_3_11_QUESTINFODATA_ACTIONS_0_DEFAULTOUTCOME_JOURNALTEXT,当<hero_name> 发现比试力量需要投掷树木时，他们觉得也许最好任掠夺者去吧！
QUEST_BANDIT_3_11_QUESTINFODATA_ACTIONS_0_DEFAULTOUTCOME_OUTCOMETEXT,原来这个家族最喜欢的测试的力量的方法实际上就是投掷整颗树。你明智地勉强同意，但并未到场，因而失败了。
QUEST_BANDIT_3_11_QUESTINFODATA_ACTIONS_0_TESTSUCCESSOUTCOME_JOURNALTEXT,所以，当<hero_name> 发现比试力量要投掷小树时，便展开了一场力量的考验，并成为了胜利者！
QUEST_BANDIT_3_11_QUESTINFODATA_ACTIONS_0_TESTSUCCESSOUTCOME_OUTCOMETEXT,掠夺者要通过投掷小树来比试力量——投棒。幸运的是，你具备所需的技能，并拿回了一枚追随者勋章！
QUEST_BANDIT_3_11_QUESTINFODATA_ACTIONS_1_ACTIONTEXT,杀死他们的家族战士。
QUEST_BANDIT_3_11_QUESTINFODATA_ACTIONS_1_DEFAULTOUTCOME_JOURNALTEXT,但<hero_name>没工夫玩愚蠢的比试。强盗族唯一的规矩就是锋利的刀剑，掠夺者很快就领教了这一点。
QUEST_BANDIT_3_11_QUESTINFODATA_ACTIONS_1_DEFAULTOUTCOME_OUTCOMETEXT,你砍倒了家族的首席战士，一言不发地震慑掠夺者首领。你得到了他们的效忠，却没得到他们的尊敬。
QUEST_BANDIT_3_11_QUESTINFODATA_ACTIONS_2_ACTIONTEXT,将他们赶出去
QUEST_BANDIT_3_11_QUESTINFODATA_ACTIONS_2_DEFAULTOUTCOME_JOURNALTEXT,我们的英雄召来怀尔德的愤怒，化作一场可怕的风暴，引出掠夺者，诛杀了这个敌对部族。
QUEST_BANDIT_3_11_QUESTINFODATA_ACTIONS_2_DEFAULTOUTCOME_OUTCOMETEXT,怀尔德护符赋予你召唤风暴的力量。趁掠夺者四散奔逃寻找庇护时，你砍倒了许多。
QUEST_BANDIT_3_11_QUESTINFODATA_ACTIONS_3_ACTIONTEXT,使用巫毒人偶
QUEST_BANDIT_3_11_QUESTINFODATA_ACTIONS_3_DEFAULTOUTCOME_JOURNALTEXT,<hero_name>没时间去猎杀歹徒。于是他们使用巫毒人偶从远处杀死了背叛我们英雄事业的叛徒。
QUEST_BANDIT_3_11_QUESTINFODATA_ACTIONS_3_DEFAULTOUTCOME_OUTCOMETEXT,任何树木都无法让目标躲过巫毒人偶。你将人偶对准帮派的成员。很快，尖叫声在<quest_tile>回荡开来。
QUEST_BANDIT_3_11_QUESTINFODATA_ACTIONS_4_ACTIONTEXT,"""我知道这些森林。"""
QUEST_BANDIT_3_11_QUESTINFODATA_ACTIONS_4_DEFAULTOUTCOME_JOURNALTEXT,我们英雄的陌生人对<quest_tile>了如指掌。他们带领我们的英雄穿过了这里，迫使叛国者败类逃走了。
QUEST_BANDIT_3_11_QUESTINFODATA_ACTIONS_4_DEFAULTOUTCOME_OUTCOMETEXT,在陌生人的带领下，你偷偷穿过树林，展开攻击，迫使帮派逃离了他们的藏身处。很快<quest_tile>恢复了安全。
QUEST_BANDIT_3_11_QUESTINFODATA_ENCOUNTERTEXT,我们的英雄冒险进入森林深处，他们的目标是与狡猾的掠夺者展开对抗，他们是一群遵循自己古老规则的强盗。
QUEST_BANDIT_3_11_QUESTINFODATA_JOURNALENCOUNTERTEXT,因此，他们冒险出来与他们对抗。然而，这些强盗信奉的规则不同，依靠力量赢得尊重。
QUEST_BANDIT_3_11_QUESTINFODATA_JOURNALRUMOURTEXT,掠夺者帮一直是强盗族的眼中钉。<hero_name>需要将他们踩在家族的脚下。
QUEST_BANDIT_3_11_QUESTINFODATA_RUMOURTEXT,如果我们想要拿下阿门罗，所有强盗必须团结一心。有一个帮派尤其让我们头疼……
QUEST_BANDIT_3_11_QUESTINFODATA_TITLE,投棒
QUEST_BANDIT_3_12_QUESTINFODATA_ACTIONS_0_ACTIONTEXT,沿陡峭的墙壁攀爬，进入那扇敞开的窗户。
QUEST_BANDIT_3_12_QUESTINFODATA_ACTIONS_0_DEFAULTOUTCOME_JOURNALTEXT,我们的英雄试图爬进一扇敞开的窗户，但陡壁攀爬实在太难。他重重摔在鹅卵石街道上，骨头碎裂！
QUEST_BANDIT_3_12_QUESTINFODATA_ACTIONS_0_DEFAULTOUTCOME_OUTCOMETEXT,你等到街道空无一物的时候开始攀爬，但你缺乏向上爬的力量。于是狠狠地摔到下面的石头堆里。
QUEST_BANDIT_3_12_QUESTINFODATA_ACTIONS_0_TESTSUCCESSOUTCOME_JOURNALTEXT,我们的英雄依靠他们难以置信的力量轻松爬上了那堵墙。很容易就拿到了工具，还拿到了一件额外的宝藏！
QUEST_BANDIT_3_12_QUESTINFODATA_ACTIONS_0_TESTSUCCESSOUTCOME_OUTCOMETEXT,利用你无与伦比的力量，即使几乎没有把手点，也足够支撑你爬到窗户边。你抢走了工具还获得了一件额外的宝藏！
QUEST_BANDIT_3_12_QUESTINFODATA_ACTIONS_1_ACTIONTEXT,将门踹倒，强行夺取！
QUEST_BANDIT_3_12_QUESTINFODATA_ACTIONS_1_DEFAULTOUTCOME_JOURNALTEXT,我们的英雄觉得，采用直接的方式更合适。于是它们踢开大门，冲上楼，轻松拿回了工具。
QUEST_BANDIT_3_12_QUESTINFODATA_ACTIONS_1_DEFAULTOUTCOME_OUTCOMETEXT,你踢开门，冲进了卫队室。你取回了工具便逃跑了，没来得及拿其他东西。
QUEST_BANDIT_3_12_QUESTINFODATA_ACTIONS_2_ACTIONTEXT,"""我在梦中爬得更高。"""
QUEST_BANDIT_3_12_QUESTINFODATA_ACTIONS_2_DEFAULTOUTCOME_JOURNALTEXT,爬上塔楼与攀登爱斯魔山峰不可同日而语！训练有素的探险者帮助我们的英雄爬了上去并拿走了工具。
QUEST_BANDIT_3_12_QUESTINFODATA_ACTIONS_2_DEFAULTOUTCOME_OUTCOMETEXT,在探险者的指导下，你爬上了这堵险峻的墙。工具很快被找回，你们还分掉了一些额外的零碎好处。
QUEST_BANDIT_3_12_QUESTINFODATA_ENCOUNTERTEXT,你踩点守卫队长的私人住所——鹅卵石街道上方高处有一扇敞开的窗户，但墙上几乎没有可抓的着力点。
QUEST_BANDIT_3_12_QUESTINFODATA_JOURNALENCOUNTERTEXT,<hero_name> 当然需要把它们夺回来。不幸的是，进入它住处的最好方法是爬上街道上方的一堵墙。
QUEST_BANDIT_3_12_QUESTINFODATA_JOURNALRUMOURTEXT,锁匠沃夏克正努力打通一条进入国王城堡的途径，但他的工具却被当地的守卫队长偷走了！
QUEST_BANDIT_3_12_QUESTINFODATA_RUMOURTEXT,当地守卫队长偷走了我们锁匠沃夏克的一堆工具。如果你想进入国王的城堡，我们需要把它们找回来！
QUEST_BANDIT_3_12_QUESTINFODATA_TITLE,顶部之窗
QUEST_BANDIT_3_1_QUESTINFODATA_ACTIONS_0_ACTIONTEXT,欺骗。赢得胜利的最佳办法！
QUEST_BANDIT_3_1_QUESTINFODATA_ACTIONS_0_DEFAULTOUTCOME_JOURNALTEXT,于是我们的英雄试图作弊——但智力不够敏锐，众多守卫很快识破。<hero_name>被毫不客气地赶了出去。
QUEST_BANDIT_3_1_QUESTINFODATA_ACTIONS_0_DEFAULTOUTCOME_OUTCOMETEXT,比赛只持续几轮，守卫就发现你卑鄙的欺骗尝试。你遭到殴打，然后被从宅邸里扔了出来。
QUEST_BANDIT_3_1_QUESTINFODATA_ACTIONS_0_TESTSUCCESSOUTCOME_JOURNALTEXT,幸运的是，我们的英雄是强盗族中最出色的骗子。那个可怜的贵族甚至没意识到他的灵石已形同易主！
QUEST_BANDIT_3_1_QUESTINFODATA_ACTIONS_0_TESTSUCCESSOUTCOME_OUTCOMETEXT,凭你敏锐的智力，没人发现你藏起的牌！你迫使贵族把灵石押上桌面……然后你赢了！
QUEST_BANDIT_3_1_QUESTINFODATA_ACTIONS_1_ACTIONTEXT,那些守卫在监视你的一举一动。公平竞争。
QUEST_BANDIT_3_1_QUESTINFODATA_ACTIONS_1_DEFAULTOUTCOME_JOURNALTEXT,<hero_name> 只能公平竞争，它注意到守卫们都非常机警。他们没有赢得灵石，但仍然与它度过了一段美好的时光！
QUEST_BANDIT_3_1_QUESTINFODATA_ACTIONS_1_DEFAULTOUTCOME_OUTCOMETEXT,诚然，这样玩起来游戏更有趣。你设法打进前三，但最终还是被淘汰了。
QUEST_BANDIT_3_1_QUESTINFODATA_ACTIONS_2_ACTIONTEXT,"""锦囊妙计。"""
QUEST_BANDIT_3_1_QUESTINFODATA_ACTIONS_2_DEFAULTOUTCOME_JOURNALTEXT,<hero_name> 的咒术师是卡牌游戏高手。他们联手一共从贵族那儿诈骗了一大笔钱财，然后在被发现之前逃跑了。
QUEST_BANDIT_3_1_QUESTINFODATA_ACTIONS_2_DEFAULTOUTCOME_OUTCOMETEXT,你的咒术师以打牌作弊为生。在他的帮助下，你大赢特赢。然后套现，而没被守卫抓住！
QUEST_BANDIT_3_1_QUESTINFODATA_ACTIONS_3_ACTIONTEXT,悄悄戴上伪装面具
QUEST_BANDIT_3_1_QUESTINFODATA_ACTIONS_3_DEFAULTOUTCOME_JOURNALTEXT,伪装面具不仅隐藏佩戴者的身份，而且还能掩饰他们的情绪。有了它，我们的英雄在贵族的一场小游戏中大捞了一笔。
QUEST_BANDIT_3_1_QUESTINFODATA_ACTIONS_3_DEFAULTOUTCOME_OUTCOMETEXT,即使你没能拿到灵石，仍然有机会发财。你戴上伪装面具打牌。每一次诈唬都成功了。
QUEST_BANDIT_3_1_QUESTINFODATA_ACTIONS_4_ACTIONTEXT,尝试一次抢劫
QUEST_BANDIT_3_1_QUESTINFODATA_ACTIONS_4_DEFAULTOUTCOME_JOURNALTEXT,我们的英雄被抓！正当贵族开始考虑他的奖励时，<hero_name>展示出他们的皇家赦令，然后假笑着慢慢走了。
QUEST_BANDIT_3_1_QUESTINFODATA_ACTIONS_4_DEFAULTOUTCOME_OUTCOMETEXT,你悄悄从桌子边溜走，进入了密室。你被发现了，但是你亮出皇家赦令之后就被释放了。
QUEST_BANDIT_3_1_QUESTINFODATA_ENCOUNTERTEXT,你使用假邀请函进入贵族豪华的宅邸，并坐在桌子边。你注意到有不少守卫密切地注视着一切。
QUEST_BANDIT_3_1_QUESTINFODATA_JOURNALENCOUNTERTEXT,<hero_name> 用假名字参加了卡牌大赛，但赌注再真实不过。他们需要那块灵石！
QUEST_BANDIT_3_1_QUESTINFODATA_JOURNALRUMOURTEXT,卡牌游戏！多么新奇！平时我们的英雄忙于争夺王位不会在意，但灵石作为奖品实在诱人。
QUEST_BANDIT_3_1_QUESTINFODATA_RUMOURTEXT,当地一名贵族对牌的痴迷可能成为他的败因；尤其你是个老千！也许能骗走他的灵石！
QUEST_BANDIT_3_1_QUESTINFODATA_TITLE,全押
QUEST_BANDIT_3_2_QUESTINFODATA_ACTIONS_0_ACTIONTEXT,用你的智力去调制解药。
QUEST_BANDIT_3_2_QUESTINFODATA_ACTIONS_0_DEFAULTOUTCOME_JOURNALTEXT,我们的英雄试图确定中毒的来源，也许能找到解药，但他们的尝试只会加速旅行者的死亡。
QUEST_BANDIT_3_2_QUESTINFODATA_ACTIONS_0_DEFAULTOUTCOME_OUTCOMETEXT,"你粗略嗅了嗅毒镖——也许是毒芹毒？不幸的是，你无知的""解药""只是加速了可怜旅行者的死亡。"
QUEST_BANDIT_3_2_QUESTINFODATA_ACTIONS_0_TESTSUCCESSOUTCOME_JOURNALTEXT,我们的英雄仔细检查飞镖，配制出了治愈飞燕草毒的药物。旅行者得救了，并向<hero_name>提供协助。
QUEST_BANDIT_3_2_QUESTINFODATA_ACTIONS_0_TESTSUCCESSOUTCOME_OUTCOMETEXT,你分析了飞镖，认定毒药是浓缩的飞燕草毒。你的解药救了旅行者，他们向你宣誓效忠。
QUEST_BANDIT_3_2_QUESTINFODATA_ACTIONS_1_ACTIONTEXT,帮助引导旅行者到附近一个村子。
QUEST_BANDIT_3_2_QUESTINFODATA_ACTIONS_1_DEFAULTOUTCOME_JOURNALTEXT,我们的英雄帮助旅行者到附近一个村子。让他们从中毒中恢复需要很长时间，但至少他们活了下来！
QUEST_BANDIT_3_2_QUESTINFODATA_ACTIONS_1_DEFAULTOUTCOME_OUTCOMETEXT,你匆匆将旅行者引导回附近的一个村庄。旅行者得救了，但仍然病得厉害而无法继续他们的征途。
QUEST_BANDIT_3_2_QUESTINFODATA_ACTIONS_2_ACTIONTEXT,利用怀尔德的治愈力量
QUEST_BANDIT_3_2_QUESTINFODATA_ACTIONS_2_DEFAULTOUTCOME_JOURNALTEXT,我们的英雄拯救了旅行者，并将他们带到了安全的地方。虽然身负重伤难以继续前进，但旅行者仍然送给了<hero_name>一份礼物。
QUEST_BANDIT_3_2_QUESTINFODATA_ACTIONS_2_DEFAULTOUTCOME_OUTCOMETEXT,怀尔德焰杖从可怜的旅行者身上吸出了歹毒的毒液。他们瘫倒在地，负伤但情况稳定。你拯救了一条生命。
QUEST_BANDIT_3_2_QUESTINFODATA_ACTIONS_3_ACTIONTEXT,"""在这里！解药！"""
QUEST_BANDIT_3_2_QUESTINFODATA_ACTIONS_3_DEFAULTOUTCOME_JOURNALTEXT,<hero_name>的炼金术士能够治愈各种毒液。它稳定了旅行者，而旅行者在恍惚中赠送了一份不错的礼物，以示感谢。
QUEST_BANDIT_3_2_QUESTINFODATA_ACTIONS_3_DEFAULTOUTCOME_OUTCOMETEXT,你的炼金术士在摸找正确的瓶子时，一百个瓶子的叮当响声回荡在树林里。最后，它找到了。时间刚刚好。
QUEST_BANDIT_3_2_QUESTINFODATA_ACTIONS_4_ACTIONTEXT,“施加压力！”
QUEST_BANDIT_3_2_QUESTINFODATA_ACTIONS_4_DEFAULTOUTCOME_JOURNALTEXT,在药剂师的帮助下，我们的英雄拯救了受伤的旅行者。虽然病太重难以继续前进，但他们仍然向<hero_name>赠送了一件有价值的礼物。
QUEST_BANDIT_3_2_QUESTINFODATA_ACTIONS_4_DEFAULTOUTCOME_OUTCOMETEXT,当药剂师在他身边忙来忙去时，你保持旅行者静止不动。这需要几个小时，但很快，它就稳定了。你拯救了一条生命。
QUEST_BANDIT_3_2_QUESTINFODATA_ENCOUNTERTEXT,<hero_name>走进森林，刚进去几步就发现一名旅行者，脖子上中了毒镖。留给他们的时间不多了。
QUEST_BANDIT_3_2_QUESTINFODATA_JOURNALENCOUNTERTEXT,我们的英雄很快发现一个被毒镖伏击的无辜旅行者。没有<hero_name>的帮助他们将活不了多久！
QUEST_BANDIT_3_2_QUESTINFODATA_JOURNALRUMOURTEXT,作为阿门罗众多强盗的首领，一想到有离群的强盗团伙对无辜者用毒，他就深感厌恶。这种事必须终结。
QUEST_BANDIT_3_2_QUESTINFODATA_RUMOURTEXT,我听说附近有一些强盗团伙——不择手段的卑鄙小人用毒药放倒旅行者。可能值得一查。
QUEST_BANDIT_3_2_QUESTINFODATA_TITLE,毒镖
QUEST_BANDIT_3_3_QUESTINFODATA_ACTIONS_0_ACTIONTEXT,偷偷穿过肮脏的沼泽。
QUEST_BANDIT_3_3_QUESTINFODATA_ACTIONS_0_DEFAULTOUTCOME_JOURNALTEXT,<hero_name>试图悄悄绕远路，但沼泽的许多危险让我们的英雄处于一种可怕的状态。他们两手空空地逃走了。
QUEST_BANDIT_3_3_QUESTINFODATA_ACTIONS_0_DEFAULTOUTCOME_OUTCOMETEXT,你绕了远路，才发现自己一半陷在流沙中，一半被肉蝇吞没。你逃走保命。
QUEST_BANDIT_3_3_QUESTINFODATA_ACTIONS_0_TESTSUCCESSOUTCOME_JOURNALTEXT,但是<hero_name>聪明的智力帮助他们战胜了沼泽中的许多危险。他们将很快夺取蜂群之门的传奇宝藏！
QUEST_BANDIT_3_3_QUESTINFODATA_ACTIONS_0_TESTSUCCESSOUTCOME_OUTCOMETEXT,你用自己的敏锐智力，穿行于致命的沼泽并进入一扇古老的大门。宝库中的宝藏很快就可以让你收入囊中。
QUEST_BANDIT_3_3_QUESTINFODATA_ACTIONS_1_ACTIONTEXT,悄悄穿过正门。
QUEST_BANDIT_3_3_QUESTINFODATA_ACTIONS_1_DEFAULTOUTCOME_JOURNALTEXT,<hero_name>选择了一条直接的路线。他们的花招技能受到了考验，但我们的英雄仍然未能进入宝库。
QUEST_BANDIT_3_3_QUESTINFODATA_ACTIONS_1_DEFAULTOUTCOME_OUTCOMETEXT,你选择了一条更直接的路线。虽然你的智力受到了考验，但守卫迅速找到了你，将你赶回到沼泽。
QUEST_BANDIT_3_3_QUESTINFODATA_ACTIONS_2_ACTIONTEXT,武装并向前猛冲
QUEST_BANDIT_3_3_QUESTINFODATA_ACTIONS_2_DEFAULTOUTCOME_JOURNALTEXT,我们的英雄选择战斗！他们冲进群门城堡主楼，砍死了老鼠并洗劫了地下室。
QUEST_BANDIT_3_3_QUESTINFODATA_ACTIONS_2_DEFAULTOUTCOME_OUTCOMETEXT,穿上狮心胸甲，冲到前门。在接下来的战斗中，你从群门抢劫了许多宝藏。
QUEST_BANDIT_3_3_QUESTINFODATA_ACTIONS_3_ACTIONTEXT,在魔镜斗篷的掩护下偷偷潜入
QUEST_BANDIT_3_3_QUESTINFODATA_ACTIONS_3_DEFAULTOUTCOME_JOURNALTEXT,尽管守卫最终还是发现了<hero_name>，但在魔镜斗篷的帮助下，他们仍偷走了许多老鼠的宝藏。
QUEST_BANDIT_3_3_QUESTINFODATA_ACTIONS_3_DEFAULTOUTCOME_OUTCOMETEXT,目光敏锐的老鼠看守者发现你的时候已经为时已晚。你潜入群门，解放了许多重要的宝藏。
QUEST_BANDIT_3_3_QUESTINFODATA_ACTIONS_4_ACTIONTEXT,“潜行？哈！”
QUEST_BANDIT_3_3_QUESTINFODATA_ACTIONS_4_DEFAULTOUTCOME_JOURNALTEXT,群门倒在了两个野兽的猛攻下，即我们的英雄和他们的狂战士。虽然他们获胜了，但老鼠却携带宝藏逃走了。
QUEST_BANDIT_3_3_QUESTINFODATA_ACTIONS_4_DEFAULTOUTCOME_OUTCOMETEXT,你的狂战士举起斧头，跨上主道。战争是光荣的，但老鼠趁你战斗时携带许多宝藏逃走了。
QUEST_BANDIT_3_3_QUESTINFODATA_ENCOUNTERTEXT,古老的城堡，蜂群之门，仍然被鼠族很好地利用着。宝库在里面的深处，由众多硬汉杀手保护。
QUEST_BANDIT_3_3_QUESTINFODATA_JOURNALENCOUNTERTEXT,当然，进入这座古堡绝非易事：鼠族是危险的敌人，而这里又是一处要地。
QUEST_BANDIT_3_3_QUESTINFODATA_JOURNALRUMOURTEXT,古老鼠族的要塞蜂群之门据说有成堆的宝藏。当然，我们的英雄想要得到它。
QUEST_BANDIT_3_3_QUESTINFODATA_RUMOURTEXT,有一个古老的鼠族城堡在沼泽深处，据说堆满了宝藏。也许你可以发掘一些？
QUEST_BANDIT_3_3_QUESTINFODATA_TITLE,强攻蜂群门
QUEST_BANDIT_3_4_QUESTINFODATA_ACTIONS_0_ACTIONTEXT,杀掉傻瓜。
QUEST_BANDIT_3_4_QUESTINFODATA_ACTIONS_0_DEFAULTOUTCOME_JOURNALTEXT,但<hero_name>不会忍气吞声！他们击倒了杀手，受了许多伤，但对手伤得更重。
QUEST_BANDIT_3_4_QUESTINFODATA_ACTIONS_0_DEFAULTOUTCOME_OUTCOMETEXT,你抽出剑，刺客快速冲锋，你干掉很多对手，但在随后的战斗中受了重伤。
QUEST_BANDIT_3_4_QUESTINFODATA_ACTIONS_0_TESTSUCCESSOUTCOME_JOURNALTEXT,<hero_name>将告诉这些傻瓜为什么他们从所有其他强盗中被选中。他们一个接一个倒下去，而我们的英雄夺取了胜利。
QUEST_BANDIT_3_4_QUESTINFODATA_ACTIONS_0_TESTSUCCESSOUTCOME_OUTCOMETEXT,"""现在你会明白我为何必将夺得王冠。""你拔剑出鞘。战斗很快结束，你从倒下者身上取走了一块灵石。"
QUEST_BANDIT_3_4_QUESTINFODATA_ACTIONS_1_ACTIONTEXT,从伏击中杀出血路并逃走。
QUEST_BANDIT_3_4_QUESTINFODATA_ACTIONS_1_DEFAULTOUTCOME_JOURNALTEXT,有太多的恶棍要与之战斗！击倒一名杀手，我们的英雄逃进平原，逃出生天。
QUEST_BANDIT_3_4_QUESTINFODATA_ACTIONS_1_DEFAULTOUTCOME_OUTCOMETEXT,你抽出剑向前冲，击倒了一名强盗刺客。其他人在追赶，但你在田野中与他们失散。
QUEST_BANDIT_3_4_QUESTINFODATA_ACTIONS_2_ACTIONTEXT,"""强盗为硬币效力。"""
QUEST_BANDIT_3_4_QUESTINFODATA_ACTIONS_2_DEFAULTOUTCOME_JOURNALTEXT,<hero_name>的硬币大师指望强盗对金币的热爱。他说服刺客丢掉了武器即可获得一笔名义上的费用。
QUEST_BANDIT_3_4_QUESTINFODATA_ACTIONS_2_DEFAULTOUTCOME_OUTCOMETEXT,"你的硬币大师迈步向前。他闪动着眼珠。""在你反对之前，想想你的钱包。如果你是真正的强盗，你会选择金币。"""
QUEST_BANDIT_3_4_QUESTINFODATA_ACTIONS_3_ACTIONTEXT,"""你确实想与<hero_name>搏斗吗？"""
QUEST_BANDIT_3_4_QUESTINFODATA_ACTIONS_3_DEFAULTOUTCOME_JOURNALTEXT,我们英雄冒险的话语停止了跟踪的强盗。他们决定，最好谨慎和<hero_name>搞好关系。
QUEST_BANDIT_3_4_QUESTINFODATA_ACTIONS_3_DEFAULTOUTCOME_OUTCOMETEXT,"""抢劫微光之厅的男爵的<hero_name>？ 竭力击退可怕之桥上十几个生物的<hero_name>？"" 你的吟游诗者继续前进着。强盗们犹豫不决。"
QUEST_BANDIT_3_4_QUESTINFODATA_ACTIONS_4_ACTIONTEXT,让他们跑起来
QUEST_BANDIT_3_4_QUESTINFODATA_ACTIONS_4_DEFAULTOUTCOME_JOURNALTEXT,强盗只明白一件事。力量。 <hero_name> 将最近的野兽一分为二。从那时起再无任何生物质疑他们。
QUEST_BANDIT_3_4_QUESTINFODATA_ACTIONS_4_DEFAULTOUTCOME_OUTCOMETEXT,贝恩的利剑闪着光芒，将最附近的强盗劈成两半。他的咆哮声吓跑了其他人，以保他们不值钱的生命。你笑了。
QUEST_BANDIT_3_4_QUESTINFODATA_ENCOUNTERTEXT,虽然在<quest_tile>抄了捷径，但你很快就发现自己被刺客包围。你自己的强盗。
QUEST_BANDIT_3_4_QUESTINFODATA_JOURNALENCOUNTERTEXT,在<quest_tile>密谋取得了成功，我们的英雄发现自己被武器所包围。政变！
QUEST_BANDIT_3_4_QUESTINFODATA_JOURNALRUMOURTEXT,<hero_name>已经知悉一场夺取自己性命的密谋，由自己的强盗所炮制！盗亦无道，看起来是这样！
QUEST_BANDIT_3_4_QUESTINFODATA_RUMOURTEXT,并不是强盗族每个集团的杀手都乐意看到你代表他们争夺王座。你最好当心。
QUEST_BANDIT_3_4_QUESTINFODATA_TITLE,伏击
QUEST_BANDIT_3_5_QUESTINFODATA_ACTIONS_0_ACTIONTEXT,冲击地牢并干掉团伙。
QUEST_BANDIT_3_5_QUESTINFODATA_ACTIONS_0_DEFAULTOUTCOME_JOURNALTEXT,<hero_name>试图勇敢地冲进兔窝，但该团伙太根深蒂固，把我们的英雄打退了，并夺取了胜利。
QUEST_BANDIT_3_5_QUESTINFODATA_ACTIONS_0_DEFAULTOUTCOME_OUTCOMETEXT,你可以下到兔窝，但团伙很快涌向你，把你打蒙了，并迫使你在失败中逃离。
QUEST_BANDIT_3_5_QUESTINFODATA_ACTIONS_0_TESTSUCCESSOUTCOME_JOURNALTEXT,<hero_name>冲进兔窝，干掉了整个团伙并解救了他们的强盗朋友。两人将一起向前进发！
QUEST_BANDIT_3_5_QUESTINFODATA_ACTIONS_0_TESTSUCCESSOUTCOME_OUTCOMETEXT,你击倒每一个看到的团伙成员，清除兔窝中他们邪恶的存在并解救你的强盗族战友！
QUEST_BANDIT_3_5_QUESTINFODATA_ACTIONS_1_ACTIONTEXT,远远地触发兔窝的陷阱。
QUEST_BANDIT_3_5_QUESTINFODATA_ACTIONS_1_DEFAULTOUTCOME_JOURNALTEXT,<hero_name>选择触发兔窝中多年来没有被触碰的众多陷阱。团伙（还有可怜的强盗）全灭。
QUEST_BANDIT_3_5_QUESTINFODATA_ACTIONS_1_DEFAULTOUTCOME_OUTCOMETEXT,你稍稍动动脑筋，砸开了复杂的陷阱机关，一次就触发了全部机关。兔窝中无人幸免。
QUEST_BANDIT_3_5_QUESTINFODATA_ACTIONS_2_ACTIONTEXT,"""吓跑他们"""
QUEST_BANDIT_3_5_QUESTINFODATA_ACTIONS_2_DEFAULTOUTCOME_JOURNALTEXT,疯狂国王仍然振振有词。帮派看到皇家旗帜，吓得四散逃离。我们的英雄将他们都愚弄了。\n
QUEST_BANDIT_3_5_QUESTINFODATA_ACTIONS_2_DEFAULTOUTCOME_OUTCOMETEXT,"你将皇家旗帜放在兔窝外面。""以国王的名义！要么逃走，要么被杀。""短短几分钟，兔窝再次空了。"
QUEST_BANDIT_3_5_QUESTINFODATA_ACTIONS_3_ACTIONTEXT,"""锁住他们。"""
QUEST_BANDIT_3_5_QUESTINFODATA_ACTIONS_3_DEFAULTOUTCOME_JOURNALTEXT,我们的英雄无意战斗。应采掘师的请求，他让她施展自己的技艺。她将他们永远锁在了兔窝里。
QUEST_BANDIT_3_5_QUESTINFODATA_ACTIONS_3_DEFAULTOUTCOME_OUTCOMETEXT,兔窝里有许多隐藏的出口，但采掘师发现了所有出口。很快，帮派被锁在了密封的地下。可怕的命运。
QUEST_BANDIT_3_5_QUESTINFODATA_ENCOUNTERTEXT,你狩猎的团伙已在古老兔族的兔窝深处建立了巢穴。不过，你会注意到，兔窝的陷阱仍然有效……
QUEST_BANDIT_3_5_QUESTINFODATA_JOURNALENCOUNTERTEXT,我们的英雄迅速前往古老的兔窝，发现该团伙已经建立了巢穴。现在的问题是，如何摆脱他们？
QUEST_BANDIT_3_5_QUESTINFODATA_JOURNALRUMOURTEXT,<hero_name>的注意力已经转向了龟缩在附近兔族巢穴的当地团伙。看来他们已转向了强盗绑架！
QUEST_BANDIT_3_5_QUESTINFODATA_RUMOURTEXT,当地团伙一直试着挤掉强盗族，甚至绑架了我们的一员。也许要给他们点教训？
QUEST_BANDIT_3_5_QUESTINFODATA_TITLE,兔窝深处
QUEST_BANDIT_3_6_QUESTINFODATA_ACTIONS_0_ACTIONTEXT,让你的战斗技能接受考验！
QUEST_BANDIT_3_6_QUESTINFODATA_ACTIONS_0_DEFAULTOUTCOME_JOURNALTEXT,然而，我们的英雄仍然决定亲自参赛！不幸的是，他输得一败涂地，场面相当尴尬。
QUEST_BANDIT_3_6_QUESTINFODATA_ACTIONS_0_DEFAULTOUTCOME_OUTCOMETEXT,你拿起武器，并决定向你的强盗同伙展示一番！不幸的是，你的被动挨打只会让你难堪。
QUEST_BANDIT_3_6_QUESTINFODATA_ACTIONS_0_TESTSUCCESSOUTCOME_JOURNALTEXT,然而，我们的英雄仍然决定作为参赛者战斗！<hero_name>使用传说中的技能，打败了所有的对手，一举夺得大奖。
QUEST_BANDIT_3_6_QUESTINFODATA_ACTIONS_0_TESTSUCCESSOUTCOME_OUTCOMETEXT,你使用技巧和技能，证明你是所有强盗中最强大的，冠绝整个家族。你的大奖实至名归！
QUEST_BANDIT_3_6_QUESTINFODATA_ACTIONS_1_ACTIONTEXT,派遣代替你的代理斗士。
QUEST_BANDIT_3_6_QUESTINFODATA_ACTIONS_1_DEFAULTOUTCOME_JOURNALTEXT,所以，<hero_name>挑选了一名精干的强盗战士作为自己的代理斗士。他们没有获胜，但我们的英雄确实学会了几个战斗技巧！
QUEST_BANDIT_3_6_QUESTINFODATA_ACTIONS_1_DEFAULTOUTCOME_OUTCOMETEXT,既然可以派别的斗士代替你，何必拿自己的性命冒险。然而，他们过早落败了。真遗憾。
QUEST_BANDIT_3_6_QUESTINFODATA_ACTIONS_2_ACTIONTEXT,戴上英雄的头盔
QUEST_BANDIT_3_6_QUESTINFODATA_ACTIONS_2_DEFAULTOUTCOME_JOURNALTEXT,我们的英雄不愿冒受伤的风险。他戴上英雄头盔，参加业余组的比赛。赢得了一份小奖品，且赢得漂亮。
QUEST_BANDIT_3_6_QUESTINFODATA_ACTIONS_2_DEFAULTOUTCOME_OUTCOMETEXT,战斗非常激烈，而你没有战斗欲望，不愿冒险受伤。戴上头盔，你进去了，然后在没有风险的情况下赢得了一份小奖。
QUEST_BANDIT_3_6_QUESTINFODATA_ACTIONS_3_ACTIONTEXT,装载手炮
QUEST_BANDIT_3_6_QUESTINFODATA_ACTIONS_3_DEFAULTOUTCOME_JOURNALTEXT,我们的英雄不合资格。由于某种原因手炮被禁止了！但<hero_name>仍然获得了一个安慰奖。\n
QUEST_BANDIT_3_6_QUESTINFODATA_ACTIONS_3_DEFAULTOUTCOME_OUTCOMETEXT,你的装备更好。你遇上的每个对手都被击倒了。你被取消资格，但得到了安慰奖。
QUEST_BANDIT_3_6_QUESTINFODATA_ACTIONS_4_ACTIONTEXT,"""要是我能战斗多好啊"""
QUEST_BANDIT_3_6_QUESTINFODATA_ACTIONS_4_DEFAULTOUTCOME_JOURNALTEXT,我们的英雄发现了侍从的战斗意志。出于怜悯，<hero_name>指导他们，让他们走到了第三名。
QUEST_BANDIT_3_6_QUESTINFODATA_ACTIONS_4_DEFAULTOUTCOME_OUTCOMETEXT,你怜悯侍从。当比赛开始时，你指导他们通过了最初几轮。他们夺得了第三名。你拿到了奖品。
QUEST_BANDIT_3_6_QUESTINFODATA_ENCOUNTERTEXT,当地的强盗团伙联合为你举办了一次搏击赛事。当然，你打算赢下比赛！
QUEST_BANDIT_3_6_QUESTINFODATA_JOURNALENCOUNTERTEXT,事实上，<hero_name>受宠若惊地了解到比赛是为他而举行的。
QUEST_BANDIT_3_6_QUESTINFODATA_JOURNALRUMOURTEXT,我们的英雄听说过最强强盗的盛大聚会 -—一场比赛！获胜者将把一件精美的宝藏作为奖品带回家！
QUEST_BANDIT_3_6_QUESTINFODATA_RUMOURTEXT,你的战友们在森林深处举行着一场小型的搏击比赛。据我所知，获胜组将获得一大笔精美的宝藏！
QUEST_BANDIT_3_6_QUESTINFODATA_TITLE,钢圈
QUEST_BANDIT_3_7_QUESTINFODATA_ACTIONS_0_ACTIONTEXT,请怀尔德解放这个迷失的灵魂。
QUEST_BANDIT_3_7_QUESTINFODATA_ACTIONS_0_DEFAULTOUTCOME_JOURNALTEXT,我们的英雄恳求怀尔德解放这个可怜的灵魂，但食尸鬼开始吸取<hero_name>的灵力，显然援助不会到来。
QUEST_BANDIT_3_7_QUESTINFODATA_ACTIONS_0_DEFAULTOUTCOME_OUTCOMETEXT,你希望怀尔德会出手。它没有——你逃离时，那可怕的身影探出身来，冰冷的利爪吸走了你的力气。
QUEST_BANDIT_3_7_QUESTINFODATA_ACTIONS_0_TESTSUCCESSOUTCOME_JOURNALTEXT,怀尔德的灼热力量将幽灵从地牢中净化，原地留下一块闪闪发光的灵石。
QUEST_BANDIT_3_7_QUESTINFODATA_ACTIONS_0_TESTSUCCESSOUTCOME_OUTCOMETEXT,你退后几步，让怀尔德穿透迷雾，将幽灵从地牢中净化。原地躺着一块灵石。
QUEST_BANDIT_3_7_QUESTINFODATA_ACTIONS_1_ACTIONTEXT,努力征服幽灵。
QUEST_BANDIT_3_7_QUESTINFODATA_ACTIONS_1_DEFAULTOUTCOME_JOURNALTEXT,我们的英雄知道至少一种清除食尸鬼的方法！但是，当他们拔出剑时，幽灵一闪而逝。走了，但不是永远。
QUEST_BANDIT_3_7_QUESTINFODATA_ACTIONS_1_DEFAULTOUTCOME_OUTCOMETEXT,你对着幽灵拔出剑，它似乎感应到了你的恶意。它在一瞬间消失了，但浓雾依然存在。
QUEST_BANDIT_3_7_QUESTINFODATA_ACTIONS_2_ACTIONTEXT,利用月亮镰刀将它砍倒
QUEST_BANDIT_3_7_QUESTINFODATA_ACTIONS_2_DEFAULTOUTCOME_JOURNALTEXT,幽灵无法对抗月亮镰刀的力量。德鲁伊的礼物杀死了幽灵。<quest_tile>就洁净了。\n
QUEST_BANDIT_3_7_QUESTINFODATA_ACTIONS_2_DEFAULTOUTCOME_OUTCOMETEXT,闪闪发光的怀尔德之钢在你挥动时嗡嗡作响。幽灵尖叫着后退，泄漏出魔法。而这魔法灌注进了你的身体。
QUEST_BANDIT_3_7_QUESTINFODATA_ACTIONS_3_ACTIONTEXT,举起贝恩的爪子
QUEST_BANDIT_3_7_QUESTINFODATA_ACTIONS_3_DEFAULTOUTCOME_JOURNALTEXT,据说传说中的贝恩之爪能从邪恶生物体内抽出腐化。事实确实如此。我们的英雄用它逼退了贝恩。
QUEST_BANDIT_3_7_QUESTINFODATA_ACTIONS_3_DEFAULTOUTCOME_OUTCOMETEXT,幽灵发出尖叫。你将爪子举得更高，吸收了更多的魔法。最后一次哭完之后，它落荒而逃。爪中的魔法日益强大起来。
QUEST_BANDIT_3_7_QUESTINFODATA_ACTIONS_4_ACTIONTEXT,“退后，怪物！”
QUEST_BANDIT_3_7_QUESTINFODATA_ACTIONS_4_DEFAULTOUTCOME_JOURNALTEXT,黑暗幽灵在<hero_name>的术士体内遇到了对手。它被放逐了，逃离了，再也不回来了。
QUEST_BANDIT_3_7_QUESTINFODATA_ACTIONS_4_DEFAULTOUTCOME_OUTCOMETEXT,腐化魔法从术士手中喷涌而出。野兽尖叫着被步步逼退。最后，它转身逃走，再也不敢回来。
QUEST_BANDIT_3_7_QUESTINFODATA_ENCOUNTERTEXT,地牢的大厅漆黑一片，浓重阴湿的雾气漫过你的毛皮并深入骨髓。随后，一个幽灵出现了！
QUEST_BANDIT_3_7_QUESTINFODATA_JOURNALENCOUNTERTEXT,<hero_name>行至地牢雾蒙蒙的大厅，每迈一步空气都更加凝重。刺耳的尖叫声揭示了一个幽灵迎面而来！
QUEST_BANDIT_3_7_QUESTINFODATA_JOURNALRUMOURTEXT,我们的英雄听到一个相当奇怪的传闻：阿门罗某处隐藏着一座闹鬼的地牢。也许他们能帮忙清剿？
QUEST_BANDIT_3_7_QUESTINFODATA_RUMOURTEXT,据传一处地牢里有一个不安的幽灵阴魂不散。这有点吓住了当地人 -—也许你可以阻止它？
QUEST_BANDIT_3_7_QUESTINFODATA_TITLE,噬灵之暗
QUEST_BANDIT_3_8_QUESTINFODATA_ACTIONS_0_ACTIONTEXT,让怀尔德指引你。
QUEST_BANDIT_3_8_QUESTINFODATA_ACTIONS_0_DEFAULTOUTCOME_JOURNALTEXT,我们的英雄恳求怀尔德出面相助，但毫无回应。献祭还是执行了，腐化渗入了森林。
QUEST_BANDIT_3_8_QUESTINFODATA_ACTIONS_0_DEFAULTOUTCOME_OUTCOMETEXT,怀尔德没有理会你，刀落下的那一刻，你只听到可怜的旅行者的尖叫。你逃跑时，腐化弥漫了峡谷。
QUEST_BANDIT_3_8_QUESTINFODATA_ACTIONS_0_TESTSUCCESSOUTCOME_JOURNALTEXT,幸运的是，我们的英雄深受怀尔德眷顾，邪恶牧师体内的邪恶腐化被涤除了。祭品获救，并加入了我们的英雄。
QUEST_BANDIT_3_8_QUESTINFODATA_ACTIONS_0_TESTSUCCESSOUTCOME_OUTCOMETEXT,怀尔德拦下了牧师，烧掉他爪中的利刃，涤除了他体内的腐化。感恩的旅行者承诺在你的任务中助你一臂之力。
QUEST_BANDIT_3_8_QUESTINFODATA_ACTIONS_1_ACTIONTEXT,干掉牧师。
QUEST_BANDIT_3_8_QUESTINFODATA_ACTIONS_1_DEFAULTOUTCOME_JOURNALTEXT,我们的英雄冲向了牧师，击倒他 -—但可惜在这之前牧师的匕首已贯穿了可怜的旅行者的心脏。
QUEST_BANDIT_3_8_QUESTINFODATA_ACTIONS_1_DEFAULTOUTCOME_OUTCOMETEXT,你刺穿了牧师，但可悲的是为时已晚，没有使旅行者得救。然而，邪恶的牧师已经永久地被阻止了。
QUEST_BANDIT_3_8_QUESTINFODATA_ACTIONS_2_ACTIONTEXT,“站住，恶徒！”
QUEST_BANDIT_3_8_QUESTINFODATA_ACTIONS_2_DEFAULTOUTCOME_JOURNALTEXT,学徒纯属运气，失效的魔法压制住了牧师。<hero_name>大笑后退。囚犯可不买账。
QUEST_BANDIT_3_8_QUESTINFODATA_ACTIONS_2_DEFAULTOUTCOME_OUTCOMETEXT,学徒举起一只爪子，射出一道魔法。它击中一棵树，弹到祭坛，又弹到地上，最后击中牧师。终于成功了！
QUEST_BANDIT_3_8_QUESTINFODATA_ACTIONS_3_ACTIONTEXT,“让开！”
QUEST_BANDIT_3_8_QUESTINFODATA_ACTIONS_3_DEFAULTOUTCOME_JOURNALTEXT,我们的英雄没能及时赶过去！幸运的是，间谍大师做到了，只见他手腕一抖，掷出一把飞刀，刺伤了牧师。
QUEST_BANDIT_3_8_QUESTINFODATA_ACTIONS_3_DEFAULTOUTCOME_OUTCOMETEXT,一把飞刀从间谍大师的袖中射出，击中牧师的爪子。他逃走了。囚犯安全了，却大受惊吓。
QUEST_BANDIT_3_8_QUESTINFODATA_ACTIONS_4_ACTIONTEXT,跳过去！
QUEST_BANDIT_3_8_QUESTINFODATA_ACTIONS_4_DEFAULTOUTCOME_JOURNALTEXT,我们的英雄穿着飞翼靴投入战斗。趁<hero_name>战斗时，囚犯有时间逃离了<quest_tile>。
QUEST_BANDIT_3_8_QUESTINFODATA_ACTIONS_4_DEFAULTOUTCOME_OUTCOMETEXT,飞翼靴让你赶在刀落下之前冲到祭坛前。你将牧师撞开。囚犯得以脱身。
QUEST_BANDIT_3_8_QUESTINFODATA_ENCOUNTERTEXT,你循着牧师的胡言乱语，发现了一座献给腐化的祭坛！牧师的刀正悬在一个无辜旅行者的上方！
QUEST_BANDIT_3_8_QUESTINFODATA_JOURNALENCOUNTERTEXT,当<hero_name>发现牧师时，偶然碰到一场活祭 -—或者更确切地说，一个可怜的旅行者即将成为一个祭品！
QUEST_BANDIT_3_8_QUESTINFODATA_JOURNALRUMOURTEXT,我们的英雄听说附近森林里有个疯狂牧师在狂吼乱骂。腐化肆虐之时，这可能确实是件非常糟糕的事。
QUEST_BANDIT_3_8_QUESTINFODATA_RUMOURTEXT,森林里有个疯牧师正在干他的老本行。我劝你在他闹大之前让他闭嘴。
QUEST_BANDIT_3_8_QUESTINFODATA_TITLE,高悬之刃
QUEST_BANDIT_3_9_QUESTINFODATA_ACTIONS_0_ACTIONTEXT,为熊提供援助。
QUEST_BANDIT_3_9_QUESTINFODATA_ACTIONS_0_DEFAULTOUTCOME_JOURNALTEXT,<hero_name>冒险进入并面对古老的贝恩 - 但缺乏灵力去帮助。牧师被灭，而我们的英雄逃走了。
QUEST_BANDIT_3_9_QUESTINFODATA_ACTIONS_0_DEFAULTOUTCOME_OUTCOMETEXT,你跟随熊到里面，并立即受到贝恩的攻击！你缺乏灵力而没有提供帮助 -—熊被灭了，而你逃走了。
QUEST_BANDIT_3_9_QUESTINFODATA_ACTIONS_0_TESTSUCCESSOUTCOME_JOURNALTEXT,<hero_name>与怀尔德的强大共鸣帮助瞬间摧毁了贝恩！牧师松了口气，献上一件宝藏以表感谢。
QUEST_BANDIT_3_9_QUESTINFODATA_ACTIONS_0_TESTSUCCESSOUTCOME_OUTCOMETEXT,你一进入庄园，一只贝恩就发动了攻击！怀尔德助你斩杀这只野兽，牧师则奖励你一件精美的宝藏。
QUEST_BANDIT_3_9_QUESTINFODATA_ACTIONS_1_ACTIONTEXT,告诉牧师，你会在外面等待。
QUEST_BANDIT_3_9_QUESTINFODATA_ACTIONS_1_DEFAULTOUTCOME_JOURNALTEXT,<hero_name>选择留在外面坚守。牧师执意独自进去，却被庄园里的贝恩迅速了结了。
QUEST_BANDIT_3_9_QUESTINFODATA_ACTIONS_1_DEFAULTOUTCOME_OUTCOMETEXT,算起来在外面等着将会更安全。这是真的—因为当牧师进入庄园时，他几乎立即被贝恩杀害。
QUEST_BANDIT_3_9_QUESTINFODATA_ACTIONS_2_ACTIONTEXT,抓住皇家盾牌
QUEST_BANDIT_3_9_QUESTINFODATA_ACTIONS_2_DEFAULTOUTCOME_JOURNALTEXT,庄园内盘踞着一只扭曲的贝恩。它击出致命一击，但皇家盾牌挡下了。这只生物很快被斩杀。
QUEST_BANDIT_3_9_QUESTINFODATA_ACTIONS_2_DEFAULTOUTCOME_OUTCOMETEXT,当你进入庄园时，本能会使你举起盾牌。很及时。贝恩的一击几乎粉碎了你的臂膀。熊怒吼起来。
QUEST_BANDIT_3_9_QUESTINFODATA_ACTIONS_3_ACTIONTEXT,"""我先进去"""
QUEST_BANDIT_3_9_QUESTINFODATA_ACTIONS_3_DEFAULTOUTCOME_JOURNALTEXT,我们的傻瓜英雄总是第一个闯入陷阱中，凭他们传奇的运气，避免了贝恩的攻击。这个生物无法保持平衡，于是被轻易杀死了。
QUEST_BANDIT_3_9_QUESTINFODATA_ACTIONS_3_DEFAULTOUTCOME_OUTCOMETEXT,傻瓜飞跃进庄园，然后发出尖叫，一边四处闪躲。贝恩从他的头上飞过。四仰八叉地倒在地上。你结束了他的生命。非常迅速。\n
QUEST_BANDIT_3_9_QUESTINFODATA_ACTIONS_4_ACTIONTEXT,探查任何腐化
QUEST_BANDIT_3_9_QUESTINFODATA_ACTIONS_4_DEFAULTOUTCOME_JOURNALTEXT,乌鸦嘴匕首闪着血光，附近有贝恩出没。我们的英雄察觉到邪恶的存在，得以将其击败。
QUEST_BANDIT_3_9_QUESTINFODATA_ACTIONS_4_DEFAULTOUTCOME_OUTCOMETEXT,只要瞥一眼乌鸦嘴匕首，它就会告诉你很多东西。它闪烁着微光。附近有个贝恩。你进入领地，做好准备，将它打倒。
QUEST_BANDIT_3_9_QUESTINFODATA_ENCOUNTERTEXT,你在城门与熊会面——他们说自己是怀尔德的使者，前来清除附近一座宅邸中的腐化。
QUEST_BANDIT_3_9_QUESTINFODATA_JOURNALENCOUNTERTEXT,我们的英雄决定与这个牧师会面，并发现他有几分古怪。不过，如果我们的英雄提供帮助就会有宝藏！
QUEST_BANDIT_3_9_QUESTINFODATA_JOURNALRUMOURTEXT,<hero_name>收到了一个很有趣的请求：一名熊族的牧师要求他们帮助从附近的庄园清除一个贝恩！
QUEST_BANDIT_3_9_QUESTINFODATA_RUMOURTEXT,来自一个有趣家伙的有趣的合同—有些熊牧师邀请强盗帮助从一个旧庄园清除幽灵！
QUEST_BANDIT_3_9_QUESTINFODATA_TITLE,腐化的终结者
QUEST_BANDIT_4_10_QUESTINFODATA_ACTIONS_0_ACTIONTEXT,潜入水底，把灵石撬出来。
QUEST_BANDIT_4_10_QUESTINFODATA_ACTIONS_0_DEFAULTOUTCOME_JOURNALTEXT,我们的英雄试图从湿漉漉的监狱里撬动灵石，但他们没有力气将其撬松 - 几乎淹没在深处！
QUEST_BANDIT_4_10_QUESTINFODATA_ACTIONS_0_DEFAULTOUTCOME_OUTCOMETEXT,你深吸一口气游向雕像，但没有足够的力气，你试图撬动灵石时差点淹死！
QUEST_BANDIT_4_10_QUESTINFODATA_ACTIONS_0_TESTSUCCESSOUTCOME_JOURNALTEXT,我们的英雄尽可能地深呼吸一口，然后向下游到水的深处，用力撬石头！
QUEST_BANDIT_4_10_QUESTINFODATA_ACTIONS_0_TESTSUCCESSOUTCOME_OUTCOMETEXT,你潜入深处，用力一拉，将灵石从雕像上拧了下来！简直太容易了！
QUEST_BANDIT_4_10_QUESTINFODATA_ACTIONS_1_ACTIONTEXT,寻找不太危险的廉价珠宝。
QUEST_BANDIT_4_10_QUESTINFODATA_ACTIONS_1_DEFAULTOUTCOME_JOURNALTEXT,我们的英雄并不热衷潜入黑暗深处，为了一块灵石冒生命危险，尽管任务中确实需要它。
QUEST_BANDIT_4_10_QUESTINFODATA_ACTIONS_1_DEFAULTOUTCOME_OUTCOMETEXT,你认定冒葬身水底的风险并非上策，于是在空荡的大厅中寻找更容易到手的宝藏。但你一无所获。
QUEST_BANDIT_4_10_QUESTINFODATA_ACTIONS_2_ACTIONTEXT,搜索湖泊
QUEST_BANDIT_4_10_QUESTINFODATA_ACTIONS_2_DEFAULTOUTCOME_JOURNALTEXT,我们的英雄游到深处，在水中迷失了方向。庆幸的是，药剂师拯救了他们，以及他们找到的宝藏。
QUEST_BANDIT_4_10_QUESTINFODATA_ACTIONS_2_DEFAULTOUTCOME_OUTCOMETEXT,湖太大了。你很快意识到自己无法及时游回水面。醒来时，药剂师守在身旁，你手里还攥着什么东西。
QUEST_BANDIT_4_10_QUESTINFODATA_ACTIONS_3_ACTIONTEXT,"""要去下水？喝掉这个怎么样！"""
QUEST_BANDIT_4_10_QUESTINFODATA_ACTIONS_3_DEFAULTOUTCOME_JOURNALTEXT,在水中呼吸法的庇佑下，我们的英雄才可以搜索整个湖泊。不幸的是，礼物在找到灵石之前就消失了。
QUEST_BANDIT_4_10_QUESTINFODATA_ACTIONS_3_DEFAULTOUTCOME_OUTCOMETEXT,一种奇怪的药水让空气在你肺部持续了几个小时。在你的炼金术士的帮助下，你潜入水中，开始寻找珍贵的宝藏。
QUEST_BANDIT_4_10_QUESTINFODATA_ACTIONS_4_ACTIONTEXT,穿上飞翼靴游泳
QUEST_BANDIT_4_10_QUESTINFODATA_ACTIONS_4_DEFAULTOUTCOME_JOURNALTEXT,我们的英雄用飞翼靴从湖中收集宝藏。遗憾的是，飞翼靴没能帮<hero_name>够到沉入水底的灵石。
QUEST_BANDIT_4_10_QUESTINFODATA_ACTIONS_4_DEFAULTOUTCOME_OUTCOMETEXT,飞翼靴不仅可助力飞行，还能让游泳速度变得更快。穿上它，你可以从湖里抓到很多东西，但却无法让你到达灵石所在的地方。
QUEST_BANDIT_4_10_QUESTINFODATA_ENCOUNTERTEXT,你进入古老的堡垒并蜿蜒深入地下，很快就在大型地下湖的底部找到了雕像。
QUEST_BANDIT_4_10_QUESTINFODATA_JOURNALENCOUNTERTEXT,所以<hero_name>冒险深入到一个古老的地下壁垒，发现雕像被淹没在水下的深处。
QUEST_BANDIT_4_10_QUESTINFODATA_JOURNALRUMOURTEXT,在出发直面国王之前，我们的英雄听到一则传闻：一颗灵石镶嵌在一座古老的熊族雕像中。
QUEST_BANDIT_4_10_QUESTINFODATA_RUMOURTEXT,附近一座古老的地下要塞中矗立着一座古老的熊族雕像。传闻说，它的眼睛其实是一颗灵石！
QUEST_BANDIT_4_10_QUESTINFODATA_TITLE,神像
QUEST_BANDIT_4_11_QUESTINFODATA_ACTIONS_0_ACTIONTEXT,强迫自己。爬上顶峰！
QUEST_BANDIT_4_11_QUESTINFODATA_ACTIONS_0_DEFAULTOUTCOME_JOURNALTEXT,<hero_name>试图到达山顶，但显然他们没有力气向前推进。他们被迫下山，以失败而告终。
QUEST_BANDIT_4_11_QUESTINFODATA_ACTIONS_0_DEFAULTOUTCOME_OUTCOMETEXT,你尝试行进到山顶，但天气恶劣而你的耐力不够。你不得不下山，以失败而告终。
QUEST_BANDIT_4_11_QUESTINFODATA_ACTIONS_0_TESTSUCCESSOUTCOME_JOURNALTEXT,<hero_name>轻松登顶，插上旗帜，远处的城堡尽收眼底。是时候让国王看看等待他的是什么了。
QUEST_BANDIT_4_11_QUESTINFODATA_ACTIONS_0_TESTSUCCESSOUTCOME_OUTCOMETEXT,借助你的传奇耐力，山峰被证明不算什么障碍。当你插旗时，对远处的城堡一览无余。是时候了。
QUEST_BANDIT_4_11_QUESTINFODATA_ACTIONS_1_ACTIONTEXT,将旗帜放在你所在的位置。
QUEST_BANDIT_4_11_QUESTINFODATA_ACTIONS_1_DEFAULTOUTCOME_JOURNALTEXT,<hero_name>感觉到山路上死亡如影随形，决定在他们站的位置插旗。大山立刻吞噬了它。
QUEST_BANDIT_4_11_QUESTINFODATA_ACTIONS_1_DEFAULTOUTCOME_OUTCOMETEXT,致命的寒风侵蚀着你的力气，你决定就在原地插旗。旗帜几分钟内就被大雪覆盖。
QUEST_BANDIT_4_11_QUESTINFODATA_ACTIONS_2_ACTIONTEXT,“我替你继续前进。”
QUEST_BANDIT_4_11_QUESTINFODATA_ACTIONS_2_DEFAULTOUTCOME_JOURNALTEXT,就在旅程即将结束时，护卫最终证明了自己。他们竖起旗帜，让所有人都看到。这确实是一个英勇的行为。
QUEST_BANDIT_4_11_QUESTINFODATA_ACTIONS_2_DEFAULTOUTCOME_OUTCOMETEXT,充满青春活力的护卫继续攀登。他们插上你的旗帜，然后扶你下山。他们会成为出色的骑士。
QUEST_BANDIT_4_11_QUESTINFODATA_ACTIONS_3_ACTIONTEXT,"""你可以做到的！你是 <hero_name>!"""
QUEST_BANDIT_4_11_QUESTINFODATA_ACTIONS_3_DEFAULTOUTCOME_JOURNALTEXT,在吟游诗人的话语鼓舞下，我们的英雄继续前行。险峻的山峰被征服了。全阿门罗都看到了旗帜。
QUEST_BANDIT_4_11_QUESTINFODATA_ACTIONS_3_DEFAULTOUTCOME_OUTCOMETEXT,吟游诗人的话激励着你继续前行。冲破严寒，一步接着一步。最终，你到达了顶峰。吟游诗人是对的。你太伟大了。
QUEST_BANDIT_4_11_QUESTINFODATA_ACTIONS_4_ACTIONTEXT,"""带上这个！继续吧！"""
QUEST_BANDIT_4_11_QUESTINFODATA_ACTIONS_4_DEFAULTOUTCOME_JOURNALTEXT,铁匠把他们最大的秘密告诉了我们的英雄。传奇的永恒之火。永恒之火温暖了我们的英雄，让他们继续前行。
QUEST_BANDIT_4_11_QUESTINFODATA_ACTIONS_4_DEFAULTOUTCOME_OUTCOMETEXT,铁匠把他行当的秘密交给了你。一块用来点燃熔炉的永恒之火。它的温暖让你得以完成旅程。
QUEST_BANDIT_4_11_QUESTINFODATA_ENCOUNTERTEXT,你爬上<quest_tile>的过程漫长而危险—当寒风和冰雪吹打着你时这是对你的考验。
QUEST_BANDIT_4_11_QUESTINFODATA_JOURNALENCOUNTERTEXT,我们的英雄挣扎着爬上山顶，冰冷的风立即将他们冻僵了。如果他们大意，这次长途跋涉可能是他们的最后之旅！
QUEST_BANDIT_4_11_QUESTINFODATA_JOURNALRUMOURTEXT,<hero_name>知道，是时候宣布整个阿门罗都置于强盗族的保护之下了。在最高峰插上一面强盗族的旗帜就够了。
QUEST_BANDIT_4_11_QUESTINFODATA_RUMOURTEXT,是宣布你问鼎王位的意图的时候了。这座山峰可以从城墙看见—将我们的旗帜插在他们可以看到的地方！
QUEST_BANDIT_4_11_QUESTINFODATA_TITLE,盾徽
QUEST_BANDIT_4_12_QUESTINFODATA_ACTIONS_0_ACTIONTEXT,溜进去。强行打开家族墓穴。
QUEST_BANDIT_4_12_QUESTINFODATA_ACTIONS_0_DEFAULTOUTCOME_JOURNALTEXT,<hero_name>的强盗同伙提前买通了守卫，但打开宝库大门所需的力气远远超出了他们的范围。很可惜！
QUEST_BANDIT_4_12_QUESTINFODATA_ACTIONS_0_DEFAULTOUTCOME_OUTCOMETEXT,你的强盗买通了守卫，但宝库大门紧闭。你尝试打开它，但缺乏力气去移动半点！
QUEST_BANDIT_4_12_QUESTINFODATA_ACTIONS_0_TESTSUCCESSOUTCOME_JOURNALTEXT,守卫们已经被收买，所以宝库大门是唯一的挑战。<hero_name>轻松打开并夺取了里面的宝藏！
QUEST_BANDIT_4_12_QUESTINFODATA_ACTIONS_0_TESTSUCCESSOUTCOME_OUTCOMETEXT,你的强盗同伙提前买通了守卫，仅仅几分钟你就已经撬开宝库并掠走宝藏！
QUEST_BANDIT_4_12_QUESTINFODATA_ACTIONS_1_ACTIONTEXT,向你的强盗伙伴寻求帮助。
QUEST_BANDIT_4_12_QUESTINFODATA_ACTIONS_1_DEFAULTOUTCOME_JOURNALTEXT,<hero_name>的强盗们轻松打开了宝库……但也卷走了值钱的宝藏！什么盗亦有道，全是空话！
QUEST_BANDIT_4_12_QUESTINFODATA_ACTIONS_1_DEFAULTOUTCOME_OUTCOMETEXT,有了你的强盗在身边，大门不再是困难的障碍。唉，你的战友带走了上等宝藏，让你一无所有。
QUEST_BANDIT_4_12_QUESTINFODATA_ACTIONS_2_ACTIONTEXT,“我潜入过比这更好的地方。”
QUEST_BANDIT_4_12_QUESTINFODATA_ACTIONS_2_DEFAULTOUTCOME_JOURNALTEXT,<hero_name> 的间谍大师抢夺的安全家族墓穴比她的热餐还要多。这次盗窃轻松极了，他们分掉了战利品。
QUEST_BANDIT_4_12_QUESTINFODATA_ACTIONS_2_DEFAULTOUTCOME_OUTCOMETEXT,你听从了间谍大师，他策划了一场大胆的劫案。尽管你似乎只是个吸引注意的幌子，你还是同意了并分掉了赃物。
QUEST_BANDIT_4_12_QUESTINFODATA_ACTIONS_3_ACTIONTEXT,带着明镜披风悄悄潜入
QUEST_BANDIT_4_12_QUESTINFODATA_ACTIONS_3_DEFAULTOUTCOME_JOURNALTEXT,虽然盗窃家族墓穴是个巨大的挑战，但许多珍宝都毫无防备措施。我们的英雄用明镜披风就能收走他们。
QUEST_BANDIT_4_12_QUESTINFODATA_ACTIONS_3_DEFAULTOUTCOME_OUTCOMETEXT,在夜幕的掩护下，没有人发现披风泄露的微光。在它的保护下，你悄悄潜入建筑。轻而易举。
QUEST_BANDIT_4_12_QUESTINFODATA_ACTIONS_4_ACTIONTEXT,花言巧语混进去
QUEST_BANDIT_4_12_QUESTINFODATA_ACTIONS_4_DEFAULTOUTCOME_JOURNALTEXT,伪装面具周围流转的暗影让我们的英雄举止异常优雅。他们凭借巧舌进了建筑，又全身而退。
QUEST_BANDIT_4_12_QUESTINFODATA_ACTIONS_4_DEFAULTOUTCOME_OUTCOMETEXT,守卫的眼睛呆呆地盯着面具。面具的奇怪魔法让你走进几个房间，偷走了些宝藏。
QUEST_BANDIT_4_12_QUESTINFODATA_ENCOUNTERTEXT,你进入低调的城市，在一个不起眼但保护得非常好的石头建筑内迅速地找到了宝库。这将是棘手的。
QUEST_BANDIT_4_12_QUESTINFODATA_JOURNALENCOUNTERTEXT,<hero_name>进入城市，并且发现宝库比最初想象的气派得多。他们将如何打开呢？
QUEST_BANDIT_4_12_QUESTINFODATA_JOURNALRUMOURTEXT,强盗族的智囊已经掌握到最有用的情况：国王宝库的位置！
QUEST_BANDIT_4_12_QUESTINFODATA_RUMOURTEXT,虽然费些功夫，但我们了解到了国王最宝贵的宝藏存放地。附近的一个小城市！
QUEST_BANDIT_4_12_QUESTINFODATA_TITLE,国王的宝库
QUEST_BANDIT_4_1_QUESTINFODATA_ACTIONS_0_ACTIONTEXT,推算灵石的所在。
QUEST_BANDIT_4_1_QUESTINFODATA_ACTIONS_0_DEFAULTOUTCOME_JOURNALTEXT,不幸的是，我们勇士的智力不像他们认为的那样敏锐，一个致命的陷阱显现了出来！<hero_name>活了下来，但仅仅只是活着！
QUEST_BANDIT_4_1_QUESTINFODATA_ACTIONS_0_DEFAULTOUTCOME_OUTCOMETEXT,你试图寻找灵石，结果却只找到嵌在地板里的一道致命陷阱！你身负重伤，但侥幸逃生。
QUEST_BANDIT_4_1_QUESTINFODATA_ACTIONS_0_TESTSUCCESSOUTCOME_JOURNALTEXT,谢天谢地，此刻我们的英雄智力过人！兔窝的陷阱没能构成任何阻碍，灵石很快落入强盗族之手！
QUEST_BANDIT_4_1_QUESTINFODATA_ACTIONS_0_TESTSUCCESSOUTCOME_OUTCOMETEXT,借助你的智力，每一个隐藏的陷阱都被轻易绕过了，你进入宝库并夺取灵石！
QUEST_BANDIT_4_1_QUESTINFODATA_ACTIONS_1_ACTIONTEXT,别管灵石—寻找更安全的小玩意。
QUEST_BANDIT_4_1_QUESTINFODATA_ACTIONS_1_DEFAULTOUTCOME_JOURNALTEXT,但看到失踪同伴的遗骨后，我们的英雄改变了主意。他们中断了搜寻，也算是明智之举。
QUEST_BANDIT_4_1_QUESTINFODATA_ACTIONS_1_DEFAULTOUTCOME_OUTCOMETEXT,你认为陷阱设在那里也许是有原因的。你中断了搜寻以探索兔窝。除了经验你一无所获。
QUEST_BANDIT_4_1_QUESTINFODATA_ACTIONS_2_ACTIONTEXT,"""那边！一面假墙。"""
QUEST_BANDIT_4_1_QUESTINFODATA_ACTIONS_2_DEFAULTOUTCOME_JOURNALTEXT,鼠族认为自己是狡猾、诡计多端的建造者。但是，即使它们这么狡猾，仍然愚弄不了探险家。
QUEST_BANDIT_4_1_QUESTINFODATA_ACTIONS_2_DEFAULTOUTCOME_OUTCOMETEXT,探险家比建造者更了解鼠窝。推一下，他就揭开一个秘密通道，一直通往宝藏隐藏的地方。
QUEST_BANDIT_4_1_QUESTINFODATA_ACTIONS_3_ACTIONTEXT,QUEST_BANDIT_4_1_QUESTINFODATA_ACTIONS_2_ACTIONTEXT
QUEST_BANDIT_4_1_QUESTINFODATA_ACTIONS_3_DEFAULTOUTCOME_JOURNALTEXT,QUEST_BANDIT_4_1_QUESTINFODATA_ACTIONS_2_DEFAULTOUTCOME_JOURNALTEXT
QUEST_BANDIT_4_1_QUESTINFODATA_ACTIONS_3_DEFAULTOUTCOME_OUTCOMETEXT,QUEST_BANDIT_4_1_QUESTINFODATA_ACTIONS_2_DEFAULTOUTCOME_OUTCOMETEXT
QUEST_BANDIT_4_1_QUESTINFODATA_ACTIONS_4_ACTIONTEXT,QUEST_BANDIT_4_1_QUESTINFODATA_ACTIONS_2_ACTIONTEXT
QUEST_BANDIT_4_1_QUESTINFODATA_ACTIONS_4_DEFAULTOUTCOME_JOURNALTEXT,QUEST_BANDIT_4_1_QUESTINFODATA_ACTIONS_2_DEFAULTOUTCOME_JOURNALTEXT
QUEST_BANDIT_4_1_QUESTINFODATA_ACTIONS_4_DEFAULTOUTCOME_OUTCOMETEXT,QUEST_BANDIT_4_1_QUESTINFODATA_ACTIONS_2_DEFAULTOUTCOME_OUTCOMETEXT
QUEST_BANDIT_4_1_QUESTINFODATA_ENCOUNTERTEXT,兔窝中回响着长期被遗忘的受害者的久远呼喊声。许多遗骨属于你的强盗同伙，他们在追寻灵石时失踪了。
QUEST_BANDIT_4_1_QUESTINFODATA_JOURNALENCOUNTERTEXT,但我们的英雄并没有被吓退！<hero_name>急忙奔赴而去，要夺取灵石，让失踪的同伴们安息。
QUEST_BANDIT_4_1_QUESTINFODATA_JOURNALRUMOURTEXT,我们的英雄听说一颗古老的灵石藏在一个被时间遗忘的鼠族巢穴中。许多强盗已命丧其中……
QUEST_BANDIT_4_1_QUESTINFODATA_RUMOURTEXT,我们得到些消息：一颗灵石在一座古老的鼠族巢穴里。不过我们已经为此折了不少好窃贼——都是陷阱之类。
QUEST_BANDIT_4_1_QUESTINFODATA_TITLE,巢穴中的灵石
QUEST_BANDIT_4_2_QUESTINFODATA_ACTIONS_0_ACTIONTEXT,谈判。拯救自己！
QUEST_BANDIT_4_2_QUESTINFODATA_ACTIONS_0_DEFAULTOUTCOME_JOURNALTEXT,<hero_name>试图说服首领与强盗结盟。但谈判告吹—刚好我们的英雄从树上掉下来。
QUEST_BANDIT_4_2_QUESTINFODATA_ACTIONS_0_DEFAULTOUTCOME_OUTCOMETEXT,你试图说服松鼠首领相信你是一个值得信赖的人，但他不相信—并将你推下树。
QUEST_BANDIT_4_2_QUESTINFODATA_ACTIONS_0_TESTSUCCESSOUTCOME_JOURNALTEXT,只有通过<hero_name>机智的谈判才能在强盗和松鼠部落之间缔结长期持久的联盟关系。
QUEST_BANDIT_4_2_QUESTINFODATA_ACTIONS_0_TESTSUCCESSOUTCOME_OUTCOMETEXT,你给松鼠首领一个令人信服的理由，他同意你的条件 - 甚至打出一张跟随者卡牌使交易更有诱惑力！
QUEST_BANDIT_4_2_QUESTINFODATA_ACTIONS_1_ACTIONTEXT,迅速放弃谈判。
QUEST_BANDIT_4_2_QUESTINFODATA_ACTIONS_1_DEFAULTOUTCOME_JOURNALTEXT,我们的英雄在很短的时间内意识到松鼠不会进行谈判。<hero_name>赶紧终止会谈，并逃走了。
QUEST_BANDIT_4_2_QUESTINFODATA_ACTIONS_1_DEFAULTOUTCOME_OUTCOMETEXT,你知道何时你是在浪费时间，而何时你的生命处于危险之中。这种情况下二者兼而有之 - 所以你打了退堂鼓。
QUEST_BANDIT_4_2_QUESTINFODATA_ACTIONS_2_ACTIONTEXT,升起皇家旗帜
QUEST_BANDIT_4_2_QUESTINFODATA_ACTIONS_2_DEFAULTOUTCOME_JOURNALTEXT,被我们英雄的坚韧打动，再加上他们对疯狂国王的愤慨，松鼠放走了 <hero_name>，并送给他一枚善意令牌。
QUEST_BANDIT_4_2_QUESTINFODATA_ACTIONS_2_DEFAULTOUTCOME_OUTCOMETEXT,"当你在国王标志上吐了一口唾沫时，松鼠们冷笑着，然后气喘吁吁地说：""你可能会恨我。但我打赌你更恨疯狂国王。"""
QUEST_BANDIT_4_2_QUESTINFODATA_ACTIONS_3_ACTIONTEXT,"""我们可以解决这个问题。"""
QUEST_BANDIT_4_2_QUESTINFODATA_ACTIONS_3_DEFAULTOUTCOME_JOURNALTEXT,<hero_name> 幸免于难。贸易者商量了释放以及合力对抗疯狂国王的事情。
QUEST_BANDIT_4_2_QUESTINFODATA_ACTIONS_3_DEFAULTOUTCOME_OUTCOMETEXT,"贸易者迈步向前，轻轻抬起爪子。""我确定你想要点什么东西。不需要流血。""松鼠的首领笑着。"
QUEST_BANDIT_4_2_QUESTINFODATA_ACTIONS_4_ACTIONTEXT,“金币。用自由换金币。”
QUEST_BANDIT_4_2_QUESTINFODATA_ACTIONS_4_DEFAULTOUTCOME_JOURNALTEXT,硬币大师说话了，但欲言又止。正是因为答应给金币，我们英雄的头才没落地，避免了遭受长矛的攻击。
QUEST_BANDIT_4_2_QUESTINFODATA_ACTIONS_4_DEFAULTOUTCOME_OUTCOMETEXT,你的硬币大师走上前来。他边谈判边拿你的性命和松鼠的贪婪对赌。贪婪赢了。感谢怀尔德。你安全了。
QUEST_BANDIT_4_2_QUESTINFODATA_ENCOUNTERTEXT,你被侍卫带到首领的小屋。在那里，他坚持你的头在长矛上比在你的肩膀上更有警告价值！
QUEST_BANDIT_4_2_QUESTINFODATA_JOURNALENCOUNTERTEXT,<hero_name>让自己被侍卫带到恼羞成怒的首领那里。我们的英雄处于严重的危险之中，被武器所包围。
QUEST_BANDIT_4_2_QUESTINFODATA_JOURNALRUMOURTEXT,我们的英雄听闻松鼠战士失落已久的部落隐藏在树林中。他们的技能可以帮助夺取王座！
QUEST_BANDIT_4_2_QUESTINFODATA_RUMOURTEXT,这些树林都很危险，我的朋友—但也因隐居着古代松鼠战士部落而享有盛名。他们可能会有所帮助！
QUEST_BANDIT_4_2_QUESTINFODATA_TITLE,树林的条约
QUEST_BANDIT_4_3_QUESTINFODATA_ACTIONS_0_ACTIONTEXT,"""这名旅行者在我的保护下。"""
QUEST_BANDIT_4_3_QUESTINFODATA_ACTIONS_0_DEFAULTOUTCOME_JOURNALTEXT,<hero_name>骗了三人组，说旅行者是在他们的保护之下。可悲的是这只会导致他们打劫我们的英雄！
QUEST_BANDIT_4_3_QUESTINFODATA_ACTIONS_0_DEFAULTOUTCOME_OUTCOMETEXT,你试图向三人组解释旅行者是在你的保护之下，但这只会导致他们把你打晕。哎呀。
QUEST_BANDIT_4_3_QUESTINFODATA_ACTIONS_0_TESTSUCCESSOUTCOME_JOURNALTEXT,我们的英雄说，旅行者处于强盗族的保护之下。窃贼逃跑了，而宝藏猎人提供了一个精致的奖励作为感谢。
QUEST_BANDIT_4_3_QUESTINFODATA_ACTIONS_0_TESTSUCCESSOUTCOME_OUTCOMETEXT,你告诉三人组旅行者与你是一起的，而他们明智地后退了。作为感谢，宝藏猎人为你提供了其收获的一部分！
QUEST_BANDIT_4_3_QUESTINFODATA_ACTIONS_1_ACTIONTEXT,别管旅行者。
QUEST_BANDIT_4_3_QUESTINFODATA_ACTIONS_1_DEFAULTOUTCOME_JOURNALTEXT,<hero_name>显然寡不敌众，退后了。旅行者会丧命，宝藏会被夺走。但我们的英雄安然脱身。
QUEST_BANDIT_4_3_QUESTINFODATA_ACTIONS_1_DEFAULTOUTCOME_OUTCOMETEXT,他们三人，而你独自一人。最好任其自然。当你走开时，你可以听到旅行者的尖叫在风中回荡。
QUEST_BANDIT_4_3_QUESTINFODATA_ACTIONS_2_ACTIONTEXT,拯救她！
QUEST_BANDIT_4_3_QUESTINFODATA_ACTIONS_2_DEFAULTOUTCOME_JOURNALTEXT,有了狮心胸甲赐予的盔甲，最终战胜了小偷。寻宝猎人和 <hero_name> 分掉了战利品。
QUEST_BANDIT_4_3_QUESTINFODATA_ACTIONS_2_DEFAULTOUTCOME_OUTCOMETEXT,狮心胸甲适时而出。战斗非常激烈，但是，每次你面对无法招架的攻击时，都有盔甲挡护。你最终获胜了。
QUEST_BANDIT_4_3_QUESTINFODATA_ACTIONS_3_ACTIONTEXT,砍倒他们
QUEST_BANDIT_4_3_QUESTINFODATA_ACTIONS_3_DEFAULTOUTCOME_JOURNALTEXT,受诅咒的钢铁。无可阻挡的黑暗力量。贝恩利剑是一把腐化武器，我们的英雄用它斩杀了窃贼。
QUEST_BANDIT_4_3_QUESTINFODATA_ACTIONS_3_DEFAULTOUTCOME_OUTCOMETEXT,你拔出贝恩利剑时小偷们的恐惧让你愉悦。你砍倒他们，然后和惊魂未定的旅行者分享了宝藏。
QUEST_BANDIT_4_3_QUESTINFODATA_ACTIONS_4_ACTIONTEXT,"""冲啊！"""
QUEST_BANDIT_4_3_QUESTINFODATA_ACTIONS_4_DEFAULTOUTCOME_JOURNALTEXT,作为一个残忍的小偷，问题是你迟早会找到一个更残忍的家伙。 <hero_name> 的狂战士就是如此。
QUEST_BANDIT_4_3_QUESTINFODATA_ACTIONS_4_DEFAULTOUTCOME_OUTCOMETEXT,你的狂战士怒吼着冲向小偷。那些没有分散开来的小偷在他猛烈的攻击下被压死了。
QUEST_BANDIT_4_3_QUESTINFODATA_ENCOUNTERTEXT,你循着传闻来到古老平原上的一片旷野；很快便发现宝藏猎人被三名杀人不眨眼的窃贼劫持了！
QUEST_BANDIT_4_3_QUESTINFODATA_JOURNALENCOUNTERTEXT,我们的英雄听到传闻，一个旅行者已经破解了谜题！但是恶棍三人组将她劫为人质！
QUEST_BANDIT_4_3_QUESTINFODATA_JOURNALRUMOURTEXT,很多代以前，猫族宝藏猎人菲辛拉在一个没有人能解决的谜题后面藏了一笔大宝藏。直到现在！
QUEST_BANDIT_4_3_QUESTINFODATA_RUMOURTEXT,听到传言说，旅行者终于破解了菲辛拉之谜，疯狂的宝藏猎人！也许你可以让其中的一部分重见天日？
QUEST_BANDIT_4_3_QUESTINFODATA_TITLE,菲辛拉的宝藏
QUEST_BANDIT_4_4_QUESTINFODATA_ACTIONS_0_ACTIONTEXT,解除这名狼族勇士的武装。
QUEST_BANDIT_4_4_QUESTINFODATA_ACTIONS_0_DEFAULTOUTCOME_JOURNALTEXT,我们的英雄本想试着让这名勇士带话回去——结果狼族把他们狠揍了一顿，迫使他们逃离。
QUEST_BANDIT_4_4_QUESTINFODATA_ACTIONS_0_DEFAULTOUTCOME_OUTCOMETEXT,你宁愿将这只小狗带着警告送回至国王，但他证明了一个最值得尊敬的对手。逃跑之前，输得很惨。
QUEST_BANDIT_4_4_QUESTINFODATA_ACTIONS_0_TESTSUCCESSOUTCOME_JOURNALTEXT,我们的英雄顷刻间便击败了这名勇士，然后让他带着简短的讯息爬回国王那里：“很快。”
QUEST_BANDIT_4_4_QUESTINFODATA_ACTIONS_0_TESTSUCCESSOUTCOME_OUTCOMETEXT,"技能磨练了一辈子的哨兵意味着没有任何机会。你解除他的武装，并让他带讯息给国王：""等着瞧。"""
QUEST_BANDIT_4_4_QUESTINFODATA_ACTIONS_1_ACTIONTEXT,就地斩杀这名森林哨兵。
QUEST_BANDIT_4_4_QUESTINFODATA_ACTIONS_1_DEFAULTOUTCOME_JOURNALTEXT,我们的英雄没空理会这些小障碍——国王自身的疯狂就已是够多的障碍！他们干掉了狼，继续前进。
QUEST_BANDIT_4_4_QUESTINFODATA_ACTIONS_1_DEFAULTOUTCOME_OUTCOMETEXT,这只狼仅仅是你前往国王道路上的另一个障碍—并且所有障碍都可以被克服。你干掉哨兵，继续前进。
QUEST_BANDIT_4_4_QUESTINFODATA_ACTIONS_2_ACTIONTEXT,“你抓不到我们两个！”
QUEST_BANDIT_4_4_QUESTINFODATA_ACTIONS_2_DEFAULTOUTCOME_JOURNALTEXT,狼并不是最聪明的生物。我们的英雄和聪明的傻瓜联手戏耍了他。他灰溜溜地失败而归。
QUEST_BANDIT_4_4_QUESTINFODATA_ACTIONS_2_DEFAULTOUTCOME_OUTCOMETEXT,你的傻瓜向左跑，你向右窜。蠢狼困惑迟疑地转来转去。你轻松甩掉了他，大笑不已。
QUEST_BANDIT_4_4_QUESTINFODATA_ACTIONS_3_ACTIONTEXT,迫使狼逃跑
QUEST_BANDIT_4_4_QUESTINFODATA_ACTIONS_3_DEFAULTOUTCOME_JOURNALTEXT,当我们的英雄用玩偶折磨它时，狼逐渐因痛苦而精神错乱起来。最后，它魂不守舍地跑掉了。我们的英雄得以自由通过。
QUEST_BANDIT_4_4_QUESTINFODATA_ACTIONS_3_DEFAULTOUTCOME_OUTCOMETEXT,你藏在附近的树丛里，让玩偶与那头狼相连。你一点一点地折磨它，直到它呜咽着逃走。
QUEST_BANDIT_4_4_QUESTINFODATA_ACTIONS_4_ACTIONTEXT,靠近并攻击
QUEST_BANDIT_4_4_QUESTINFODATA_ACTIONS_4_DEFAULTOUTCOME_JOURNALTEXT,皇家盾牌阻止了一次又一次的攻击。我们的英雄杀了狼。国王很快就要亲自和他们搏战了。
QUEST_BANDIT_4_4_QUESTINFODATA_ACTIONS_4_DEFAULTOUTCOME_OUTCOMETEXT,你把头藏在皇家盾牌后面，慢慢接近刺客。他的攻击很容易阻挡，在他跌跌撞撞的时候，你一举将其砍倒。
QUEST_BANDIT_4_4_QUESTINFODATA_ENCOUNTERTEXT,所说的狼族勇士原来是国王的代表。更确切地说，是一名被派来阻碍你通往王座之路的刺客。
QUEST_BANDIT_4_4_QUESTINFODATA_JOURNALENCOUNTERTEXT,战士似乎是宫廷的爪牙，被派往阻止<hero_name>靠近国王的王座！
QUEST_BANDIT_4_4_QUESTINFODATA_JOURNALRUMOURTEXT,一名奇怪的狼族勇士一直在强盗族保护下的附近树林里闹事。我们的英雄决定前去调查。
QUEST_BANDIT_4_4_QUESTINFODATA_RUMOURTEXT,我们保护的旅行者说，有一个狼族战士封锁了穿过树林的道路。你最好理清这个烂摊子。
QUEST_BANDIT_4_4_QUESTINFODATA_TITLE,森林哨兵
QUEST_BANDIT_4_5_QUESTINFODATA_ACTIONS_0_ACTIONTEXT,干掉四人组！
QUEST_BANDIT_4_5_QUESTINFODATA_ACTIONS_0_DEFAULTOUTCOME_JOURNALTEXT,我们的英雄不能袖手旁观，但他们的作战技能不敌四个杀手。我们的英雄勉强逃脱了。效忠者则没能逃脱。
QUEST_BANDIT_4_5_QUESTINFODATA_ACTIONS_0_DEFAULTOUTCOME_OUTCOMETEXT,你冲进刑讯室，但皇家刺客素以残暴闻名。你在逃走前添了一些新的伤疤。
QUEST_BANDIT_4_5_QUESTINFODATA_ACTIONS_0_TESTSUCCESSOUTCOME_JOURNALTEXT,我们的英雄冲进刑讯室，瞬间干掉所有四个刺客。幸运的是，效忠者还活着。
QUEST_BANDIT_4_5_QUESTINFODATA_ACTIONS_0_TESTSUCCESSOUTCOME_OUTCOMETEXT,你用剑说明来意，干掉四人组，并解救了在你的任务中提供帮助的可怜的效忠者！
QUEST_BANDIT_4_5_QUESTINFODATA_ACTIONS_1_ACTIONTEXT,从你的强盗同伙获取帮助。
QUEST_BANDIT_4_5_QUESTINFODATA_ACTIONS_1_DEFAULTOUTCOME_JOURNALTEXT,我们的英雄匆匆从强盗族获得援助，将刺客逼入角落，结果了他们的生命。但是，效忠者没有撑过去。
QUEST_BANDIT_4_5_QUESTINFODATA_ACTIONS_1_DEFAULTOUTCOME_OUTCOMETEXT,你跑回你的战友处，并要求他们帮助，但是当你返回时效忠者已经死了。至少，刺客为他们的罪行付出了代价。
QUEST_BANDIT_4_5_QUESTINFODATA_ACTIONS_2_ACTIONTEXT,"""我来救他！"""
QUEST_BANDIT_4_5_QUESTINFODATA_ACTIONS_2_DEFAULTOUTCOME_JOURNALTEXT,学徒的魔法差点杀了 <hero_name>。庆幸的是，它提供了释放忠诚者的保护，但同时也削弱了他。
QUEST_BANDIT_4_5_QUESTINFODATA_ACTIONS_2_DEFAULTOUTCOME_OUTCOMETEXT,"学徒念动法术，地牢里顿时满是令人窒息的薄雾。""哎哟。""你摇摇晃晃地通过地牢，释放了忠诚者。诅咒着。"
QUEST_BANDIT_4_5_QUESTINFODATA_ACTIONS_3_ACTIONTEXT,用月亮镰刀攻击
QUEST_BANDIT_4_5_QUESTINFODATA_ACTIONS_3_DEFAULTOUTCOME_JOURNALTEXT,多亏月亮镰刀的完美技艺，效忠者获救了。差一点就完美。一记失手的挥砍伤到了他们。他们无法加入我们的英雄了。
QUEST_BANDIT_4_5_QUESTINFODATA_ACTIONS_3_DEFAULTOUTCOME_OUTCOMETEXT,地牢里为密闭状态，这意味着谁都没有逃走的余地。你猛烈地施加弧形打击，将刺客打倒了。
QUEST_BANDIT_4_5_QUESTINFODATA_ACTIONS_4_ACTIONTEXT,冲啊！
QUEST_BANDIT_4_5_QUESTINFODATA_ACTIONS_4_DEFAULTOUTCOME_JOURNALTEXT,我们的英雄冲入战斗中，杀掉了国王的刺客。虽然他们有时间攻击忠诚者，但我们的英雄还拯救了一条性命。
QUEST_BANDIT_4_5_QUESTINFODATA_ACTIONS_4_DEFAULTOUTCOME_OUTCOMETEXT,英雄头盔挡住了一击，这一击差点击碎你的头骨。刺客倒下了，尽管他们有时间攻击忠诚者。
QUEST_BANDIT_4_5_QUESTINFODATA_ENCOUNTERTEXT,你循着一声孤独的尖叫下到地牢深处，发现四名皇家刺客正在折磨一名强盗族效忠者！
QUEST_BANDIT_4_5_QUESTINFODATA_JOURNALENCOUNTERTEXT,当我们的英雄赶到时，他们发现一个强盗族效忠者被四个疯狂的动物恨恨地折磨。
QUEST_BANDIT_4_5_QUESTINFODATA_JOURNALRUMOURTEXT,<hero_name>了解到皇家刺客四人组，也就是国王暴行的急先锋，龟缩在附近的地牢中。
QUEST_BANDIT_4_5_QUESTINFODATA_RUMOURTEXT,有一个距此有些路程的古老地牢，国王的皇家刺客将其用作一个基地。也许现在是解散他们的时候了？
QUEST_BANDIT_4_5_QUESTINFODATA_TITLE,邪恶四人组
QUEST_BANDIT_4_6_QUESTINFODATA_ACTIONS_0_ACTIONTEXT,干掉国王守卫并解救村子。
QUEST_BANDIT_4_6_QUESTINFODATA_ACTIONS_0_DEFAULTOUTCOME_JOURNALTEXT,我们的英雄试图通过武力解救村子，但士兵们在数量上胜过我们的英雄。受伤并奄奄一息地逃离了采石场。
QUEST_BANDIT_4_6_QUESTINFODATA_ACTIONS_0_DEFAULTOUTCOME_OUTCOMETEXT,你赶到采石场，一片刀光剑影。但是，国王守卫训练有素，并且十倍于你的数量。你带着重伤逃走了。
QUEST_BANDIT_4_6_QUESTINFODATA_ACTIONS_0_TESTSUCCESSOUTCOME_JOURNALTEXT,他们一跃向前，挥剑砍倒士兵，解救了可怜的镇民。<hero_name>证明了自己不愧是英雄！
QUEST_BANDIT_4_6_QUESTINFODATA_ACTIONS_0_TESTSUCCESSOUTCOME_OUTCOMETEXT,你快刀斩乱麻地砍倒士兵们，市民们甚至参与帮忙！终于获救了，他们给你精美的宝藏作为感谢。
QUEST_BANDIT_4_6_QUESTINFODATA_ACTIONS_1_ACTIONTEXT,帮助解放镇民。
QUEST_BANDIT_4_6_QUESTINFODATA_ACTIONS_1_DEFAULTOUTCOME_JOURNALTEXT,最好避免单枪匹马与士兵战斗——于是我们的英雄让镇民们起来战斗。许多人丧生，但士兵们逃走了！
QUEST_BANDIT_4_6_QUESTINFODATA_ACTIONS_1_DEFAULTOUTCOME_OUTCOMETEXT,你潜行避开士兵们，并帮助武装市民们进行反抗。接下来的战斗中伤亡惨重，而其余的士兵们逃走了。
QUEST_BANDIT_4_6_QUESTINFODATA_ACTIONS_2_ACTIONTEXT,"""烟幕应该会让他们逃脱！"""
QUEST_BANDIT_4_6_QUESTINFODATA_ACTIONS_2_DEFAULTOUTCOME_JOURNALTEXT,当囚犯穿过 <hero_name> 的咒法师施加的烟幕逃走时，守卫只能无助地看着。村民们得救了。
QUEST_BANDIT_4_6_QUESTINFODATA_ACTIONS_2_DEFAULTOUTCOME_OUTCOMETEXT,片刻的喃喃自语后，咒法师施加了一缕烟雾，烟雾在空气中爆炸起来。村民在混乱中成功逃离。
QUEST_BANDIT_4_6_QUESTINFODATA_ACTIONS_3_ACTIONTEXT,亮出皇家赦令
QUEST_BANDIT_4_6_QUESTINFODATA_ACTIONS_3_DEFAULTOUTCOME_JOURNALTEXT,皇家赦令让守卫无计可施。他们不情愿地放走了村民。村民们欢呼雀跃地抛起鹤嘴锄。
QUEST_BANDIT_4_6_QUESTINFODATA_ACTIONS_3_DEFAULTOUTCOME_OUTCOMETEXT,"你靠近时，守卫举起他们的武器。""这些是自由之兽！""你大喊道。守卫被迫放走了村民。"
QUEST_BANDIT_4_6_QUESTINFODATA_ENCOUNTERTEXT,你会发现村里没有市民—人人都在附近的一个采石场，在士兵们的监视下用镐辛苦劳作。
QUEST_BANDIT_4_6_QUESTINFODATA_JOURNALENCOUNTERTEXT,<hero_name>准备战斗，迅速行至村子的采石场。在那里，老少动物在士兵们的监督下辛苦劳作。
QUEST_BANDIT_4_6_QUESTINFODATA_JOURNALRUMOURTEXT,<hero_name>得知附近的严峻形势：一个村子被国王守卫奴役！我们的英雄能否从国王的疯狂中解救他们？
QUEST_BANDIT_4_6_QUESTINFODATA_RUMOURTEXT,附近的一个村子被迫由国王守卫奴役。他们乞求帮助—你没理由拒绝提供帮助。
QUEST_BANDIT_4_6_QUESTINFODATA_TITLE,围攻下的聚落
QUEST_BANDIT_4_7_QUESTINFODATA_ACTIONS_0_ACTIONTEXT,使用怀尔德作为你的盾牌。
QUEST_BANDIT_4_7_QUESTINFODATA_ACTIONS_0_DEFAULTOUTCOME_JOURNALTEXT,<hero_name>试图借助怀尔德击败贝恩，但怀尔德不愿伸出援手。我们的英雄在逃离时被腐化侵蚀。
QUEST_BANDIT_4_7_QUESTINFODATA_ACTIONS_0_DEFAULTOUTCOME_OUTCOMETEXT,你祈求怀尔德保护你……但毫无回应！逃离地牢时，你感到贝恩的腐蚀力量流过了身体。
QUEST_BANDIT_4_7_QUESTINFODATA_ACTIONS_0_TESTSUCCESSOUTCOME_JOURNALTEXT,<hero_name>举起一只手，怀尔德作出了回应。贝恩在一团壮丽的火球中爆炸，从那黑暗之地被永远涤除。
QUEST_BANDIT_4_7_QUESTINFODATA_ACTIONS_0_TESTSUCCESSOUTCOME_OUTCOMETEXT,你是怀尔德的代理人，而怀尔德是你在黑暗中的盾牌。贝恩在火球中爆炸，而你夺取了灵石。
QUEST_BANDIT_4_7_QUESTINFODATA_ACTIONS_1_ACTIONTEXT,与贝恩战斗！
QUEST_BANDIT_4_7_QUESTINFODATA_ACTIONS_1_DEFAULTOUTCOME_JOURNALTEXT,<hero_name>抽出他们的武器并干掉了贝恩。可惜的是，它的黑暗力量弄塌了古老的隧道，困住了里面的灵石。
QUEST_BANDIT_4_7_QUESTINFODATA_ACTIONS_1_DEFAULTOUTCOME_OUTCOMETEXT,你抽出自己的武器，并与贝恩战斗。当你干掉它时，隧道开始崩塌，迫使你逃离而没有拿到灵石。
QUEST_BANDIT_4_7_QUESTINFODATA_ACTIONS_2_ACTIONTEXT,“退后，可恶的怪物！”
QUEST_BANDIT_4_7_QUESTINFODATA_ACTIONS_2_DEFAULTOUTCOME_JOURNALTEXT,我们的英雄的术士将贝恩逼退了，避免了它去伤害<hero_name>。不幸的是，这个生物带着灵石一起逃跑了。
QUEST_BANDIT_4_7_QUESTINFODATA_ACTIONS_2_DEFAULTOUTCOME_OUTCOMETEXT,术士的话语回荡着腐化之力。贝恩吓坏了，尖叫着逃走，但带走了灵石。
QUEST_BANDIT_4_7_QUESTINFODATA_ACTIONS_3_ACTIONTEXT,举起怀尔德护符
QUEST_BANDIT_4_7_QUESTINFODATA_ACTIONS_3_DEFAULTOUTCOME_JOURNALTEXT,我们的英雄借助怀尔德护符的力量逼退了那只生物。它痛苦的哀嚎至今仍能在地牢中听到。
QUEST_BANDIT_4_7_QUESTINFODATA_ACTIONS_3_DEFAULTOUTCOME_OUTCOMETEXT,贝恩尖叫着，仿佛你举起的是太阳。它抓起灵石逃走了，但你感觉护身符的魔法更强大了。
QUEST_BANDIT_4_7_QUESTINFODATA_ACTIONS_4_ACTIONTEXT,吸收贝恩的力量
QUEST_BANDIT_4_7_QUESTINFODATA_ACTIONS_4_DEFAULTOUTCOME_JOURNALTEXT,贝恩的羽毛和皮像撕碎的布一样被卷入贝恩之爪。我们的英雄毫无愧疚。这头野兽罪有应得。
QUEST_BANDIT_4_7_QUESTINFODATA_ACTIONS_4_DEFAULTOUTCOME_OUTCOMETEXT,在你举起爪子时，贝恩四分五裂，它的力量被抽走。它赶在你完全吸收之前打碎了灵石。
QUEST_BANDIT_4_7_QUESTINFODATA_ENCOUNTERTEXT,你进入地牢，在早已丧命的探险者的累累白骨之间，你发现了灵石……和一只邪恶的贝恩！
QUEST_BANDIT_4_7_QUESTINFODATA_JOURNALENCOUNTERTEXT,于是我们的英雄冒险走进那些黑暗的大厅。在累累白骨之中，放着牧师的灵石。接着，一声刺耳的尖叫！贝恩！
QUEST_BANDIT_4_7_QUESTINFODATA_JOURNALRUMOURTEXT,<hero_name>听到一则传闻：一位熊族老牧师带着一颗灵石进入地牢……从此再无音讯！
QUEST_BANDIT_4_7_QUESTINFODATA_RUMOURTEXT,不久前，一位熊族牧师带着一颗灵石进了那座地牢。从此再没人见过他。也许灵石还在下面？
QUEST_BANDIT_4_7_QUESTINFODATA_TITLE,熊的贝恩
QUEST_BANDIT_4_8_QUESTINFODATA_ACTIONS_0_ACTIONTEXT,恳求怀尔德饶过这个可怜的灵魂。
QUEST_BANDIT_4_8_QUESTINFODATA_ACTIONS_0_DEFAULTOUTCOME_JOURNALTEXT,怀尔德肯定会帮助这个无辜的生物！唉，它没有，我们的英雄在被迫逃离前被腐化侵染了。
QUEST_BANDIT_4_8_QUESTINFODATA_ACTIONS_0_DEFAULTOUTCOME_OUTCOMETEXT,怀尔德似乎在嘲笑你这过分的要求，毫无反应，只是把那生物引到你面前。腐化攫住了你，你逃走了。
QUEST_BANDIT_4_8_QUESTINFODATA_ACTIONS_0_TESTSUCCESSOUTCOME_JOURNALTEXT,怀尔德肯定会帮助这个生物！治愈之光充满沼泽，涤除了黑暗，将旅行者从疯狂中解救出来。
QUEST_BANDIT_4_8_QUESTINFODATA_ACTIONS_0_TESTSUCCESSOUTCOME_OUTCOMETEXT,沼泽充满光芒，涤除了腐化，解除了旅行者的苦痛。他们松了口气，主动提出在你的任务中相助！
QUEST_BANDIT_4_8_QUESTINFODATA_ACTIONS_1_ACTIONTEXT,干掉那个动物。是时候了。
QUEST_BANDIT_4_8_QUESTINFODATA_ACTIONS_1_DEFAULTOUTCOME_JOURNALTEXT,我们的英雄意识到，他们已经无可挽救了。他们干掉了那只可怜的生物，它最后的尖叫成了痛苦与折磨的交响。
QUEST_BANDIT_4_8_QUESTINFODATA_ACTIONS_1_DEFAULTOUTCOME_OUTCOMETEXT,你接近那只生物，拔出了武器。战斗很快结束，可怜灵魂的痛苦嚎叫永远在你耳边回荡。
QUEST_BANDIT_4_8_QUESTINFODATA_ACTIONS_2_ACTIONTEXT,打倒野兽
QUEST_BANDIT_4_8_QUESTINFODATA_ACTIONS_2_DEFAULTOUTCOME_JOURNALTEXT,我们的英雄举起了手炮，结束了这只已堕落野兽的生命。<hero_name>掩埋了尸体，向它的灵魂致以最后的敬意。
QUEST_BANDIT_4_8_QUESTINFODATA_ACTIONS_2_DEFAULTOUTCOME_OUTCOMETEXT,手炮一发命中。野兽倒下时没有发出一点声音。腐化从倒下的尸体上渗出。
QUEST_BANDIT_4_8_QUESTINFODATA_ACTIONS_3_ACTIONTEXT,清除生物
QUEST_BANDIT_4_8_QUESTINFODATA_ACTIONS_3_DEFAULTOUTCOME_JOURNALTEXT,绿色火焰涤除了那只邪恶的野兽。怀尔德焰杖容不得邪恶在 <quest_tile> 逗留。
QUEST_BANDIT_4_8_QUESTINFODATA_ACTIONS_3_DEFAULTOUTCOME_OUTCOMETEXT,绿色火焰从怀尔德焰杖中喷出，烧尽了生物血肉中的腐化。它死去了。<quest_tile> 再无邪恶。
QUEST_BANDIT_4_8_QUESTINFODATA_ENCOUNTERTEXT,在这片阴郁的泥潭深处，你找到了腐化的源头——一个失踪的旅行者，灵力强大，却已堕落得无可挽救。
QUEST_BANDIT_4_8_QUESTINFODATA_JOURNALENCOUNTERTEXT,古老的沼泽中腐化涌动，如血液流过静脉。而在中心，一个可怜的旅行者站在那里，已被这邪恶力量堕落。
QUEST_BANDIT_4_8_QUESTINFODATA_JOURNALRUMOURTEXT,<hero_name>知道，在登上王座之前，必须遏止阿门罗的腐化。幸运的是，腐化的泉源已经找到。
QUEST_BANDIT_4_8_QUESTINFODATA_RUMOURTEXT,在去找国王之前，听说沼泽里有个腐化之泉，正滋养着这片土地的邪恶。做正确的事——毁掉它。
QUEST_BANDIT_4_8_QUESTINFODATA_TITLE,腐化的最深处
QUEST_BANDIT_4_9_QUESTINFODATA_ACTIONS_0_ACTIONTEXT,进入石环，并祈求祝福。
QUEST_BANDIT_4_9_QUESTINFODATA_ACTIONS_0_DEFAULTOUTCOME_JOURNALTEXT,我们的英雄踏入石环内，但除了疼痛一无所有。他们的精神被削弱，从石环中被驱离。
QUEST_BANDIT_4_9_QUESTINFODATA_ACTIONS_0_DEFAULTOUTCOME_OUTCOMETEXT,你一进入就感到虚弱。然后就是疼痛。在被迫离开石环之前，你甚至不能完成自己的请求。
QUEST_BANDIT_4_9_QUESTINFODATA_ACTIONS_0_TESTSUCCESSOUTCOME_JOURNALTEXT,我们的英雄走上前，怀尔德以一阵强大的治愈之光作出回应。就在石环的中央，有一件巨大的宝藏。
QUEST_BANDIT_4_9_QUESTINFODATA_ACTIONS_0_TESTSUCCESSOUTCOME_OUTCOMETEXT,你进入的那一刻，一股强大的暖意涌来——怀尔德认可了你的任务！一件巨大的宝藏在你眼前显现。
QUEST_BANDIT_4_9_QUESTINFODATA_ACTIONS_1_ACTIONTEXT,进入石环，并请求得到启示。
QUEST_BANDIT_4_9_QUESTINFODATA_ACTIONS_1_DEFAULTOUTCOME_JOURNALTEXT,我们的英雄深知不可向怀尔德索取恩惠，于是决定寻求建议。怀尔德作出了回应，赠予一份精神礼物。
QUEST_BANDIT_4_9_QUESTINFODATA_ACTIONS_1_DEFAULTOUTCOME_OUTCOMETEXT,你决定不要小饰物，而是请怀尔德帮助你参悟。它应允了，你离开时感觉自己更有智慧。
QUEST_BANDIT_4_9_QUESTINFODATA_ACTIONS_2_ACTIONTEXT,“有办法可以欺骗怀尔德。”
QUEST_BANDIT_4_9_QUESTINFODATA_ACTIONS_2_DEFAULTOUTCOME_JOURNALTEXT,陌生人深知怀尔德与腐化之道，也知道如何欺骗二者。我们的英雄多少得到了一点庇佑……
QUEST_BANDIT_4_9_QUESTINFODATA_ACTIONS_2_DEFAULTOUTCOME_OUTCOMETEXT,陌生人牵起你的爪子，与你一同走入。你们共同经受住了考验，各自得到一半庇佑。
QUEST_BANDIT_4_9_QUESTINFODATA_ENCOUNTERTEXT,你站在古老的石环前，感到怀尔德之力环绕四周。若想获得祝福，这里再合适不过。
QUEST_BANDIT_4_9_QUESTINFODATA_JOURNALENCOUNTERTEXT,于是他们来到一座石环，被一股阿门罗没有任何生灵能真正理解的古老力量所牵引。里面有什么在等待着他们？
QUEST_BANDIT_4_9_QUESTINFODATA_JOURNALRUMOURTEXT,<hero_name>知道在他们面临最终考验之前，从怀尔德的力量中获得祝福将是一个不错的主意。
QUEST_BANDIT_4_9_QUESTINFODATA_RUMOURTEXT,在你去追击国王之前，先从德鲁伊那里获得祝福也许是个好主意。或者怀尔德。或者，你懂的，任何能帮上忙的东西。
QUEST_BANDIT_4_9_QUESTINFODATA_TITLE,来自上面的礼物
QUEST_BANDIT_5_1_QUESTINFODATA_ACTIONS_0_ACTIONTEXT,撬开锁，进入城堡。
QUEST_BANDIT_5_1_QUESTINFODATA_ACTIONS_0_DEFAULTOUTCOME_JOURNALTEXT,我们英雄的偷窃技能与沃勒科精良的开锁工具相得益彰，而城堡的大门形同虚设。在前面，国王已等候多时。
QUEST_BANDIT_5_1_QUESTINFODATA_ACTIONS_0_DEFAULTOUTCOME_OUTCOMETEXT,锁芯弹子转动归位，却敌不过沃勒科的精湛工艺。大门开启，国王已等候多时。
QUEST_BANDIT_5_1_QUESTINFODATA_ENCOUNTERTEXT,你拿起制作精良的撬勾，结合间谍和强盗同伙收集的情报，迅速地找到紧锁的城堡大门。
QUEST_BANDIT_5_1_QUESTINFODATA_JOURNALENCOUNTERTEXT,我们的英雄拿起这个最精良的偷窃工具，迅速着手寻找到配得上它精湛工艺的锁：城堡大门。
QUEST_BANDIT_5_1_QUESTINFODATA_JOURNALRUMOURTEXT,最有名的强盗锁匠沃勒科，交给我们的英雄一个简单的松木盒。里面是：有史以来最精良的开锁工具。
QUEST_BANDIT_5_1_QUESTINFODATA_RUMOURTEXT,老沃勒科说，他终于做成了——完美的开锁工具！他要求见你...说它应该能让你进入城堡。
QUEST_BANDIT_5_1_QUESTINFODATA_TITLE,沃勒科的钥匙
QUEST_BEAR_1_1_QUESTINFODATA_ACTIONS_0_ACTIONTEXT,冲锋！
QUEST_BEAR_1_1_QUESTINFODATA_ACTIONS_0_DEFAULTOUTCOME_JOURNALTEXT,<hero_name> 发起了冲锋，准备战斗。但这挑战对他来说太过艰巨。他负伤被迫逃离。
QUEST_BEAR_1_1_QUESTINFODATA_ACTIONS_0_DEFAULTOUTCOME_OUTCOMETEXT,你向地牢进发。事后看来，你高估了自己的实力。贝恩跃起攻击，而你不得不拼命逃走。
QUEST_BEAR_1_1_QUESTINFODATA_ACTIONS_0_TESTSUCCESSOUTCOME_JOURNALTEXT,阿门罗的腐化野兽还未领教过<hero_name>的力量。我们的英雄斩杀了贝恩，这是诸多胜利中的头一场。
QUEST_BEAR_1_1_QUESTINFODATA_ACTIONS_0_TESTSUCCESSOUTCOME_OUTCOMETEXT,你刚踏入其中，贝恩便从暗影中扑出。你早有准备！你击倒了这只恶兽，随后离开。你有一份悬赏可以领取。
QUEST_BEAR_1_1_QUESTINFODATA_ACTIONS_1_ACTIONTEXT,封锁地牢
QUEST_BEAR_1_1_QUESTINFODATA_ACTIONS_1_DEFAULTOUTCOME_JOURNALTEXT,<hero_name>避开了野兽，而是把它锁在了地牢里面。安全和智慧胜过蛮力。未来统治者的明智选择。
QUEST_BEAR_1_1_QUESTINFODATA_ACTIONS_1_DEFAULTOUTCOME_OUTCOMETEXT,安全比悬赏更重要。你将贝恩封锁在地牢里。你不会让这个怪物继续祸害无辜的生命。
QUEST_BEAR_1_1_QUESTINFODATA_ENCOUNTERTEXT,你能从<quest_tile>的入口闻到腐化的气息。贝恩似乎盘踞已久。也许这有点自不量力。
QUEST_BEAR_1_1_QUESTINFODATA_JOURNALENCOUNTERTEXT,野兽显然已经在地牢里潜伏了许多时日。<hero_name>需要小心行事。
QUEST_BEAR_1_1_QUESTINFODATA_JOURNALRUMOURTEXT,<hero_name> 接下了一份猎杀躁动贝恩的悬赏。有一只格外危险的怪物正潜伏在 <quest_tile>。
QUEST_BEAR_1_1_QUESTINFODATA_RUMOURTEXT,游历的英雄可得悬赏：一颗灵石换一枚贝恩头骨。第一个目标就藏在附近的地牢里。
QUEST_BEAR_1_1_QUESTINFODATA_TITLE,古老之道
QUEST_BEAR_1_2_QUESTINFODATA_ACTIONS_0_ACTIONTEXT,攻击商队
QUEST_BEAR_1_2_QUESTINFODATA_ACTIONS_0_DEFAULTOUTCOME_JOURNALTEXT,奴隶贩子比 <hero_name> 预想的更强悍。虽胜犹败，囚犯车队还是逃脱了。我们英雄的初次失利令人挫败。
QUEST_BEAR_1_2_QUESTINFODATA_ACTIONS_0_DEFAULTOUTCOME_OUTCOMETEXT,士兵们冲了出来。商队溜走了。虽然你击退了鼠族的猛攻，但在战斗结束时囚犯都溜走了。
QUEST_BEAR_1_2_QUESTINFODATA_ACTIONS_0_TESTSUCCESSOUTCOME_JOURNALTEXT,速战速决。奴隶获得了自由，队伍里也加入了一个新伙伴，<hero_name>在他们的任务中迈出了坚实的第一步。
QUEST_BEAR_1_2_QUESTINFODATA_ACTIONS_0_TESTSUCCESSOUTCOME_OUTCOMETEXT,鼠族守卫根本不是训练有素的战士的对手。你将它们悉数击杀。囚徒们为你的名字欢呼。其中一人发誓追随你的事业，以表谢意。
QUEST_BEAR_1_2_QUESTINFODATA_ACTIONS_1_ACTIONTEXT,通知国王守卫
QUEST_BEAR_1_2_QUESTINFODATA_ACTIONS_1_DEFAULTOUTCOME_JOURNALTEXT,我们的英雄耐心等待时机，悄悄尾随商队穿越平原，然后召集国王守卫协助发起突袭。
QUEST_BEAR_1_2_QUESTINFODATA_ACTIONS_1_DEFAULTOUTCOME_OUTCOMETEXT,当商队夜间停下歇息时，你通知了最近聚落的守卫。他们和你一起冲入奴隶贩子的营地，释放了囚徒。
QUEST_BEAR_1_2_QUESTINFODATA_ENCOUNTERTEXT,目光扫过<quest_tile>一望无际的田野，你发现商队穿行在草丛中。是给这些奴隶贩子一些教训的时候了。
QUEST_BEAR_1_2_QUESTINFODATA_JOURNALENCOUNTERTEXT,我们的英雄发现这伙恶徒正押着商队穿越平原。是时候开始在阿门罗做出些改变了。
QUEST_BEAR_1_2_QUESTINFODATA_JOURNALRUMOURTEXT,奸诈的奴隶贩子在<quest_tile>转移囚犯。<hero_name>不能让他们的黑暗交易继续进行下去。
QUEST_BEAR_1_2_QUESTINFODATA_RUMOURTEXT,鼠族绑匪已经将他们的囚犯转移到阿门罗各处以卖作奴隶。
QUEST_BEAR_1_2_QUESTINFODATA_TITLE,鼠族之路
QUEST_BEAR_1_3_QUESTINFODATA_ACTIONS_0_ACTIONTEXT,干掉野兽！
QUEST_BEAR_1_3_QUESTINFODATA_ACTIONS_0_DEFAULTOUTCOME_JOURNALTEXT,野兽无心正面交战。它虚晃一爪便逃之夭夭。那伤口似乎有些不对劲。
QUEST_BEAR_1_3_QUESTINFODATA_ACTIONS_0_DEFAULTOUTCOME_OUTCOMETEXT,你转过身，大吼一声，并扫视树林。野兽一闪而过，并在消失之前用爪子划了你一下。伤口不大，但感觉疼痛。
QUEST_BEAR_1_3_QUESTINFODATA_ACTIONS_0_TESTSUCCESSOUTCOME_JOURNALTEXT,野兽被轻易地打败了。<hero_name>在他们的任务中迈出了第一步，并获得了一个可以炫耀的宝藏。
QUEST_BEAR_1_3_QUESTINFODATA_ACTIONS_0_TESTSUCCESSOUTCOME_OUTCOMETEXT,野兽就藏在身后树丛中。你发起冲锋时它尖啸出声。你一阵猛攻击倒了它。随后在附近的巢穴中找到了那件神器。
QUEST_BEAR_1_3_QUESTINFODATA_ACTIONS_1_ACTIONTEXT,吓跑野兽
QUEST_BEAR_1_3_QUESTINFODATA_ACTIONS_1_DEFAULTOUTCOME_JOURNALTEXT,直接面对这种动物很危险。<hero_name>逃进树林，保住性命，择日再战。
QUEST_BEAR_1_3_QUESTINFODATA_ACTIONS_1_DEFAULTOUTCOME_OUTCOMETEXT,你小心翼翼地与野兽交战。它惧怕真正的挑战，发出一声嘶鸣便逃之夭夭，还带走了它的宝藏。
QUEST_BEAR_1_3_QUESTINFODATA_ENCOUNTERTEXT,森林似乎比你记忆中更为茂密。你正强行穿过灌木丛，忽然浑身一僵——你感觉到那双眼睛正盯着你。
QUEST_BEAR_1_3_QUESTINFODATA_JOURNALENCOUNTERTEXT,当我们的英雄艰难地拨开茂密的森林枝叶时，感到腐化野兽冰冷的目光正从暗影中注视着他们。
QUEST_BEAR_1_3_QUESTINFODATA_JOURNALRUMOURTEXT,<hero_name>听过一只腐兽游走于<quest_tile>的传闻。据说它已杀死了一名携带宝藏的信使。
QUEST_BEAR_1_3_QUESTINFODATA_RUMOURTEXT,一名携带重磅神器的信使已被腐化野兽所杀。国王守卫宣布，击杀此兽者可以保留那件宝藏。
QUEST_BEAR_1_3_QUESTINFODATA_TITLE,凶蛮野兽
QUEST_BEAR_1_4_QUESTINFODATA_ACTIONS_0_ACTIONTEXT,架好绳索，攀上翘岩
QUEST_BEAR_1_4_QUESTINFODATA_ACTIONS_0_DEFAULTOUTCOME_JOURNALTEXT,我们的英雄的绳索经不住山上的重负。<hero_name>坠落下来，险些一头跌入峡谷。
QUEST_BEAR_1_4_QUESTINFODATA_ACTIONS_0_DEFAULTOUTCOME_OUTCOMETEXT,在上到翘岩的半路上，你的绳索断了。你抓住凸出的岩石，但石头滑下了山。永远失去了。
QUEST_BEAR_1_4_QUESTINFODATA_ACTIONS_0_TESTSUCCESSOUTCOME_JOURNALTEXT,攀登对<hero_name>来说毫不费力。我们的英雄尝到了第一场胜利的滋味。阿门罗的王座近在眼前。
QUEST_BEAR_1_4_QUESTINFODATA_ACTIONS_0_TESTSUCCESSOUTCOME_OUTCOMETEXT,一点一点，踩着松散的岩石，你把自己拖上翘岩，抓住了灵石。你顺着绳索荡下。完美。
QUEST_BEAR_1_4_QUESTINFODATA_ACTIONS_1_ACTIONTEXT,为其他熊标记地点
QUEST_BEAR_1_4_QUESTINFODATA_ACTIONS_1_DEFAULTOUTCOME_JOURNALTEXT,<hero_name>没能抓住那块石头，但统治者不能只图个人荣耀。我们的英雄为其他熊族标出了地点。
QUEST_BEAR_1_4_QUESTINFODATA_ACTIONS_1_DEFAULTOUTCOME_OUTCOMETEXT,这块石头可能已经不在你的掌控范围之内了，但如果你让它落入鼠族的手中你将罪该万死。你在地图上将地点标记给了其他熊。
QUEST_BEAR_1_4_QUESTINFODATA_ENCOUNTERTEXT,山中难得的平宁。你发现那块灵石正搁在深渊上方的一处翘岩之上，摇摇欲坠。这将是一场艰难的攀登。
QUEST_BEAR_1_4_QUESTINFODATA_JOURNALENCOUNTERTEXT,这一次，山上没有风暴肆虐。向上攀登很容易，但灵石本身需要一位经验丰富的登山者去拿取。
QUEST_BEAR_1_4_QUESTINFODATA_JOURNALRUMOURTEXT,<hero_name>听过关于一块古老而强大的灵石的传闻，就在<quest_tile>的高处。
QUEST_BEAR_1_4_QUESTINFODATA_RUMOURTEXT,有人在高耸的山峰上发现了灵石。任何有胆量攀登上去的熊都可以拥有它。
QUEST_BEAR_1_4_QUESTINFODATA_TITLE,高危陷阱
QUEST_BEAR_1_5_QUESTINFODATA_ACTIONS_0_ACTIONTEXT,调解争议
QUEST_BEAR_1_5_QUESTINFODATA_ACTIONS_0_DEFAULTOUTCOME_JOURNALTEXT,我们英雄的好意被利用了。陌生人跑开了，<hero_name>不得不和摊主解决自己的赔偿问题。
QUEST_BEAR_1_5_QUESTINFODATA_ACTIONS_0_DEFAULTOUTCOME_OUTCOMETEXT,你大喊一声。摊主瞥了一眼，而陌生人趁乱逃脱。你不得不赔偿打破的瓮缸。
QUEST_BEAR_1_5_QUESTINFODATA_ACTIONS_0_TESTSUCCESSOUTCOME_JOURNALTEXT,<hero_name>通过支付陌生人的赔款解决了这个小争吵。作为感谢，他们在我们英雄的任务中提供了援助。
QUEST_BEAR_1_5_QUESTINFODATA_ACTIONS_0_TESTSUCCESSOUTCOME_OUTCOMETEXT,在双方大打出手之前，你化解了形势。陌生人没有钱，并且如果你支付他们的赔偿就会加入你这一边。
QUEST_BEAR_1_5_QUESTINFODATA_ACTIONS_1_ACTIONTEXT,分开双方
QUEST_BEAR_1_5_QUESTINFODATA_ACTIONS_1_DEFAULTOUTCOME_JOURNALTEXT,我们的英雄在事态演变成暴力之前制止了它。腐化让阿门罗的居民变得易怒。
QUEST_BEAR_1_5_QUESTINFODATA_ACTIONS_1_DEFAULTOUTCOME_OUTCOMETEXT,你站在双方之间，并将他们分开。你命令他们走开点。不管是谁的错，暴力从来都不是解决办法。
QUEST_BEAR_1_5_QUESTINFODATA_ENCOUNTERTEXT,当你进入<quest_tile>集市时，你看到一个摊主与一名路人就一个打破的瓮缸进行着激烈的争吵。
QUEST_BEAR_1_5_QUESTINFODATA_JOURNALENCOUNTERTEXT,集市的各种声音充斥着<hero_name>的耳朵。摊主和路人之间爆发了激烈的争吵。
QUEST_BEAR_1_5_QUESTINFODATA_JOURNALRUMOURTEXT,<hero_name>开始了一段<quest_tile>之旅。那里的大集市有我们英雄完成任务所需的装备。
QUEST_BEAR_1_5_QUESTINFODATA_RUMOURTEXT,附近的一个村子举办了盛大的集市。你一定能够为自己的任务找到物资补给。
QUEST_BEAR_1_5_QUESTINFODATA_TITLE,有偿劳作
QUEST_BEAR_1_6_QUESTINFODATA_ACTIONS_0_ACTIONTEXT,选取一个具有文化意义的重要地点。
QUEST_BEAR_1_6_QUESTINFODATA_ACTIONS_0_DEFAULTOUTCOME_JOURNALTEXT,<hero_name> 搜寻他们知道的对鹿民非常重要的每一个场所，但几个小时后就放弃了。
QUEST_BEAR_1_6_QUESTINFODATA_ACTIONS_0_DEFAULTOUTCOME_OUTCOMETEXT,绞尽脑汁并检查你所知道的每一个重要场所。随后耗费数小时进行搜寻。一无所获。
QUEST_BEAR_1_6_QUESTINFODATA_ACTIONS_0_TESTSUCCESSOUTCOME_JOURNALTEXT,幸亏他们喜爱童话故事，<hero_name>发现了埋藏宝藏的地点，并挖了出来。
QUEST_BEAR_1_6_QUESTINFODATA_ACTIONS_0_TESTSUCCESSOUTCOME_OUTCOMETEXT,凭借着童话故事中关于一只流浪母鹿的线索，你来到附近的一条河流。埋在河岸，你找到了正在寻找的宝藏。
QUEST_BEAR_1_6_QUESTINFODATA_ACTIONS_1_ACTIONTEXT,搜寻古老的地区
QUEST_BEAR_1_6_QUESTINFODATA_ACTIONS_1_DEFAULTOUTCOME_JOURNALTEXT,遗憾的是，宝藏依旧下落不明。不过这一天的劳作让<hero_name>想起了自己遗忘的一段阿门罗历史。
QUEST_BEAR_1_6_QUESTINFODATA_ACTIONS_1_DEFAULTOUTCOME_OUTCOMETEXT,不放过任何希望。搜寻数小时后你放弃了。你决定今后多读读历史书籍。
QUEST_BEAR_1_6_QUESTINFODATA_ENCOUNTERTEXT,<quest_tile>似乎永无止境。没有宝藏下落的线索，也不知道从何处开始寻找。
QUEST_BEAR_1_6_QUESTINFODATA_JOURNALENCOUNTERTEXT,对<hero_name>而言，遗憾的是，<quest_tile>草原绵延数英里，没有关于宝藏可能所在地的任何线索。
QUEST_BEAR_1_6_QUESTINFODATA_JOURNALRUMOURTEXT,<hero_name>听过一个传说，很多年前，<quest_tile>的传奇宝藏被奇怪的鹿族藏了起来。
QUEST_BEAR_1_6_QUESTINFODATA_RUMOURTEXT,故事讲述了一笔被埋藏的宝藏，很多年前被游牧的鹿族德鲁伊藏了起来。这将在篡夺疯狂国王王位的过程中非常有用。
QUEST_BEAR_1_6_QUESTINFODATA_TITLE,埋藏的宝藏
QUEST_BEAR_1_7_QUESTINFODATA_ACTIONS_0_ACTIONTEXT,让幻象演完。
QUEST_BEAR_1_7_QUESTINFODATA_ACTIONS_0_DEFAULTOUTCOME_JOURNALTEXT,前景一片黯淡。<hero_name>的任务似乎受到了诅咒。我们的英雄是否会屈服于可怕的预测？
QUEST_BEAR_1_7_QUESTINFODATA_ACTIONS_0_DEFAULTOUTCOME_OUTCOMETEXT,画面一闪而过。疯狂国王坐在王座上。土地被腐化控制着。痛苦。死亡。你瘫倒下来。颤抖着。这不是什么好兆头。
QUEST_BEAR_1_7_QUESTINFODATA_ACTIONS_0_TESTSUCCESSOUTCOME_JOURNALTEXT,<hero_name>的旅程显然受到了怀尔德的祝福。幻象消散时，他们得到了一份赠礼。
QUEST_BEAR_1_7_QUESTINFODATA_ACTIONS_0_TESTSUCCESSOUTCOME_OUTCOMETEXT,幻象展现的是艰辛与险境，但旅程尽头有一线安宁的机会。你感到一枚灵石的寒意出现在手中。
QUEST_BEAR_1_7_QUESTINFODATA_ACTIONS_1_ACTIONTEXT,闭上眼睛，无视那幻象。
QUEST_BEAR_1_7_QUESTINFODATA_ACTIONS_1_DEFAULTOUTCOME_JOURNALTEXT,<hero_name>不愿受怀尔德善变之手的摆布，拒绝了幻象。王座在等待，没有时间为软弱停留。
QUEST_BEAR_1_7_QUESTINFODATA_ACTIONS_1_DEFAULTOUTCOME_OUTCOMETEXT,带着痛苦和软弱踏上旅程可不是好事。你闭上眼睛，把幻象从脑海中驱走。你要走自己的路。
QUEST_BEAR_1_7_QUESTINFODATA_ENCOUNTERTEXT,你跪倒在古老的石环前，为前方的旅程祈求指引。你的双眼蒙上迷雾。一幅痛苦的幻象浮现。
QUEST_BEAR_1_7_QUESTINFODATA_JOURNALENCOUNTERTEXT,灵石们回应了<hero_name>的祈祷，赐予我们的英雄一幅奇异的幻象。
QUEST_BEAR_1_7_QUESTINFODATA_JOURNALRUMOURTEXT,在我们的英雄启程之前，<hero_name>决定前往<quest_tile>向怀尔德祈祷。
QUEST_BEAR_1_7_QUESTINFODATA_RUMOURTEXT,按照传统，阿门罗人在踏上任何重大旅程之前，都要先到石环祈祷。
QUEST_BEAR_1_7_QUESTINFODATA_TITLE,正确的道路
QUEST_BEAR_1_8_QUESTINFODATA_ACTIONS_0_ACTIONTEXT,伸手探入池水
QUEST_BEAR_1_8_QUESTINFODATA_ACTIONS_0_DEFAULTOUTCOME_JOURNALTEXT,怀尔德之池判定<hero_name>有所欠缺，耗尽了他们的力量。这是任务的凶兆。
QUEST_BEAR_1_8_QUESTINFODATA_ACTIONS_0_DEFAULTOUTCOME_OUTCOMETEXT,冰冷，刺骨的冰冷。寒意顺着手臂直窜上来。你猛然缩手。一个可怕的声音在空中回荡：评判不佳。你感到虚弱。
QUEST_BEAR_1_8_QUESTINFODATA_ACTIONS_0_TESTSUCCESSOUTCOME_JOURNALTEXT,怀尔德之池判定<hero_name>当之无愧，赠予他们一件宝物。这是夺位之旅坚实的第一步。
QUEST_BEAR_1_8_QUESTINFODATA_ACTIONS_0_TESTSUCCESSOUTCOME_OUTCOMETEXT,温暖，幸福的温暖。池水舒缓着你的身体。你的手握住了什么东西。你把它取了出来。一件宝物！
QUEST_BEAR_1_8_QUESTINFODATA_ACTIONS_1_ACTIONTEXT,进行祈祷，然后离开
QUEST_BEAR_1_8_QUESTINFODATA_ACTIONS_1_DEFAULTOUTCOME_JOURNALTEXT,<hero_name>不愿用琐碎的问题打扰怀尔德，只献上了祈祷。也许他们会在旅程结束时再来。
QUEST_BEAR_1_8_QUESTINFODATA_ACTIONS_1_DEFAULTOUTCOME_OUTCOMETEXT,<hero_name>毕恭毕敬。当还有很多任务要完成时，接受裁决是冒昧的。
QUEST_BEAR_1_8_QUESTINFODATA_ENCOUNTERTEXT,怀尔德之池静卧于此，平静的水面闪闪发光。想要接受审判，只需伸手探入。疑虑涌上心头。值得冒这个险吗？
QUEST_BEAR_1_8_QUESTINFODATA_JOURNALENCOUNTERTEXT,<hero_name>来到了怀尔德之池。清凉的池水召唤着我们的英雄。但他们心中充满疑虑。
QUEST_BEAR_1_8_QUESTINFODATA_JOURNALRUMOURTEXT,<hero_name>向<quest_tile>进发。林中据说有一座神圣池水，会用宝藏赐福有资格之人。
QUEST_BEAR_1_8_QUESTINFODATA_RUMOURTEXT,据说森林深处有一座神秘的怀尔德之池，会将宝藏赠予当之无愧的英雄。
QUEST_BEAR_1_8_QUESTINFODATA_TITLE,怀尔德之池
QUEST_BEAR_1_9_QUESTINFODATA_ACTIONS_0_ACTIONTEXT,恢复他们对怀尔德的信仰
QUEST_BEAR_1_9_QUESTINFODATA_ACTIONS_0_DEFAULTOUTCOME_JOURNALTEXT,异教徒们根本不听。也许<hero_name>对阿门罗期望过高。腐化已给居民造成了可怕的伤害。
QUEST_BEAR_1_9_QUESTINFODATA_ACTIONS_0_DEFAULTOUTCOME_OUTCOMETEXT,你上前传讲怀尔德之道。异端们大笑。连你都觉得言语苍白。你离开时，匪徒们一片嘲讽。
QUEST_BEAR_1_9_QUESTINFODATA_ACTIONS_0_TESTSUCCESSOUTCOME_JOURNALTEXT,虽然<hero_name>的话语似乎被置若罔闻，但是一名异教徒离开了，并且发誓效忠于我们的英雄。
QUEST_BEAR_1_9_QUESTINFODATA_ACTIONS_0_TESTSUCCESSOUTCOME_OUTCOMETEXT,大部分的异教徒都不愿意听，但其中一位似乎起了疑心。那天晚上，皈依者悄悄离开了，并发誓效忠你。
QUEST_BEAR_1_9_QUESTINFODATA_ACTIONS_1_ACTIONTEXT,召怀尔德之力降于营地
QUEST_BEAR_1_9_QUESTINFODATA_ACTIONS_1_DEFAULTOUTCOME_JOURNALTEXT,<hero_name>不会容忍异端。我们的英雄撕裂了异教徒的营地，展示了怀尔德的威力。
QUEST_BEAR_1_9_QUESTINFODATA_ACTIONS_1_DEFAULTOUTCOME_OUTCOMETEXT,虚假的魔法和诡计在真正的怀尔德面前毫无力量。你释放怀尔德之怒，摧毁了营地。
QUEST_BEAR_1_9_QUESTINFODATA_ENCOUNTERTEXT,到达<quest_tile>深处之后，你偶然发现了隐藏在雾气中的整个队伍的营地。
QUEST_BEAR_1_9_QUESTINFODATA_JOURNALENCOUNTERTEXT,异教徒隐藏在<quest_tile>深处。<hero_name>发现了他们的营地，并做好了准备。
QUEST_BEAR_1_9_QUESTINFODATA_JOURNALRUMOURTEXT,<hero_name>听闻有一伙异端在摆弄扭曲怀尔德的魔法。正是这种背叛在散播腐化。
QUEST_BEAR_1_9_QUESTINFODATA_RUMOURTEXT,一伙异端背弃了怀尔德。他们躲在附近的森林里，用黑暗的腐化魔法获取力量。
QUEST_BEAR_1_9_QUESTINFODATA_TITLE,异教徒
QUEST_BEAR_2_10_QUESTINFODATA_ACTIONS_0_ACTIONTEXT,与怀尔德合力。
QUEST_BEAR_2_10_QUESTINFODATA_ACTIONS_0_DEFAULTOUTCOME_JOURNALTEXT,我们的英雄竭尽所能，依靠怀尔德的支援，但魔法太过强大。从此再无人见过那位法师。
QUEST_BEAR_2_10_QUESTINFODATA_ACTIONS_0_DEFAULTOUTCOME_OUTCOMETEXT,你鼓起力量，借着怀尔德治愈的呼唤支撑自己。但魔法太过强大，你只得在失败中罢手。
QUEST_BEAR_2_10_QUESTINFODATA_ACTIONS_0_TESTSUCCESSOUTCOME_JOURNALTEXT,我们的英雄轻松摧毁了魔法屏障，救出了被困的法师。腐化再也无法干预这位强大的法师了！
QUEST_BEAR_2_10_QUESTINFODATA_ACTIONS_0_TESTSUCCESSOUTCOME_OUTCOMETEXT,你以惊人的力量摧毁屏障，救出了感激不尽的法师。腐化教徒因惧怕他的力量而将他困住。
QUEST_BEAR_2_10_QUESTINFODATA_ACTIONS_1_ACTIONTEXT,寻找熊族的同伴成员以获得援助。
QUEST_BEAR_2_10_QUESTINFODATA_ACTIONS_1_DEFAULTOUTCOME_JOURNALTEXT,而我们的英雄转向熊族中的其他人以寻求援助。遗憾的是，他们的行动速度太慢，导致了法师不幸离世。
QUEST_BEAR_2_10_QUESTINFODATA_ACTIONS_1_DEFAULTOUTCOME_OUTCOMETEXT,你离开法师的家并搜寻熊族同胞的追随者 - 不幸的是，当摧毁屏障时，法师死了。
QUEST_BEAR_2_10_QUESTINFODATA_ACTIONS_2_ACTIONTEXT,怀尔德焰杖闪着奇异的光……
QUEST_BEAR_2_10_QUESTINFODATA_ACTIONS_2_DEFAULTOUTCOME_JOURNALTEXT,<hero_name>将古老法杖抵向屏障，垂死的腐化发出尖啸响彻空中。法师获救了，我们的英雄胜利了！
QUEST_BEAR_2_10_QUESTINFODATA_ACTIONS_2_DEFAULTOUTCOME_OUTCOMETEXT,你高举法杖，其奥术魔法将法师从卑劣的魔法中解救出来。腐化教徒绝非怀尔德的对手！
QUEST_BEAR_2_10_QUESTINFODATA_ACTIONS_3_ACTIONTEXT,"""这些东西对我不起作用。"""
QUEST_BEAR_2_10_QUESTINFODATA_ACTIONS_3_DEFAULTOUTCOME_JOURNALTEXT,陌生人前去援助我们的英雄，并帮助被困巫师从他施加了魔法的监狱中逃离。背叛之战停止了，法师也安全了。
QUEST_BEAR_2_10_QUESTINFODATA_ACTIONS_3_DEFAULTOUTCOME_OUTCOMETEXT,陌生人通过障碍物，眼睛瞪得大大的。你惊讶地凝视着。他能帮助法师，并且还和你一起分掉了奖励。
QUEST_BEAR_2_10_QUESTINFODATA_ACTIONS_4_ACTIONTEXT,借助腐化之力破开屏障
QUEST_BEAR_2_10_QUESTINFODATA_ACTIONS_4_DEFAULTOUTCOME_JOURNALTEXT,<hero_name>被迫借助腐化的力量解救被困的法师。乌鸦嘴匕首击碎了那道奇异的屏障。
QUEST_BEAR_2_10_QUESTINFODATA_ACTIONS_4_DEFAULTOUTCOME_OUTCOMETEXT,你从鞘中抽出乌鸦嘴匕首，刺向屏障。它在耀眼的光芒中碎裂。法师自由了。
QUEST_BEAR_2_10_QUESTINFODATA_ENCOUNTERTEXT,一群人聚集在房子外，一面发着绿光的墙挡住了所有通路。摧毁它，光靠召唤怀尔德可不够。
QUEST_BEAR_2_10_QUESTINFODATA_JOURNALENCOUNTERTEXT,<hero_name>仔细观察着那道怪墙，意识到仅凭怀尔德的一个法术不足以将它驱散。
QUEST_BEAR_2_10_QUESTINFODATA_JOURNALRUMOURTEXT,紧急消息传来 - 一名忠诚的熊族法师被一些由邪恶魔法召唤出的魔法屏障困在他的家中。
QUEST_BEAR_2_10_QUESTINFODATA_RUMOURTEXT,一名熊族的忠诚法师身陷致命的危险之中！他的家被一些魔法屏障罩住了 - 你一定要帮他！
QUEST_BEAR_2_10_QUESTINFODATA_TITLE,横亘之墙
QUEST_BEAR_2_11_QUESTINFODATA_ACTIONS_0_ACTIONTEXT,将锁链破开。让他们感到意外！
QUEST_BEAR_2_11_QUESTINFODATA_ACTIONS_0_DEFAULTOUTCOME_JOURNALTEXT,我们的英雄奋力想打断锁链，却无济于事。通过邪恶的仪式，<hero_name>很快领教了腐化的邪恶。
QUEST_BEAR_2_11_QUESTINFODATA_ACTIONS_0_DEFAULTOUTCOME_OUTCOMETEXT,你拉扯锁链，但它太结实拉不断。教徒们释放了你，但那是在仪式让你染上腐化之后。
QUEST_BEAR_2_11_QUESTINFODATA_ACTIONS_0_TESTSUCCESSOUTCOME_JOURNALTEXT,<hero_name>将锁链扯断，使教徒们陷入恐惧的尖叫之中。我们的英雄释放了他们的刑讯者，永远结束了仪式。
QUEST_BEAR_2_11_QUESTINFODATA_ACTIONS_0_TESTSUCCESSOUTCOME_OUTCOMETEXT,借助熊族的力量，锁链被解开。你释放了其他囚犯，在这个过程中获得了宝贵的盟友！
QUEST_BEAR_2_11_QUESTINFODATA_ACTIONS_1_ACTIONTEXT,趁教徒们分心时悄悄溜走。
QUEST_BEAR_2_11_QUESTINFODATA_ACTIONS_1_DEFAULTOUTCOME_JOURNALTEXT,当无数的无辜者陷入在劫难逃时，<hero_name>静观其变。逃跑很容易，但代价很高。代价高昂。
QUEST_BEAR_2_11_QUESTINFODATA_ACTIONS_1_DEFAULTOUTCOME_OUTCOMETEXT,当教徒们将无数的无辜者拖入劫难时，你等待着时机。你趁人不备溜走，但狂热的崇拜仍然在继续。
QUEST_BEAR_2_11_QUESTINFODATA_ACTIONS_2_ACTIONTEXT,"""不要动。让我来帮助你！"""
QUEST_BEAR_2_11_QUESTINFODATA_ACTIONS_2_DEFAULTOUTCOME_JOURNALTEXT,利用一些准备好的招数，<hero_name> 的咒法师解救了我们的英雄。他们一起打倒捕获者，逃走了。
QUEST_BEAR_2_11_QUESTINFODATA_ACTIONS_2_DEFAULTOUTCOME_OUTCOMETEXT,咒法师轻声细语。魔法在空中发出爆裂声。你的枷锁打开了。你开始攻击！击打你的捕获者，然后逃离，最终获得了自由。
QUEST_BEAR_2_11_QUESTINFODATA_ACTIONS_3_ACTIONTEXT,"""嘘！在这里！"""
QUEST_BEAR_2_11_QUESTINFODATA_ACTIONS_3_DEFAULTOUTCOME_JOURNALTEXT,忠实的护卫来援助 <hero_name>，然后英雄和护卫逃离了危险的深处，离开了他们恶毒的捕获者！
QUEST_BEAR_2_11_QUESTINFODATA_ACTIONS_3_DEFAULTOUTCOME_OUTCOMETEXT,你忠实的护卫从你的捕获者那里逃走后，悄悄溜过去放了你。你们一起逃离了深处，并拖着纪念品！
QUEST_BEAR_2_11_QUESTINFODATA_ACTIONS_4_ACTIONTEXT,"""释放我们是值得的……"""
QUEST_BEAR_2_11_QUESTINFODATA_ACTIONS_4_DEFAULTOUTCOME_JOURNALTEXT,靠着谎言和空洞的承诺，我们英雄的商人说服腐化教徒放了他们。好几周后把戏才被识破。
QUEST_BEAR_2_11_QUESTINFODATA_ACTIONS_4_DEFAULTOUTCOME_OUTCOMETEXT,当你的商人开口说话时，腐化邪教的成员们凑近过来。他许诺着你明知他没有的货物，换得了你们的释放。
QUEST_BEAR_2_11_QUESTINFODATA_ENCOUNTERTEXT,在你进入的那一刻，教徒们伏击了你！你被锁链重重困住，由他们带入地下深处。
QUEST_BEAR_2_11_QUESTINFODATA_JOURNALENCOUNTERTEXT,不幸的是，教徒们早已知道<hero_name>要来！他们突袭了我们的英雄，用锁链捆住了唯一能阻止他们的人。
QUEST_BEAR_2_11_QUESTINFODATA_JOURNALRUMOURTEXT,我们的英雄深知这次任务至关重要：绝不能让崇拜腐化的邪教在阿门罗壮大！必须阻止他们。
QUEST_BEAR_2_11_QUESTINFODATA_RUMOURTEXT,有传言说，崇拜腐化的邪教已经在这个古老的地牢中生根发芽。去终结他们邪恶的行径！
QUEST_BEAR_2_11_QUESTINFODATA_TITLE,束缚之链
QUEST_BEAR_2_12_QUESTINFODATA_ACTIONS_0_ACTIONTEXT,在小偷出现前协助老鼠。
QUEST_BEAR_2_12_QUESTINFODATA_ACTIONS_0_DEFAULTOUTCOME_JOURNALTEXT,宝藏，呃，毫无进展。<hero_name>试图进行帮助，但实在是力不从心！而寻宝者对手很快占有了它！
QUEST_BEAR_2_12_QUESTINFODATA_ACTIONS_0_DEFAULTOUTCOME_OUTCOMETEXT,可悲的是，你没有足够强大的力量将宝藏拖动到其他地方。你的路迅速被寻宝者对手封锁，而你被迫逃离。
QUEST_BEAR_2_12_QUESTINFODATA_ACTIONS_0_TESTSUCCESSOUTCOME_JOURNALTEXT,<hero_name>轻松掠走了盛大的宝藏，与勇敢的鼠族进行了分享。熊族传世宝藏回来了！
QUEST_BEAR_2_12_QUESTINFODATA_ACTIONS_0_TESTSUCCESSOUTCOME_OUTCOMETEXT,借助你的超群实力，你带着宝藏逃脱了。甚至与鼠族进行了分享，你取回了熊族传世宝藏作为奖励！
QUEST_BEAR_2_12_QUESTINFODATA_ACTIONS_1_ACTIONTEXT,与鼠族翻脸。
QUEST_BEAR_2_12_QUESTINFODATA_ACTIONS_1_DEFAULTOUTCOME_JOURNALTEXT,<hero_name>绝不会瓜分熊族的传世宝藏！可悲的是，当我们的英雄驱赶鼠族时，强盗对手偷走了大宝藏！
QUEST_BEAR_2_12_QUESTINFODATA_ACTIONS_1_DEFAULTOUTCOME_OUTCOMETEXT,为什么要瓜分熊族的宝藏？你赶走了鼠族，回来时却发现战利品已被一伙寻宝对手偷走。
QUEST_BEAR_2_12_QUESTINFODATA_ACTIONS_2_ACTIONTEXT,"""重物？我相信我可以处理它！"""
QUEST_BEAR_2_12_QUESTINFODATA_ACTIONS_2_DEFAULTOUTCOME_JOURNALTEXT,<hero_name> 忠诚的铁匠举起宝藏，就像举起锻造的铁锤一般轻松。三个同行者分掉了战利品，并继续他们的快乐之旅。
QUEST_BEAR_2_12_QUESTINFODATA_ACTIONS_2_DEFAULTOUTCOME_OUTCOMETEXT,铁匠很轻松地举起重重的宝箱，把它带到安全的地方。你们三个公平地分掉了宝藏。
QUEST_BEAR_2_12_QUESTINFODATA_ACTIONS_3_ACTIONTEXT,"""跟着这头野兽！"""
QUEST_BEAR_2_12_QUESTINFODATA_ACTIONS_3_DEFAULTOUTCOME_JOURNALTEXT,这头麋鹿还没有神奇到不需要睡觉和喝水。在间谍大师的帮助下，我们的英雄追着这头野兽，来到它位于河畔的家园。
QUEST_BEAR_2_12_QUESTINFODATA_ACTIONS_3_DEFAULTOUTCOME_OUTCOMETEXT,麋鹿跑着。你跟在间谍大师后面。你发现，这个生物在一个奇怪的池塘边睡着了。喝点池塘里的水会让你充满力量。
QUEST_BEAR_2_12_QUESTINFODATA_ENCOUNTERTEXT,你赶到时，发现一只小老鼠拼命试图从破旧的大篷车上拖走一个大宝箱。他进展不顺利。
QUEST_BEAR_2_12_QUESTINFODATA_JOURNALENCOUNTERTEXT,<hero_name>发现了一只小老鼠爪子中的宝藏，虽然矮小的动物似乎无法将箱子拖动到任何地方。
QUEST_BEAR_2_12_QUESTINFODATA_JOURNALRUMOURTEXT,熊族的大宝藏已经被偷了，但<hero_name>决心将其找回来！我们的英雄会及时找到吗？
QUEST_BEAR_2_12_QUESTINFODATA_RUMOURTEXT,前阵子一件古老的熊族宝藏不翼而飞。好吧，你猜怎么着？有传言称一帮寻宝者在附近发现了它。
QUEST_BEAR_2_12_QUESTINFODATA_TITLE,拾荒者之权
QUEST_BEAR_2_1_QUESTINFODATA_ACTIONS_0_ACTIONTEXT,稳住并等待最佳时机……
QUEST_BEAR_2_1_QUESTINFODATA_ACTIONS_0_DEFAULTOUTCOME_JOURNALTEXT,一场短暂搏斗后，<hero_name>击败了<quest_tile>的杀手，但他们也并非毫发无损。
QUEST_BEAR_2_1_QUESTINFODATA_ACTIONS_0_DEFAULTOUTCOME_OUTCOMETEXT,你试图坚守自己的阵地，但疯狂杀手飘忽不定的步伐让你猝不及防。你取得了胜利，但受了伤。
QUEST_BEAR_2_1_QUESTINFODATA_ACTIONS_0_TESTSUCCESSOUTCOME_JOURNALTEXT,但是，<hero_name>没有浪费时间去将他们击倒。这些石头洁净后，不错的<test_reward>加入了<hero_name>的冒险。
QUEST_BEAR_2_1_QUESTINFODATA_ACTIONS_0_TESTSUCCESSOUTCOME_OUTCOMETEXT,你的攻击时机恰到好处，斩杀了疯狂杀手。一名陌生人走来，为你替其逝去同伴复仇而宣誓效忠。
QUEST_BEAR_2_1_QUESTINFODATA_ACTIONS_1_ACTIONTEXT,冲锋！
QUEST_BEAR_2_1_QUESTINFODATA_ACTIONS_1_DEFAULTOUTCOME_JOURNALTEXT,<hero_name>猛然发起冲锋，熊族的雄伟力量如雨点般砸向疯狂杀手，将那污秽彻底碾碎。
QUEST_BEAR_2_1_QUESTINFODATA_ACTIONS_1_DEFAULTOUTCOME_OUTCOMETEXT,你冲了过去 - 虽然杀手很灵活，但他们在纯力量和体型方面不如成年熊族。很少是这样。
QUEST_BEAR_2_1_QUESTINFODATA_ACTIONS_2_ACTIONTEXT,贝恩的利剑闪着光
QUEST_BEAR_2_1_QUESTINFODATA_ACTIONS_2_DEFAULTOUTCOME_JOURNALTEXT,贝恩的利剑砍倒了疯子。<hero_name> 开始不安。利剑的力量真的值得拥有它所掌握的黑暗吗？
QUEST_BEAR_2_1_QUESTINFODATA_ACTIONS_2_DEFAULTOUTCOME_OUTCOMETEXT,你那被诅咒的剑自行动了起来。两道斩击，疯子倒下了。你有些不安，但仍搜索尸体寻找有用的工具。
QUEST_BEAR_2_1_QUESTINFODATA_ACTIONS_3_ACTIONTEXT,"""靠边站 <hero_name>!"""
QUEST_BEAR_2_1_QUESTINFODATA_ACTIONS_3_DEFAULTOUTCOME_JOURNALTEXT,<hero_name> 威猛的同伴杀死了疯子，以免他伤害我们的英雄。污点已经被清除。
QUEST_BEAR_2_1_QUESTINFODATA_ACTIONS_3_DEFAULTOUTCOME_OUTCOMETEXT,你的狂战士发起冲锋。疯子已经没有机会了。他被杀死了，尸体上面出现小小的奖励。
QUEST_BEAR_2_1_QUESTINFODATA_ACTIONS_4_ACTIONTEXT,穿上你的盔甲
QUEST_BEAR_2_1_QUESTINFODATA_ACTIONS_4_DEFAULTOUTCOME_JOURNALTEXT,我们的英雄已准备好应对未经训练的奴隶贩子笨拙的攻击。<hero_name>戴上英雄头盔，如怒熊般攻击。
QUEST_BEAR_2_1_QUESTINFODATA_ACTIONS_4_DEFAULTOUTCOME_OUTCOMETEXT,你赶到村广场时，奴隶贩子正好发动伏击。你戴上英雄头盔发起攻击。这一切很快就会结束。
QUEST_BEAR_2_1_QUESTINFODATA_ENCOUNTERTEXT,当你到达时，这两个人出现在灿烂的闪光之中。其中一个被其他人瞬间干掉，而杀手向你冲来！
QUEST_BEAR_2_1_QUESTINFODATA_JOURNALENCOUNTERTEXT,到达<quest_tile>立石的时候，<hero_name>目睹了血案。杀手没做任何停歇便冲向我们的英雄……
QUEST_BEAR_2_1_QUESTINFODATA_JOURNALRUMOURTEXT,我们的英雄本无头绪，但“黑暗之朽”这句话无疑激起了他们的兴趣，于是他们动身前往<quest_tile>。
QUEST_BEAR_2_1_QUESTINFODATA_RUMOURTEXT,当地的一些长老说黑暗之朽笼罩着离此不太远的石环。
QUEST_BEAR_2_1_QUESTINFODATA_TITLE,命运之日\n
QUEST_BEAR_2_2_QUESTINFODATA_ACTIONS_0_ACTIONTEXT,除掉奴隶贩子。
QUEST_BEAR_2_2_QUESTINFODATA_ACTIONS_0_DEFAULTOUTCOME_JOURNALTEXT,一想到整个城市陷入悲惨的命运，我们的英雄就暴怒了，与所有奴隶贩子展开战斗，但很快就后悔了。
QUEST_BEAR_2_2_QUESTINFODATA_ACTIONS_0_DEFAULTOUTCOME_OUTCOMETEXT,"""出来吧，奴隶贩子，败类！""你喊道。不幸的是，随后发现奴隶贩子的人数远超你的想象。你负伤逃走了。"
QUEST_BEAR_2_2_QUESTINFODATA_ACTIONS_0_TESTSUCCESSOUTCOME_JOURNALTEXT,<hero_name>以罕见的高超武艺击倒了每一个奴隶贩子。解放<quest_tile>只是额外收获。
QUEST_BEAR_2_2_QUESTINFODATA_ACTIONS_0_TESTSUCCESSOUTCOME_OUTCOMETEXT,由于你的战斗技能，奴隶贩子们很快就败下阵来。不胜感激的村民将奴隶贩子最宝贵的财产交给你作为感谢。
QUEST_BEAR_2_2_QUESTINFODATA_ACTIONS_1_ACTIONTEXT,挑战奴隶贩子之王。
QUEST_BEAR_2_2_QUESTINFODATA_ACTIONS_1_DEFAULTOUTCOME_JOURNALTEXT,在街道上，奴隶贩子之王和熊族英雄碰了面。最后，<hero_name>只用了一个快招就解救了<quest_tile>。
QUEST_BEAR_2_2_QUESTINFODATA_ACTIONS_1_DEFAULTOUTCOME_OUTCOMETEXT,事实证明，奴隶贩子之王只是虚张声势而已，他还没讲完他的恐吓之词，你就干掉了他。奴隶贩子们抱头鼠窜。
QUEST_BEAR_2_2_QUESTINFODATA_ACTIONS_2_ACTIONTEXT,升起皇家旗帜
QUEST_BEAR_2_2_QUESTINFODATA_ACTIONS_2_DEFAULTOUTCOME_JOURNALTEXT,——升起皇家旗帜， <hero_name> 把奴隶吓投降了。他们逃离了聚落，聚落又重新恢复安全。\n
QUEST_BEAR_2_2_QUESTINFODATA_ACTIONS_2_DEFAULTOUTCOME_OUTCOMETEXT,你高举皇家旗帜，向藏匿的奴隶贩子展示疯狂国王的纹章。慑于你的权威，他们逃离了聚落。
QUEST_BEAR_2_2_QUESTINFODATA_ACTIONS_3_ACTIONTEXT,"""隐蔽处不会将他们藏起来。"""
QUEST_BEAR_2_2_QUESTINFODATA_ACTIONS_3_DEFAULTOUTCOME_JOURNALTEXT,<hero_name>的术士向可怜的奴隶贩子释放了腐化之力。他们卑劣的行径得到了应有的报应。
QUEST_BEAR_2_2_QUESTINFODATA_ACTIONS_3_DEFAULTOUTCOME_OUTCOMETEXT,你的术士扭动起隐蔽处，这里是奴隶贩子的藏身之地。密闭的房子里回荡着阵阵的尖叫声。村庄又回归了安宁。
QUEST_BEAR_2_2_QUESTINFODATA_ACTIONS_4_ACTIONTEXT,“一声令下，我随时就到。”
QUEST_BEAR_2_2_QUESTINFODATA_ACTIONS_4_DEFAULTOUTCOME_JOURNALTEXT,当奴隶贩子向我们的英雄发起突袭时，忠诚的狂战士高高地站在那里，旁边是将 <quest_tile> 从邪恶释放的 <hero_name>。
QUEST_BEAR_2_2_QUESTINFODATA_ACTIONS_4_DEFAULTOUTCOME_OUTCOMETEXT,你的狂战士与你并肩作战，合力消灭了每个靠近武器的下层动物。
QUEST_BEAR_2_2_QUESTINFODATA_ENCOUNTERTEXT,你想知道为什么城里没有人愿意跟你攀谈，但很快你就注意到奴隶贩子从百叶窗后面盯你的梢。
QUEST_BEAR_2_2_QUESTINFODATA_JOURNALENCOUNTERTEXT,经历几次留在<quest_tile>的村民回避你的问题之后，很明显奴隶贩子严密地控制着当地社会。
QUEST_BEAR_2_2_QUESTINFODATA_JOURNALRUMOURTEXT,传言称<quest_tile>现在是一座鬼城，我们的英雄启程去探查大量失踪人员的案件。
QUEST_BEAR_2_2_QUESTINFODATA_RUMOURTEXT,一座曾经繁华的商贸之城，现在连居民都已经很少。探查此地定居人口发生了什么情况。
QUEST_BEAR_2_2_QUESTINFODATA_TITLE,鬼城
QUEST_BEAR_2_3_QUESTINFODATA_ACTIONS_0_ACTIONTEXT,在公开战斗中干掉贝恩。
QUEST_BEAR_2_3_QUESTINFODATA_ACTIONS_0_DEFAULTOUTCOME_JOURNALTEXT,为了在他们变得过于强大之前打败他们，我们的英雄冲击了贝恩，但可惜他们人太多，<hero_name>受了伤。
QUEST_BEAR_2_3_QUESTINFODATA_ACTIONS_0_DEFAULTOUTCOME_OUTCOMETEXT,不幸的是，你的技艺不足以击败贝恩，只得失败而逃。腐化至今仍在那座村庄里肆虐。
QUEST_BEAR_2_3_QUESTINFODATA_ACTIONS_0_TESTSUCCESSOUTCOME_JOURNALTEXT,深知死亡孕育死亡，<hero_name>冲向贝恩，将它们尽数斩杀。如释重负的居民赠予灵石以表谢意。
QUEST_BEAR_2_3_QUESTINFODATA_ACTIONS_0_TESTSUCCESSOUTCOME_OUTCOMETEXT,你冲向贝恩，凭借精湛的战斗技艺保护自己。城镇很快得到净化，你还获得一块灵石作为奖励。
QUEST_BEAR_2_3_QUESTINFODATA_ACTIONS_1_ACTIONTEXT,让剩余的市民来帮忙。
QUEST_BEAR_2_3_QUESTINFODATA_ACTIONS_1_DEFAULTOUTCOME_JOURNALTEXT,所以，<hero_name>将剩下的市民们团结起来。虽然许多人在随后的战斗中丧生，但<quest_tile>恢复了安全。
QUEST_BEAR_2_3_QUESTINFODATA_ACTIONS_1_DEFAULTOUTCOME_OUTCOMETEXT,你请求市民们帮你消灭他们腐化的亲属。许多人在随后的战斗中丧生，但贝恩被迅速摧毁。
QUEST_BEAR_2_3_QUESTINFODATA_ACTIONS_2_ACTIONTEXT,装上手炮
QUEST_BEAR_2_3_QUESTINFODATA_ACTIONS_2_DEFAULTOUTCOME_JOURNALTEXT,贝恩并没有做好抵抗手炮威力的准备。于是，他们有的被杀，有的逃走，永远离开了村庄。
QUEST_BEAR_2_3_QUESTINFODATA_ACTIONS_2_DEFAULTOUTCOME_OUTCOMETEXT,手炮闪着光芒！空中四处弥漫着火焰和烟雾。贝恩尖叫着。没有逃走的贝恩统统被杀掉了。
QUEST_BEAR_2_3_QUESTINFODATA_ACTIONS_3_ACTIONTEXT,举起你的盾牌
QUEST_BEAR_2_3_QUESTINFODATA_ACTIONS_3_DEFAULTOUTCOME_JOURNALTEXT,在贝恩发起攻击前，我们的英雄举起了皇家盾牌。<hero_name> 并没有被打败！他们奋起反击，最终赢得了胜利！
QUEST_BEAR_2_3_QUESTINFODATA_ACTIONS_3_DEFAULTOUTCOME_OUTCOMETEXT,十二个贝恩的利剑对抗着你的皇家盾牌，发出卡嗒卡嗒的声响。但是一个都没刺穿！你杀掉了贝恩，解放了村庄。
QUEST_BEAR_2_3_QUESTINFODATA_ACTIONS_4_ACTIONTEXT,"""我们不妨表演个小节目！"""
QUEST_BEAR_2_3_QUESTINFODATA_ACTIONS_4_DEFAULTOUTCOME_JOURNALTEXT,一只怀尔德焰火凤凰从鲜绿的小瓶中飞出，击败了野兽。火光中，炼金术士狡黠的笑容闪闪发亮。
QUEST_BEAR_2_3_QUESTINFODATA_ACTIONS_4_DEFAULTOUTCOME_OUTCOMETEXT,炼金术士把一个玻璃小瓶扔到地上，然后就出现了一只在怒火中燃烧的绿凤凰，这只绿凤凰一一消灭了贝恩。
QUEST_BEAR_2_3_QUESTINFODATA_ENCOUNTERTEXT,在居民们的指引下，你很快就会发现自己被各种体型的贝恩所包围。你必须迅速采取行动，阻止邪恶蔓延！
QUEST_BEAR_2_3_QUESTINFODATA_JOURNALENCOUNTERTEXT,很快看到我们的英雄已经来不及了。各种体型的贝恩移动着穿过城市，他们愤怒的恐怖无以言表。
QUEST_BEAR_2_3_QUESTINFODATA_JOURNALRUMOURTEXT,听到关于献祭和黑暗契约的传言之后，<hero_name>急忙前往<quest_tile>结束不必要的屠杀。
QUEST_BEAR_2_3_QUESTINFODATA_RUMOURTEXT,树林里的居民们将自己的亲属向贝恩献祭以求宽恕。在这些傻瓜浪费更多的生命之前介入。
QUEST_BEAR_2_3_QUESTINFODATA_TITLE,森林净化
QUEST_BEAR_2_4_QUESTINFODATA_ACTIONS_0_ACTIONTEXT,尝试接近麋鹿。
QUEST_BEAR_2_4_QUESTINFODATA_ACTIONS_0_DEFAULTOUTCOME_JOURNALTEXT,麋鹿的眼睛向我们的英雄显示了太多东西，<hero_name>的精神被它深深的凝视搞得有些憔悴。
QUEST_BEAR_2_4_QUESTINFODATA_ACTIONS_0_DEFAULTOUTCOME_OUTCOMETEXT,麋鹿转向你，它的目光如此强烈，你觉得头脑几乎要裂开。避开它的目光时，你更有智慧，却也更虚弱了。
QUEST_BEAR_2_4_QUESTINFODATA_ACTIONS_0_TESTSUCCESSOUTCOME_JOURNALTEXT,仅需一次对视，英雄与麋鹿便已交流。灵石显现真容，<hero_name>的道路也变得前所未有地清晰。
QUEST_BEAR_2_4_QUESTINFODATA_ACTIONS_0_TESTSUCCESSOUTCOME_OUTCOMETEXT,你接近麋鹿。它转向你，然而却没有言语交流，这一古老的生物将坚定不移的动力注入给你。
QUEST_BEAR_2_4_QUESTINFODATA_ACTIONS_1_ACTIONTEXT,别管麋鹿。
QUEST_BEAR_2_4_QUESTINFODATA_ACTIONS_1_DEFAULTOUTCOME_JOURNALTEXT,远远地，我们的英雄凝视着这头雄伟的生灵在平原上吃草，<hero_name>在心底知道自己永远不会忘记这一幕。
QUEST_BEAR_2_4_QUESTINFODATA_ACTIONS_1_DEFAULTOUTCOME_OUTCOMETEXT,你保持着距离。麋鹿远远地凝视了你片刻，你意识到眼前真是一位神明。它点了点头，随后消失了。
QUEST_BEAR_2_4_QUESTINFODATA_ACTIONS_2_ACTIONTEXT,"""我想玩一玩！"""
QUEST_BEAR_2_4_QUESTINFODATA_ACTIONS_2_DEFAULTOUTCOME_JOURNALTEXT,<quest_tile>的傻瓜用奇怪的方法逗得麋鹿很开心。于是，麋鹿告诉了他古老的秘密，他又告诉了我们的英雄。
QUEST_BEAR_2_4_QUESTINFODATA_ACTIONS_2_DEFAULTOUTCOME_OUTCOMETEXT,你还没来得及拒绝时，你的傻瓜就已向麋鹿扑去。你大为吃惊的是，它并没有逃走，而是低声细语地将秘密告诉给了傻瓜，傻瓜又告诉了你。
QUEST_BEAR_2_4_QUESTINFODATA_ACTIONS_3_ACTIONTEXT,观察麋鹿。
QUEST_BEAR_2_4_QUESTINFODATA_ACTIONS_3_DEFAULTOUTCOME_JOURNALTEXT,<hero_name>在明镜披风的遮蔽下潜伏等待。观察麋鹿强化了我们英雄与怀尔德的联系。
QUEST_BEAR_2_4_QUESTINFODATA_ACTIONS_3_DEFAULTOUTCOME_OUTCOMETEXT,在明镜披风高强技艺的遮蔽下，你深藏在草丛中。在观察时，你感觉这个生物的某种魔法仿佛让你充满了力量。
QUEST_BEAR_2_4_QUESTINFODATA_ENCOUNTERTEXT,当你站在深草中时，你察觉到前方有什么；一头雄伟的麋鹿。杏仁金色的皮毛，象牙般的鹿角，钻石般的蓝眼睛。
QUEST_BEAR_2_4_QUESTINFODATA_JOURNALENCOUNTERTEXT,经过了漫长的征途，我们的英雄来到了<quest_tile>。不久，雄伟的麋鹿亲自现身。在我们英雄面前的是一位神祗。
QUEST_BEAR_2_4_QUESTINFODATA_JOURNALRUMOURTEXT,当然众神之神会在我们英雄的王座任务中帮助他们。所以<hero_name>的大麋鹿朝圣之旅开始了……
QUEST_BEAR_2_4_QUESTINFODATA_RUMOURTEXT,来自各地的朝圣者一直在平原上游荡，寻找一头雄伟的白色麋鹿。或许值得去看看这热闹究竟为了什么？
QUEST_BEAR_2_4_QUESTINFODATA_TITLE,神在草丛中
QUEST_BEAR_2_5_QUESTINFODATA_ACTIONS_0_ACTIONTEXT,破译古代标记。
QUEST_BEAR_2_5_QUESTINFODATA_ACTIONS_0_DEFAULTOUTCOME_JOURNALTEXT,<hero_name>屈服于<quest_tile>黑曜石陌生人的诱惑，并且和他们面前的许多人一样，现在听到了痛苦的低语。
QUEST_BEAR_2_5_QUESTINFODATA_ACTIONS_0_DEFAULTOUTCOME_OUTCOMETEXT,你读了古代符号，而一种黑暗力量笼罩着他们。你试图去阻止，但他们的可怕预兆在你的心中永远回响。
QUEST_BEAR_2_5_QUESTINFODATA_ACTIONS_0_TESTSUCCESSOUTCOME_JOURNALTEXT,在开启心智后，我们的英雄破解了巨石之谜，在地牢深处找到了宝藏的所在。
QUEST_BEAR_2_5_QUESTINFODATA_ACTIONS_0_TESTSUCCESSOUTCOME_OUTCOMETEXT,凭着你的智力，那阴险的谜题不值一提，其秘密很快揭晓，让你得以取回其中的宝物。
QUEST_BEAR_2_5_QUESTINFODATA_ACTIONS_1_ACTIONTEXT,警告他巨石隐藏的黑暗意图。
QUEST_BEAR_2_5_QUESTINFODATA_ACTIONS_1_DEFAULTOUTCOME_JOURNALTEXT,腐化之所以肆虐，是因为连强者也会屈服于它的诱惑。幸运的是，对它真正恐怖的提醒让学者恢复了理智。
QUEST_BEAR_2_5_QUESTINFODATA_ACTIONS_1_DEFAULTOUTCOME_OUTCOMETEXT,"""这块巨石占据着你的头脑，""你告诉学者。他被你的郑重警告吓坏了，赶紧取消远征。"
QUEST_BEAR_2_5_QUESTINFODATA_ACTIONS_2_ACTIONTEXT,"""这些符号很邪恶"""
QUEST_BEAR_2_5_QUESTINFODATA_ACTIONS_2_DEFAULTOUTCOME_JOURNALTEXT,要是我们的英雄留下来，很可能会遭遇符文的可怕魔法。但幸亏有间谍大师的情报，他们才得知要逃离这里。
QUEST_BEAR_2_5_QUESTINFODATA_ACTIONS_2_DEFAULTOUTCOME_OUTCOMETEXT,间谍大师透露，<quest_tile>窝藏腐化教徒已有一段时日。意识到身处险境，你及时逃了出去。
QUEST_BEAR_2_5_QUESTINFODATA_ACTIONS_3_ACTIONTEXT,贝恩之爪变得暖和
QUEST_BEAR_2_5_QUESTINFODATA_ACTIONS_3_DEFAULTOUTCOME_JOURNALTEXT,贝恩之爪潜藏的腐化魔法向我们的英雄揭示了符文的诸多秘密。它确是一件强大的宝物。
QUEST_BEAR_2_5_QUESTINFODATA_ACTIONS_3_DEFAULTOUTCOME_OUTCOMETEXT,你下意识地发现，自己的爪子移向贝恩之爪。随着你的爪子紧紧围绕贝恩之爪，许多标记逐渐变得清晰。
QUEST_BEAR_2_5_QUESTINFODATA_ACTIONS_4_ACTIONTEXT,"""我以前见过这些标记。"""
QUEST_BEAR_2_5_QUESTINFODATA_ACTIONS_4_DEFAULTOUTCOME_JOURNALTEXT,<hero_name> 的吟游诗人曾在旅行时见到过一些奇怪的符号。在学者的帮助下，他破译了符号。
QUEST_BEAR_2_5_QUESTINFODATA_ACTIONS_4_DEFAULTOUTCOME_OUTCOMETEXT,你的吟游诗人记得一份古籍中的符号，他向前走了几步。他破译出大部分符号的意思。研究古老的秘密。
QUEST_BEAR_2_5_QUESTINFODATA_ENCOUNTERTEXT,你会发现地下墓穴迷宫深处的学者在研究古代象形文字。他征询你的意见，作为一名熊族的成员。
QUEST_BEAR_2_5_QUESTINFODATA_JOURNALENCOUNTERTEXT,在<quest_tile>的深处，<hero_name>发现了研究古代巨石的学者。学者立即寻求熊的援助。
QUEST_BEAR_2_5_QUESTINFODATA_JOURNALRUMOURTEXT,热衷冒险并且紧盯宝藏，我们的英雄被安排协助一位学者在臭名昭著的地牢研究腐化神器。
QUEST_BEAR_2_5_QUESTINFODATA_RUMOURTEXT,一位学者需要帮助，以在远征地牢中研究腐化神器，该地牢作为<test_reward>的长眠之地而闻名。
QUEST_BEAR_2_5_QUESTINFODATA_TITLE,血书
QUEST_BEAR_2_6_QUESTINFODATA_ACTIONS_0_ACTIONTEXT,与熊族谈判酬劳。
QUEST_BEAR_2_6_QUESTINFODATA_ACTIONS_0_DEFAULTOUTCOME_JOURNALTEXT,我们的英雄试图靠自己的运气前进，不幸的是得罪了族人，并很快发现自己被驱逐了。
QUEST_BEAR_2_6_QUESTINFODATA_ACTIONS_0_DEFAULTOUTCOME_OUTCOMETEXT,你试图为自己的族人多争取一些金币，但是你不够聪明，你的所作所为惹怒了你的东道主，结束了谈判。
QUEST_BEAR_2_6_QUESTINFODATA_ACTIONS_0_TESTSUCCESSOUTCOME_JOURNALTEXT,服务部族不能只靠刀剑，还需敏锐的智慧；家族们心满意足后，<hero_name>为部族增添了赢得荣耀的机会。
QUEST_BEAR_2_6_QUESTINFODATA_ACTIONS_0_TESTSUCCESSOUTCOME_OUTCOMETEXT,依靠你的智力，你对两个家族进行了公平的安排。作为感谢，他们向你引荐了著名的<test_reward>。
QUEST_BEAR_2_6_QUESTINFODATA_ACTIONS_1_ACTIONTEXT,这已足够！将他们拥有的东西一分为二。
QUEST_BEAR_2_6_QUESTINFODATA_ACTIONS_1_DEFAULTOUTCOME_JOURNALTEXT,<hero_name>厌倦了傻瓜们的无聊争吵，将两大家族拥有的东西从中一分为二。传说他们仍然是世仇。
QUEST_BEAR_2_6_QUESTINFODATA_ACTIONS_1_DEFAULTOUTCOME_OUTCOMETEXT,厌倦了这些琐碎无聊的争吵，你匆忙将两大家族拥有的东西分成两半。当你离开的时候，你听到他们再次争吵。
QUEST_BEAR_2_6_QUESTINFODATA_ACTIONS_2_ACTIONTEXT,将他们和怀尔德联系起来。
QUEST_BEAR_2_6_QUESTINFODATA_ACTIONS_2_DEFAULTOUTCOME_JOURNALTEXT,"仅仅亮出怀尔德佑护的护符，就足以让冲突停歇。家族们意识到土地无法如此轻易地被""占为己有""。"
QUEST_BEAR_2_6_QUESTINFODATA_ACTIONS_2_DEFAULTOUTCOME_OUTCOMETEXT,你把怀尔德护符递给每个争吵的家族。触摸护符后，他们意识到自己的抱怨多么琐碎。
QUEST_BEAR_2_6_QUESTINFODATA_ACTIONS_3_ACTIONTEXT,"""让我了解下他们的事情。"""
QUEST_BEAR_2_6_QUESTINFODATA_ACTIONS_3_DEFAULTOUTCOME_JOURNALTEXT,于是<hero_name>让硬币大师去查账。足以扳倒两个家族的把柄很快浮出水面，争斗就此了结。
QUEST_BEAR_2_6_QUESTINFODATA_ACTIONS_3_DEFAULTOUTCOME_OUTCOMETEXT,你的硬币大师告知了两大家族他们在税收方面的各种违规行为。突然，他们似乎一致认为，根本就不值得争吵。真是太可笑了。
QUEST_BEAR_2_6_QUESTINFODATA_ACTIONS_4_ACTIONTEXT,"""赢得他们的信任。"""
QUEST_BEAR_2_6_QUESTINFODATA_ACTIONS_4_DEFAULTOUTCOME_JOURNALTEXT,我们的英雄无法在支持一方的同时不触犯另一方的利益。因此，他们使用伪装的面具来缓和局势。暂时。
QUEST_BEAR_2_6_QUESTINFODATA_ACTIONS_4_DEFAULTOUTCOME_OUTCOMETEXT,伪装的面具会赋予佩戴者魅力。你利用它说服两大家族理性相商，根本没有争吵的必要。
QUEST_BEAR_2_6_QUESTINFODATA_ENCOUNTERTEXT,谈判在一个简陋的木殿内进行。两大家族针对土地使用、家族权力、商贸路线进行争吵 - 都是些鸡毛蒜皮的争吵。
QUEST_BEAR_2_6_QUESTINFODATA_JOURNALENCOUNTERTEXT,当听到他们的困境后，<hero_name>对两大家族显而易见的小争吵并没有留下深刻的印象。尽管如此，他们还是向前推进。
QUEST_BEAR_2_6_QUESTINFODATA_JOURNALRUMOURTEXT,自诩为道德标杆的<hero_name>出发去拜访<quest_tile>上争斗不休的家族。
QUEST_BEAR_2_6_QUESTINFODATA_RUMOURTEXT,两大交战家族具有广泛而深远的政治影响力，要求熊族的一员，帮助他们进行停战谈判。
QUEST_BEAR_2_6_QUESTINFODATA_TITLE,大家都适可而止
QUEST_BEAR_2_7_QUESTINFODATA_ACTIONS_0_ACTIONTEXT,召唤怀尔德确定方向。
QUEST_BEAR_2_7_QUESTINFODATA_ACTIONS_0_DEFAULTOUTCOME_JOURNALTEXT,焦头烂额、疲惫不堪又被怀尔德抛弃，我们的英雄下山而去，虽败犹未溃散。王座仍待夺取。
QUEST_BEAR_2_7_QUESTINFODATA_ACTIONS_0_DEFAULTOUTCOME_OUTCOMETEXT,可悲的是，你的召唤被置之不理。当你失败逃出<quest_tile>时，你转去看看可怕的风暴，但却一无所获。
QUEST_BEAR_2_7_QUESTINFODATA_ACTIONS_0_TESTSUCCESSOUTCOME_JOURNALTEXT,在<quest_tile>的顶峰，<hero_name>发起了一场强大的灵力之战，放倒一只最可怕的贝恩，并收得一块灵石。
QUEST_BEAR_2_7_QUESTINFODATA_ACTIONS_0_TESTSUCCESSOUTCOME_OUTCOMETEXT,怀尔德回应了你的召唤，风暴很快散去，让你得以登顶直面并斩杀那只凶恶的贝恩。
QUEST_BEAR_2_7_QUESTINFODATA_ACTIONS_1_ACTIONTEXT,继续前进。依靠纯粹的本能。
QUEST_BEAR_2_7_QUESTINFODATA_ACTIONS_1_DEFAULTOUTCOME_JOURNALTEXT,在<quest_tile>之巅，暴风雪那刀削般刺耳的白风铺天盖地，贝恩和英雄展开了战斗。我们的英雄站到了最后。
QUEST_BEAR_2_7_QUESTINFODATA_ACTIONS_1_DEFAULTOUTCOME_OUTCOMETEXT,你虽然赢了，但暴风雪已经变得更加猛烈。虽然你勉强逃脱了死亡，但最终你打败了贝恩。
QUEST_BEAR_2_7_QUESTINFODATA_ACTIONS_2_ACTIONTEXT,"""这边走！快！"" "
QUEST_BEAR_2_7_QUESTINFODATA_ACTIONS_2_DEFAULTOUTCOME_JOURNALTEXT,矿工忠于我们的英雄，带领<hero_name>登上山顶。他们在此与野兽搏斗，怀尔德的公正一击即中。
QUEST_BEAR_2_7_QUESTINFODATA_ACTIONS_2_DEFAULTOUTCOME_OUTCOMETEXT,那头巨大的牦牛带着你穿过一条隐秘的通道。你登上山顶，放倒黑暗野兽，让整座山摆脱了它的邪恶！
QUEST_BEAR_2_7_QUESTINFODATA_ACTIONS_3_ACTIONTEXT,穿上盔甲冲锋！
QUEST_BEAR_2_7_QUESTINFODATA_ACTIONS_3_DEFAULTOUTCOME_JOURNALTEXT,山上不会对穿着飞翼靴者造成任何危险。<hero_name> 穿过暴风雨，击倒了可恶的野兽。
QUEST_BEAR_2_7_QUESTINFODATA_ACTIONS_3_DEFAULTOUTCOME_OUTCOMETEXT,大雪敌不过你的狮心胸甲的威力。你乘胜追击。当贝恩发起攻击时，同样被你的盔甲挡了回去。
QUEST_BEAR_2_7_QUESTINFODATA_ACTIONS_4_ACTIONTEXT,"""哇！那边的风景！快看！"""
QUEST_BEAR_2_7_QUESTINFODATA_ACTIONS_4_DEFAULTOUTCOME_JOURNALTEXT,这听起来可能很奇怪，但正是因为有一个傻瓜试图赏风景，让我们的英雄找到了战胜贝恩的战略方法。是的。赏风景。
QUEST_BEAR_2_7_QUESTINFODATA_ACTIONS_4_DEFAULTOUTCOME_OUTCOMETEXT,"""快来看看！""那个傻瓜喊着，雪崩这时爆发了，半埋掉毫无防备的贝恩，让你得以轻松杀死它。"
QUEST_BEAR_2_7_QUESTINFODATA_ENCOUNTERTEXT,你拼命用爪子爬向顶峰，虽然滑落两次，但都撑住了。一阵猛烈的风暴向下吹过，使你迷失了自己的目标。
QUEST_BEAR_2_7_QUESTINFODATA_JOURNALENCOUNTERTEXT,不仅攀登顶峰给我们的英雄带来重重困难，而且可怕的暴风雪也滚滚而来。然而，<hero_name>毕竟是熊族的一员！
QUEST_BEAR_2_7_QUESTINFODATA_JOURNALRUMOURTEXT,贝恩盘踞<quest_tile>之巅的消息传到了<hero_name>耳中，于是我们的英雄自告奋勇接下此事。
QUEST_BEAR_2_7_QUESTINFODATA_RUMOURTEXT,从附近一个定居点召唤出的贝恩已经占据了一座山头，诅咒它以及蔑视它曾经盛极一时的所有人。
QUEST_BEAR_2_7_QUESTINFODATA_TITLE,大山的贝恩
QUEST_BEAR_2_8_QUESTINFODATA_ACTIONS_0_ACTIONTEXT,召唤怀尔德。净化这片森林。
QUEST_BEAR_2_8_QUESTINFODATA_ACTIONS_0_DEFAULTOUTCOME_JOURNALTEXT,<hero_name>向怀尔德求助，回应他的却是腐化的低语，于是我们的英雄急忙撤离，青鸟的歌声消逝于黑暗。
QUEST_BEAR_2_8_QUESTINFODATA_ACTIONS_0_DEFAULTOUTCOME_OUTCOMETEXT,你召唤怀尔德，但一群满身腐化的乌鸦嘲笑你的努力。你赶在它们的憎恨将你吞噬前逃离了森林。
QUEST_BEAR_2_8_QUESTINFODATA_ACTIONS_0_TESTSUCCESSOUTCOME_JOURNALTEXT,<hero_name>呼唤怀尔德，它对黑暗的愤怒迅疾而无情。路过的<test_reward>深受震撼，跪倒在地。
QUEST_BEAR_2_8_QUESTINFODATA_ACTIONS_0_TESTSUCCESSOUTCOME_OUTCOMETEXT,你念出一个法术，然后发出一个巨大的冲击波穿过了树林。<test_reward>惊叹于你的力量，想要追随你。
QUEST_BEAR_2_8_QUESTINFODATA_ACTIONS_1_ACTIONTEXT,让其摆脱苦海。
QUEST_BEAR_2_8_QUESTINFODATA_ACTIONS_1_DEFAULTOUTCOME_JOURNALTEXT,英雄为这场悲剧心碎，协助小鸟安然走完最后一程。随着它的逝去，恐惧很快消散。
QUEST_BEAR_2_8_QUESTINFODATA_ACTIONS_1_DEFAULTOUTCOME_OUTCOMETEXT,你将垂死的小鸟握在爪中，仁慈地结束了它的生命。当它们的死亡之歌消逝时，恐惧从森林中散去。
QUEST_BEAR_2_8_QUESTINFODATA_ACTIONS_2_ACTIONTEXT,“让开！”
QUEST_BEAR_2_8_QUESTINFODATA_ACTIONS_2_DEFAULTOUTCOME_JOURNALTEXT,我们英雄的同伴让小鸟摆脱了恐惧的束缚。它飞走后，腐化在青鸟美妙的歌声中渐渐消退。
QUEST_BEAR_2_8_QUESTINFODATA_ACTIONS_2_DEFAULTOUTCOME_OUTCOMETEXT,"药剂师给了小鸟无微不至的照顾，让他摆脱了残忍的束缚。它高兴地叫着飞走了。""不要担心，她还活着呢。""他说道。"
QUEST_BEAR_2_8_QUESTINFODATA_ACTIONS_3_ACTIONTEXT,摧毁黑暗工具。
QUEST_BEAR_2_8_QUESTINFODATA_ACTIONS_3_DEFAULTOUTCOME_JOURNALTEXT,借助神秘的德鲁伊赋予的伟大力量，<hero_name> 摧毁了黑暗法术的所有迹象，让森林得到了净化。
QUEST_BEAR_2_8_QUESTINFODATA_ACTIONS_3_DEFAULTOUTCOME_OUTCOMETEXT,没有黑暗工具的维持，仪式便无法运转。你拔出闪光的镰刀，将它们逐个粉碎。
QUEST_BEAR_2_8_QUESTINFODATA_ACTIONS_4_ACTIONTEXT,带上玩偶
QUEST_BEAR_2_8_QUESTINFODATA_ACTIONS_4_DEFAULTOUTCOME_JOURNALTEXT,黑暗仪式是一个汲取腐化之力的法术。幸运的是，我们英雄的玩偶让他得以吸取魔法为己所用。
QUEST_BEAR_2_8_QUESTINFODATA_ACTIONS_4_DEFAULTOUTCOME_OUTCOMETEXT,你把玩偶放在小鸟身旁。魔法转移过去，涌入玩偶之中。小鸟从不死状态中解脱。魔法在你体内流淌。
QUEST_BEAR_2_8_QUESTINFODATA_ENCOUNTERTEXT,你很快发现了腐化的源头：一只鸟被钉在树桩上，被困于生与死之间的虚无中。邪恶的巫术。
QUEST_BEAR_2_8_QUESTINFODATA_JOURNALENCOUNTERTEXT,在<quest_tile>的深处，我们的英雄发现被困在生与死之间的一只青鸟，受害于黑暗的残酷仪式。
QUEST_BEAR_2_8_QUESTINFODATA_JOURNALRUMOURTEXT,村民们说乌鸦成群飞往<quest_tile>。明知这多半意味着一件事——腐化，<hero_name>仍启程调查。
QUEST_BEAR_2_8_QUESTINFODATA_RUMOURTEXT,有消息称有一处森林从里面发出最可怕的嚎叫。当地人说乌鸦盘旋在上空。
QUEST_BEAR_2_8_QUESTINFODATA_TITLE,腐化和乌鸦
QUEST_BEAR_2_9_QUESTINFODATA_ACTIONS_0_ACTIONTEXT,信赖怀尔德吧。
QUEST_BEAR_2_9_QUESTINFODATA_ACTIONS_0_DEFAULTOUTCOME_JOURNALTEXT,最后，我们的英雄缺乏与恶魔在这样一个黑暗之处进行妥善沟通的能力。所以，<hero_name>逃走了。
QUEST_BEAR_2_9_QUESTINFODATA_ACTIONS_0_DEFAULTOUTCOME_OUTCOMETEXT,不幸的是，你缺乏与怀尔德在这个黑暗之处进行妥善沟通的能力。由于孤立无援，你很快就被迫逃走了。
QUEST_BEAR_2_9_QUESTINFODATA_ACTIONS_0_TESTSUCCESSOUTCOME_JOURNALTEXT,借助我们的英雄，怀尔德安抚了躁动的亡灵，让<hero_name>得以取得地穴中的<test_reward>。
QUEST_BEAR_2_9_QUESTINFODATA_ACTIONS_0_TESTSUCCESSOUTCOME_OUTCOMETEXT,通过你，怀尔德将疗愈的光晕注入古老地穴及其受诅的骸骨。曾弥漫沼泽的仇恨如今荡然无存。
QUEST_BEAR_2_9_QUESTINFODATA_ACTIONS_1_ACTIONTEXT,摧毁地穴。
QUEST_BEAR_2_9_QUESTINFODATA_ACTIONS_1_DEFAULTOUTCOME_JOURNALTEXT,不容任何闪失，<hero_name>退后而立，朝地穴倾泻一场可怕的魔法攻势，将其连同它的主人一并抹除。
QUEST_BEAR_2_9_QUESTINFODATA_ACTIONS_1_DEFAULTOUTCOME_OUTCOMETEXT,这座渴望控制王座的古老狼族之王的坟墓，很快就被摧毁，而讨厌的阴影也随之埋葬。
QUEST_BEAR_2_9_QUESTINFODATA_ACTIONS_2_ACTIONTEXT,快逃走！就现在！情况不妙了！
QUEST_BEAR_2_9_QUESTINFODATA_ACTIONS_2_DEFAULTOUTCOME_JOURNALTEXT,在沼泽深处，有可怕的东西召唤着我们的英雄，急切地把英雄们逼得越来越近。飞翼靴可能是拯救他们的唯一法宝。
QUEST_BEAR_2_9_QUESTINFODATA_ACTIONS_2_DEFAULTOUTCOME_OUTCOMETEXT,地穴里有东西想夺走你的灵魂——但是，要不是飞翼靴将你升到沼泽上安全的地方，你就永远消失了。
QUEST_BEAR_2_9_QUESTINFODATA_ACTIONS_3_ACTIONTEXT,净化地穴的腐化
QUEST_BEAR_2_9_QUESTINFODATA_ACTIONS_3_DEFAULTOUTCOME_JOURNALTEXT,怀尔德焰杖的纯净之力遏制了古老地穴的腐化。黑暗的沼泽一时间出奇地平静。
QUEST_BEAR_2_9_QUESTINFODATA_ACTIONS_3_DEFAULTOUTCOME_OUTCOMETEXT,将怀尔德焰杖放上祭坛，响起一声清越的鸣音。平和之感弥漫空中。你感到魔法在体内奔涌。
QUEST_BEAR_2_9_QUESTINFODATA_ACTIONS_4_ACTIONTEXT,"""快来帮我，学徒。"""
QUEST_BEAR_2_9_QUESTINFODATA_ACTIONS_4_DEFAULTOUTCOME_JOURNALTEXT,熊和学徒一起在潮湿的沼泽里与腐化作战。他们联合起来立即将地穴和土地中的黑暗驱散了。
QUEST_BEAR_2_9_QUESTINFODATA_ACTIONS_4_DEFAULTOUTCOME_OUTCOMETEXT,你们共同驱走了地穴的邪恶力量。黑暗仍然负隅顽抗，但有学徒与你并肩，怀尔德获胜了。
QUEST_BEAR_2_9_QUESTINFODATA_ENCOUNTERTEXT,在沼泽的中心，你会发现一个古老的石砌地穴半埋在泥里。从内部迸发的愤怒正在考验你的灵魂。
QUEST_BEAR_2_9_QUESTINFODATA_JOURNALENCOUNTERTEXT,我们的英雄不需要远赴<quest_tile>冒险便知道某些东西可怕地困扰着它。尽管如此，地穴的景象真的很可怕。
QUEST_BEAR_2_9_QUESTINFODATA_JOURNALRUMOURTEXT,阿门罗的土地日渐溃烂，腐化散播着恐惧。需要对部分沼泽进行净化。还有谁比熊更合适？
QUEST_BEAR_2_9_QUESTINFODATA_RUMOURTEXT,在这些土地上，怀尔德正因腐化弥漫的沼泽地带而衰弱。一些沼泽需要净化。
QUEST_BEAR_2_9_QUESTINFODATA_TITLE,地穴
QUEST_BEAR_3_10_QUESTINFODATA_ACTIONS_0_ACTIONTEXT,继续前进！
QUEST_BEAR_3_10_QUESTINFODATA_ACTIONS_0_DEFAULTOUTCOME_JOURNALTEXT,可惜这仍不足以抵达传说中的灵石。在平原夺走他们的性命之前，我们勇敢的英雄被迫撤退。
QUEST_BEAR_3_10_QUESTINFODATA_ACTIONS_0_DEFAULTOUTCOME_OUTCOMETEXT,你尝试撑过干旱平原的苛刻自然条件，但感觉死亡在快速接近。在一切玩完之前，你被迫撤退了。
QUEST_BEAR_3_10_QUESTINFODATA_ACTIONS_0_TESTSUCCESSOUTCOME_JOURNALTEXT,他们准备妥当实为幸事，因为这次征途远比以往任何一次都艰险。但最终，灵石到手了！
QUEST_BEAR_3_10_QUESTINFODATA_ACTIONS_0_TESTSUCCESSOUTCOME_OUTCOMETEXT,你对自己的要求比以往更高，忍受高温、脱水，并且在你的斗争中还有更多困难。但是你找到了灵石 - 你取得了胜利！
QUEST_BEAR_3_10_QUESTINFODATA_ACTIONS_1_ACTIONTEXT,不，没门儿。忘了那块灵石吧。
QUEST_BEAR_3_10_QUESTINFODATA_ACTIONS_1_DEFAULTOUTCOME_JOURNALTEXT,尽管如此，灵石很宝贵，<hero_name>不是傻瓜。他们考虑了任务的代价，并明智地撤退到了安全地带。
QUEST_BEAR_3_10_QUESTINFODATA_ACTIONS_1_DEFAULTOUTCOME_OUTCOMETEXT,知道跨越这些干旱平原的征途可能轻易夺走你的生命，你决定要减少损失，并撤退到安全地带。
QUEST_BEAR_3_10_QUESTINFODATA_ACTIONS_2_ACTIONTEXT,"""喝吧，你会好起来的。"""
QUEST_BEAR_3_10_QUESTINFODATA_ACTIONS_2_DEFAULTOUTCOME_JOURNALTEXT,要不是药剂师在我们的英雄身旁，疼痛可能会要了他的命。但是这次旅行很轻松，他们找到了一张法术卡。
QUEST_BEAR_3_10_QUESTINFODATA_ACTIONS_2_DEFAULTOUTCOME_OUTCOMETEXT,沙漠的条件非常恶劣，但是有药剂师保证你的英雄的安全。他们没有找到灵石，但是，一个风干的骨架上却出现一张法术卡。
QUEST_BEAR_3_10_QUESTINFODATA_ACTIONS_3_ACTIONTEXT,"""这？热吗？哈哈！"""
QUEST_BEAR_3_10_QUESTINFODATA_ACTIONS_3_DEFAULTOUTCOME_JOURNALTEXT,在没有任何防护的情况下，平原热得简直可以煮肉了。但是对于铁匠而言，温度只是有点暖和而已。我们的英雄只好被迫前行。尽管痛苦不堪。
QUEST_BEAR_3_10_QUESTINFODATA_ACTIONS_3_DEFAULTOUTCOME_OUTCOMETEXT,铁匠拖着你继续前行，对你的抱怨置若罔闻。灵石与你无缘，但一具风干的骨架给出了一张法术卡。
QUEST_BEAR_3_10_QUESTINFODATA_ACTIONS_4_ACTIONTEXT,让护卫携带你的装备
QUEST_BEAR_3_10_QUESTINFODATA_ACTIONS_4_DEFAULTOUTCOME_JOURNALTEXT,在通过这片荒芜的平原时，可以说充满艰辛，直到 <hero_name> 意识到，他可以让护卫携带装备。
QUEST_BEAR_3_10_QUESTINFODATA_ACTIONS_4_DEFAULTOUTCOME_OUTCOMETEXT,让你的护卫携带所有的工具和装备后，一路变得轻松极了。尽管，你没有发现灵石，但却又重新提起了精神。
QUEST_BEAR_3_10_QUESTINFODATA_ENCOUNTERTEXT,你的长途跋涉有一个好的开始，但灼热和干旱的草原很快开始考验你。为了灵石值得吗？
QUEST_BEAR_3_10_QUESTINFODATA_JOURNALENCOUNTERTEXT,我们的英雄自觉已准备万全，足以应对沙漠般的平原，誓要倾尽全力在征途中活下来。
QUEST_BEAR_3_10_QUESTINFODATA_JOURNALRUMOURTEXT,干旱平原的中心藏着一个秘密：一块灵石，由阿门罗所见过的最严酷的地貌守护着。
QUEST_BEAR_3_10_QUESTINFODATA_RUMOURTEXT,别被草丛骗了——那片地很干，干得像沙漠。但想得到藏在那里的灵石，你就得做好准备。
QUEST_BEAR_3_10_QUESTINFODATA_TITLE,灵砂
QUEST_BEAR_3_11_QUESTINFODATA_ACTIONS_0_ACTIONTEXT,抬起马车并解救商人。
QUEST_BEAR_3_11_QUESTINFODATA_ACTIONS_0_DEFAULTOUTCOME_JOURNALTEXT,我们的英雄拼命抬起马车，但每次尝试都使他在泥潭中越陷越深。商人在劫难逃。
QUEST_BEAR_3_11_QUESTINFODATA_ACTIONS_0_DEFAULTOUTCOME_OUTCOMETEXT,你用爪子扣住木车架，但力气不足以解救商人。他很快便在痛苦中咽了气。
QUEST_BEAR_3_11_QUESTINFODATA_ACTIONS_0_TESTSUCCESSOUTCOME_JOURNALTEXT,我们的英雄不浪费一分钟时间，将马车举起放在他的车轮上，解救了商人，并获得一枚随从卡牌！
QUEST_BEAR_3_11_QUESTINFODATA_ACTIONS_0_TESTSUCCESSOUTCOME_OUTCOMETEXT,你将爪子围住框架，将马车举起，让它恢复到合适的状态。商人很感激，并给了一枚随从卡牌作为感谢。
QUEST_BEAR_3_11_QUESTINFODATA_ACTIONS_1_ACTIONTEXT,拆掉四轮马车。解救商人。
QUEST_BEAR_3_11_QUESTINFODATA_ACTIONS_1_DEFAULTOUTCOME_JOURNALTEXT,我们的英雄迅速着手拆开马车，使它更容易抬起来。商人虽然得救了，但他的货物丢失了！
QUEST_BEAR_3_11_QUESTINFODATA_ACTIONS_1_DEFAULTOUTCOME_OUTCOMETEXT,你将马车拆得七零八落，最终解救了商人，但他却没了生计。他有点发愁。
QUEST_BEAR_3_11_QUESTINFODATA_ACTIONS_2_ACTIONTEXT,"""我们让他出来……争取点折扣。"""
QUEST_BEAR_3_11_QUESTINFODATA_ACTIONS_2_DEFAULTOUTCOME_JOURNALTEXT,在忠诚的贸易者的帮助下，我们的英雄很快释放了商人。不仅如此，贸易者还协商以一张卡牌表示感谢！
QUEST_BEAR_3_11_QUESTINFODATA_ACTIONS_2_DEFAULTOUTCOME_OUTCOMETEXT,你忠诚的贸易者帮助你释放了商人，他们两个很快达成协议！你得到一张作为感谢的卡牌后离开了！
QUEST_BEAR_3_11_QUESTINFODATA_ACTIONS_3_ACTIONTEXT,使用飞翼靴
QUEST_BEAR_3_11_QUESTINFODATA_ACTIONS_3_DEFAULTOUTCOME_JOURNALTEXT,若非飞翼靴之力，商人注定在劫难逃。借着它，我们的英雄将他从必死之境救了回来。
QUEST_BEAR_3_11_QUESTINFODATA_ACTIONS_3_DEFAULTOUTCOME_OUTCOMETEXT,借着飞翼靴的速度和力量，你释放了商人。为表示感谢，他送给你一些货物。
QUEST_BEAR_3_11_QUESTINFODATA_ENCOUNTERTEXT,你通过跟踪他的马车车辙找到了商人 - 他自己滚入了沼泽。他的腿断了，被死死压在了车架下面。
QUEST_BEAR_3_11_QUESTINFODATA_JOURNALENCOUNTERTEXT,在泥潭里，马车倒了 - 翻转压断了倒霉商人的腿。<hero_name>必须解救他，并且要尽快。
QUEST_BEAR_3_11_QUESTINFODATA_JOURNALRUMOURTEXT,一名当地商人失踪了，踪迹延伸进附近的沼泽深处。我们的英雄启程去查明他遭遇了什么。
QUEST_BEAR_3_11_QUESTINFODATA_RUMOURTEXT,商人失踪在沼泽中，我们都做了最坏的打算。看看你是否能探明发生了什么情况。
QUEST_BEAR_3_11_QUESTINFODATA_TITLE,失踪的商人
QUEST_BEAR_3_12_QUESTINFODATA_ACTIONS_0_ACTIONTEXT,砸开石板。
QUEST_BEAR_3_12_QUESTINFODATA_ACTIONS_0_DEFAULTOUTCOME_JOURNALTEXT,<hero_name>试图砸开石头，但很可惜，宝藏仍然永远地封印在石头里。我们的英雄会以失败而离开。
QUEST_BEAR_3_12_QUESTINFODATA_ACTIONS_0_DEFAULTOUTCOME_OUTCOMETEXT,你高高举起武器，用力砸下……却毫无作用。尽可能试试，宝藏又跑不掉！
QUEST_BEAR_3_12_QUESTINFODATA_ACTIONS_0_TESTSUCCESSOUTCOME_JOURNALTEXT,幸运的是，<hero_name>已经因某种原因被选定担当这个任务！石板碎裂，夺得宝藏！
QUEST_BEAR_3_12_QUESTINFODATA_ACTIONS_0_TESTSUCCESSOUTCOME_OUTCOMETEXT,你举起武器，用力劈下 - 石板随之裂开，露出了藏在其中的珍贵宝物！
QUEST_BEAR_3_12_QUESTINFODATA_ACTIONS_1_ACTIONTEXT,将宝藏移动到某个安全之处。
QUEST_BEAR_3_12_QUESTINFODATA_ACTIONS_1_DEFAULTOUTCOME_JOURNALTEXT,我们的英雄意识到宝藏得之不易，至少在那一刻是如此。所以<hero_name>将其藏了起来，所以后人还有机会夺取它。
QUEST_BEAR_3_12_QUESTINFODATA_ACTIONS_1_DEFAULTOUTCOME_OUTCOMETEXT,明知多半无法取出宝物，你能做的最好选择就是将它藏起来。也许部族勇士的后人会用上它。
QUEST_BEAR_3_12_QUESTINFODATA_ACTIONS_2_ACTIONTEXT,"""困在石头里了？让我来。"""
QUEST_BEAR_3_12_QUESTINFODATA_ACTIONS_2_DEFAULTOUTCOME_JOURNALTEXT,<hero_name> 的矿工砸碎石头，但里面的文物被砸坏了。尽管如此，我们的英雄还是带着一张有用的法术卡离开了！
QUEST_BEAR_3_12_QUESTINFODATA_ACTIONS_2_DEFAULTOUTCOME_OUTCOMETEXT,矿工用鹤嘴锄砸碎石板，但似乎还是破坏了文物。不过，你还是带着一张隐藏的宝贵法术卡离开了。
QUEST_BEAR_3_12_QUESTINFODATA_ACTIONS_3_ACTIONTEXT,使用腐化突出重围
QUEST_BEAR_3_12_QUESTINFODATA_ACTIONS_3_DEFAULTOUTCOME_JOURNALTEXT,我们的英雄试图使用腐化让石板腐败并变得不那么坚固。文物被破坏了，但是露出了一张隐藏的魔法卡。
QUEST_BEAR_3_12_QUESTINFODATA_ACTIONS_3_DEFAULTOUTCOME_OUTCOMETEXT,把乌鸦嘴匕首放在石板上后，腐化会进入石头。文物被破坏了，但露出了一张隐藏的魔法卡。
QUEST_BEAR_3_12_QUESTINFODATA_ACTIONS_4_ACTIONTEXT,"""让我来。"""
QUEST_BEAR_3_12_QUESTINFODATA_ACTIONS_4_DEFAULTOUTCOME_JOURNALTEXT,<hero_name> 炼金术士砸碎石头，但里面的文物被砸坏了。尽管如此，我们的英雄还是带着一张有用的法术卡离开了！
QUEST_BEAR_3_12_QUESTINFODATA_ACTIONS_4_DEFAULTOUTCOME_OUTCOMETEXT,炼金术士的炸弹炸开石板，但似乎还是破坏了文物。不过，你还是带着一张隐藏的宝贵法术卡离开了。
QUEST_BEAR_3_12_QUESTINFODATA_ENCOUNTERTEXT,你进入村子下方古神殿的深处，发现宝藏被封在石板里面。这……可能会比较棘手。
QUEST_BEAR_3_12_QUESTINFODATA_JOURNALENCOUNTERTEXT,但宝藏被封存在一块古老的石板内，用以挡住那些被视为不够格的觊觎者。
QUEST_BEAR_3_12_QUESTINFODATA_JOURNALRUMOURTEXT,在附近村子的地下发现了一个古老熊族宝库。部族长老已下令我们的英雄去夺取它。
QUEST_BEAR_3_12_QUESTINFODATA_RUMOURTEXT,一些当地人发现了一个古老的熊族宝库，而长老们已经向作为他们捍卫者的你下达了夺取宝藏的命令。
QUEST_BEAR_3_12_QUESTINFODATA_TITLE,怀尔德宝库
QUEST_BEAR_3_1_QUESTINFODATA_ACTIONS_0_ACTIONTEXT,运用你的智力……你能相信她吗？
QUEST_BEAR_3_1_QUESTINFODATA_ACTIONS_0_DEFAULTOUTCOME_JOURNALTEXT,尽管如此，我们的英雄还是进入了小屋，但随后狡猾的狐狸试图施放妖法！<hero_name>跌跌撞撞地走开，在法术中变得虚弱。
QUEST_BEAR_3_1_QUESTINFODATA_ACTIONS_0_DEFAULTOUTCOME_OUTCOMETEXT,你同意给自己算算运气，但狐狸仅仅是将刺粉吹到你的脸上。女巫！你逃走了，但被严重削弱。
QUEST_BEAR_3_1_QUESTINFODATA_ACTIONS_0_TESTSUCCESSOUTCOME_JOURNALTEXT,我们的英雄很快意识到这不是占卜师，而是女巫！<hero_name>将她斩倒，并从她的遗物中取得一块灵石。
QUEST_BEAR_3_1_QUESTINFODATA_ACTIONS_0_TESTSUCCESSOUTCOME_OUTCOMETEXT,等等……树林里的老旧小屋？头骨？这不是占卜师！她是个女巫！在她对你施用妖法前，赶紧把她击倒。
QUEST_BEAR_3_1_QUESTINFODATA_ACTIONS_1_ACTIONTEXT,离开狐狸占卜师。
QUEST_BEAR_3_1_QUESTINFODATA_ACTIONS_1_DEFAULTOUTCOME_JOURNALTEXT,我们的英雄知道最好不要进入森林中部令人毛骨悚然的小屋！<hero_name>离开了树林，觉得这才是明智之举！
QUEST_BEAR_3_1_QUESTINFODATA_ACTIONS_1_DEFAULTOUTCOME_OUTCOMETEXT,转念一想，这趟行程似乎是个糟糕透顶的主意。你匆忙撤退，觉得这个决定颇为明智。
QUEST_BEAR_3_1_QUESTINFODATA_ACTIONS_2_ACTIONTEXT,预言干瘪老丑婆的真正意图……
QUEST_BEAR_3_1_QUESTINFODATA_ACTIONS_2_DEFAULTOUTCOME_JOURNALTEXT,我们的英雄高举怀尔德护符。老狐狸嘶叫唾骂，随即在<hero_name>眼前燃成一团火焰！
QUEST_BEAR_3_1_QUESTINFODATA_ACTIONS_2_DEFAULTOUTCOME_OUTCOMETEXT,你感到怀尔德护符渐渐变热。当你举起它时，狐狸嘶叫一声，随即燃成火焰。你猜这大概是件好事。
QUEST_BEAR_3_1_QUESTINFODATA_ACTIONS_3_ACTIONTEXT,她施放魔法了！快跑！
QUEST_BEAR_3_1_QUESTINFODATA_ACTIONS_3_DEFAULTOUTCOME_JOURNALTEXT,就在我们的英雄将要靠近时，他们的学徒发出警告。真是太及时了。老巫婆的攻击打偏了。<hero_name>得救了。
QUEST_BEAR_3_1_QUESTINFODATA_ACTIONS_3_DEFAULTOUTCOME_OUTCOMETEXT,听到你的学徒的话后，老巫婆发出嘶声。她的双手闪光。攻击！不过你的学徒将你扑到一旁。你们一起逃走了。
QUEST_BEAR_3_1_QUESTINFODATA_ACTIONS_4_ACTIONTEXT,使用贝恩之爪
QUEST_BEAR_3_1_QUESTINFODATA_ACTIONS_4_DEFAULTOUTCOME_JOURNALTEXT,就在差一步走向老巫婆时，我们的英雄想起了贝恩之爪。它揭穿了老巫婆的邪恶，她逃走了。
QUEST_BEAR_3_1_QUESTINFODATA_ACTIONS_4_DEFAULTOUTCOME_OUTCOMETEXT,安全为上。你举起贝恩之爪，它闪出黑光。老巫婆被腐化侵蚀。她尖叫着逃走了。你安全了。
QUEST_BEAR_3_1_QUESTINFODATA_ENCOUNTERTEXT,老狐狸居住在森林深处。她要你信任她——但她壁炉架上老熊的头骨表明，这恐怕不是个好主意。
QUEST_BEAR_3_1_QUESTINFODATA_JOURNALENCOUNTERTEXT,占卜师的小屋独自耸立在森林深处，四下弥漫着悲戚的氛围。或许不能信任狐狸……
QUEST_BEAR_3_1_QUESTINFODATA_JOURNALRUMOURTEXT,<hero_name>被一个干瘪老丑婆招呼进了树林 - 一个占卜师！也许她的魔法可以揭示我们英雄的前途？
QUEST_BEAR_3_1_QUESTINFODATA_RUMOURTEXT,森林里有个干瘪老妪一直在打听你的消息。她似乎觉得能预言你的未来！也许值得一看。
QUEST_BEAR_3_1_QUESTINFODATA_TITLE,占卜师
QUEST_BEAR_3_2_QUESTINFODATA_ACTIONS_0_ACTIONTEXT,就释放你的朋友进行谈判。
QUEST_BEAR_3_2_QUESTINFODATA_ACTIONS_0_DEFAULTOUTCOME_JOURNALTEXT,<hero_name>想释放忠诚的间谍，但都无济于事。他们竞买失败，并且<hero_name>的朋友再也没有出现过。
QUEST_BEAR_3_2_QUESTINFODATA_ACTIONS_0_DEFAULTOUTCOME_OUTCOMETEXT,拍卖人忽略你的请求，并且拍卖如常开始。你竞买失败，并且你的朋友被拖走了。
QUEST_BEAR_3_2_QUESTINFODATA_ACTIONS_0_TESTSUCCESSOUTCOME_JOURNALTEXT,略作思考，<hero_name>接近了拍卖人。一番威胁之后，我们英雄的好朋友获得了自由！
QUEST_BEAR_3_2_QUESTINFODATA_ACTIONS_0_TESTSUCCESSOUTCOME_OUTCOMETEXT,你走到拍卖人跟前，并解释你的朋友在熊族中的重要性。经过一番威胁之后，他迅速获得了自由。
QUEST_BEAR_3_2_QUESTINFODATA_ACTIONS_1_ACTIONTEXT,掀起一阵骚乱，以帮助你的朋友逃脱。
QUEST_BEAR_3_2_QUESTINFODATA_ACTIONS_1_DEFAULTOUTCOME_JOURNALTEXT,我们的英雄知道最好不要和这些犯罪分子讲规矩！相反，<hero_name>煽动暴力骚乱来阻止拍卖是为上策！
QUEST_BEAR_3_2_QUESTINFODATA_ACTIONS_1_DEFAULTOUTCOME_OUTCOMETEXT,你在城市广场煽风点火，并掀起了一阵暴力骚乱 - 你的朋友逃脱了，但对你的行为感到不以为然。
QUEST_BEAR_3_2_QUESTINFODATA_ACTIONS_2_ACTIONTEXT,升起皇家旗帜
QUEST_BEAR_3_2_QUESTINFODATA_ACTIONS_2_DEFAULTOUTCOME_JOURNALTEXT,<hero_name> 不会让奴隶贸易免受惩罚。他们举起皇家旗帜。国王的权威为忠诚者的释放提供了庇护。
QUEST_BEAR_3_2_QUESTINFODATA_ACTIONS_2_DEFAULTOUTCOME_OUTCOMETEXT,阿门罗禁止奴隶贸易。你举起皇家旗帜，然后发出咆哮声，声音震颤着整个市场。忠诚者很快被释放了。
QUEST_BEAR_3_2_QUESTINFODATA_ACTIONS_3_ACTIONTEXT,挥动皇家赦令
QUEST_BEAR_3_2_QUESTINFODATA_ACTIONS_3_DEFAULTOUTCOME_JOURNALTEXT,我们的英雄抢夺了皇家赦令，并将它高高举起。面对疯狂国王的旨意，奴隶贩子被迫释放了忠诚者。
QUEST_BEAR_3_2_QUESTINFODATA_ACTIONS_3_DEFAULTOUTCOME_OUTCOMETEXT,你走上奴隶拍卖台，举起皇家赦令。奴隶贩子不情愿地放走了囚犯。忠诚者安全了。
QUEST_BEAR_3_2_QUESTINFODATA_ACTIONS_4_ACTIONTEXT,"""我知道这个拍卖商。"""
QUEST_BEAR_3_2_QUESTINFODATA_ACTIONS_4_DEFAULTOUTCOME_JOURNALTEXT,我们的英雄求助硬币大师，他似乎认识这个拍卖商。没过多久，<hero_name>的朋友就获得了自由！
QUEST_BEAR_3_2_QUESTINFODATA_ACTIONS_4_DEFAULTOUTCOME_OUTCOMETEXT,你听了硬币大师的话，他很快设法释放了你的朋友。你的朋友如释重负，送给你一个宝贵的奖励作为感谢。
QUEST_BEAR_3_2_QUESTINFODATA_ENCOUNTERTEXT,当你到达时这个村子热闹非凡，但你很快就会知道那是因为你的朋友正在奴隶街区被拍卖。
QUEST_BEAR_3_2_QUESTINFODATA_JOURNALENCOUNTERTEXT,我们的英雄赶到现场，发现城市广场变成了一个繁华喧闹之地。在那个街区，有<hero_name>的朋友！
QUEST_BEAR_3_2_QUESTINFODATA_JOURNALRUMOURTEXT,<hero_name>听到了一个最不幸的传闻：一名忠实的熊族亲信正在奴隶街区被拍卖！
QUEST_BEAR_3_2_QUESTINFODATA_RUMOURTEXT,我们自己中的一员让自己在这个村子的附近被奴役。如果你抓紧时间，还有可能挽救他们！
QUEST_BEAR_3_2_QUESTINFODATA_TITLE,奴隶街区
QUEST_BEAR_3_3_QUESTINFODATA_ACTIONS_0_ACTIONTEXT,用你的智力去寻找有用的宝藏。
QUEST_BEAR_3_3_QUESTINFODATA_ACTIONS_0_DEFAULTOUTCOME_JOURNALTEXT,<hero_name>试图追踪熊族的动向，但遗憾的是最终跟踪了一条饥饿的蛇回到它的巢穴！
QUEST_BEAR_3_3_QUESTINFODATA_ACTIONS_0_DEFAULTOUTCOME_OUTCOMETEXT,你尝试沿古战场的小路前进 - 但你的智力只会带领你进入一条饥饿的蛇的巢穴！
QUEST_BEAR_3_3_QUESTINFODATA_ACTIONS_0_TESTSUCCESSOUTCOME_JOURNALTEXT,所以，依靠自己敏锐的智力，<hero_name>跟踪沉寂多时的部族之母，以寻找她失散多年的宝藏。
QUEST_BEAR_3_3_QUESTINFODATA_ACTIONS_0_TESTSUCCESSOUTCOME_OUTCOMETEXT,你依靠自己的智力，追寻古老的足迹和以前的小路找到一位部族之母的安息之地 - 而宝藏会祝你一臂之力！
QUEST_BEAR_3_3_QUESTINFODATA_ACTIONS_1_ACTIONTEXT,找到制高点并查看四周。
QUEST_BEAR_3_3_QUESTINFODATA_ACTIONS_1_DEFAULTOUTCOME_JOURNALTEXT,<hero_name>试图找到制高点，以找出地标或线索。不幸的是，草丛掩盖了一切，而我们的英雄毫无头绪。
QUEST_BEAR_3_3_QUESTINFODATA_ACTIONS_1_DEFAULTOUTCOME_OUTCOMETEXT,你先将寻宝放一边，然后找到制高点。不幸的是，茂盛的草丛挡住了你的视线 - 你毫无头绪。
QUEST_BEAR_3_3_QUESTINFODATA_ACTIONS_2_ACTIONTEXT,"""我可能能帮上忙。"""
QUEST_BEAR_3_3_QUESTINFODATA_ACTIONS_2_DEFAULTOUTCOME_JOURNALTEXT,<hero_name> 反而向忠诚的探险家求助，探险家很快发现一个古老的宝藏，里面有一些未使用过的法术卡。
QUEST_BEAR_3_3_QUESTINFODATA_ACTIONS_2_DEFAULTOUTCOME_OUTCOMETEXT,你忠诚的探险家很快找到一个小道，然后很快发现一个宝库，里面有一张有用的法术卡！
QUEST_BEAR_3_3_QUESTINFODATA_ACTIONS_3_ACTIONTEXT,用怀尔德焰杖为你引路
QUEST_BEAR_3_3_QUESTINFODATA_ACTIONS_3_DEFAULTOUTCOME_JOURNALTEXT,战场上藏着许多未解之谜。由于太多，直到今天，<quest_tile> 的搜索仍在继续。那天，我们的英雄发现了其中的一个。
QUEST_BEAR_3_3_QUESTINFODATA_ACTIONS_3_DEFAULTOUTCOME_OUTCOMETEXT,你举起怀尔德焰杖，草丛随之摇曳。你凝望前方，风将你的注意力引向一处藏有古老法术卡的密藏。
QUEST_BEAR_3_3_QUESTINFODATA_ENCOUNTERTEXT,古战场上曾经爆发过熊族和狼族之间的战争。现在，平原上的草丛将这一切掩盖了起来。
QUEST_BEAR_3_3_QUESTINFODATA_JOURNALENCOUNTERTEXT,了解到熊族的宝藏有助于他们的任务之后，<hero_name>前往平原寻找任何有用的东西。
QUEST_BEAR_3_3_QUESTINFODATA_JOURNALRUMOURTEXT,在古代，熊族和狼族曾在平原上开战。如今，那场战争的遗物正被翻掘到地表。
QUEST_BEAR_3_3_QUESTINFODATA_RUMOURTEXT,一些旅行者曾提到过，经过雨水的冲刷，在此附近古战场会有一些遗骸和宝藏显露出来。也许值得碰碰运气。
QUEST_BEAR_3_3_QUESTINFODATA_TITLE,余波
QUEST_BEAR_3_4_QUESTINFODATA_ACTIONS_0_ACTIONTEXT,对付守卫。然后是术士。
QUEST_BEAR_3_4_QUESTINFODATA_ACTIONS_0_DEFAULTOUTCOME_JOURNALTEXT,我们的英雄试图击退守卫，但他们实在太强大了。<hero_name>被打败了，然后从村里被扔了出来。
QUEST_BEAR_3_4_QUESTINFODATA_ACTIONS_0_DEFAULTOUTCOME_OUTCOMETEXT,你对守卫扬起武器，但他们很快就压制住你。议员嘲笑你软弱无力，并将你扔了出来。
QUEST_BEAR_3_4_QUESTINFODATA_ACTIONS_0_TESTSUCCESSOUTCOME_JOURNALTEXT,但这还不足以阻挡我们的英雄！<hero_name>斩倒守卫和术士，将村子从腐化中拯救了出来！
QUEST_BEAR_3_4_QUESTINFODATA_ACTIONS_0_TESTSUCCESSOUTCOME_OUTCOMETEXT,通过几个迅猛的招数，守卫们都被干掉了。该议员试图施展一种黑暗妖法来结束你的生命，但你却把他放倒了。
QUEST_BEAR_3_4_QUESTINFODATA_ACTIONS_1_ACTIONTEXT,等待时机。
QUEST_BEAR_3_4_QUESTINFODATA_ACTIONS_1_DEFAULTOUTCOME_JOURNALTEXT,我们的英雄等士兵们放松戒备然后击倒了他们 - 但遗憾的是那时术士已经逃走了。
QUEST_BEAR_3_4_QUESTINFODATA_ACTIONS_1_DEFAULTOUTCOME_OUTCOMETEXT,你等议员离开，然后对守卫出手。你设法击败了他们，但术士已经逃离村子。
QUEST_BEAR_3_4_QUESTINFODATA_ACTIONS_2_ACTIONTEXT,贝恩的利剑在召唤
QUEST_BEAR_3_4_QUESTINFODATA_ACTIONS_2_DEFAULTOUTCOME_JOURNALTEXT,贝恩的利剑会给持剑者带来巨大的能量。我们的英雄不禁挺身对抗守卫。这是一场短暂的搏斗。
QUEST_BEAR_3_4_QUESTINFODATA_ACTIONS_2_DEFAULTOUTCOME_OUTCOMETEXT,趁守卫开始松懈，你出手了。腐化与钢铁的旋风。议员逃走了，却吓得不敢再回来。
QUEST_BEAR_3_4_QUESTINFODATA_ACTIONS_3_ACTIONTEXT,"""他的魔法对付不了我！"""
QUEST_BEAR_3_4_QUESTINFODATA_ACTIONS_3_DEFAULTOUTCOME_JOURNALTEXT,<hero_name> 的术士在一场神奇的决斗中与其他对手搏斗，而且就在糊涂的守卫眼皮子底下。我们英雄的同伴获胜了。险胜。
QUEST_BEAR_3_4_QUESTINFODATA_ACTIONS_3_DEFAULTOUTCOME_OUTCOMETEXT,你的术士双眼上翻。守卫们察觉时为时已晚。他们的主人倒下了，败给了更幽暗的腐化魔法。
QUEST_BEAR_3_4_QUESTINFODATA_ACTIONS_4_ACTIONTEXT,"""现在过来，甩掉尾巴很容易。"""
QUEST_BEAR_3_4_QUESTINFODATA_ACTIONS_4_DEFAULTOUTCOME_JOURNALTEXT,多亏间谍大师的帮助，<hero_name>甩掉了守卫，追缉到了术士。战斗短暂却痛快。
QUEST_BEAR_3_4_QUESTINFODATA_ACTIONS_4_DEFAULTOUTCOME_OUTCOMETEXT,你的间谍大师带你穿过曲折的小巷和拥挤的街道。你甩掉了守卫，然后朝术士的塔楼进发。
QUEST_BEAR_3_4_QUESTINFODATA_ENCOUNTERTEXT,该议员派了一小队士兵来迎接你。貌似他们是为了贴身护送你，以确保你不会惹麻烦。
QUEST_BEAR_3_4_QUESTINFODATA_JOURNALENCOUNTERTEXT,我们的英雄急忙赶到村里，才发现可疑的术士识破了<hero_name>的计划。一小支军队守在门边。
QUEST_BEAR_3_4_QUESTINFODATA_JOURNALRUMOURTEXT,传闻传到<hero_name>耳中：某村有位当地议员与腐化勾结——一个邪恶的术士！
QUEST_BEAR_3_4_QUESTINFODATA_RUMOURTEXT,附近的一个村子有一名议员 - 当地人似乎觉得他有点像术士。看看你能否查明真相。
QUEST_BEAR_3_4_QUESTINFODATA_TITLE,术士的游戏
QUEST_BEAR_3_5_QUESTINFODATA_ACTIONS_0_ACTIONTEXT,与你的对手结合。冲破藩篱！
QUEST_BEAR_3_5_QUESTINFODATA_ACTIONS_0_DEFAULTOUTCOME_JOURNALTEXT,<hero_name>不肯就范，而是对守卫发起了攻击。莱维徳的王国依然存在，但我们的英雄至少设法逃脱了。
QUEST_BEAR_3_5_QUESTINFODATA_ACTIONS_0_DEFAULTOUTCOME_OUTCOMETEXT,你攻击了守卫，但你的对手就不那么幸运了。你无法拯救他们，并惭愧地逃出了山。
QUEST_BEAR_3_5_QUESTINFODATA_ACTIONS_0_TESTSUCCESSOUTCOME_JOURNALTEXT,<hero_name>不肯就范，而是对守卫发起了攻击，拼命争取自由！不久，莱维徳的王国灰飞烟灭。
QUEST_BEAR_3_5_QUESTINFODATA_ACTIONS_0_TESTSUCCESSOUTCOME_OUTCOMETEXT,你反而攻击守卫——你的对手迅速加入你，你们一同将山中的邪恶生物斩杀殆尽！
QUEST_BEAR_3_5_QUESTINFODATA_ACTIONS_1_ACTIONTEXT,杀掉你的对手，以打动独爪蜃。
QUEST_BEAR_3_5_QUESTINFODATA_ACTIONS_1_DEFAULTOUTCOME_JOURNALTEXT,<hero_name>不想杀死任何卑微的动物，而想逃出莱维徳的掌心，我们的英雄不得不击倒他们的对手。
QUEST_BEAR_3_5_QUESTINFODATA_ACTIONS_1_DEFAULTOUTCOME_OUTCOMETEXT,你祈求自己对手的原谅，但为了阿门罗着想他们必须受死。你赢了这场战斗，很快就被释放了。
QUEST_BEAR_3_5_QUESTINFODATA_ACTIONS_2_ACTIONTEXT,穿上盔甲逃离！
QUEST_BEAR_3_5_QUESTINFODATA_ACTIONS_2_DEFAULTOUTCOME_JOURNALTEXT,狮心胸甲阻挡了独爪蜃战士每次笨拙的攻击。我们的英雄杀掉很多独爪蜃战士，然后逃离了钢铁深渊。
QUEST_BEAR_3_5_QUESTINFODATA_ACTIONS_2_DEFAULTOUTCOME_OUTCOMETEXT,独爪蜃的武器一碰狮心胸甲便粉碎了。你闯过竞技场的大门，沿山而逃。
QUEST_BEAR_3_5_QUESTINFODATA_ACTIONS_3_ACTIONTEXT,使用皇家盾牌轻松逃脱。
QUEST_BEAR_3_5_QUESTINFODATA_ACTIONS_3_DEFAULTOUTCOME_JOURNALTEXT,他们和守卫中间横着皇家盾牌，<hero_name> 单爪打败独爪蜃的军队，让整座山摆脱了他的疯狂控制。
QUEST_BEAR_3_5_QUESTINFODATA_ACTIONS_3_DEFAULTOUTCOME_OUTCOMETEXT,你举起皇家盾牌，毫不费力地躲过守卫的攻击。你曾经的对手为感谢你，送给你一张珍贵的卡牌。
QUEST_BEAR_3_5_QUESTINFODATA_ACTIONS_4_ACTIONTEXT,开火
QUEST_BEAR_3_5_QUESTINFODATA_ACTIONS_4_DEFAULTOUTCOME_JOURNALTEXT,独爪蜃的竞技场非常残酷。我们的英雄只看到一个出路。胜利了！他们用手炮杀死了对手，获得了自由。
QUEST_BEAR_3_5_QUESTINFODATA_ACTIONS_4_DEFAULTOUTCOME_OUTCOMETEXT,竞技场上没有荣耀可谈。你举起手炮开火，杀死了对手。作为胜利者，你获得了自由并得到奖励。
QUEST_BEAR_3_5_QUESTINFODATA_ENCOUNTERTEXT,你被强大的莱维徳俘虏了，被迫在深山中的竞技场进行战斗。你的对手已恭候多时！
QUEST_BEAR_3_5_QUESTINFODATA_JOURNALENCOUNTERTEXT,唉，我们的英雄很快发现自己被扔在同一个角斗场里，被迫与一名无辜的英雄角斗，以供莱维徳消遣！
QUEST_BEAR_3_5_QUESTINFODATA_JOURNALRUMOURTEXT,我们的英雄听说过强大的莱维徳 - 他是一个疯狂的军阀，强迫英雄们在钢铁和石头筑成的角斗坑中角斗至死。
QUEST_BEAR_3_5_QUESTINFODATA_RUMOURTEXT,小心行经那些山脉附近！强大的老莱维徳统治着那里，俘虏勇士并让他们角斗至死。
QUEST_BEAR_3_5_QUESTINFODATA_TITLE,钢铁角斗坑
QUEST_BEAR_3_6_QUESTINFODATA_ACTIONS_0_ACTIONTEXT,斩杀全部三个首领——为了阿门罗的大义。
QUEST_BEAR_3_6_QUESTINFODATA_ACTIONS_0_DEFAULTOUTCOME_JOURNALTEXT,<hero_name>试图斩倒罪犯，但强盗们更强更快，击败了我们的英雄，迫使他们逃走。
QUEST_BEAR_3_6_QUESTINFODATA_ACTIONS_0_DEFAULTOUTCOME_OUTCOMETEXT,杀了这三个无疑会让阿门罗变得更好，但你缺乏这样的本事。他们迅速击败了你，迫使你逃离。
QUEST_BEAR_3_6_QUESTINFODATA_ACTIONS_0_TESTSUCCESSOUTCOME_JOURNALTEXT,对付罪犯最好的谈判方法是什么？当然是干掉他们！我们的英雄大开杀戒，夺得了宝藏！
QUEST_BEAR_3_6_QUESTINFODATA_ACTIONS_0_TESTSUCCESSOUTCOME_OUTCOMETEXT,你有个可行的办法：将这三个犯罪败类从这片土地上清除！你将他们斩倒，把宝藏收入囊中。
QUEST_BEAR_3_6_QUESTINFODATA_ACTIONS_1_ACTIONTEXT,仲裁三者之间的决斗。
QUEST_BEAR_3_6_QUESTINFODATA_ACTIONS_1_DEFAULTOUTCOME_JOURNALTEXT,我们的英雄决定最佳的解决方案是三个犯罪首领之间的决斗。获胜者带走了宝藏，而冲突也平息了。
QUEST_BEAR_3_6_QUESTINFODATA_ACTIONS_1_DEFAULTOUTCOME_OUTCOMETEXT,你退后一步，让三人彼此决斗。两名冷酷无情的罪犯败下阵来，第三人夺得了宝藏。有总比没有好！
QUEST_BEAR_3_6_QUESTINFODATA_ACTIONS_2_ACTIONTEXT,"""这是我们的！攻击！"""
QUEST_BEAR_3_6_QUESTINFODATA_ACTIONS_2_DEFAULTOUTCOME_JOURNALTEXT,谈判需要时间。我们的英雄有王座可以争夺。在狂战士的帮助下，他们杀死了强盗，分掉了宝藏。
QUEST_BEAR_3_6_QUESTINFODATA_ACTIONS_2_DEFAULTOUTCOME_OUTCOMETEXT,狂战士抓住了最靠近的两个强盗，猛击他们的头部。你杀掉了第三个强盗。你和同伴分掉了战利品。
QUEST_BEAR_3_6_QUESTINFODATA_ACTIONS_3_ACTIONTEXT,偷走箱子里的东西
QUEST_BEAR_3_6_QUESTINFODATA_ACTIONS_3_DEFAULTOUTCOME_JOURNALTEXT,趁强盗争论分赃时，我们的英雄披明镜披风飘到宝箱旁，带走了所有能带走的东西。
QUEST_BEAR_3_6_QUESTINFODATA_ACTIONS_3_DEFAULTOUTCOME_OUTCOMETEXT,明镜披风可让你如幽幽鬼影般从强盗身旁飘过。你带上箱子里所有能带走的东西，逃走了。
QUEST_BEAR_3_6_QUESTINFODATA_ACTIONS_4_ACTIONTEXT,将箱子据为己有
QUEST_BEAR_3_6_QUESTINFODATA_ACTIONS_4_DEFAULTOUTCOME_JOURNALTEXT,伪装的面具的力量常常被低估。我们的英雄可利用计谋和谎言拿走一部分战利品。
QUEST_BEAR_3_6_QUESTINFODATA_ACTIONS_4_DEFAULTOUTCOME_OUTCOMETEXT,"强盗们笑了。他们说""你是谁？""，你戴上伪装的面具。经过一番争论和巧言令色，你得到了一部分战利品。"
QUEST_BEAR_3_6_QUESTINFODATA_ENCOUNTERTEXT,你到达现场后发现三名当地土匪部落的首领在争论上了锁的箱子，各自都声称归自己所有。
QUEST_BEAR_3_6_QUESTINFODATA_JOURNALENCOUNTERTEXT,<hero_name>知道任何分歧都可能导致无数无辜者丧命，于是开始仲裁这起纠纷。
QUEST_BEAR_3_6_QUESTINFODATA_JOURNALRUMOURTEXT,我们的英雄已经被告知了一起当地的犯罪纠纷：一个小偷在三个犯罪团伙之间的边界掉下了赃物。
QUEST_BEAR_3_6_QUESTINFODATA_RUMOURTEXT,似乎有个小偷刚好死在三个匪帮边界的路上。现在他们在争吵谁能占有这笔赃物！
QUEST_BEAR_3_6_QUESTINFODATA_TITLE,死贼的箱子
QUEST_BEAR_3_7_QUESTINFODATA_ACTIONS_0_ACTIONTEXT,接近光芒。
QUEST_BEAR_3_7_QUESTINFODATA_ACTIONS_0_DEFAULTOUTCOME_JOURNALTEXT,我们的英雄走近光芒，却察觉不对。温暖的光变成了灼痛，我们的英雄仓皇逃离，皮毛被怀尔德之火燎焦。
QUEST_BEAR_3_7_QUESTINFODATA_ACTIONS_0_DEFAULTOUTCOME_OUTCOMETEXT,你向着光芒更近一步，但开始时舒适的温暖变得灼热疼痛。在你逃走时，你的皮毛几乎都要烧起来了。
QUEST_BEAR_3_7_QUESTINFODATA_ACTIONS_0_TESTSUCCESSOUTCOME_JOURNALTEXT,我们的英雄感觉到与怀尔德的感应，走近了它。光芒发亮，凝聚成形，变成了一块灵石！
QUEST_BEAR_3_7_QUESTINFODATA_ACTIONS_0_TESTSUCCESSOUTCOME_OUTCOMETEXT,你向那道奇异的光芒走近一步，感到平静的温暖包围着你。光芒凝聚成形……一块灵石落在了地上。
QUEST_BEAR_3_7_QUESTINFODATA_ACTIONS_1_ACTIONTEXT,远离光芒。
QUEST_BEAR_3_7_QUESTINFODATA_ACTIONS_1_DEFAULTOUTCOME_JOURNALTEXT,我们的英雄足够明智，知道不能染指怀尔德，并决定远离光芒。也许这是最好的选择。
QUEST_BEAR_3_7_QUESTINFODATA_ACTIONS_1_DEFAULTOUTCOME_OUTCOMETEXT,最好尽可能不去招惹怀尔德。离开时你感到与怀尔德的联结更强了，但此外再无动静。
QUEST_BEAR_3_7_QUESTINFODATA_ACTIONS_2_ACTIONTEXT,摧毁那道异象
QUEST_BEAR_3_7_QUESTINFODATA_ACTIONS_2_DEFAULTOUTCOME_JOURNALTEXT,凶猛狂暴的魔法对阿门罗人是一大威胁。<hero_name>用月亮镰刀净化了那道异象。安全为上。
QUEST_BEAR_3_7_QUESTINFODATA_ACTIONS_2_DEFAULTOUTCOME_OUTCOMETEXT,最好别让怀尔德不加约束。你举起月亮镰刀，用闪亮的刀刃划过那道裂隙。它消失了，但魔法仍在萦绕。
QUEST_BEAR_3_7_QUESTINFODATA_ACTIONS_3_ACTIONTEXT,"""这是怀尔德的一道裂隙。我或许能派上用场。"""
QUEST_BEAR_3_7_QUESTINFODATA_ACTIONS_3_DEFAULTOUTCOME_JOURNALTEXT,咒法师精于将怀尔德的意志化作实体。光芒塑成一件珍贵的物品——一份来自怀尔德的赠礼！
QUEST_BEAR_3_7_QUESTINFODATA_ACTIONS_3_DEFAULTOUTCOME_OUTCOMETEXT,你忠诚的咒法师举起双手，那道裂隙随之起了反应，化作一件珍贵的物品——怀尔德本身的赠礼！
QUEST_BEAR_3_7_QUESTINFODATA_ACTIONS_4_ACTIONTEXT,"""我要跳进去了！"""
QUEST_BEAR_3_7_QUESTINFODATA_ACTIONS_4_DEFAULTOUTCOME_JOURNALTEXT,再一次，傻瓜向最大的危险发起的轻率攻击证明是有用的。泪珠为他们和我们的英雄灌输了魔法。\n
QUEST_BEAR_3_7_QUESTINFODATA_ACTIONS_4_DEFAULTOUTCOME_OUTCOMETEXT,聪明的傻瓜跃升于泪珠之上。你蒙住自己的眼睛。当你偷看时，发现裂缝不见了，傻瓜睡着了，魔法停留在空中。
QUEST_BEAR_3_7_QUESTINFODATA_ENCOUNTERTEXT,你走近巨石阵，发现其正上方悬着一道奇异的光芒。感觉它似乎在某种程度上与怀尔德相通。
QUEST_BEAR_3_7_QUESTINFODATA_JOURNALENCOUNTERTEXT,走近巨石后，<hero_name>看到了那道光芒——某种诞生于怀尔德的存在，悬浮在一切存在之外。
QUEST_BEAR_3_7_QUESTINFODATA_JOURNALRUMOURTEXT,一道奇怪的光芒让自己感知到附近一小堆立石。但是，它的目的是什么？我们的英雄会找出答案！
QUEST_BEAR_3_7_QUESTINFODATA_RUMOURTEXT,附近的一圈石头发出一道奇怪的光芒。不确定这是何物，但可能值得一探究竟。
QUEST_BEAR_3_7_QUESTINFODATA_TITLE,怀尔德之泪
QUEST_BEAR_3_8_QUESTINFODATA_ACTIONS_0_ACTIONTEXT,向怀尔德寻求指引。
QUEST_BEAR_3_8_QUESTINFODATA_ACTIONS_0_DEFAULTOUTCOME_JOURNALTEXT,<hero_name>试图召唤怀尔德求助，但毫无作用。流浪者依然被困……直到身体衰弱而亡。
QUEST_BEAR_3_8_QUESTINFODATA_ACTIONS_0_DEFAULTOUTCOME_OUTCOMETEXT,你请怀尔德帮助指引这个迷失的灵魂脱离腐化，但它没理你。流浪者注定永远无法从他们的昏迷中醒来。
QUEST_BEAR_3_8_QUESTINFODATA_ACTIONS_0_TESTSUCCESSOUTCOME_JOURNALTEXT,<hero_name>与怀尔德交流，将它引向流浪者，最终将他们从心灵战场中解救出来。
QUEST_BEAR_3_8_QUESTINFODATA_ACTIONS_0_TESTSUCCESSOUTCOME_OUTCOMETEXT,你小声恳求怀尔德并感觉自己的精神在升腾 - 你和流浪者均是如此。他们睁开了眼睛，最终得到了解救。
QUEST_BEAR_3_8_QUESTINFODATA_ACTIONS_1_ACTIONTEXT,别管流浪者。
QUEST_BEAR_3_8_QUESTINFODATA_ACTIONS_1_DEFAULTOUTCOME_JOURNALTEXT,但<hero_name>考虑了参加这样的战斗带来的后果 - 这可能是灾难性的！于是，他们任由流浪者而去。
QUEST_BEAR_3_8_QUESTINFODATA_ACTIONS_1_DEFAULTOUTCOME_OUTCOMETEXT,如果这个流浪者陷入与腐化的战斗，你认为最安全的选择就是随他们去。是的，绝对是最安全的。
QUEST_BEAR_3_8_QUESTINFODATA_ACTIONS_2_ACTIONTEXT,"""流浪者陷入恍惚？我有一个好曲子可以帮忙。"""
QUEST_BEAR_3_8_QUESTINFODATA_ACTIONS_2_DEFAULTOUTCOME_JOURNALTEXT,<hero_name> 想出一个计划——吟游诗人弹奏的旋律不绝于耳，这会将流浪者从他们的监狱中拉出来！就这样，流浪者被解救了！
QUEST_BEAR_3_8_QUESTINFODATA_ACTIONS_2_DEFAULTOUTCOME_OUTCOMETEXT,吟游诗人弹奏起一段萦绕心头的曲调，穿透了笼罩着流浪者的帷幕。流浪者如释重负，为感谢你的帮助，献上一份奖赏。
QUEST_BEAR_3_8_QUESTINFODATA_ACTIONS_3_ACTIONTEXT,"""这样的梦，我以前也做过。"""
QUEST_BEAR_3_8_QUESTINFODATA_ACTIONS_3_DEFAULTOUTCOME_JOURNALTEXT,陌生人的行事方式对阿门罗所有人来说仍是谜。那一天，这些方式拯救了这位梦想家，也为我们的英雄赢得了一份礼物。
QUEST_BEAR_3_8_QUESTINFODATA_ACTIONS_3_DEFAULTOUTCOME_OUTCOMETEXT,陌生人走上前来，眼睛泛着微光。他在梦想家的耳畔低语。你不知道他说了什么，但是梦想家就这样喘着气醒了。
QUEST_BEAR_3_8_QUESTINFODATA_ACTIONS_4_ACTIONTEXT,使用玩偶
QUEST_BEAR_3_8_QUESTINFODATA_ACTIONS_4_DEFAULTOUTCOME_JOURNALTEXT,若没有我们的英雄相助，陌生人的腐化之梦本会将其吞噬。幸运的是，<hero_name> 的玩偶娃娃足以唤醒他们。
QUEST_BEAR_3_8_QUESTINFODATA_ACTIONS_4_DEFAULTOUTCOME_OUTCOMETEXT,你需要的只是一根头发。你激活了玩偶。几针刺下就让陌生人从恍惚中醒来。
QUEST_BEAR_3_8_QUESTINFODATA_ENCOUNTERTEXT,流浪者并非你最初以为的只是在冥想——他们在自己的精神世界中迷失了，被腐化本身困住了！
QUEST_BEAR_3_8_QUESTINFODATA_JOURNALENCOUNTERTEXT,流浪者被腐化所困，他们的头脑成了邪恶腐化力量的战场。我们的英雄必须伸出援手！
QUEST_BEAR_3_8_QUESTINFODATA_JOURNALRUMOURTEXT,在路边，一个流浪者坐着发呆，看似在冥想。然而，他们平静的状态下掩盖更可怕的煎熬。
QUEST_BEAR_3_8_QUESTINFODATA_RUMOURTEXT,刚才从一个商人那里听说，有一个流浪者在路边冥想 - 如果他们醒来，可能是一个有用的盟友！
QUEST_BEAR_3_8_QUESTINFODATA_TITLE,宁静和心灵
QUEST_BEAR_3_9_QUESTINFODATA_ACTIONS_0_ACTIONTEXT,听从怀尔德。寻求指引。
QUEST_BEAR_3_9_QUESTINFODATA_ACTIONS_0_DEFAULTOUTCOME_JOURNALTEXT,<hero_name>聆听着怀尔德的指引召唤，但什么也没听到。他们不停地找，但在老神殿里一无所获。
QUEST_BEAR_3_9_QUESTINFODATA_ACTIONS_0_DEFAULTOUTCOME_OUTCOMETEXT,你闭上眼睛，聆听怀尔德，但你毫无收获。搜寻数小时之后，你两手空空地离开了。
QUEST_BEAR_3_9_QUESTINFODATA_ACTIONS_0_TESTSUCCESSOUTCOME_JOURNALTEXT,<hero_name>聆听着怀尔德的指引召唤，很快便发现了藏在地板下的其余宝藏！
QUEST_BEAR_3_9_QUESTINFODATA_ACTIONS_0_TESTSUCCESSOUTCOME_OUTCOMETEXT,你闭上眼睛聆听怀尔德。它把你往下引——到地板。不，地板下面！在那里，你发现了一件藏起来的文物！
QUEST_BEAR_3_9_QUESTINFODATA_ACTIONS_1_ACTIONTEXT,向怀尔德表示敬意。
QUEST_BEAR_3_9_QUESTINFODATA_ACTIONS_1_DEFAULTOUTCOME_JOURNALTEXT,<hero_name>忽略了古代宝藏的呼唤，而是选择修葺神殿。至少可以说这是一种精神上的福音。
QUEST_BEAR_3_9_QUESTINFODATA_ACTIONS_1_DEFAULTOUTCOME_OUTCOMETEXT,你不理会古老的宝藏，而是尽力修葺旧神殿。怀尔德在你体内奔涌——此行值得。
QUEST_BEAR_3_9_QUESTINFODATA_ACTIONS_2_ACTIONTEXT,"""会是藏在地下的某些宝藏吗？还是在墙上？"""
QUEST_BEAR_3_9_QUESTINFODATA_ACTIONS_2_DEFAULTOUTCOME_JOURNALTEXT,<hero_name> 向矿工求助，矿工用鹤嘴锄敲击古老的石头，然后出现一张有用的法术卡，它深藏于石头中。
QUEST_BEAR_3_9_QUESTINFODATA_ACTIONS_2_DEFAULTOUTCOME_OUTCOMETEXT,你让矿工带着她的鹤嘴锄来到神殿，在这个过程中你将神殿破坏掉，但是还发掘出一张可以使用的宝贵法术卡！
QUEST_BEAR_3_9_QUESTINFODATA_ACTIONS_3_ACTIONTEXT,"""会是藏在地下的某些宝藏吗？还是在墙上？"""
QUEST_BEAR_3_9_QUESTINFODATA_ACTIONS_3_DEFAULTOUTCOME_JOURNALTEXT,<hero_name> 向矿工求助，矿工用鹤嘴锄敲击古老的石头，然后出现一张有用的法术卡，它深藏于石头中。
QUEST_BEAR_3_9_QUESTINFODATA_ACTIONS_3_DEFAULTOUTCOME_OUTCOMETEXT,你让矿工带着她的鹤嘴锄来到神殿，在这个过程中你将神殿破坏掉，但是还发掘出一张可以使用的宝贵法术卡！
QUEST_BEAR_3_9_QUESTINFODATA_ENCOUNTERTEXT,你已经到达了古老的神殿，发现一片惨状：古代工艺品已全部被盗或被毁。有什么会留下？
QUEST_BEAR_3_9_QUESTINFODATA_JOURNALENCOUNTERTEXT,我们的英雄攀登到顶峰，寻找任何可能留下的东西 - 古代熊族文物可能在他们的任务中帮助他们的任何东西。
QUEST_BEAR_3_9_QUESTINFODATA_JOURNALRUMOURTEXT,在雄伟的山峰上，一座古代熊族神殿静候着来访者。劫掠者匆匆掳走了几乎所有东西。几近全部。
QUEST_BEAR_3_9_QUESTINFODATA_RUMOURTEXT,在<quest_tile>发现了一座熊族神殿。劫掠者将其洗劫一空，但也许会有遗留之物？
QUEST_BEAR_3_9_QUESTINFODATA_TITLE,失落的怀尔德神殿
QUEST_BEAR_4_10_QUESTINFODATA_ACTIONS_0_ACTIONTEXT,尝试拯救一切。
QUEST_BEAR_4_10_QUESTINFODATA_ACTIONS_0_DEFAULTOUTCOME_JOURNALTEXT,<hero_name>试图拖动宝藏和大部头书籍，但缺乏必要的力量。图书馆烧毁了，一切都完了。
QUEST_BEAR_4_10_QUESTINFODATA_ACTIONS_0_DEFAULTOUTCOME_OUTCOMETEXT,你尝试举起大部头古书籍，但你力不从心。你被迫放弃一切逃了出来，火势紧随其后。
QUEST_BEAR_4_10_QUESTINFODATA_ACTIONS_0_TESTSUCCESSOUTCOME_JOURNALTEXT,<hero_name>将大部头书籍和宝藏收集起来。仅仅依靠个人的力量，我们的英雄在国王守卫到来之前就将其转移到了安全地带。
QUEST_BEAR_4_10_QUESTINFODATA_ACTIONS_0_TESTSUCCESSOUTCOME_OUTCOMETEXT,你迅速行动，尽量抓住宝藏和大部头书籍，并将其拖到安全地带。你的努力保住了熊族世代的知识积累。
QUEST_BEAR_4_10_QUESTINFODATA_ACTIONS_1_ACTIONTEXT,只收集最有价值的书籍。
QUEST_BEAR_4_10_QUESTINFODATA_ACTIONS_1_DEFAULTOUTCOME_JOURNALTEXT,<hero_name>迅速行动，拯救了几本最有价值的大部头书籍。那一天损失了很多知识，但本可能更糟。
QUEST_BEAR_4_10_QUESTINFODATA_ACTIONS_1_DEFAULTOUTCOME_OUTCOMETEXT,明知如此，那么试图拯救一切东西就并非明智之举，你在逃走之前只是有选择性地抓了几样物品。有总比没有好！
QUEST_BEAR_4_10_QUESTINFODATA_ACTIONS_2_ACTIONTEXT,赶走守卫
QUEST_BEAR_4_10_QUESTINFODATA_ACTIONS_2_DEFAULTOUTCOME_JOURNALTEXT,我们的英雄利用伪装的面具给过来的守卫发出虚假的指令。文物安全了，但是守卫还会回来。
QUEST_BEAR_4_10_QUESTINFODATA_ACTIONS_2_DEFAULTOUTCOME_OUTCOMETEXT,伪装的面具足以骗过守卫，让他们误以为你向他们发出了指令。你赶走了他们。暂时。
QUEST_BEAR_4_10_QUESTINFODATA_ACTIONS_3_ACTIONTEXT,"""快！把他们藏进我的大篷车！"""
QUEST_BEAR_4_10_QUESTINFODATA_ACTIONS_3_DEFAULTOUTCOME_JOURNALTEXT,我们英雄的贸易者敦促 <hero_name> 行动起来。他们一起把许多文物藏在她的货车里，然后便匆匆离开了城里。
QUEST_BEAR_4_10_QUESTINFODATA_ACTIONS_3_DEFAULTOUTCOME_OUTCOMETEXT,贸易者的大篷车可以藏许多珍贵的货物。你经过守卫把它们偷偷运走，挽救了大部分熊族历史。
QUEST_BEAR_4_10_QUESTINFODATA_ACTIONS_4_ACTIONTEXT,"""需要更多帮助吗？让我来帮忙！"""
QUEST_BEAR_4_10_QUESTINFODATA_ACTIONS_4_DEFAULTOUTCOME_JOURNALTEXT,<hero_name> 让强大的狂战士前来帮忙，尽管后来发现他不够老练，把许多文物和书籍丢在了出城的路上。
QUEST_BEAR_4_10_QUESTINFODATA_ACTIONS_4_DEFAULTOUTCOME_OUTCOMETEXT,你忠诚的狂战士帮忙移动书籍。他很强壮，但是有点笨手笨脚，把许多物件丢掉了。不过还好，总比什么都没有挽救到强。
QUEST_BEAR_4_10_QUESTINFODATA_ENCOUNTERTEXT,你到达了聚落，远处升起了浓烟。国王守卫正在赶来，留给你炮制计划的时间所剩无几。
QUEST_BEAR_4_10_QUESTINFODATA_JOURNALENCOUNTERTEXT,国王守卫正在途中，远处升起了浓烟。几乎没有时间来挽救家族的古代工艺品和书籍！
QUEST_BEAR_4_10_QUESTINFODATA_JOURNALRUMOURTEXT,在附近的一个聚落，国王守卫正准备烧毁熊族的古书和宝藏。<hero_name>出发去进行拯救。
QUEST_BEAR_4_10_QUESTINFODATA_RUMOURTEXT,熊族工艺品和大部头书籍的收藏正面临被国王守卫烧毁的危险！出发！快去拯救！
QUEST_BEAR_4_10_QUESTINFODATA_TITLE,图书馆
QUEST_BEAR_4_11_QUESTINFODATA_ACTIONS_0_ACTIONTEXT,坚持到底！找到你的毒害者！
QUEST_BEAR_4_11_QUESTINFODATA_ACTIONS_0_DEFAULTOUTCOME_JOURNALTEXT,当<hero_name>倒在森林的地面昏迷不醒时，刺客露出了笑容。只有靠运气，我们的英雄才能在即将来临的攻击中幸存下来。
QUEST_BEAR_4_11_QUESTINFODATA_ACTIONS_0_DEFAULTOUTCOME_OUTCOMETEXT,你靠自己的力气向前挺进，但毒性太强。国王的刺客今天对你已经占了上风。
QUEST_BEAR_4_11_QUESTINFODATA_ACTIONS_0_TESTSUCCESSOUTCOME_JOURNALTEXT,但<hero_name>可不是这么好对付的！挨着疼痛，我们的英雄干掉了站在那里的刺客！
QUEST_BEAR_4_11_QUESTINFODATA_ACTIONS_0_TESTSUCCESSOUTCOME_OUTCOMETEXT,你转过身子，冲入草丛中。国王的刺客被震惊了 - 当你杀了他并夺走他的挎包时更是如此。
QUEST_BEAR_4_11_QUESTINFODATA_ACTIONS_1_ACTIONTEXT,隐藏起来，等毒性自然消退。
QUEST_BEAR_4_11_QUESTINFODATA_ACTIONS_1_DEFAULTOUTCOME_JOURNALTEXT,<hero_name>转身逃进森林，躲开了刺客警惕的目光。毒性走完发作全程，我们的英雄安然无恙。
QUEST_BEAR_4_11_QUESTINFODATA_ACTIONS_1_DEFAULTOUTCOME_OUTCOMETEXT,你从刺客那里跑开，在完全昏迷之前让自己滚入一个小的深沟。你在数小时后醒来，独自一人。
QUEST_BEAR_4_11_QUESTINFODATA_ACTIONS_2_ACTIONTEXT,"""你已经中毒了！这里有解药！"""
QUEST_BEAR_4_11_QUESTINFODATA_ACTIONS_2_DEFAULTOUTCOME_JOURNALTEXT,幸运的是，<hero_name> 忠诚的炼金术士很快炼出了解药。我们的英雄很快追捕到刺客，结束了他的性命。
QUEST_BEAR_4_11_QUESTINFODATA_ACTIONS_2_DEFAULTOUTCOME_OUTCOMETEXT,炼金术士很快治好了你的疾病，让你能轻松地追逐到国王的刺客，并结束了他的恶毒行径。
QUEST_BEAR_4_11_QUESTINFODATA_ACTIONS_3_ACTIONTEXT,"""拿着！你需要等待。"""
QUEST_BEAR_4_11_QUESTINFODATA_ACTIONS_3_DEFAULTOUTCOME_JOURNALTEXT,毒药很厉害，要不是药剂师在，我们的英雄可能已经丧命。刺客的诡计得逞了。
QUEST_BEAR_4_11_QUESTINFODATA_ACTIONS_3_DEFAULTOUTCOME_OUTCOMETEXT,全身虚弱无力。你倚着一棵树瘫坐下来。药剂师守在你身边照料，直到毒性消退。
QUEST_BEAR_4_11_QUESTINFODATA_ACTIONS_4_ACTIONTEXT,展示皇家旗帜
QUEST_BEAR_4_11_QUESTINFODATA_ACTIONS_4_DEFAULTOUTCOME_JOURNALTEXT,国王的杀手不会杀掉忠诚者。皇家旗帜足以让你获得信任。刺客给出了解药。
QUEST_BEAR_4_11_QUESTINFODATA_ACTIONS_4_DEFAULTOUTCOME_OUTCOMETEXT,国王的刺客？你举起皇家旗帜，让他看到你的忠诚。过了一会儿，一只老鼠从树丛里跑出来，已经拿到解药了。
QUEST_BEAR_4_11_QUESTINFODATA_ENCOUNTERTEXT,当你走在森林里时，突然一阵寂静。你觉得很不安……随后你觉得脖子上被刺了一下。毒镖！
QUEST_BEAR_4_11_QUESTINFODATA_JOURNALENCOUNTERTEXT,在森林里，国王的私人刺客“狼蛛”现出了踪迹——朝我们的英雄射出一枚毒镖！
QUEST_BEAR_4_11_QUESTINFODATA_JOURNALRUMOURTEXT,<hero_name>听到传闻 - 国王亲自派出的刺客正在展开追捕。毫无疑问，传言很快会变为现实。
QUEST_BEAR_4_11_QUESTINFODATA_RUMOURTEXT,走过<quest_tile>时要万分小心。据说国王派出了一名刺客正四处搜寻！
QUEST_BEAR_4_11_QUESTINFODATA_TITLE,狼蛛
QUEST_BEAR_4_12_QUESTINFODATA_ACTIONS_0_ACTIONTEXT,用你的力量来移动方尖碑。
QUEST_BEAR_4_12_QUESTINFODATA_ACTIONS_0_DEFAULTOUTCOME_JOURNALTEXT,尽管我们的英雄竭尽所能，但事实证明方尖石碑是一项巨大的挑战。<hero_name>的朋友注定要在地下黑暗中死去。
QUEST_BEAR_4_12_QUESTINFODATA_ACTIONS_0_DEFAULTOUTCOME_OUTCOMETEXT,你试图尽全力移动石头，但这完全超出了你的能力范围。你的朋友仍被困在地牢中，永无天日。
QUEST_BEAR_4_12_QUESTINFODATA_ACTIONS_0_TESTSUCCESSOUTCOME_JOURNALTEXT,幸运的是，由于熊族的实力，方尖碑不在话下，而<hero_name>的朋友很快就被解救了！
QUEST_BEAR_4_12_QUESTINFODATA_ACTIONS_0_TESTSUCCESSOUTCOME_OUTCOMETEXT,你凝聚自己所有的力量，将石柱从堵塞的通道缓慢地移开。你的朋友被解救出来，并发誓要加入你。
QUEST_BEAR_4_12_QUESTINFODATA_ACTIONS_1_ACTIONTEXT,去寻求帮助。
QUEST_BEAR_4_12_QUESTINFODATA_ACTIONS_1_DEFAULTOUTCOME_JOURNALTEXT,<hero_name>的朋友很久都没有获得任何援助，可怕的数小时。这足以动摇他们的友谊直至内心。
QUEST_BEAR_4_12_QUESTINFODATA_ACTIONS_1_DEFAULTOUTCOME_OUTCOMETEXT,你离开黑暗中的朋友去找当地人帮忙。你的朋友很快就被解救，但他对你的信心动摇了。
QUEST_BEAR_4_12_QUESTINFODATA_ACTIONS_2_ACTIONTEXT,"""我可以让你的朋友获得自由！用魔法！你会看到的！"""
QUEST_BEAR_4_12_QUESTINFODATA_ACTIONS_2_DEFAULTOUTCOME_JOURNALTEXT,<hero_name> 忠诚的学徒试图移动石头，却只是移动了下方的地面！尽管如此，被困的同伴还是获救了！
QUEST_BEAR_4_12_QUESTINFODATA_ACTIONS_2_DEFAULTOUTCOME_OUTCOMETEXT,你的学徒向方尖碑伸出一只爪子，但什么都没发生。然后，哐的一声！地面崩塌了，为你的朋友开辟了一条道路！
QUEST_BEAR_4_12_QUESTINFODATA_ACTIONS_3_ACTIONTEXT,"""我可以让你的朋友获得自由！用魔法！你会看到的！"""
QUEST_BEAR_4_12_QUESTINFODATA_ACTIONS_3_DEFAULTOUTCOME_JOURNALTEXT,<hero_name> 忠诚的学徒试图移动石头，却只是移动了下方的地面！尽管如此，被困的同伴还是获救了！
QUEST_BEAR_4_12_QUESTINFODATA_ACTIONS_3_DEFAULTOUTCOME_OUTCOMETEXT,你的学徒向方尖碑伸出一只爪子，但什么都没发生。然后，哐的一声！地面崩塌了，为你的朋友开辟了一条道路！
QUEST_BEAR_4_12_QUESTINFODATA_ACTIONS_4_ACTIONTEXT,"""这个任务太简单了！"""
QUEST_BEAR_4_12_QUESTINFODATA_ACTIONS_4_DEFAULTOUTCOME_JOURNALTEXT,我们英雄的矿工看到巨石后笑了笑。他们瞬间就把石头挪到了一旁，再次扫清了道路。
QUEST_BEAR_4_12_QUESTINFODATA_ACTIONS_4_DEFAULTOUTCOME_OUTCOMETEXT,矿工拿着鹤嘴锄飞跃向前。在几分钟的敲击后，道路再次畅通无阻了。
QUEST_BEAR_4_12_QUESTINFODATA_ENCOUNTERTEXT,当与你的同伴探索地牢时，一阵地动山摇，一块巨大的方尖石碑在你们俩之间轰然倒下！
QUEST_BEAR_4_12_QUESTINFODATA_JOURNALENCOUNTERTEXT,在腹地深处，地震动摇了土地，将<hero_name>的好朋友封堵在了巨型方尖石碑的后面。
QUEST_BEAR_4_12_QUESTINFODATA_JOURNALRUMOURTEXT,<hero_name>发现一个忠诚的同伴旅行者急于冒险进入附近的一个地牢。唉，他们会发现这是始料未及的！
QUEST_BEAR_4_12_QUESTINFODATA_RUMOURTEXT,忠于熊族的冒险者希望你和他们一起去附近的一个地牢。那里可能会有一些珍贵的宝藏！
QUEST_BEAR_4_12_QUESTINFODATA_TITLE,方尖碑
QUEST_BEAR_4_1_QUESTINFODATA_ACTIONS_0_ACTIONTEXT,摧毁贝恩！
QUEST_BEAR_4_1_QUESTINFODATA_ACTIONS_0_DEFAULTOUTCOME_JOURNALTEXT,<hero_name>冲向那头怪物，但它在腐化中的力量无人能敌。我们的英雄逃走了，那只小狗再也没有出现过。
QUEST_BEAR_4_1_QUESTINFODATA_ACTIONS_0_DEFAULTOUTCOME_OUTCOMETEXT,你冲击了贝恩，但你的战斗技能敌不过这一黑暗之物。你被迫逃离了，腐化涌过了你的身体。
QUEST_BEAR_4_1_QUESTINFODATA_ACTIONS_0_TESTSUCCESSOUTCOME_JOURNALTEXT,<hero_name>冲击了可怕的动物，多年的训练在将要展开的战斗中发挥作用。贝恩落败，而小狗被解救了。
QUEST_BEAR_4_1_QUESTINFODATA_ACTIONS_0_TESTSUCCESSOUTCOME_OUTCOMETEXT,举起你的武器，你在失落地牢潮湿的殿堂里冲击了邪恶的贝恩。你的技能所向无敌，而动物落败了。
QUEST_BEAR_4_1_QUESTINFODATA_ACTIONS_1_ACTIONTEXT,解救小狗，别管贝恩。
QUEST_BEAR_4_1_QUESTINFODATA_ACTIONS_1_DEFAULTOUTCOME_JOURNALTEXT,我们的英雄躲开了贝恩，砸开牢房并解救了小狗。他们躲过了一劫，但邪恶仍旧存在，永远是个威胁。
QUEST_BEAR_4_1_QUESTINFODATA_ACTIONS_1_DEFAULTOUTCOME_OUTCOMETEXT,你避开四周的邪恶动物，砸开牢房并解救了年幼的小狗。然而，贝恩依然存在；其罪恶永远是个威胁。
QUEST_BEAR_4_1_QUESTINFODATA_ACTIONS_2_ACTIONTEXT,戴上英雄头盔
QUEST_BEAR_4_1_QUESTINFODATA_ACTIONS_2_DEFAULTOUTCOME_JOURNALTEXT,腐化生物的力量无法穿透勇士头盔的防御。<hero_name> 杀了贝恩，解救了那只吓坏了的小狗。
QUEST_BEAR_4_1_QUESTINFODATA_ACTIONS_2_DEFAULTOUTCOME_OUTCOMETEXT,在贝恩尖叫之时，你武装好自己。它攻击时，喙部划过钢铁，毫发无伤。你杀掉了这头野兽。小狗获救了。
QUEST_BEAR_4_1_QUESTINFODATA_ACTIONS_3_ACTIONTEXT,"""我会照看这个邪恶的生物！""\n"
QUEST_BEAR_4_1_QUESTINFODATA_ACTIONS_3_DEFAULTOUTCOME_JOURNALTEXT,<hero_name>的护卫盲目冲锋，撞坏了一根隧道支柱。隧道坍塌，压死了贝恩——但小狗得救了！
QUEST_BEAR_4_1_QUESTINFODATA_ACTIONS_3_DEFAULTOUTCOME_OUTCOMETEXT,护卫举盾冲锋，却扑了个空，撞上了一根横梁！贝恩被压死了，小狗照样得救了！
QUEST_BEAR_4_1_QUESTINFODATA_ENCOUNTERTEXT,你跟着小狗的脚印下到地牢中，很快发现他被困其中——一个被纯粹黑暗的生物囚禁的囚犯。
QUEST_BEAR_4_1_QUESTINFODATA_JOURNALENCOUNTERTEXT,小狗的脚印很容易跟随，带领<hero_name>通过弯弯曲曲的通道找到一个由贝恩把守的牢房！
QUEST_BEAR_4_1_QUESTINFODATA_JOURNALRUMOURTEXT,<hero_name>听说一只年幼的小狗失踪了，而附近一座被遗忘的危险地牢可能是罪魁祸首……
QUEST_BEAR_4_1_QUESTINFODATA_RUMOURTEXT,一只年幼的小狗在附近的村子失踪了。有传言说其冒险下到了地牢附近……可能很危险。
QUEST_BEAR_4_1_QUESTINFODATA_TITLE,黑暗中的哭声
QUEST_BEAR_4_2_QUESTINFODATA_ACTIONS_0_ACTIONTEXT,不惧艰险奋勇战斗！
QUEST_BEAR_4_2_QUESTINFODATA_ACTIONS_0_DEFAULTOUTCOME_JOURNALTEXT,遗憾的是，<hero_name>未能创造奇迹 - 土匪军队如割小麦一样横扫他们，将村子夷为平地。
QUEST_BEAR_4_2_QUESTINFODATA_ACTIONS_0_DEFAULTOUTCOME_OUTCOMETEXT,你与老狼并肩而立，但显然无法击败逼近的军队。侧身挨了一刀后，你被迫逃走。
QUEST_BEAR_4_2_QUESTINFODATA_ACTIONS_0_TESTSUCCESSOUTCOME_JOURNALTEXT,但<hero_name>拒绝放弃！两个战士并肩作战打退匪军，永远地拯救了村子！
QUEST_BEAR_4_2_QUESTINFODATA_ACTIONS_0_TESTSUCCESSOUTCOME_OUTCOMETEXT,有老狼在你身边，你彻底击溃了匪军。他临死之际送出一张随从卡牌，感谢你陪伴的最后一战。
QUEST_BEAR_4_2_QUESTINFODATA_ACTIONS_1_ACTIONTEXT,让狼族战士接受自己的命运。
QUEST_BEAR_4_2_QUESTINFODATA_ACTIONS_1_DEFAULTOUTCOME_JOURNALTEXT,当它扬起头时<hero_name>知道战斗失利，我们的英雄扔下了鲁莽的狼。村子很快就陷落了。
QUEST_BEAR_4_2_QUESTINFODATA_ACTIONS_1_DEFAULTOUTCOME_OUTCOMETEXT,老狼向你悲伤地点点头，但仍履行他的誓言。在你离开时，你可以看到浓浓的黑色烟柱在地平线上升起。
QUEST_BEAR_4_2_QUESTINFODATA_ACTIONS_2_ACTIONTEXT,穿上你的狮心胸甲，奋力冲击！
QUEST_BEAR_4_2_QUESTINFODATA_ACTIONS_2_DEFAULTOUTCOME_JOURNALTEXT,穿上古老的狮心胸甲后，我们的英雄在即将来临的战斗中会变得无懈可击。村庄被拯救了！
QUEST_BEAR_4_2_QUESTINFODATA_ACTIONS_2_DEFAULTOUTCOME_OUTCOMETEXT,你穿上传奇的狮心胸甲，知道它会保护你。你杀掉了强盗们，成功保卫了村庄。
QUEST_BEAR_4_2_QUESTINFODATA_ACTIONS_3_ACTIONTEXT,"""坚固的钢铁会阻止他们的。"""
QUEST_BEAR_4_2_QUESTINFODATA_ACTIONS_3_DEFAULTOUTCOME_JOURNALTEXT,铁匠凭借高超的技艺，在沸腾的熔炉里锻造出很多武器，足以阻止强盗的攻击。平原上的民众安全了。
QUEST_BEAR_4_2_QUESTINFODATA_ACTIONS_3_DEFAULTOUTCOME_OUTCOMETEXT,每个村民都带来了他们的煤炭和木柴。他们打造了一个熔炉，锤打出足够多的武器，来反击强盗的进攻。
QUEST_BEAR_4_2_QUESTINFODATA_ACTIONS_4_ACTIONTEXT,"""索林？白狼吗？"""
QUEST_BEAR_4_2_QUESTINFODATA_ACTIONS_4_DEFAULTOUTCOME_JOURNALTEXT,一个统治者真正的目标在于激发。我们的英雄就是这么做的，并且得到了吟游诗人的帮助。老狼单枪匹马和强盗搏斗。
QUEST_BEAR_4_2_QUESTINFODATA_ACTIONS_4_DEFAULTOUTCOME_OUTCOMETEXT,这位老战士低下了头。你的吟游诗人讲述起他勇敢的事迹。备受尊荣的索林发起冲锋，独自击败了袭击者。
QUEST_BEAR_4_2_QUESTINFODATA_ENCOUNTERTEXT,你赶到时，发现因恐惧而目瞪口呆的公民。仅有的另一位战士是一名狼族的老兵，正在寻求最后一战。
QUEST_BEAR_4_2_QUESTINFODATA_JOURNALENCOUNTERTEXT,所以，我们的英雄足迹踏遍村子，了解到仅有的另一名战士是寻求最后一战的老狼。事情看起来很严峻。
QUEST_BEAR_4_2_QUESTINFODATA_JOURNALRUMOURTEXT,我们的英雄听说小平原社区受到土匪的威胁。只有真正的战士才可能有助于抵挡攻击！
QUEST_BEAR_4_2_QUESTINFODATA_RUMOURTEXT,一些平原居民正寻求援助。据说，现在土匪将可能在任何一天现身，他们正在寻找战士将他们赶回去。
QUEST_BEAR_4_2_QUESTINFODATA_TITLE,漂亮的最后一战
QUEST_BEAR_4_3_QUESTINFODATA_ACTIONS_0_ACTIONTEXT,杀掉他们的首领。
QUEST_BEAR_4_3_QUESTINFODATA_ACTIONS_0_DEFAULTOUTCOME_JOURNALTEXT,不幸的是，我们的英雄不够快！土匪首领觉察到背叛，下令除掉<hero_name>，而我们的英雄逃走了。
QUEST_BEAR_4_3_QUESTINFODATA_ACTIONS_0_DEFAULTOUTCOME_OUTCOMETEXT,你试图使出一招，但土匪首领觉察到你的背叛。他下令除掉你，你不得不以失败而逃走。
QUEST_BEAR_4_3_QUESTINFODATA_ACTIONS_0_TESTSUCCESSOUTCOME_JOURNALTEXT,但我们的英雄太快了！爪子一挥，一道耀眼的白光净化了土匪身上的腐化，从邪恶中拯救了森林及其居民。
QUEST_BEAR_4_3_QUESTINFODATA_ACTIONS_0_TESTSUCCESSOUTCOME_OUTCOMETEXT,你在土匪首领喊出来之前举起你的爪子，他倒在白光之中。他倒下了，其他人马上四下逃窜。
QUEST_BEAR_4_3_QUESTINFODATA_ACTIONS_1_ACTIONTEXT,攻击！毫不留情。
QUEST_BEAR_4_3_QUESTINFODATA_ACTIONS_1_DEFAULTOUTCOME_JOURNALTEXT,我们的英雄首先干掉守卫，但很快就发现他们只是被洗脑了！森林虽然保住了，但土匪首领逃脱了。
QUEST_BEAR_4_3_QUESTINFODATA_ACTIONS_1_DEFAULTOUTCOME_OUTCOMETEXT,虽然你很快就意识到他们被土匪首领洗脑了，但你还是攻击了守卫。虽然森林被净化，但亵渎者逃脱了。
QUEST_BEAR_4_3_QUESTINFODATA_ACTIONS_2_ACTIONTEXT,"""你想看到真正的力量吗？"""
QUEST_BEAR_4_3_QUESTINFODATA_ACTIONS_2_DEFAULTOUTCOME_JOURNALTEXT,<quest_tile> 见证了黑暗魔法的决斗。鼓吹者开始攻击我们英雄的术士，他的门徒逃跑了。完全失去了控制。
QUEST_BEAR_4_3_QUESTINFODATA_ACTIONS_2_DEFAULTOUTCOME_OUTCOMETEXT,两个腐化巫师举起爪子。紫光一闪而过。真正的魔法。你怔住了。你的同伴发出怒嚎。鼓吹者化为尘土。
QUEST_BEAR_4_3_QUESTINFODATA_ACTIONS_3_ACTIONTEXT,用腐化对抗腐化
QUEST_BEAR_4_3_QUESTINFODATA_ACTIONS_3_DEFAULTOUTCOME_JOURNALTEXT,<hero_name> 没等强盗头子说话，就投出乌鸦嘴匕首，结束了他的生命。森林得救了！
QUEST_BEAR_4_3_QUESTINFODATA_ACTIONS_3_DEFAULTOUTCOME_OUTCOMETEXT,你将匕首稳稳掷向强盗头子。匕首正中他的喉咙，很快吸干了他体内的腐化，将森林从邪恶中净化。
QUEST_BEAR_4_3_QUESTINFODATA_ACTIONS_4_ACTIONTEXT,猛烈开火
QUEST_BEAR_4_3_QUESTINFODATA_ACTIONS_4_DEFAULTOUTCOME_JOURNALTEXT,"阿门罗的民众仍然惊讶于手炮的威力。我们的英雄一炮击毙了鼓吹者，然后逃离。
"
QUEST_BEAR_4_3_QUESTINFODATA_ACTIONS_4_DEFAULTOUTCOME_OUTCOMETEXT,在枪兵发起攻击前，你滑出手炮，将鼓吹者炸死了。他的门徒尖叫着，你逃离了。
QUEST_BEAR_4_3_QUESTINFODATA_ENCOUNTERTEXT,你进入由矛尖包围的森林中心地带 - 土匪鼓吹者显然在向当地人施加不可思议的影响力。
QUEST_BEAR_4_3_QUESTINFODATA_JOURNALENCOUNTERTEXT,我们的英雄迅速被抓住并押送到森林的中心地带。土匪首领站在那里，准备结束<hero_name>的生命！
QUEST_BEAR_4_3_QUESTINFODATA_JOURNALRUMOURTEXT,<hero_name>已得到警告：附近森林里有个亵渎神明的土匪首领在布道反对怀尔德。必须阻止他！
QUEST_BEAR_4_3_QUESTINFODATA_RUMOURTEXT,据说附近森林里有个土匪在布道反对怀尔德。这只意味着一件事：腐化信徒。快去阻止他们！
QUEST_BEAR_4_3_QUESTINFODATA_TITLE,土匪亵渎者
QUEST_BEAR_4_4_QUESTINFODATA_ACTIONS_0_ACTIONTEXT,搜寻该地区。聚集你所有的智力。
QUEST_BEAR_4_4_QUESTINFODATA_ACTIONS_0_DEFAULTOUTCOME_JOURNALTEXT,不幸的是，这对我们的英雄来说实在难以应对，道路依然难以寻觅。<hero_name>被迫失败地逃离山地。
QUEST_BEAR_4_4_QUESTINFODATA_ACTIONS_0_DEFAULTOUTCOME_OUTCOMETEXT,你试图依靠自己的智力找到一条路，但你一片茫然。你很快被完全从山上驱逐，被迫在失败中逃走。
QUEST_BEAR_4_4_QUESTINFODATA_ACTIONS_0_TESTSUCCESSOUTCOME_JOURNALTEXT,但即使邪恶魔法都无法驱逐我们的英雄！仅仅依靠自己的智力，<hero_name>登上了顶峰，轻松干掉了巫师！
QUEST_BEAR_4_4_QUESTINFODATA_ACTIONS_0_TESTSUCCESSOUTCOME_OUTCOMETEXT,啊哈！藏在一堆毛骨悚然的白骨中的是一条古老的线索标志，引领你通往顶峰。你轻松从顶峰赶走巫师。
QUEST_BEAR_4_4_QUESTINFODATA_ACTIONS_1_ACTIONTEXT,从山上逃离。
QUEST_BEAR_4_4_QUESTINFODATA_ACTIONS_1_DEFAULTOUTCOME_JOURNALTEXT,唉，我们的英雄不至于和巫师在他们的主场战斗。<hero_name>掉头而逃，觉得这更明智。
QUEST_BEAR_4_4_QUESTINFODATA_ACTIONS_1_DEFAULTOUTCOME_OUTCOMETEXT,如果冻死在这些荒山里，你就无法染指阿门罗的王座！你做出了明智的选择——逃走。
QUEST_BEAR_4_4_QUESTINFODATA_ACTIONS_2_ACTIONTEXT,贝恩之爪将让这个傻瓜现形！
QUEST_BEAR_4_4_QUESTINFODATA_ACTIONS_2_DEFAULTOUTCOME_JOURNALTEXT,幸运的是，拿着贝恩之爪，魔术师痛苦的尖叫声让我们的英雄找到了他们！山顶很快摆脱了他的邪恶。
QUEST_BEAR_4_4_QUESTINFODATA_ACTIONS_2_DEFAULTOUTCOME_OUTCOMETEXT,你举起贝恩之爪，倾听着腐化寄生的巫师发出的尖叫。你循声迅速锁定目标，轻而易举地将其斩杀。
QUEST_BEAR_4_4_QUESTINFODATA_ACTIONS_3_ACTIONTEXT,使用飞翼靴
QUEST_BEAR_4_4_QUESTINFODATA_ACTIONS_3_DEFAULTOUTCOME_JOURNALTEXT,若非飞翼靴，暴风雪会把我们的英雄剥皮露骨。借助它们，我们的英雄斩杀了巫师。
QUEST_BEAR_4_4_QUESTINFODATA_ACTIONS_3_DEFAULTOUTCOME_OUTCOMETEXT,飞翼靴带着你穿过纷飞的积雪，升到暴风雪之上。你看到了山峰上的女巫。一场轻松的战斗。
QUEST_BEAR_4_4_QUESTINFODATA_ACTIONS_4_ACTIONTEXT,"""他们一定在暴风雪上面！"""
QUEST_BEAR_4_4_QUESTINFODATA_ACTIONS_4_DEFAULTOUTCOME_JOURNALTEXT,在暴风雪中，我们的英雄眼花缭乱，迷失了方向，不过被他们的探险家拯救了。很快，魔术师倒地而亡，山上得到了净化。
QUEST_BEAR_4_4_QUESTINFODATA_ACTIONS_4_DEFAULTOUTCOME_OUTCOMETEXT,你的探险家拖着你走过让人眩目的雪地。在山顶，你看到了魔术师，有点精神恍惚。他们很容易对付。
QUEST_BEAR_4_4_QUESTINFODATA_ENCOUNTERTEXT,你用自己的方式上山，尽可能小心翼翼地沿路前进 - 但白雪遮挡了你的视线并覆盖了你的道路。
QUEST_BEAR_4_4_QUESTINFODATA_JOURNALENCOUNTERTEXT,但是，攀登到顶峰是危险的，而<hero_name>很快就消失在了冰天雪地之中。
QUEST_BEAR_4_4_QUESTINFODATA_JOURNALRUMOURTEXT,卑鄙的巫师夺取了附近一座笼罩在永恒风暴的山峰。我们的英雄想要干掉他。
QUEST_BEAR_4_4_QUESTINFODATA_RUMOURTEXT,一个精通腐化之道的邪恶巫师，将这座山笼罩在永恒风雪之中。在他的邪恶散播开之前，终结这个叛道者。
QUEST_BEAR_4_4_QUESTINFODATA_TITLE,山上的巫师
QUEST_BEAR_4_5_QUESTINFODATA_ACTIONS_0_ACTIONTEXT,在远处观察当地居民。
QUEST_BEAR_4_5_QUESTINFODATA_ACTIONS_0_DEFAULTOUTCOME_JOURNALTEXT,但我们的英雄不幸缺乏找到那个“东西”所需的智力，被迫两手空空地逃离。那会是什么呢？
QUEST_BEAR_4_5_QUESTINFODATA_ACTIONS_0_DEFAULTOUTCOME_OUTCOMETEXT,没有敏锐的智力，不幸的是，村民们似乎总是知道你的所在。你被迫两爪空空地离开村庄。
QUEST_BEAR_4_5_QUESTINFODATA_ACTIONS_0_TESTSUCCESSOUTCOME_JOURNALTEXT,仅凭智力，我们的英雄发现了地下一座献给腐化的秘密祭坛。摧毁它后，村子很快摆脱了疯狂。
QUEST_BEAR_4_5_QUESTINFODATA_ACTIONS_0_TESTSUCCESSOUTCOME_OUTCOMETEXT,你跟踪当地人来到一座秘密的地下祭坛，它似乎供奉着腐化。你摧毁祭坛，将他们从疯狂中解救出来。
QUEST_BEAR_4_5_QUESTINFODATA_ACTIONS_1_ACTIONTEXT,撤回旅店。
QUEST_BEAR_4_5_QUESTINFODATA_ACTIONS_1_DEFAULTOUTCOME_JOURNALTEXT,我们的英雄回到旅店思考，市民们却在此时露出真面目——双眼因腐化而发紫！<hero_name>惊恐而逃！
QUEST_BEAR_4_5_QUESTINFODATA_ACTIONS_1_DEFAULTOUTCOME_OUTCOMETEXT,你接受了治安官的提议，但市民们几乎立刻把你围住，他们的双眼因腐化而发紫。你惊恐而逃。
QUEST_BEAR_4_5_QUESTINFODATA_ACTIONS_2_ACTIONTEXT,用镜斗篷隐藏自己
QUEST_BEAR_4_5_QUESTINFODATA_ACTIONS_2_DEFAULTOUTCOME_JOURNALTEXT,变幻的镜斗篷让村民们看不见我们的英雄。我们的英雄找到了黑暗的源头，并将其摧毁。
QUEST_BEAR_4_5_QUESTINFODATA_ACTIONS_2_DEFAULTOUTCOME_OUTCOMETEXT,在镜斗篷的遮掩下，你跟踪村民四处走动。一个村民把你带到一座腐化祭坛。摧毁它之后，奇怪的“黑暗”消散了。
QUEST_BEAR_4_5_QUESTINFODATA_ACTIONS_3_ACTIONTEXT,"""我知道去哪里。"""
QUEST_BEAR_4_5_QUESTINFODATA_ACTIONS_3_DEFAULTOUTCOME_JOURNALTEXT,<hero_name> 的间谍首领很快找到了邪恶的源头：一座献给腐化的祭坛！两人摧毁了它，村庄得救。
QUEST_BEAR_4_5_QUESTINFODATA_ACTIONS_3_DEFAULTOUTCOME_OUTCOMETEXT,间谍首领凭敏锐的感官追踪到邪恶的源头：一座腐化祭坛！你砸碎了它，让村庄摆脱了疯狂。
QUEST_BEAR_4_5_QUESTINFODATA_ENCOUNTERTEXT,乍一看，村子似乎一切正常。这个城镇治安官甚至为你在当地的旅馆提供免费的住宿，但似乎有些不对劲。
QUEST_BEAR_4_5_QUESTINFODATA_JOURNALENCOUNTERTEXT,村子似乎一开始就相当普通，但大家似乎有点太客气 - 太乐于助人了。在表面之下暗流涌动。
QUEST_BEAR_4_5_QUESTINFODATA_JOURNALRUMOURTEXT,谁也说不清是怎么回事，但当地聚落的村民们举止有些……怪异。我们的英雄动身调查。
QUEST_BEAR_4_5_QUESTINFODATA_RUMOURTEXT,黑暗笼罩着这个聚落。说不清是什么，但很明显腐化在其中作祟。你应该去查看一番。
QUEST_BEAR_4_5_QUESTINFODATA_TITLE,一座十分古怪的村子
QUEST_BEAR_4_6_QUESTINFODATA_ACTIONS_0_ACTIONTEXT,从附近的峡谷绕行穿越。
QUEST_BEAR_4_6_QUESTINFODATA_ACTIONS_0_DEFAULTOUTCOME_JOURNALTEXT,<hero_name>试图让货车绕行一座峡谷，但土匪们并没有上当。他们将其截下来，并抢走他们所有的金币。
QUEST_BEAR_4_6_QUESTINFODATA_ACTIONS_0_DEFAULTOUTCOME_OUTCOMETEXT,可悲的是，土匪比你更聪明。他们绕远路，在峡谷的另一端截住你，并将你洗劫一空。
QUEST_BEAR_4_6_QUESTINFODATA_ACTIONS_0_TESTSUCCESSOUTCOME_JOURNALTEXT,快速思考之后，<hero_name>让商队绕行进入附近的一处峡谷，分散土匪的势力。我们的英雄逐个击破。
QUEST_BEAR_4_6_QUESTINFODATA_ACTIONS_0_TESTSUCCESSOUTCOME_OUTCOMETEXT,匪徒们愿者上钩，通过峡谷分散开来，让你有机会各个击破。
QUEST_BEAR_4_6_QUESTINFODATA_ACTIONS_1_ACTIONTEXT,让商队绕行附近的一处沼泽。
QUEST_BEAR_4_6_QUESTINFODATA_ACTIONS_1_DEFAULTOUTCOME_JOURNALTEXT,<hero_name>转向沼泽——土匪要是跟进来就是傻瓜！不幸的是，商队的大半被泥潭吞没。
QUEST_BEAR_4_6_QUESTINFODATA_ACTIONS_1_DEFAULTOUTCOME_OUTCOMETEXT,土匪们认为你进入沼泽简直是疯了。商队逃脱了，但许多商人随着你的奖赏都丢在了泥潭。
QUEST_BEAR_4_6_QUESTINFODATA_ACTIONS_2_ACTIONTEXT,"""我知道一个老把戏。"""
QUEST_BEAR_4_6_QUESTINFODATA_ACTIONS_2_DEFAULTOUTCOME_JOURNALTEXT,硬币大师想出的古老的商人骗计愚弄了强盗。商队继续前行，风雨无阻。
QUEST_BEAR_4_6_QUESTINFODATA_ACTIONS_2_DEFAULTOUTCOME_OUTCOMETEXT,硬币大师搜索着商队。他在一个袋子里装满稻草，然后从背面把它敲出来。强盗抓住它就跑了。不错的骗计。
QUEST_BEAR_4_6_QUESTINFODATA_ACTIONS_3_ACTIONTEXT,对付强盗
QUEST_BEAR_4_6_QUESTINFODATA_ACTIONS_3_DEFAULTOUTCOME_JOURNALTEXT,如今，<hero_name> 的名字在阿门罗家喻户晓。强盗们一看到我们的英雄和那面皇家盾牌，便决定逃之夭夭。
QUEST_BEAR_4_6_QUESTINFODATA_ACTIONS_3_DEFAULTOUTCOME_OUTCOMETEXT,肩举皇家盾牌，你向强盗漫步走去，准备战斗。看到你后，他们就打住了。他们逃走了。谢天谢地。
QUEST_BEAR_4_6_QUESTINFODATA_ACTIONS_4_ACTIONTEXT,"""那些强盗不能抢假的东西！让我来。"""
QUEST_BEAR_4_6_QUESTINFODATA_ACTIONS_4_DEFAULTOUTCOME_JOURNALTEXT,<hero_name> 忠诚的咒法师变出一个商队的镜像，把强盗愚弄了足够久，让他们得以逃出平原。
QUEST_BEAR_4_6_QUESTINFODATA_ACTIONS_4_DEFAULTOUTCOME_OUTCOMETEXT,咒法师用一个简单的法术，创造出商队在另一个方向旅行的幻象。于是，强盗很快就追过去了。
QUEST_BEAR_4_6_QUESTINFODATA_ENCOUNTERTEXT,在你意识到你正被一群土匪跟踪之前，你和商队一起走了数个小时。他们一定是准备抢劫你！
QUEST_BEAR_4_6_QUESTINFODATA_JOURNALENCOUNTERTEXT,不久之前，<hero_name>意识到一队匪军跟踪他们穿过平原。我们的英雄需要一个计划！
QUEST_BEAR_4_6_QUESTINFODATA_JOURNALRUMOURTEXT,我们的英雄受邀保护一支熊族商队穿越危险的强盗地界。报酬的承诺也颇具吸引力。
QUEST_BEAR_4_6_QUESTINFODATA_RUMOURTEXT,商队明天启程，他们问你能否提供保护。可能会有奖励哦！
QUEST_BEAR_4_6_QUESTINFODATA_TITLE,怀尔德的保镖
QUEST_BEAR_4_7_QUESTINFODATA_ACTIONS_0_ACTIONTEXT,适当反省你过去的行为。
QUEST_BEAR_4_7_QUESTINFODATA_ACTIONS_0_DEFAULTOUTCOME_JOURNALTEXT,不幸的是，我们的英雄缺乏寻找过去行为意义所需的精神。<hero_name>惴惴不安地离开了神庙。
QUEST_BEAR_4_7_QUESTINFODATA_ACTIONS_0_DEFAULTOUTCOME_OUTCOMETEXT,你尝试反省自己过去的行为，但发现结果几乎没有意义。你前途未卜地离开了神庙。
QUEST_BEAR_4_7_QUESTINFODATA_ACTIONS_0_TESTSUCCESSOUTCOME_JOURNALTEXT,回想往事，我们的英雄发现了很多教训 - 对今后的考验和王位任务都是宝贵的经验。
QUEST_BEAR_4_7_QUESTINFODATA_ACTIONS_0_TESTSUCCESSOUTCOME_OUTCOMETEXT,你反省自己过去的行为。每件事似乎都包含一个你快速觉察到的教训，吸收经验用于克服将来的困难。
QUEST_BEAR_4_7_QUESTINFODATA_ACTIONS_1_ACTIONTEXT,为你过去的行为找借口。
QUEST_BEAR_4_7_QUESTINFODATA_ACTIONS_1_DEFAULTOUTCOME_JOURNALTEXT,但是，我们的英雄没有回想往事，找着各种借口，只是安慰自己，没有汲取经验。
QUEST_BEAR_4_7_QUESTINFODATA_ACTIONS_1_DEFAULTOUTCOME_OUTCOMETEXT,你没有那么反省，而是用过去的成功安抚自己。你什么也没学到，却依然感到满足。
QUEST_BEAR_4_7_QUESTINFODATA_ACTIONS_2_ACTIONTEXT,“我知道这个地方……”
QUEST_BEAR_4_7_QUESTINFODATA_ACTIONS_2_DEFAULTOUTCOME_JOURNALTEXT,熊族神庙已失落多年。但对陌生人而言，时间似乎毫无意义。他们道出了隐藏宝藏的位置。
QUEST_BEAR_4_7_QUESTINFODATA_ACTIONS_2_DEFAULTOUTCOME_OUTCOMETEXT,陌生人在急速跑过神庙走廊时喃喃自语。几分钟后，他回来了，拿着一个放有法术卡的东西。
QUEST_BEAR_4_7_QUESTINFODATA_ACTIONS_3_ACTIONTEXT,怀尔德弗赖依棒发出一种奇怪的光……
QUEST_BEAR_4_7_QUESTINFODATA_ACTIONS_3_DEFAULTOUTCOME_JOURNALTEXT,<hero_name> 被怀尔德弗赖依棒分了心——它奇异的光芒引领我们的英雄找到了一件藏在神庙中的古老宝藏！
QUEST_BEAR_4_7_QUESTINFODATA_ACTIONS_3_DEFAULTOUTCOME_OUTCOMETEXT,你的怀尔德弗赖依杖在这里发出光芒，你很快察觉它的感应正引领你找到藏在神庙中的失落宝藏！
QUEST_BEAR_4_7_QUESTINFODATA_ACTIONS_4_ACTIONTEXT,让怀尔德评判你
QUEST_BEAR_4_7_QUESTINFODATA_ACTIONS_4_DEFAULTOUTCOME_JOURNALTEXT,我们的英雄没有自省，而是举起怀尔德护身符，向怀尔德敞开灵魂。怀尔德作出了评判，并赐予 <hero_name> 力量。
QUEST_BEAR_4_7_QUESTINFODATA_ACTIONS_4_DEFAULTOUTCOME_OUTCOMETEXT,冥想？反思？这些你之前都做过，但现在是让怀尔德评判你的时候了。护身符变得暖和。你感觉自己更有力量了。
QUEST_BEAR_4_7_QUESTINFODATA_ENCOUNTERTEXT,前往山顶的跋涉寒冷而险恶，但你很快便踏进了一座曾经宏伟的熊族神庙的门槛。
QUEST_BEAR_4_7_QUESTINFODATA_JOURNALENCOUNTERTEXT,攀登高峰后，我们的英雄发现了一座华丽的神庙雕凿在石化老树之中。是时候反省了。
QUEST_BEAR_4_7_QUESTINFODATA_JOURNALRUMOURTEXT,<hero_name>得知一座被遗弃的古老熊族神庙高踞阿门罗之上。一场冥想之旅显然正当其时。
QUEST_BEAR_4_7_QUESTINFODATA_RUMOURTEXT,一座古老的熊族神庙坐落在附近的一个顶峰。走在空荡荡的大殿，反省你的行动，为将来的重大战役做好准备。
QUEST_BEAR_4_7_QUESTINFODATA_TITLE,反省困境
QUEST_BEAR_4_8_QUESTINFODATA_ACTIONS_0_ACTIONTEXT,祈求怀尔德饶过小狗。
QUEST_BEAR_4_8_QUESTINFODATA_ACTIONS_0_DEFAULTOUTCOME_JOURNALTEXT,<hero_name>向怀尔德祈求，但它没有理会他们的哀告。德鲁伊继续献祭，我们英雄的信仰为此动摇。
QUEST_BEAR_4_8_QUESTINFODATA_ACTIONS_0_DEFAULTOUTCOME_OUTCOMETEXT,你祈求怀尔德介入，但它不理你。献祭继续，怀尔德收取了它的祭品。这一天，你的信仰动摇了。
QUEST_BEAR_4_8_QUESTINFODATA_ACTIONS_0_TESTSUCCESSOUTCOME_JOURNALTEXT,<hero_name>向怀尔德祈求，为小狗求情。那一天怀尔德动了恻隐之心，德鲁伊放出了小狗。
QUEST_BEAR_4_8_QUESTINFODATA_ACTIONS_0_TESTSUCCESSOUTCOME_OUTCOMETEXT,当德鲁伊侍奉它更伟大的光辉时，你向怀尔德低声祈求。德鲁伊被你的恳求打动，收手停下了，小狗获释。
QUEST_BEAR_4_8_QUESTINFODATA_ACTIONS_1_ACTIONTEXT,什么都不做。德鲁伊侍奉的是怀尔德的意志。
QUEST_BEAR_4_8_QUESTINFODATA_ACTIONS_1_DEFAULTOUTCOME_JOURNALTEXT,<hero_name>知道不该干涉德鲁伊——毕竟他们的意志就是怀尔德的意志。小狗再也没有出现过。
QUEST_BEAR_4_8_QUESTINFODATA_ACTIONS_1_DEFAULTOUTCOME_OUTCOMETEXT,你不知道这只小狗为何被选中赴死，但你明白另一种选择必然糟糕得多。你走开了，仿佛什么也没看见。
QUEST_BEAR_4_8_QUESTINFODATA_ACTIONS_2_ACTIONTEXT,“不！冲我来！”
QUEST_BEAR_4_8_QUESTINFODATA_ACTIONS_2_DEFAULTOUTCOME_JOURNALTEXT,在阿门罗什么都怕的傻瓜献出了自己的生命去救小狗。他们的勇敢让我们的英雄得以抓住她，把傻瓜拖走。
QUEST_BEAR_4_8_QUESTINFODATA_ACTIONS_2_DEFAULTOUTCOME_OUTCOMETEXT,傻瓜向前跃出，泪流满面。这阵骚动分散了古老生物的注意，给你争取到解救小狗并逃离的时间。
QUEST_BEAR_4_8_QUESTINFODATA_ACTIONS_3_ACTIONTEXT,“进攻！”
QUEST_BEAR_4_8_QUESTINFODATA_ACTIONS_3_DEFAULTOUTCOME_JOURNALTEXT,德鲁伊的方法非常神秘。当我们的英雄准备向前跳跃攻击时，他们就消失了。小狗很安全，我们的英雄感觉有点不对劲。
QUEST_BEAR_4_8_QUESTINFODATA_ACTIONS_3_DEFAULTOUTCOME_OUTCOMETEXT,怀尔德已经走得太远。你拔出月亮镰刀，跃到生物和小狗之间。它们默不作声。然后……消失了。
QUEST_BEAR_4_8_QUESTINFODATA_ENCOUNTERTEXT,村民指引的方向带领你找到了身高异常、骷髅面相的动物三人组。小狗着魔地卧着，即将被献祭。
QUEST_BEAR_4_8_QUESTINFODATA_JOURNALENCOUNTERTEXT,出于好奇，我们的英雄循着村民的指引，发现了那三只生物——它们正准备把一只小狗献祭给怀尔德！
QUEST_BEAR_4_8_QUESTINFODATA_JOURNALRUMOURTEXT,老德鲁伊从未见过，只存在于传闻和猜测之中。而现在，一个村子声称他们神秘地带走了他们的小狗。
QUEST_BEAR_4_8_QUESTINFODATA_RUMOURTEXT,一个小平原聚落声称他们的小狗被奇怪的发光动物偷走了……他们是老德鲁伊？
QUEST_BEAR_4_8_QUESTINFODATA_TITLE,德鲁伊献祭
QUEST_BEAR_4_9_QUESTINFODATA_ACTIONS_0_ACTIONTEXT,让怀尔德净化这个邪恶之地。
QUEST_BEAR_4_9_QUESTINFODATA_ACTIONS_0_DEFAULTOUTCOME_JOURNALTEXT,不幸的是，<hero_name>未能获得怀尔德之力，邪恶威胁要吞噬我们英雄的灵魂。他们被迫逃走。
QUEST_BEAR_4_9_QUESTINFODATA_ACTIONS_0_DEFAULTOUTCOME_OUTCOMETEXT,不幸的是，怀尔德没有理会你的召唤，那名战士的恶灵在你逃脱时伤到了你。
QUEST_BEAR_4_9_QUESTINFODATA_ACTIONS_0_TESTSUCCESSOUTCOME_JOURNALTEXT,但<hero_name>身怀怀尔德之力，用它治愈的光芒从老战士的遗骨中净化了邪恶，拯救了森林。
QUEST_BEAR_4_9_QUESTINFODATA_ACTIONS_0_TESTSUCCESSOUTCOME_OUTCOMETEXT,从你的爪子发出一道白色光芒，让森林充满了愈合光环。曾经渗透树林的邪恶现在已经荡然无存。
QUEST_BEAR_4_9_QUESTINFODATA_ACTIONS_1_ACTIONTEXT,仇恨将耗尽你！快逃！
QUEST_BEAR_4_9_QUESTINFODATA_ACTIONS_1_DEFAULTOUTCOME_JOURNALTEXT,<hero_name>知道森林中的邪恶太强大而无法摧毁，所以明智地逃跑了，祈求怀尔德的保护。
QUEST_BEAR_4_9_QUESTINFODATA_ACTIONS_1_DEFAULTOUTCOME_OUTCOMETEXT,一只纯粹邪恶的生物在呼唤你，试图夺取你的灵魂。自知不敌，你在战士攻击前逃出了森林。
QUEST_BEAR_4_9_QUESTINFODATA_ACTIONS_2_ACTIONTEXT,举起贝恩之刃，净化这腐化。
QUEST_BEAR_4_9_QUESTINFODATA_ACTIONS_2_DEFAULTOUTCOME_JOURNALTEXT,<hero_name> 举起贝恩之刃，深知它受诅咒的锋刃可以净化这邪恶。那战士很快被摧毁，它的怨毒永远消散。
QUEST_BEAR_4_9_QUESTINFODATA_ACTIONS_2_DEFAULTOUTCOME_OUTCOMETEXT,你举起贝恩剑，知道其力量可与战士的恶灵匹敌。他的骨头被撕碎了，威胁也消失了。
QUEST_BEAR_4_9_QUESTINFODATA_ACTIONS_3_ACTIONTEXT,“爱德万？”
QUEST_BEAR_4_9_QUESTINFODATA_ACTIONS_3_DEFAULTOUTCOME_JOURNALTEXT,这个亡魂属于被误杀的著名诗人爱德万。我们的英雄向他呈上皇家赦令，他备受折磨的灵魂终得安息。
QUEST_BEAR_4_9_QUESTINFODATA_ACTIONS_3_DEFAULTOUTCOME_OUTCOMETEXT,你认识这个生物。是爱德万。熊族诗人。被诬陷谋杀而遭错杀。当你向他呈上皇家赦令后，他便渐渐消散了。
QUEST_BEAR_4_9_QUESTINFODATA_ACTIONS_4_ACTIONTEXT,露出皇家旗帜
QUEST_BEAR_4_9_QUESTINFODATA_ACTIONS_4_DEFAULTOUTCOME_JOURNALTEXT,国王的杀手不会击倒一个仍然忠诚的生物。皇家旗帜足以获得信任。刺客提供了解药。
QUEST_BEAR_4_9_QUESTINFODATA_ACTIONS_4_DEFAULTOUTCOME_OUTCOMETEXT,国王的刺客？你举起皇家旗帜，让他看到你的忠诚。过了一会儿，一只老鼠从灌木丛中蹿出，爪里拿着解药。
QUEST_BEAR_4_9_QUESTINFODATA_ENCOUNTERTEXT,在森林的中心地带，邪恶就在那里；一个可怕的身影，因不公的死亡和经年溃烂的怒火而扭曲。一座隐匿的古墓。
QUEST_BEAR_4_9_QUESTINFODATA_JOURNALENCOUNTERTEXT,在森林深处，一座古墓中埋着一名失落战士的骸骨，他满腔怒火、充满腐化。这怒火考验着我们英雄的灵魂。
QUEST_BEAR_4_9_QUESTINFODATA_JOURNALRUMOURTEXT,一种新的邪恶从附近森林的中央开始蔓延，让土地充斥着腐化。我们的英雄决定找到它的源头并终结它。
QUEST_BEAR_4_9_QUESTINFODATA_RUMOURTEXT,腐化日益盛行，而且我相信附近的森林难辞其咎。看看你是否能找到造成这种新疫病的原因。
QUEST_BEAR_4_9_QUESTINFODATA_TITLE,战士的尸骨
QUEST_BEAR_5_1_QUESTINFODATA_ACTIONS_0_ACTIONTEXT,按照占卜者的指示行事。
QUEST_BEAR_5_1_QUESTINFODATA_ACTIONS_0_DEFAULTOUTCOME_JOURNALTEXT,我们的英雄插入小金钥匙，凝神静气片刻，然后转动钥匙，亲眼看着墙壁分开了。
QUEST_BEAR_5_1_QUESTINFODATA_ACTIONS_0_DEFAULTOUTCOME_OUTCOMETEXT,你转动钥匙。象牙白的石墙如水般移动，就在你眼前，宫殿花园显露出来。
QUEST_BEAR_5_1_QUESTINFODATA_ENCOUNTERTEXT,起初，你并没有看到任何隐藏的门的迹象。然后，随着光线变化，荆棘覆盖的墙上显现出一个小小的钥匙孔。就是它了。
QUEST_BEAR_5_1_QUESTINFODATA_JOURNALENCOUNTERTEXT,<hero_name>抵达王宫，短暂的迷茫过后，占卜者所说的入口——一个小钥匙孔——显现了出来。
QUEST_BEAR_5_1_QUESTINFODATA_JOURNALRUMOURTEXT,深受<hero_name>的勇气鼓舞，部族占卜者预见他们的英雄进入宫殿并与疯狂国王对抗。
QUEST_BEAR_5_1_QUESTINFODATA_RUMOURTEXT,凭借你在阿门罗王国的功绩，部族占卜者预见了一条进入宫殿的路。赶快，<hero_name>！
QUEST_BEAR_5_1_QUESTINFODATA_TITLE,征途结束
QUEST_BEAR_PROLOGUE_1_QUESTINFODATA_ACTIONS_0_ACTIONTEXT,劫走文物
QUEST_BEAR_PROLOGUE_1_QUESTINFODATA_ACTIONS_0_DEFAULTOUTCOME_JOURNALTEXT,萨娜的技能不足以挡开贝恩。她被迫丢下文物，逃离了地牢。她受伤了。
QUEST_BEAR_PROLOGUE_1_QUESTINFODATA_ACTIONS_0_DEFAULTOUTCOME_OUTCOMETEXT,在跑向奇怪的文物时，贝恩趁机形成了。它们起身攻击，伤害了你。你丢下文物逃走了。
QUEST_BEAR_PROLOGUE_1_QUESTINFODATA_ACTIONS_0_TESTSUCCESSOUTCOME_JOURNALTEXT,你不会让这些污秽的生物遍布这边土地。你攻击着，击溃许多正在从黑暗中形成的野兽。
QUEST_BEAR_PROLOGUE_1_QUESTINFODATA_ACTIONS_0_TESTSUCCESSOUTCOME_OUTCOMETEXT,在你抓住文物时，贝恩形成了。你用它杀出一条血路，然后逃走了。
QUEST_BEAR_PROLOGUE_1_QUESTINFODATA_ACTIONS_1_ACTIONTEXT,在贝恩形成前就干掉他们。
QUEST_BEAR_PROLOGUE_1_QUESTINFODATA_ACTIONS_1_DEFAULTOUTCOME_JOURNALTEXT,萨娜行使了自己的职责。她攻击着，杀掉尽可能多的正在形成的贝恩，然后逃离了地牢。
QUEST_BEAR_PROLOGUE_1_QUESTINFODATA_ACTIONS_1_DEFAULTOUTCOME_OUTCOMETEXT,你不会让这些污秽的生物遍布这边土地。你攻击着，击溃许多正在从黑暗中形成的野兽。
QUEST_BEAR_PROLOGUE_1_QUESTINFODATA_ENCOUNTERTEXT,你太迟了。地牢里到处是正在诞生的贝恩的尖叫声。一群贝恩正从围绕一个奇怪文物的黑暗灵液中升起。
QUEST_BEAR_PROLOGUE_1_QUESTINFODATA_JOURNALENCOUNTERTEXT,但她太迟了。贝恩已经重返阿门罗！萨娜冒险进入地牢，希望能设法遏制感染。
QUEST_BEAR_PROLOGUE_1_QUESTINFODATA_JOURNALRUMOURTEXT,萨娜没时间了。她能感觉到土地上激起的黑暗。她向<quest_tile>进发。也许，她仍然可以阻止它！
QUEST_BEAR_PROLOGUE_1_QUESTINFODATA_RUMOURTEXT,在阿门罗的深坑里，黑暗力量此起彼伏。长老命令你去干预，以免出现一个可怕的贝恩。
QUEST_BEAR_PROLOGUE_1_QUESTINFODATA_TITLE,古老的黑暗
QUEST_BEAR_PROLOGUE_2_QUESTINFODATA_ACTIONS_0_ACTIONTEXT,把灵石交给他们。
QUEST_BEAR_PROLOGUE_2_QUESTINFODATA_ACTIONS_0_DEFAULTOUTCOME_JOURNALTEXT,萨娜敌不过守卫。她交出了灵石。片刻之后，国王下令将其藏起来。
QUEST_BEAR_PROLOGUE_2_QUESTINFODATA_ACTIONS_0_DEFAULTOUTCOME_OUTCOMETEXT,"你犹豫了，然后……交出了灵石。他们抓住灵石。在你的身后，一阵隆隆的声音让你不寒而栗。""将它藏在地牢里。""是国王！"
QUEST_BEAR_PROLOGUE_2_QUESTINFODATA_ACTIONS_1_ACTIONTEXT,快逃！现在！
QUEST_BEAR_PROLOGUE_2_QUESTINFODATA_ACTIONS_1_DEFAULTOUTCOME_JOURNALTEXT,萨娜试图逃跑，却被国王阻止了！他咆哮着，眼睛闪烁着，内心充满黑暗的力量。
QUEST_BEAR_PROLOGUE_2_QUESTINFODATA_ACTIONS_1_DEFAULTOUTCOME_OUTCOMETEXT,不！你抓起灵石，转身想逃。身后一道黑影逼近。是国王！他眼中闪烁着腐化之力。他举起了剑。
QUEST_BEAR_PROLOGUE_2_QUESTINFODATA_ENCOUNTERTEXT,情况非常危险，但国王守卫的戟更是如此。你试图解释。但他们不听。把它交出来！
QUEST_BEAR_PROLOGUE_2_QUESTINFODATA_JOURNALENCOUNTERTEXT,情况非常危险，但国王守卫的戟更是如此。你试图解释。但他们不听。把它交出来！
QUEST_BEAR_PROLOGUE_2_QUESTINFODATA_JOURNALRUMOURTEXT,这片土地变得糟糕，但还有希望。如果萨娜能到达宫殿，国王一定会帮助她净化这片土地。
QUEST_BEAR_PROLOGUE_2_QUESTINFODATA_RUMOURTEXT,贝恩回到了阿门罗，灵石也重现了。萨娜急忙赶往宫殿。国王肯定知道该怎么办。
QUEST_BEAR_PROLOGUE_2_QUESTINFODATA_TITLE,疯狂国王
QUEST_CHALLENGE,挑战
QUEST_CHOOSE_AN_ACTION,选择操作……
QUEST_DIALOGUE_CONTINUE,继续……
QUEST_DIALOG_CONTINUE,继续
QUEST_DRAGON_1_1_QUESTINFODATA_ACTIONS_0_ACTIONTEXT,战斗
QUEST_DRAGON_1_1_QUESTINFODATA_ACTIONS_1_ACTIONTEXT,逃跑
QUEST_DRAGON_1_1_QUESTINFODATA_TITLE,疫病杀手
QUEST_DRAGON_1_2_QUESTINFODATA_ACTIONS_0_ACTIONTEXT,转换
QUEST_DRAGON_1_2_QUESTINFODATA_ACTIONS_1_ACTIONTEXT,净化
QUEST_DRAGON_1_2_QUESTINFODATA_TITLE,疗愈之触
QUEST_DRAGON_1_3_QUESTINFODATA_ACTIONS_0_ACTIONTEXT,学习
QUEST_DRAGON_1_3_QUESTINFODATA_ACTIONS_1_ACTIONTEXT,割裂
QUEST_DRAGON_1_3_QUESTINFODATA_TITLE,古老传说
QUEST_DRAGON_1_4_QUESTINFODATA_ACTIONS_0_ACTIONTEXT,复活
QUEST_DRAGON_1_4_QUESTINFODATA_ACTIONS_1_ACTIONTEXT,敬奉
QUEST_DRAGON_1_4_QUESTINFODATA_TITLE,上古墓地
QUEST_DRAGON_1_5_QUESTINFODATA_ACTIONS_0_ACTIONTEXT,治疗
QUEST_DRAGON_1_5_QUESTINFODATA_ACTIONS_1_ACTIONTEXT,剔除
QUEST_DRAGON_1_5_QUESTINFODATA_TITLE,恶疾瘟疫
QUEST_DRAGON_1_6_QUESTINFODATA_ACTIONS_0_ACTIONTEXT,交战
QUEST_DRAGON_1_6_QUESTINFODATA_ACTIONS_1_ACTIONTEXT,逃脱
QUEST_DRAGON_1_6_QUESTINFODATA_TITLE,穷追不舍
QUEST_DRAGON_2_1_QUESTINFODATA_ACTIONS_0_ACTIONTEXT,忍耐
QUEST_DRAGON_2_1_QUESTINFODATA_ACTIONS_1_ACTIONTEXT,闪避
QUEST_DRAGON_2_1_QUESTINFODATA_ACTIONS_2_ACTIONTEXT,消灭
QUEST_DRAGON_2_1_QUESTINFODATA_TITLE,挺过风暴
QUEST_DRAGON_2_2_QUESTINFODATA_ACTIONS_0_ACTIONTEXT,歼灭
QUEST_DRAGON_2_2_QUESTINFODATA_ACTIONS_1_ACTIONTEXT,观察
QUEST_DRAGON_2_2_QUESTINFODATA_ACTIONS_2_ACTIONTEXT,远胜
QUEST_DRAGON_2_2_QUESTINFODATA_TITLE,古老之人
QUEST_DRAGON_2_3_QUESTINFODATA_ACTIONS_0_ACTIONTEXT,忏悔
QUEST_DRAGON_2_3_QUESTINFODATA_ACTIONS_1_ACTIONTEXT,回收
QUEST_DRAGON_2_3_QUESTINFODATA_ACTIONS_2_ACTIONTEXT,尊敬
QUEST_DRAGON_2_3_QUESTINFODATA_TITLE,暗影圣坛
QUEST_DRAGON_2_4_QUESTINFODATA_ACTIONS_0_ACTIONTEXT,偷盗
QUEST_DRAGON_2_4_QUESTINFODATA_ACTIONS_1_ACTIONTEXT,分享
QUEST_DRAGON_2_4_QUESTINFODATA_ACTIONS_2_ACTIONTEXT,惊吓
QUEST_DRAGON_2_4_QUESTINFODATA_TITLE,追寻大奖
QUEST_DRAGON_2_5_QUESTINFODATA_ACTIONS_0_ACTIONTEXT,焚烧
QUEST_DRAGON_2_5_QUESTINFODATA_ACTIONS_1_ACTIONTEXT,掩埋
QUEST_DRAGON_2_5_QUESTINFODATA_ACTIONS_2_ACTIONTEXT,购买
QUEST_DRAGON_2_5_QUESTINFODATA_TITLE,失落的宝藏
QUEST_DRAGON_2_6_QUESTINFODATA_ACTIONS_0_ACTIONTEXT,决斗
QUEST_DRAGON_2_6_QUESTINFODATA_ACTIONS_1_ACTIONTEXT,分散注意力
QUEST_DRAGON_2_6_QUESTINFODATA_ACTIONS_2_ACTIONTEXT,迷惑
QUEST_DRAGON_2_6_QUESTINFODATA_TITLE,邪恶崇拜
QUEST_DRAGON_2_7_QUESTINFODATA_ACTIONS_0_ACTIONTEXT,潜行
QUEST_DRAGON_2_7_QUESTINFODATA_ACTIONS_1_ACTIONTEXT,停留
QUEST_DRAGON_2_7_QUESTINFODATA_ACTIONS_2_ACTIONTEXT,烧灼
QUEST_DRAGON_2_7_QUESTINFODATA_TITLE,燃眉之急
QUEST_DRAGON_2_8_QUESTINFODATA_ACTIONS_0_ACTIONTEXT,冥想
QUEST_DRAGON_2_8_QUESTINFODATA_ACTIONS_1_ACTIONTEXT,应对
QUEST_DRAGON_2_8_QUESTINFODATA_ACTIONS_2_ACTIONTEXT,机动
QUEST_DRAGON_2_8_QUESTINFODATA_TITLE,冰封朝圣
QUEST_DRAGON_3_1_QUESTINFODATA_ACTIONS_0_ACTIONTEXT,复仇
QUEST_DRAGON_3_1_QUESTINFODATA_ACTIONS_1_ACTIONTEXT,撤退
QUEST_DRAGON_3_1_QUESTINFODATA_ACTIONS_2_ACTIONTEXT,恢复
QUEST_DRAGON_3_1_QUESTINFODATA_TITLE,背叛
QUEST_DRAGON_3_2_QUESTINFODATA_ACTIONS_0_ACTIONTEXT,战斗
QUEST_DRAGON_3_2_QUESTINFODATA_ACTIONS_1_ACTIONTEXT,焚烧
QUEST_DRAGON_3_2_QUESTINFODATA_ACTIONS_2_ACTIONTEXT,贿赂
QUEST_DRAGON_3_2_QUESTINFODATA_TITLE,森林德鲁伊
QUEST_DRAGON_3_3_QUESTINFODATA_ACTIONS_0_ACTIONTEXT,教学
QUEST_DRAGON_3_3_QUESTINFODATA_ACTIONS_1_ACTIONTEXT,恐吓
QUEST_DRAGON_3_3_QUESTINFODATA_ACTIONS_2_ACTIONTEXT,收税
QUEST_DRAGON_3_3_QUESTINFODATA_TITLE,圣言
QUEST_DRAGON_3_4_QUESTINFODATA_ACTIONS_0_ACTIONTEXT,智取
QUEST_DRAGON_3_4_QUESTINFODATA_ACTIONS_1_ACTIONTEXT,直取
QUEST_DRAGON_3_4_QUESTINFODATA_ACTIONS_2_ACTIONTEXT,感知
QUEST_DRAGON_3_4_QUESTINFODATA_TITLE,亵渎者之迷宫
QUEST_DRAGON_3_5_QUESTINFODATA_ACTIONS_0_ACTIONTEXT,引领
QUEST_DRAGON_3_5_QUESTINFODATA_ACTIONS_1_ACTIONTEXT,离开
QUEST_DRAGON_3_5_QUESTINFODATA_ACTIONS_2_ACTIONTEXT,撒谎
QUEST_DRAGON_3_5_QUESTINFODATA_TITLE,新先知
QUEST_DRAGON_3_6_QUESTINFODATA_ACTIONS_0_ACTIONTEXT,劫掠
QUEST_DRAGON_3_6_QUESTINFODATA_ACTIONS_1_ACTIONTEXT,保存
QUEST_DRAGON_3_6_QUESTINFODATA_ACTIONS_2_ACTIONTEXT,打磨
QUEST_DRAGON_3_6_QUESTINFODATA_TITLE,上古军械库
QUEST_DRAGON_3_7_QUESTINFODATA_ACTIONS_0_ACTIONTEXT,表演
QUEST_DRAGON_3_7_QUESTINFODATA_ACTIONS_1_ACTIONTEXT,挑衅
QUEST_DRAGON_3_7_QUESTINFODATA_ACTIONS_2_ACTIONTEXT,提供
QUEST_DRAGON_3_7_QUESTINFODATA_TITLE,巨龙日
QUEST_DRAGON_3_8_QUESTINFODATA_ACTIONS_0_ACTIONTEXT,战斗
QUEST_DRAGON_3_8_QUESTINFODATA_ACTIONS_1_ACTIONTEXT,焚烧
QUEST_DRAGON_3_8_QUESTINFODATA_ACTIONS_2_ACTIONTEXT,放逐
QUEST_DRAGON_3_8_QUESTINFODATA_TITLE,贝恩养育场
QUEST_DRAGON_4_1_QUESTINFODATA_ACTIONS_0_ACTIONTEXT,牺牲
QUEST_DRAGON_4_1_QUESTINFODATA_ACTIONS_1_ACTIONTEXT,生存
QUEST_DRAGON_4_1_QUESTINFODATA_ACTIONS_2_ACTIONTEXT,投降
QUEST_DRAGON_4_1_QUESTINFODATA_TITLE,殉道
QUEST_DRAGON_4_2_QUESTINFODATA_ACTIONS_0_ACTIONTEXT,交锋
QUEST_DRAGON_4_2_QUESTINFODATA_ACTIONS_1_ACTIONTEXT,退让
QUEST_DRAGON_4_2_QUESTINFODATA_ACTIONS_2_ACTIONTEXT,欺诈
QUEST_DRAGON_4_2_QUESTINFODATA_TITLE,一山不容二虎
QUEST_DRAGON_4_3_QUESTINFODATA_ACTIONS_0_ACTIONTEXT,召唤
QUEST_DRAGON_4_3_QUESTINFODATA_ACTIONS_1_ACTIONTEXT,封印
QUEST_DRAGON_4_3_QUESTINFODATA_ACTIONS_2_ACTIONTEXT,追寻
QUEST_DRAGON_4_3_QUESTINFODATA_TITLE,我们的根源
QUEST_DRAGON_4_4_QUESTINFODATA_ACTIONS_0_ACTIONTEXT,解剖
QUEST_DRAGON_4_4_QUESTINFODATA_ACTIONS_1_ACTIONTEXT,毁灭
QUEST_DRAGON_4_4_QUESTINFODATA_ACTIONS_2_ACTIONTEXT,亵渎
QUEST_DRAGON_4_4_QUESTINFODATA_TITLE,病态医术
QUEST_DRAGON_4_5_QUESTINFODATA_ACTIONS_0_ACTIONTEXT,兼取
QUEST_DRAGON_4_5_QUESTINFODATA_ACTIONS_1_ACTIONTEXT,野兽
QUEST_DRAGON_4_5_QUESTINFODATA_ACTIONS_2_ACTIONTEXT,还价
QUEST_DRAGON_4_5_QUESTINFODATA_TITLE,腐化与怀尔德皆然
QUEST_DRAGON_4_6_QUESTINFODATA_ACTIONS_0_ACTIONTEXT,挣扎
QUEST_DRAGON_4_6_QUESTINFODATA_ACTIONS_1_ACTIONTEXT,屈服
QUEST_DRAGON_4_6_QUESTINFODATA_ACTIONS_2_ACTIONTEXT,牺牲
QUEST_DRAGON_4_6_QUESTINFODATA_TITLE,全新道路
QUEST_DRAGON_4_7_QUESTINFODATA_ACTIONS_0_ACTIONTEXT,迎难
QUEST_DRAGON_4_7_QUESTINFODATA_ACTIONS_1_ACTIONTEXT,阻挡
QUEST_DRAGON_4_7_QUESTINFODATA_ACTIONS_2_ACTIONTEXT,美化
QUEST_DRAGON_4_7_QUESTINFODATA_TITLE,阿门罗地下深处
QUEST_DRAGON_4_8_QUESTINFODATA_ACTIONS_0_ACTIONTEXT,政变
QUEST_DRAGON_4_8_QUESTINFODATA_ACTIONS_1_ACTIONTEXT,剔除
QUEST_DRAGON_4_8_QUESTINFODATA_ACTIONS_2_ACTIONTEXT,混沌
QUEST_DRAGON_4_8_QUESTINFODATA_TITLE,革命
QUEST_DRAGON_5_1_QUESTINFODATA_TITLE,全新纪元
QUEST_DRAGON_5_2_QUESTINFODATA_TITLE,陨落，未被遗忘
QUEST_DRAGON_5_3_QUESTINFODATA_TITLE,愿它再度崛起
QUEST_MERCHANT_BONUS,商人货物
QUEST_NO_TEST_REQUIRED,无需测试
QUEST_OR,或
QUEST_RABBIT_1_1_QUESTINFODATA_ACTIONS_0_ACTIONTEXT,粉碎屏障
QUEST_RABBIT_1_1_QUESTINFODATA_ACTIONS_0_DEFAULTOUTCOME_JOURNALTEXT,我们的英雄不会让拥有强悍武装的窃贼得逞。他们在战斗中受伤和疲惫，打通道路以便再次穿行。
QUEST_RABBIT_1_1_QUESTINFODATA_ACTIONS_0_DEFAULTOUTCOME_OUTCOMETEXT,兔子们很固执。你冲击着屏障并将其冲破。战斗非常激烈，虽然得胜，但你在战斗中负了伤。
QUEST_RABBIT_1_1_QUESTINFODATA_ACTIONS_0_TESTSUCCESSOUTCOME_JOURNALTEXT,<hero_name>冲破路障并击溃了狡猾的逃兵。阿门罗人将能够再次安全地自由出行。
QUEST_RABBIT_1_1_QUESTINFODATA_ACTIONS_0_TESTSUCCESSOUTCOME_OUTCOMETEXT,低着头，举起武器，你像来自怀尔德的弩箭般撞上路障。狼群四散而逃，丢下了不义之财。
QUEST_RABBIT_1_1_QUESTINFODATA_ACTIONS_1_ACTIONTEXT,挑战逃兵首领
QUEST_RABBIT_1_1_QUESTINFODATA_ACTIONS_1_DEFAULTOUTCOME_JOURNALTEXT,<hero_name>在殊死搏斗中击败了逃兵首领。土匪们逃跑了，为旅行者让出了道路。
QUEST_RABBIT_1_1_QUESTINFODATA_ACTIONS_1_DEFAULTOUTCOME_OUTCOMETEXT,在单挑中，你将狡猾窃贼的首领痛打一顿。他们吓坏了，四散而逃，再次让出了道路。
QUEST_RABBIT_1_1_QUESTINFODATA_ENCOUNTERTEXT,狼族已经建立了一个屏障横跨在山口。当你径直走向逃兵时，他们嘲笑了你。
QUEST_RABBIT_1_1_QUESTINFODATA_JOURNALENCOUNTERTEXT,到达山上时，我们的英雄面对着土匪坚固的防御工事，一派雄伟的景象。
QUEST_RABBIT_1_1_QUESTINFODATA_JOURNALRUMOURTEXT,凶恶的土匪已经占据并封锁了通过<quest_tile>的唯一通道。<hero_name>不得不挫败盗贼。
QUEST_RABBIT_1_1_QUESTINFODATA_RUMOURTEXT,狼族逃兵要求通过主要山口的任何人进献贡品。许多阿门罗人被迫进献。
QUEST_RABBIT_1_1_QUESTINFODATA_TITLE,风景路线
QUEST_RABBIT_1_2_QUESTINFODATA_ACTIONS_0_ACTIONTEXT,将守卫从神庙中赶走
QUEST_RABBIT_1_2_QUESTINFODATA_ACTIONS_0_DEFAULTOUTCOME_JOURNALTEXT,虽然<hero_name>巍然不动地保护僧侣，但守卫的人数太多了。他们迫使我们的英雄受伤逃离，颜面无存。
QUEST_RABBIT_1_2_QUESTINFODATA_ACTIONS_0_DEFAULTOUTCOME_OUTCOMETEXT,有人需要站出来反对暴行！你封锁神庙，但守卫向前冲击，打伤了你并将你扔到了外面的雪地。
QUEST_RABBIT_1_2_QUESTINFODATA_ACTIONS_0_TESTSUCCESSOUTCOME_JOURNALTEXT,任何僧侣都不应受到虐待。<hero_name>打退了士兵。为表感谢，僧侣赠予我们的英雄一块灵石。
QUEST_RABBIT_1_2_QUESTINFODATA_ACTIONS_0_TESTSUCCESSOUTCOME_OUTCOMETEXT,守卫在冲击，但你稳住了阵脚。一个接一个，他们都被打败了。作为感谢，僧侣给你一块灵石，以帮助你完成任务。
QUEST_RABBIT_1_2_QUESTINFODATA_ACTIONS_1_ACTIONTEXT,帮助僧侣逃跑
QUEST_RABBIT_1_2_QUESTINFODATA_ACTIONS_1_DEFAULTOUTCOME_JOURNALTEXT,我们的英雄将僧侣送到兔族领地避难。疯狂国王的残忍法令日益变得更加扭曲。
QUEST_RABBIT_1_2_QUESTINFODATA_ACTIONS_1_DEFAULTOUTCOME_OUTCOMETEXT,当守卫洗劫神庙时，你将僧侣解救出来。你将他们送往兔族领地。他们会在那里得到庇护。
QUEST_RABBIT_1_2_QUESTINFODATA_ENCOUNTERTEXT,神庙大门已被砸开。国王守卫拖出僧侣并用镣铐锁住他们。
QUEST_RABBIT_1_2_QUESTINFODATA_JOURNALENCOUNTERTEXT,我们的英雄赶到时发现守卫正在拖走僧侣，并且正在洗劫神庙。疯狂国王的残忍行为真的是没有底线。
QUEST_RABBIT_1_2_QUESTINFODATA_JOURNALRUMOURTEXT,曾经高贵的国王守卫被调往山地神庙，将一群与世无争的兔族僧侣从中驱逐出来。
QUEST_RABBIT_1_2_QUESTINFODATA_RUMOURTEXT,一群与世无争的兔族僧侣被国王守卫从山地神庙中赶了出来。必须要有人站出来为他们而战！
QUEST_RABBIT_1_2_QUESTINFODATA_TITLE,神殿税
QUEST_RABBIT_1_3_QUESTINFODATA_ACTIONS_0_ACTIONTEXT,战斗！释放囚犯
QUEST_RABBIT_1_3_QUESTINFODATA_ACTIONS_0_DEFAULTOUTCOME_JOURNALTEXT,<hero_name>进行战斗以释放村民，但囚犯们跳起来帮助守卫！国王依然牢牢掌控着这片土地。
QUEST_RABBIT_1_3_QUESTINFODATA_ACTIONS_0_DEFAULTOUTCOME_OUTCOMETEXT,你的名声还不足以号令众人。囚犯们跳出来帮助守卫。你受了伤，被迫逃离。
QUEST_RABBIT_1_3_QUESTINFODATA_ACTIONS_0_TESTSUCCESSOUTCOME_JOURNALTEXT,<hero_name>发起攻击，救出被困的囚犯，并击溃了腐败的守卫。一名俘虏为表感谢加入了我们英雄的事业。
QUEST_RABBIT_1_3_QUESTINFODATA_ACTIONS_0_TESTSUCCESSOUTCOME_OUTCOMETEXT,守卫没有准备好真正的抵抗，并且他们在你的猛攻面前溃败了。一名囚犯加入你的行列作为感谢。
QUEST_RABBIT_1_3_QUESTINFODATA_ACTIONS_1_ACTIONTEXT,交涉以释放囚犯
QUEST_RABBIT_1_3_QUESTINFODATA_ACTIONS_1_DEFAULTOUTCOME_JOURNALTEXT,<hero_name>行使国王总管的权力，确保囚犯的释放。腐败守卫已被暂时杀退。
QUEST_RABBIT_1_3_QUESTINFODATA_ACTIONS_1_DEFAULTOUTCOME_OUTCOMETEXT,作为国王总管，你有权命令释放囚犯。村民们感谢你，但你知道这治标不治本。
QUEST_RABBIT_1_3_QUESTINFODATA_ENCOUNTERTEXT,<quest_tile>聚落死一般的寂静。你可以看到国王守卫的成员迫使无助的村民戴上镣铐。
QUEST_RABBIT_1_3_QUESTINFODATA_JOURNALENCOUNTERTEXT,我们的英雄抵达<quest_tile>，发现国王守卫将村民集中起来关进监狱。<hero_name>不会放任不管！
QUEST_RABBIT_1_3_QUESTINFODATA_JOURNALRUMOURTEXT,疯狂国王已经开始从阿门罗各地聚落带走囚犯。这种疯狂不能任其继续。
QUEST_RABBIT_1_3_QUESTINFODATA_RUMOURTEXT,国王守卫在各聚落抓捕无辜的兔族平民。需要一位英雄制止这种不义。
QUEST_RABBIT_1_3_QUESTINFODATA_TITLE,实施奴隶制
QUEST_RABBIT_1_4_QUESTINFODATA_ACTIONS_0_ACTIONTEXT,将机器逼入角落
QUEST_RABBIT_1_4_QUESTINFODATA_ACTIONS_0_DEFAULTOUTCOME_JOURNALTEXT,我们的英雄跃起行动，但机器避开了。它逃脱了，而<hero_name>被迫赔偿追逐所造成的损坏。
QUEST_RABBIT_1_4_QUESTINFODATA_ACTIONS_0_DEFAULTOUTCOME_OUTCOMETEXT,你试图预测机器的动向，但失败了。它呼啸而过，你撞到了一些工具。塔尔科特要求你赔偿损坏。
QUEST_RABBIT_1_4_QUESTINFODATA_ACTIONS_0_TESTSUCCESSOUTCOME_JOURNALTEXT,我们的英雄将作乱的机器逼入角落并使其停转。塔尔科特羞怯地交出了灵石动力源以示感谢。
QUEST_RABBIT_1_4_QUESTINFODATA_ACTIONS_0_TESTSUCCESSOUTCOME_OUTCOMETEXT,机器遵循一种模式。你将其逼入角落，并将灵石抢了出来。塔尔科特欢呼雀跃。他让你留着灵石以作感谢。
QUEST_RABBIT_1_4_QUESTINFODATA_ACTIONS_1_ACTIONTEXT,摧毁机器
QUEST_RABBIT_1_4_QUESTINFODATA_ACTIONS_1_DEFAULTOUTCOME_JOURNALTEXT,<hero_name>把这古怪的机器砸得粉碎，以免酿成可怕的灾难。涉及塔尔科特，谨慎为上。
QUEST_RABBIT_1_4_QUESTINFODATA_ACTIONS_1_DEFAULTOUTCOME_OUTCOMETEXT,你不会让塔尔科特建造的任何东西失控。你砸烂了机器！塔尔科特叫苦不迭，但还是感谢你。
QUEST_RABBIT_1_4_QUESTINFODATA_ENCOUNTERTEXT,你会发现作坊桌子下蜷缩着的塔尔科特。一个由灵石驱动的奇怪机器满房间乱跑。
QUEST_RABBIT_1_4_QUESTINFODATA_JOURNALENCOUNTERTEXT,塔尔科特的最新发明已经失控。它绕着作坊奔走着。<hero_name>只希望它不会爆炸。
QUEST_RABBIT_1_4_QUESTINFODATA_JOURNALRUMOURTEXT,塔尔科特喜欢发明，是兔族最重要的发明家之一，他有一个实验失控了，需要帮助收拾他的烂摊子。
QUEST_RABBIT_1_4_QUESTINFODATA_RUMOURTEXT,"""天才塔尔科特再次需要帮助。我猜另一项实验出了差错。需要有人在它以灾难结束之前将其摆平。"""
QUEST_RABBIT_1_4_QUESTINFODATA_TITLE,违规施工
QUEST_RABBIT_1_5_QUESTINFODATA_ACTIONS_0_ACTIONTEXT,向人群炫耀
QUEST_RABBIT_1_5_QUESTINFODATA_ACTIONS_0_DEFAULTOUTCOME_JOURNALTEXT,<hero_name>还不具备政治交际的影响力。我们的英雄未能获得来自政要的支持。
QUEST_RABBIT_1_5_QUESTINFODATA_ACTIONS_0_DEFAULTOUTCOME_OUTCOMETEXT,你可以勉强让自己的话不至于淹没在一片谈话的喧闹中。不久你就放弃并溜走了。
QUEST_RABBIT_1_5_QUESTINFODATA_ACTIONS_0_TESTSUCCESSOUTCOME_JOURNALTEXT,<hero_name>用一些得体的言辞，迷住了在场的人，并在他们的任务中获得了随从的拥护。
QUEST_RABBIT_1_5_QUESTINFODATA_ACTIONS_0_TESTSUCCESSOUTCOME_OUTCOMETEXT,一个接一个，你在会议中赢得了大家的认可。经过一轮的欢呼，一位有影响力的随从加入了你的行列。
QUEST_RABBIT_1_5_QUESTINFODATA_ACTIONS_1_ACTIONTEXT,谨慎地寻求支持
QUEST_RABBIT_1_5_QUESTINFODATA_ACTIONS_1_DEFAULTOUTCOME_JOURNALTEXT,<hero_name>谈判阿门罗人错综复杂的政治局势。到了早晨，我们的英雄已经了解到了很多有用的东西。
QUEST_RABBIT_1_5_QUESTINFODATA_ACTIONS_1_DEFAULTOUTCOME_OUTCOMETEXT,你花了一晚上与各种有影响力的阿门罗人就支持进行谈判。你了解了很多目前的政治形势。
QUEST_RABBIT_1_5_QUESTINFODATA_ENCOUNTERTEXT,当你到达时，部族会议正紧锣密鼓地进行着。每个人都努力让自己深入人心。
QUEST_RABBIT_1_5_QUESTINFODATA_JOURNALENCOUNTERTEXT,会议上满是胸怀抱负者，都希望给潜在支持者留下一个深刻印象。<quest_tile>充斥着嘈杂的交谈声。
QUEST_RABBIT_1_5_QUESTINFODATA_JOURNALRUMOURTEXT,<hero_name>前往<quest_tile>参加各部族长老的聚会。我们的英雄希望为他们的任务争取支持。
QUEST_RABBIT_1_5_QUESTINFODATA_RUMOURTEXT,附近举行了一次部族长老会议。对于尝试为你的任务获得支持者而言，这是一个不错的平台。
QUEST_RABBIT_1_5_QUESTINFODATA_TITLE,第一印象
QUEST_RABBIT_1_6_QUESTINFODATA_ACTIONS_0_ACTIONTEXT,进入比赛
QUEST_RABBIT_1_6_QUESTINFODATA_ACTIONS_0_DEFAULTOUTCOME_JOURNALTEXT,<hero_name>冒险进入了比赛。不久，他们退了出来，并后悔自己的决定。
QUEST_RABBIT_1_6_QUESTINFODATA_ACTIONS_0_DEFAULTOUTCOME_OUTCOMETEXT,命运没有眷顾你。你的金币落入了对面那些人的口袋，你灰溜溜地走了，钱袋轻了不少。
QUEST_RABBIT_1_6_QUESTINFODATA_ACTIONS_0_TESTSUCCESSOUTCOME_JOURNALTEXT,我们的英雄受到幸运女神的眷顾，获得了比赛的大奖。他们的任务迎来了开门红。
QUEST_RABBIT_1_6_QUESTINFODATA_ACTIONS_0_TESTSUCCESSOUTCOME_OUTCOMETEXT,骰子今天有利于你。你夺得大奖，一份珍贵的宝藏。这将在篡夺疯狂国王王位中非常有用。
QUEST_RABBIT_1_6_QUESTINFODATA_ACTIONS_1_ACTIONTEXT,利用时间来收集信息
QUEST_RABBIT_1_6_QUESTINFODATA_ACTIONS_1_DEFAULTOUTCOME_JOURNALTEXT,<hero_name>决定采纳更安全的路线。继续自己的任务之前，我们的英雄利用这次会议作为收集信息的契机。
QUEST_RABBIT_1_6_QUESTINFODATA_ACTIONS_1_DEFAULTOUTCOME_OUTCOMETEXT,当你能确保部分成功时，为何要冒失败的风险？你混在人群中，并获得重要部族新闻的一些消息。
QUEST_RABBIT_1_6_QUESTINFODATA_ENCOUNTERTEXT,宅邸中热闹非凡。你开始有自己的疑虑。当风险是如此之高，你能否真正负担得起宝藏的赌注？
QUEST_RABBIT_1_6_QUESTINFODATA_JOURNALENCOUNTERTEXT,我们的英雄来到<quest_tile>的宅邸，却临阵退缩起来。宝藏会有用，但它是否值得冒这个险？
QUEST_RABBIT_1_6_QUESTINFODATA_JOURNALRUMOURTEXT,关于传说中宝藏的谈话内容对<hero_name>具有难以抗拒的诱惑力。这无疑是值得赌一把的。
QUEST_RABBIT_1_6_QUESTINFODATA_RUMOURTEXT,猪男爵在他位于沼泽的宅邸正举行一个竞赛游戏。大奖是一笔珍贵的宝藏。
QUEST_RABBIT_1_6_QUESTINFODATA_TITLE,高风险赌注
QUEST_RABBIT_1_7_QUESTINFODATA_ACTIONS_0_ACTIONTEXT,继续冒险
QUEST_RABBIT_1_7_QUESTINFODATA_ACTIONS_0_DEFAULTOUTCOME_JOURNALTEXT,无论下面发生什么，地牢都不是好惹的。它削弱了我们的英雄，而他们被迫逃离。
QUEST_RABBIT_1_7_QUESTINFODATA_ACTIONS_0_DEFAULTOUTCOME_OUTCOMETEXT,你继续前进。那感觉愈发强烈。你踏入时，一阵虚弱袭来。你踉跄后退。魔法太强大了。
QUEST_RABBIT_1_7_QUESTINFODATA_ACTIONS_0_TESTSUCCESSOUTCOME_JOURNALTEXT,那“感觉”是灵石的潜在魔法。<hero_name>将其取出带离。阿门罗的神秘难不倒我们的英雄。
QUEST_RABBIT_1_7_QUESTINFODATA_ACTIONS_0_TESTSUCCESSOUTCOME_OUTCOMETEXT,你冒险深入地牢，感到那存在愈发强烈。在里面，你找到了源头——一块散发着诡异光芒的灵石。
QUEST_RABBIT_1_7_QUESTINFODATA_ACTIONS_1_ACTIONTEXT,封锁地牢
QUEST_RABBIT_1_7_QUESTINFODATA_ACTIONS_1_DEFAULTOUTCOME_JOURNALTEXT,<hero_name>没有冒险与地牢里面的魔法交手，而是封锁了入口。这片土地将暂时安全。
QUEST_RABBIT_1_7_QUESTINFODATA_ACTIONS_1_DEFAULTOUTCOME_OUTCOMETEXT,无论地牢里是什么恶魔，最好不要冒险与它交手。你移动入口周围的岩石，将地牢堵住。
QUEST_RABBIT_1_7_QUESTINFODATA_ENCOUNTERTEXT,当你接近地牢时，不安感越来越强烈。你对进入<quest_tile>时的想法感到厌恶。传闻属实。
QUEST_RABBIT_1_7_QUESTINFODATA_JOURNALENCOUNTERTEXT,当我们的英雄抵达时，他们遇到了奇怪的不正常现象。进入邪恶地牢深处的想法使他们感到无力。
QUEST_RABBIT_1_7_QUESTINFODATA_JOURNALRUMOURTEXT,传闻说来自<quest_tile>内部深处的奇怪魔法比比皆是。<hero_name>承当起调查的责任。
QUEST_RABBIT_1_7_QUESTINFODATA_RUMOURTEXT,阿门罗人一直在谈论一种莫名的不安，其源自于本地的一处地牢。
QUEST_RABBIT_1_7_QUESTINFODATA_TITLE,地底的呼唤
QUEST_RABBIT_1_8_QUESTINFODATA_ACTIONS_0_ACTIONTEXT,与怀尔德谈谈，抬起房子。
QUEST_RABBIT_1_8_QUESTINFODATA_ACTIONS_0_DEFAULTOUTCOME_JOURNALTEXT,怀尔德不会理会这样的小事。它诅咒房子，并使其陷入更深的臭泥之中。
QUEST_RABBIT_1_8_QUESTINFODATA_ACTIONS_0_DEFAULTOUTCOME_OUTCOMETEXT,怀尔德涌动起来。你一阵得意，随即发现房子沉得更快了。鼠族嘲笑着把你赶走。糟了。
QUEST_RABBIT_1_8_QUESTINFODATA_ACTIONS_0_TESTSUCCESSOUTCOME_JOURNALTEXT,怀尔德应<hero_name>的命令升起。房子周围的泥浆硬化了。它定能屹立百年！
QUEST_RABBIT_1_8_QUESTINFODATA_ACTIONS_0_TESTSUCCESSOUTCOME_OUTCOMETEXT,房子开始颤抖。它周围的泥淖变暗，逐渐固化。鼠族欢呼雀跃。他们赠与你一个宝藏以感谢你的努力。
QUEST_RABBIT_1_8_QUESTINFODATA_ACTIONS_1_ACTIONTEXT,尽你最大的努力加固建筑
QUEST_RABBIT_1_8_QUESTINFODATA_ACTIONS_1_DEFAULTOUTCOME_JOURNALTEXT,<hero_name>尽力帮助鼠族。你只能做这么多，来帮助拯救建在沼泽上的房子。
QUEST_RABBIT_1_8_QUESTINFODATA_ACTIONS_1_DEFAULTOUTCOME_OUTCOMETEXT,你算不上出色的建造者，但兔族都略通一二。你架起一些支撑，希望能撑上一阵。
QUEST_RABBIT_1_8_QUESTINFODATA_ENCOUNTERTEXT,这所房子建在了一片沼泽地上。鼠族跟你打招呼，并请你阻止他们的房子陷入泥潭之中。
QUEST_RABBIT_1_8_QUESTINFODATA_JOURNALENCOUNTERTEXT,鼠族将他们的家建在了<quest_tile>。它还没有沉入浑水中真是一个奇迹。
QUEST_RABBIT_1_8_QUESTINFODATA_JOURNALRUMOURTEXT,<hero_name>同意帮助鼠族解决建筑的问题。对于每个人都假设兔族所有人知道如何进行建造，我们的英雄感到疲惫不堪。
QUEST_RABBIT_1_8_QUESTINFODATA_RUMOURTEXT,"""你们兔族都是优秀的建筑师对吧？有一个鼠族家庭需要帮助解决一些建筑疏忽问题。"""
QUEST_RABBIT_1_8_QUESTINFODATA_TITLE,熟练的建筑师
QUEST_RABBIT_1_9_QUESTINFODATA_ACTIONS_0_ACTIONTEXT,祛除出错的魔法
QUEST_RABBIT_1_9_QUESTINFODATA_ACTIONS_0_DEFAULTOUTCOME_JOURNALTEXT,怀尔德不听号令。它奋起反击，让<hero_name>狼狈而逃，元气大伤。
QUEST_RABBIT_1_9_QUESTINFODATA_ACTIONS_0_DEFAULTOUTCOME_OUTCOMETEXT,风呼啸而过。你被痛击几下。你跪倒下来，被削弱了。你爬走了，扔下旅行者不管。
QUEST_RABBIT_1_9_QUESTINFODATA_ACTIONS_0_TESTSUCCESSOUTCOME_JOURNALTEXT,<hero_name>有力量祛除捣蛋魔法并拯救旅行者。那一天我们的英雄获得了宝贵的盟友。
QUEST_RABBIT_1_9_QUESTINFODATA_ACTIONS_0_TESTSUCCESSOUTCOME_OUTCOMETEXT,怀尔德将目光转向你，但你顶住了冲击。你扶起旅行者。他为表感谢宣誓效忠于你的事业。
QUEST_RABBIT_1_9_QUESTINFODATA_ACTIONS_1_ACTIONTEXT,将陌生人带至安全地带
QUEST_RABBIT_1_9_QUESTINFODATA_ACTIONS_1_DEFAULTOUTCOME_JOURNALTEXT,怀尔德之道神秘莫测。<hero_name>尽力救下陌生人，把他交给一位兔族农夫照料。
QUEST_RABBIT_1_9_QUESTINFODATA_ACTIONS_1_DEFAULTOUTCOME_OUTCOMETEXT,你从石环拖走陌生人，并带他到附近的农家借宿。农民同意照顾他，直到他康复。
QUEST_RABBIT_1_9_QUESTINFODATA_ENCOUNTERTEXT,石环异常平静。它所有的魔法似乎集中在中心跌倒的一个身影上。幻想者。
QUEST_RABBIT_1_9_QUESTINFODATA_JOURNALENCOUNTERTEXT,<hero_name>发现旅行者跌倒躺在<quest_tile>的中央。魔法夺走了他们的心智。或许是永久性的。
QUEST_RABBIT_1_9_QUESTINFODATA_JOURNALRUMOURTEXT,<hero_name>听闻有旅行者被怀尔德魔法困住的传闻。命运凶险。或许我们的英雄能帮上忙。
QUEST_RABBIT_1_9_QUESTINFODATA_RUMOURTEXT,石环的魔法魅力已经诱捕了一名倒霉的旅行者。他们被困在了梦幻之中，在石环中睡着了。
QUEST_RABBIT_1_9_QUESTINFODATA_TITLE,怀尔德之梦
QUEST_RABBIT_2_10_QUESTINFODATA_ACTIONS_0_ACTIONTEXT,用尽自己的每一丝力气。
QUEST_RABBIT_2_10_QUESTINFODATA_ACTIONS_0_DEFAULTOUTCOME_JOURNALTEXT,我们的英雄发誓要救他，但那段跋涉实在太过艰难。芬瑞斯和他的宝藏被风暴吞噬——一切都完了。
QUEST_RABBIT_2_10_QUESTINFODATA_ACTIONS_0_DEFAULTOUTCOME_OUTCOMETEXT,你尝试运送受伤的冒险家下山，但你力不从心。山地让他和他的战利品陷入风暴之中。
QUEST_RABBIT_2_10_QUESTINFODATA_ACTIONS_0_TESTSUCCESSOUTCOME_JOURNALTEXT,但我们的英雄不会让他葬身此地！<hero_name>帮他起来，扛起他的宝藏，带领他们下山到达安全地带。
QUEST_RABBIT_2_10_QUESTINFODATA_ACTIONS_0_TESTSUCCESSOUTCOME_OUTCOMETEXT,依靠你的力量，你抬起受伤的宝藏猎人并安全地下山了。大喜过望，他与你分享他的战利品！
QUEST_RABBIT_2_10_QUESTINFODATA_ACTIONS_1_ACTIONTEXT,拯救冒险家，但扔下战利品。
QUEST_RABBIT_2_10_QUESTINFODATA_ACTIONS_1_DEFAULTOUTCOME_JOURNALTEXT,我们的英雄知道同时运送芬瑞斯和他的宝藏会拖慢脚步。<hero_name>将战利品留在雪地上，而芬瑞斯得救了。
QUEST_RABBIT_2_10_QUESTINFODATA_ACTIONS_1_DEFAULTOUTCOME_OUTCOMETEXT,你扔下冒险家最后一次伟大征途的战利品，然后帮助他下山。他活了下来，但他的众多战利品没了。
QUEST_RABBIT_2_10_QUESTINFODATA_ACTIONS_2_ACTIONTEXT,"""我知道一个更安全的下山路线。跟我来。"""
QUEST_RABBIT_2_10_QUESTINFODATA_ACTIONS_2_DEFAULTOUTCOME_JOURNALTEXT,我们的英雄将领导地位让与了忠诚的探险家，这名探险家曾发现了一个安全下山路线。芬莉斯得救了！
QUEST_RABBIT_2_10_QUESTINFODATA_ACTIONS_2_DEFAULTOUTCOME_OUTCOMETEXT,你将领导地位让与了探险家，这名探险家很快指出了安全的路线。你的队伍以创记录的时间到达了山脚。
QUEST_RABBIT_2_10_QUESTINFODATA_ACTIONS_3_ACTIONTEXT,飞翼靴。现在！
QUEST_RABBIT_2_10_QUESTINFODATA_ACTIONS_3_DEFAULTOUTCOME_JOURNALTEXT,传说中的飞翼靴将我们的英雄从暴怒的风暴中救出。多亏了它们，芬瑞斯得以活下去，再次漫游阿门罗。
QUEST_RABBIT_2_10_QUESTINFODATA_ACTIONS_3_DEFAULTOUTCOME_OUTCOMETEXT,风暴太强了！你抓起飞翼靴，拉住芬瑞斯。你们一同逃到了山脚的安全地带。
QUEST_RABBIT_2_10_QUESTINFODATA_ENCOUNTERTEXT,你奋力登上危险的顶峰，一片冰天雪地。你很快发现了宝藏猎人，但他受了重伤。
QUEST_RABBIT_2_10_QUESTINFODATA_JOURNALENCOUNTERTEXT,<hero_name>立即行动，攀登可怕风暴笼罩之中的顶峰。芬瑞斯受伤躺在那里，受困于严重的摔伤。
QUEST_RABBIT_2_10_QUESTINFODATA_JOURNALRUMOURTEXT,兔族的所有人都知道寻宝人芬瑞斯！大胆！冒险！在那一刻，被困在山顶的致命风暴之中。
QUEST_RABBIT_2_10_QUESTINFODATA_RUMOURTEXT,一位有名的兔族宝藏猎人被困在这座山峰之巅。他非常需要帮助！
QUEST_RABBIT_2_10_QUESTINFODATA_TITLE,芬瑞斯是寻宝人
QUEST_RABBIT_2_11_QUESTINFODATA_ACTIONS_0_ACTIONTEXT,召唤你的力量并解救自己。
QUEST_RABBIT_2_11_QUESTINFODATA_ACTIONS_0_DEFAULTOUTCOME_JOURNALTEXT,不幸的是，<hero_name>无法从网中逃脱，并且很快筋疲力尽。强盗很快带着我们英雄的金币逃走了！
QUEST_RABBIT_2_11_QUESTINFODATA_ACTIONS_0_DEFAULTOUTCOME_OUTCOMETEXT,你徒劳地与绳索纠缠，精疲力尽之际，土匪赶来了——放了你，再抢走你的金币。
QUEST_RABBIT_2_11_QUESTINFODATA_ACTIONS_0_TESTSUCCESSOUTCOME_JOURNALTEXT,但一个简单的绳网困不住我们的英雄！<hero_name>猛击绳网，摔下来时将靠近的一名土匪拉做垫背！
QUEST_RABBIT_2_11_QUESTINFODATA_ACTIONS_0_TESTSUCCESSOUTCOME_OUTCOMETEXT,你拉扯绳子，用牙齿和爪子将其撕裂。你正好掉在一个土匪的头上，并夺取了他的宝藏！
QUEST_RABBIT_2_11_QUESTINFODATA_ACTIONS_1_ACTIONTEXT,养精蓄锐，等待时机。
QUEST_RABBIT_2_11_QUESTINFODATA_ACTIONS_1_DEFAULTOUTCOME_JOURNALTEXT,<hero_name>静观其变，直到土匪降下绳网，还以为是具尸体。然后，借助有力的踢蹬，我们的英雄狂奔获得自由！
QUEST_RABBIT_2_11_QUESTINFODATA_ACTIONS_1_DEFAULTOUTCOME_OUTCOMETEXT,土匪被你的诈尸搞得晕头转向。但是，当他放下你时，你弹走逃生，将他踢倒并窜入草丛！
QUEST_RABBIT_2_11_QUESTINFODATA_ACTIONS_2_ACTIONTEXT,召唤怀尔德解救你
QUEST_RABBIT_2_11_QUESTINFODATA_ACTIONS_2_DEFAULTOUTCOME_JOURNALTEXT,多亏了怀尔德护身符与森林的联系，<hero_name>才得以逃脱陷阱。他们在强盗到达之前逃走了。
QUEST_RABBIT_2_11_QUESTINFODATA_ACTIONS_2_DEFAULTOUTCOME_OUTCOMETEXT,护身符发着光。厚厚的藤蔓从你身旁的树木越过。它们撕开了网。你摔倒在地上。很好。快跑！
QUEST_RABBIT_2_11_QUESTINFODATA_ACTIONS_3_ACTIONTEXT,"""永远不要害怕<hero_name> ！我会救你！"""
QUEST_RABBIT_2_11_QUESTINFODATA_ACTIONS_3_DEFAULTOUTCOME_JOURNALTEXT,侍从摆弄着死结，但只用了几分钟就解开了它，释放了我们的英雄，而强盗甚至还不知道他们在那里！
QUEST_RABBIT_2_11_QUESTINFODATA_ACTIONS_3_DEFAULTOUTCOME_OUTCOMETEXT,"你答应实现侍从的愿望，它摆弄着绑着你的死结。""解开了！""网降下来了，你逃进了森林。"
QUEST_RABBIT_2_11_QUESTINFODATA_ENCOUNTERTEXT,森林异常安静 - 直到你踩下隐藏在树叶下的陷阱。你被挂在树上，包在网中！
QUEST_RABBIT_2_11_QUESTINFODATA_JOURNALENCOUNTERTEXT,森林空荡荡的，出奇的安静。当<hero_name>考虑事情时，一张网弹了出来，将我们的英雄拉到半空中！
QUEST_RABBIT_2_11_QUESTINFODATA_JOURNALRUMOURTEXT,土匪们在附近的一处树林建立了巢穴，但我们的英雄并没有受到劝阻！<hero_name>转身并想好了进入森林的路线。
QUEST_RABBIT_2_11_QUESTINFODATA_RUMOURTEXT,很多穿过这座森林的旅行者似乎发现自己被不明不白地抢劫了。如果你穿过那里，请留神脚下！
QUEST_RABBIT_2_11_QUESTINFODATA_TITLE,在树上的一张网
QUEST_RABBIT_2_12_QUESTINFODATA_ACTIONS_0_ACTIONTEXT,使出你的全力！
QUEST_RABBIT_2_12_QUESTINFODATA_ACTIONS_0_DEFAULTOUTCOME_JOURNALTEXT,不幸的是，<hero_name>缺乏完成塔尔科特想法所需的力量，并被毫不客气地从他的作坊里请出去！
QUEST_RABBIT_2_12_QUESTINFODATA_ACTIONS_0_DEFAULTOUTCOME_OUTCOMETEXT,很遗憾，你的努力没有产生塔尔科特想要的结果。对你实力的不足感到失望，他很快就将你踢出他的作坊。
QUEST_RABBIT_2_12_QUESTINFODATA_ACTIONS_0_TESTSUCCESSOUTCOME_JOURNALTEXT,<hero_name>不知疲倦地工作，以完成熔炉般的大块头新发明。塔尔科特的梦想实现了，奖励也是丰盛的！
QUEST_RABBIT_2_12_QUESTINFODATA_ACTIONS_0_TESTSUCCESSOUTCOME_OUTCOMETEXT,塔尔科特是一名严苛的大师，但得益于你的工作，他奇妙的发明很快完成了！他授予了你一张追随者卡牌以示感谢。
QUEST_RABBIT_2_12_QUESTINFODATA_ACTIONS_1_ACTIONTEXT,寻求帮助。
QUEST_RABBIT_2_12_QUESTINFODATA_ACTIONS_1_DEFAULTOUTCOME_JOURNALTEXT,<hero_name>知道新发明不可能独自完成，就将工作下放了。工作已经完成，但回报是微薄的。
QUEST_RABBIT_2_12_QUESTINFODATA_ACTIONS_1_DEFAULTOUTCOME_OUTCOMETEXT,虽然塔尔科特在赶时间，但他等你带来一些帮助。这个机器已经完成，而你会收到一小份奖励。
QUEST_RABBIT_2_12_QUESTINFODATA_ACTIONS_2_ACTIONTEXT,"""重物需要提升？我擅长！"""
QUEST_RABBIT_2_12_QUESTINFODATA_ACTIONS_2_DEFAULTOUTCOME_JOURNALTEXT,<hero_name> 忠诚的狂战士急切地抓住这个机会来提升重物，塔尔科特的项目只用了预期时间的一半就完工了！
QUEST_RABBIT_2_12_QUESTINFODATA_ACTIONS_2_DEFAULTOUTCOME_OUTCOMETEXT,你迈向一边，让你忠实的狂战士将组件提升到位。塔尔科特因为你的帮助而颇为感动，于是向你提供了奖励。
QUEST_RABBIT_2_12_QUESTINFODATA_ACTIONS_3_ACTIONTEXT,"""你需要力量？喝这个！"""
QUEST_RABBIT_2_12_QUESTINFODATA_ACTIONS_3_DEFAULTOUTCOME_JOURNALTEXT,多亏了<hero_name>的炼金术士酿造的奇怪混合物，塔尔科特奇妙的装置以两倍的速度装配完成了。
QUEST_RABBIT_2_12_QUESTINFODATA_ACTIONS_3_DEFAULTOUTCOME_OUTCOMETEXT,你拿过炼金术士递来的魔药并喝了下去。力量流经你的身体。任务很快完成了。塔尔科特给你们都提供了奖励。
QUEST_RABBIT_2_12_QUESTINFODATA_ENCOUNTERTEXT,"你到达塔尔科特的作坊，并立即着手打造熔炉般的新发明。""别想太多，抬起来！""他对你大喊大叫。"
QUEST_RABBIT_2_12_QUESTINFODATA_JOURNALENCOUNTERTEXT,但是，塔尔科特也支付高薪，所以我们的英雄开始着手在他最新的冒险中协助他。
QUEST_RABBIT_2_12_QUESTINFODATA_JOURNALRUMOURTEXT,天才塔尔科特是兔族的工匠大师，以大块头新发明臭名昭著，这需要辛勤的劳动来完成。
QUEST_RABBIT_2_12_QUESTINFODATA_RUMOURTEXT,天才塔尔科特在附近的一个聚落尝试一个新的实验，并且需要搭把手。我敢肯定，他会很好地报答你的帮助。
QUEST_RABBIT_2_12_QUESTINFODATA_TITLE,修补匠塔尔科特
QUEST_RABBIT_2_1_QUESTINFODATA_ACTIONS_0_ACTIONTEXT,干掉巨蛇。夺取宝藏！
QUEST_RABBIT_2_1_QUESTINFODATA_ACTIONS_0_DEFAULTOUTCOME_JOURNALTEXT,<hero_name>大胆地扑向巨蛇，但缺乏实战经验而陷入战斗之中。我们的英雄被咬伤，被迫逃走了。
QUEST_RABBIT_2_1_QUESTINFODATA_ACTIONS_0_DEFAULTOUTCOME_OUTCOMETEXT,你跳向巨蛇，但它比你笨手笨脚的剑更快。它的毒牙咬中你的腿，你明智地放弃了战斗。
QUEST_RABBIT_2_1_QUESTINFODATA_ACTIONS_0_TESTSUCCESSOUTCOME_JOURNALTEXT,<hero_name>大胆地扑向巨蛇，多年的实战经验派上了用场。巨蛇倒下了，一枚灵石被夺取。
QUEST_RABBIT_2_1_QUESTINFODATA_ACTIONS_0_TESTSUCCESSOUTCOME_OUTCOMETEXT,你挥剑快如闪电地冲击过去。巨蛇试图咬你，但正好跳到你武器的弧刃上，身首异处。
QUEST_RABBIT_2_1_QUESTINFODATA_ACTIONS_1_ACTIONTEXT,忽略蛇。搜索其他地方。
QUEST_RABBIT_2_1_QUESTINFODATA_ACTIONS_1_DEFAULTOUTCOME_JOURNALTEXT,将巨蛇撇到一边，而我们的英雄集中分析战斗本身的败因。这方面的知识将被证明是最有价值的。
QUEST_RABBIT_2_1_QUESTINFODATA_ACTIONS_1_DEFAULTOUTCOME_OUTCOMETEXT,当你在这里搜索时，你对兔子如何在这次古老的战役中的失利进行了仔细思考，吸取了宝贵的教训；有用的战术知识。
QUEST_RABBIT_2_1_QUESTINFODATA_ACTIONS_2_ACTIONTEXT,武装自己
QUEST_RABBIT_2_1_QUESTINFODATA_ACTIONS_2_DEFAULTOUTCOME_JOURNALTEXT,<hero_name> 提起皇家盾牌。挡开蛇的毒牙，结束了这个生物的生命。用它的头能获得一个不错的奖励！
QUEST_RABBIT_2_1_QUESTINFODATA_ACTIONS_2_DEFAULTOUTCOME_OUTCOMETEXT,皇家盾牌举起来时，蛇的毒牙不会构成任何威胁。你杀了它，并将这个生物的头拖回到了<quest_tile>。
QUEST_RABBIT_2_1_QUESTINFODATA_ACTIONS_3_ACTIONTEXT,悄悄靠近
QUEST_RABBIT_2_1_QUESTINFODATA_ACTIONS_3_DEFAULTOUTCOME_JOURNALTEXT,幸运的是，使用镜子斗篷，<hero_name>在这个生物想要反击之前杀死了它。用它的头将获得一个很好的奖励。
QUEST_RABBIT_2_1_QUESTINFODATA_ACTIONS_3_DEFAULTOUTCOME_OUTCOMETEXT,在镜子斗篷不断变换的灯光的伪装下，你以新的装扮接近这个生物，然后只用了一击就杀死了它。
QUEST_RABBIT_2_1_QUESTINFODATA_ACTIONS_4_ACTIONTEXT,装载手炮
QUEST_RABBIT_2_1_QUESTINFODATA_ACTIONS_4_DEFAULTOUTCOME_JOURNALTEXT,我们的英雄用手炮发射了两次，从远处杀死了毒蛇。它的头能换一笔可观的赏金……在合适的圈子里。
QUEST_RABBIT_2_1_QUESTINFODATA_ACTIONS_4_DEFAULTOUTCOME_OUTCOMETEXT,不需要接近。你仔细装载手炮。一个齐射之后，这个野兽倒了。一阵嘶嘶声回荡在平原上。
QUEST_RABBIT_2_1_QUESTINFODATA_ENCOUNTERTEXT,你到达田野，并到处寻找线索。干涸的河床附近是你最值得一试的地方，但它由一条巨蛇守卫。
QUEST_RABBIT_2_1_QUESTINFODATA_JOURNALENCOUNTERTEXT,我们的英雄在阿门罗广袤的平原深处发现了古战场——但没想到一条致命的巨蛇守护在那里。
QUEST_RABBIT_2_1_QUESTINFODATA_JOURNALRUMOURTEXT,<hero_name>听到过关于古战场的传言，就藏在世界的某处，并且仍然散落着无人认领的珍贵宝藏。
QUEST_RABBIT_2_1_QUESTINFODATA_RUMOURTEXT,许多阿门罗的古战场早已被搜刮一空。我有一条消息说还有一个没被搜过的，如果你有兴趣。
QUEST_RABBIT_2_1_QUESTINFODATA_TITLE,草丛中有蛇
QUEST_RABBIT_2_2_QUESTINFODATA_ACTIONS_0_ACTIONTEXT,追捕凶手并干掉他们。
QUEST_RABBIT_2_2_QUESTINFODATA_ACTIONS_0_DEFAULTOUTCOME_JOURNALTEXT,<hero_name>试图寻找刺客，但罪犯轻易地潜到身后，在逃走前挥动了他们的匕首。
QUEST_RABBIT_2_2_QUESTINFODATA_ACTIONS_0_DEFAULTOUTCOME_OUTCOMETEXT,不幸的是，这一天你的反应迟了些，并且躲着的刺客在你腿上刺了一刀，让你不能动弹后逃走了。
QUEST_RABBIT_2_2_QUESTINFODATA_ACTIONS_0_TESTSUCCESSOUTCOME_JOURNALTEXT,由于<hero_name>训练有素，躲着的鼠族刺客没有藏太久，而宝藏被重新夺取。
QUEST_RABBIT_2_2_QUESTINFODATA_ACTIONS_0_TESTSUCCESSOUTCOME_OUTCOMETEXT,你追查杀手的行踪，轻松绕过他们，用你出色的训练技巧干掉他们。被盗的宝藏很快就是你的了。
QUEST_RABBIT_2_2_QUESTINFODATA_ACTIONS_1_ACTIONTEXT,进城并呼叫守卫。
QUEST_RABBIT_2_2_QUESTINFODATA_ACTIONS_1_DEFAULTOUTCOME_JOURNALTEXT,我们的英雄寻找着守卫，给了恶棍逃离的时间。<hero_name>那一天丢失了宝藏，但获得了宝贵的经验。
QUEST_RABBIT_2_2_QUESTINFODATA_ACTIONS_1_DEFAULTOUTCOME_OUTCOMETEXT,你逃跑了并且找来了城市守卫。在返回的时候，刺客（他来这里寻找的秘密物品）早已不见踪影。
QUEST_RABBIT_2_2_QUESTINFODATA_ACTIONS_2_ACTIONTEXT,"""躲开！他还有救！"""
QUEST_RABBIT_2_2_QUESTINFODATA_ACTIONS_2_DEFAULTOUTCOME_JOURNALTEXT,管什么宝藏！有生命危在旦夕！<hero_name>的药剂师让发明家起死回生。他继续活着，创造了许多有用的工具。
QUEST_RABBIT_2_2_QUESTINFODATA_ACTIONS_2_DEFAULTOUTCOME_OUTCOMETEXT,"药剂师冲上前去。他拔掉血淋淋的刀，开始在纠结的皮毛中翻找。他皱了皱眉。""他会活下去。"""
QUEST_RABBIT_2_2_QUESTINFODATA_ACTIONS_3_ACTIONTEXT,"""我知道真正的秘密藏在了哪里。"""
QUEST_RABBIT_2_2_QUESTINFODATA_ACTIONS_3_DEFAULTOUTCOME_JOURNALTEXT,硬币大师对破案几乎没什么兴趣，反而帮助我们的英雄打开了发明家的秘密安全墙。
QUEST_RABBIT_2_2_QUESTINFODATA_ACTIONS_3_DEFAULTOUTCOME_OUTCOMETEXT,"獾转向墙上的一幅画。""标准的墙壁保险箱。看到了吗？""他用爪子敲了敲，保险箱弹开了，露出一个秘密暗格。"
QUEST_RABBIT_2_2_QUESTINFODATA_ACTIONS_4_ACTIONTEXT,结束杀手的生命
QUEST_RABBIT_2_2_QUESTINFODATA_ACTIONS_4_DEFAULTOUTCOME_JOURNALTEXT,利用巫毒娃娃黑暗而扭曲的魔法，<hero_name>从远处击倒了刺客。但他们的尸体一直没找到。
QUEST_RABBIT_2_2_QUESTINFODATA_ACTIONS_4_DEFAULTOUTCOME_OUTCOMETEXT,你用缠在碎玻璃上的毛皮制作巫毒娃娃。刺客毫无机会。你用一根针刺穿了娃娃的眼睛。
QUEST_RABBIT_2_2_QUESTINFODATA_ENCOUNTERTEXT,你会发现发明家死了，呆呆地坐在他办公桌前，背后插着一把匕首。他的宝藏和杀手可能就在身边……
QUEST_RABBIT_2_2_QUESTINFODATA_JOURNALENCOUNTERTEXT,<hero_name>发现发明家死在他的家中，被匕首杀害了。宝藏（和杀手）毫无疑问仍在附近。
QUEST_RABBIT_2_2_QUESTINFODATA_JOURNALRUMOURTEXT,兔族的发明家很古怪，但很聪明。一人远道而来欢呼我们的英雄，希望赠予一笔珍贵的宝藏。
QUEST_RABBIT_2_2_QUESTINFODATA_RUMOURTEXT,兔族的发明家捎了话：他有一个强大的东西给你 - 一个在你的任务中可以极大地帮助你的物品。
QUEST_RABBIT_2_2_QUESTINFODATA_TITLE,工业间谍
QUEST_RABBIT_2_3_QUESTINFODATA_ACTIONS_0_ACTIONTEXT,与召唤兽作战！
QUEST_RABBIT_2_3_QUESTINFODATA_ACTIONS_0_DEFAULTOUTCOME_JOURNALTEXT,我们的英雄稍有迟疑 - 可惜这就足以让幽灵般的野兽伤到<hero_name>，迫使他们逃离。
QUEST_RABBIT_2_3_QUESTINFODATA_ACTIONS_0_DEFAULTOUTCOME_OUTCOMETEXT,当你转身时，一个幽灵般的鬼怪出现了！你在恐惧中犹豫 - 刚好让动物能够用可怕的利爪抓伤你。
QUEST_RABBIT_2_3_QUESTINFODATA_ACTIONS_0_TESTSUCCESSOUTCOME_JOURNALTEXT,当一只可怕的野兽前冲时，我们的英雄那一天发挥出最厉害的战斗技能。野兽被干掉了，石环得到了净化。
QUEST_RABBIT_2_3_QUESTINFODATA_ACTIONS_0_TESTSUCCESSOUTCOME_OUTCOMETEXT,你抽出自己的剑，直面这只由纯粹阴影与尘埃构成的野兽。你的训练帮助你避开它的攻击，你轻松地放倒了它。
QUEST_RABBIT_2_3_QUESTINFODATA_ACTIONS_1_ACTIONTEXT,离开石环，跑去寻找掩护。
QUEST_RABBIT_2_3_QUESTINFODATA_ACTIONS_1_DEFAULTOUTCOME_JOURNALTEXT,<hero_name>退出了石环，注定要牺牲，但可以与可怕的幽灵进行更容易的战斗。
QUEST_RABBIT_2_3_QUESTINFODATA_ACTIONS_1_DEFAULTOUTCOME_OUTCOMETEXT,虽然石环中的受害者似乎难逃一死，但在幽灵吞噬你之前，你逃出了石环。
QUEST_RABBIT_2_3_QUESTINFODATA_ACTIONS_2_ACTIONTEXT,"""标准的召唤仪式。很容易逆转。让我来。"""
QUEST_RABBIT_2_3_QUESTINFODATA_ACTIONS_2_DEFAULTOUTCOME_JOURNALTEXT,术士精通这些情况，幸好也知道颠倒召唤仪式所需的几个简单的暗号。
QUEST_RABBIT_2_3_QUESTINFODATA_ACTIONS_2_DEFAULTOUTCOME_OUTCOMETEXT,术士似乎被神秘召唤师的努力给逗乐了，但还是利用一些简单的口号颠倒了仪式。
QUEST_RABBIT_2_3_QUESTINFODATA_ACTIONS_3_ACTIONTEXT,让贝恩剑引导你的爪
QUEST_RABBIT_2_3_QUESTINFODATA_ACTIONS_3_DEFAULTOUTCOME_JOURNALTEXT,贝恩剑为我们的英雄提供了杀死<quest_tile>中的所有威胁的力量。剩余的魔法增加了<hero_name>的力量。\n
QUEST_RABBIT_2_3_QUESTINFODATA_ACTIONS_3_DEFAULTOUTCOME_OUTCOMETEXT,无论正在召唤什么腐化造物，都没有机会。黑钢闪光。你杀死了石环内的所有生物。咒语失效，你夺取了它的力量。
QUEST_RABBIT_2_3_QUESTINFODATA_ACTIONS_4_ACTIONTEXT,净化石环
QUEST_RABBIT_2_3_QUESTINFODATA_ACTIONS_4_DEFAULTOUTCOME_JOURNALTEXT,月亮镰刀逼退了低语，以及它们从彼界召唤来的腐化兽。我们的英雄暂时净化了<quest_tile>。
QUEST_RABBIT_2_3_QUESTINFODATA_ACTIONS_4_DEFAULTOUTCOME_OUTCOMETEXT,月亮镰刀如闪亮的火炬一般燃烧。白光逼退腐化。任何正在酝酿的邪恶计划都被挫败了。
QUEST_RABBIT_2_3_QUESTINFODATA_ENCOUNTERTEXT,当你走进石环时，你注意到一个身影趴在中央，被奇怪的血色标记所包围……
QUEST_RABBIT_2_3_QUESTINFODATA_JOURNALENCOUNTERTEXT,在圆圈的中心，一名无辜的受害者昏迷躺在那里。然后，恶魔从四周乘风耳语。
QUEST_RABBIT_2_3_QUESTINFODATA_JOURNALRUMOURTEXT,我们的英雄已经得知一组立石曾经是人们的避难所。现在，很明显，是一个被诅咒的场所。
QUEST_RABBIT_2_3_QUESTINFODATA_RUMOURTEXT,当地人过去常常参拜荒野中的那些石头...但一些邪恶的本质破坏了它的自然之美。
QUEST_RABBIT_2_3_QUESTINFODATA_TITLE,灵之魔像
QUEST_RABBIT_2_4_QUESTINFODATA_ACTIONS_0_ACTIONTEXT,向松鼠们施压。
QUEST_RABBIT_2_4_QUESTINFODATA_ACTIONS_0_DEFAULTOUTCOME_JOURNALTEXT,<hero_name>竭尽所能，他们根本无法从松鼠那里得到任何情报。雇佣兵因而避免了兔族的迁怒。
QUEST_RABBIT_2_4_QUESTINFODATA_ACTIONS_0_DEFAULTOUTCOME_OUTCOMETEXT,你向松鼠们施压，但无法说服他们透露任何情报。你被迫两手空空地离开他们和这片森林。
QUEST_RABBIT_2_4_QUESTINFODATA_ACTIONS_0_TESTSUCCESSOUTCOME_JOURNALTEXT,我们的英雄知道最好不要相信一只松鼠的话。雇佣兵很快就逃跑了，他们藏污纳垢的行径从兔族领地上消失殆尽。
QUEST_RABBIT_2_4_QUESTINFODATA_ACTIONS_0_TESTSUCCESSOUTCOME_OUTCOMETEXT,通过你巧妙的质问，松鼠透露了恶棍的所在地。她迅速逃离，将一块灵石掉在了身后。
QUEST_RABBIT_2_4_QUESTINFODATA_ACTIONS_1_ACTIONTEXT,在其他地方继续搜寻。
QUEST_RABBIT_2_4_QUESTINFODATA_ACTIONS_1_DEFAULTOUTCOME_JOURNALTEXT,松鼠一无所知，森林里到处都是盗贼的踪迹。我们英雄的智力受到了考验，但雇佣兵逃脱了。
QUEST_RABBIT_2_4_QUESTINFODATA_ACTIONS_1_DEFAULTOUTCOME_OUTCOMETEXT,你的智力在你的搜寻中受到了考验，但雇佣兵从你的手上溜走了，并在你能追上她之前消失在了树上。
QUEST_RABBIT_2_4_QUESTINFODATA_ACTIONS_2_ACTIONTEXT,"""她们在撒谎。她在这里！"""
QUEST_RABBIT_2_4_QUESTINFODATA_ACTIONS_2_DEFAULTOUTCOME_JOURNALTEXT,但<hero_name>忠实的间谍大师知道不足以相信一只松鼠！佣兵很快就被抓住并从森林流放了出去。
QUEST_RABBIT_2_4_QUESTINFODATA_ACTIONS_2_DEFAULTOUTCOME_OUTCOMETEXT,你的间谍大师在跟踪和潜行方式方面十分智慧，他很快将雇佣兵逼倒在匕首尖之下。奖励被分掉了。
QUEST_RABBIT_2_4_QUESTINFODATA_ACTIONS_3_ACTIONTEXT,露出皇家旗帜
QUEST_RABBIT_2_4_QUESTINFODATA_ACTIONS_3_DEFAULTOUTCOME_JOURNALTEXT,皇家旗帜足以吓到胆小的松鼠，迫使它透露佣兵所在地。疯狂的国王的话就是王法。
QUEST_RABBIT_2_4_QUESTINFODATA_ACTIONS_3_DEFAULTOUTCOME_OUTCOMETEXT,当松鼠看到在你们之前悬挂的皇家旗帜挂时，他们的脸色都吓白了。他们认输，透露了佣兵所在地并与你分掉了悬赏。
QUEST_RABBIT_2_4_QUESTINFODATA_ACTIONS_4_ACTIONTEXT,"""出卖她要多少钱？"""
QUEST_RABBIT_2_4_QUESTINFODATA_ACTIONS_4_DEFAULTOUTCOME_JOURNALTEXT,我们英雄的贸易者巧妙地说服了松鼠说出佣兵的位置时，它逃离了。森林里没有她会很安全。
QUEST_RABBIT_2_4_QUESTINFODATA_ACTIONS_4_DEFAULTOUTCOME_OUTCOMETEXT,你的贸易者就说出佣兵所在地讨价还价。遗憾的是，在你到达的时候，它逃走了。但却留下了她的装备。
QUEST_RABBIT_2_4_QUESTINFODATA_ENCOUNTERTEXT,你在一所古朴的小房子中找到了松鼠家族。当你问他们关于雇佣兵的情报时，他们很快就说不知道。太快了。
QUEST_RABBIT_2_4_QUESTINFODATA_JOURNALENCOUNTERTEXT,<hero_name>冒险进入附近树林寻找这名狡猾的雇佣兵，偶遇可疑的松鼠家族。
QUEST_RABBIT_2_4_QUESTINFODATA_JOURNALRUMOURTEXT,一名恶名昭著的雇佣兵在兔族领地上横行。我们的英雄试图将她赶走。
QUEST_RABBIT_2_4_QUESTINFODATA_RUMOURTEXT,据说狡猾残忍的雇佣兵游荡在这些树林中，给兔族造成很大压力。寻找这个陌生人并带他们走。
QUEST_RABBIT_2_4_QUESTINFODATA_TITLE,松鼠和雇佣兵
QUEST_RABBIT_2_5_QUESTINFODATA_ACTIONS_0_ACTIONTEXT,在聚落周围设下陷阱。
QUEST_RABBIT_2_5_QUESTINFODATA_ACTIONS_0_DEFAULTOUTCOME_JOURNALTEXT,<hero_name>试图用一系列陷阱阻止土匪前进，但未能及时完成。村子很快就陷落了。
QUEST_RABBIT_2_5_QUESTINFODATA_ACTIONS_0_DEFAULTOUTCOME_OUTCOMETEXT,不幸的是，你笨拙的爪子触发了比你下的陷阱更多的陷阱。土匪在追你，村子仍然在他们的控制之下。
QUEST_RABBIT_2_5_QUESTINFODATA_ACTIONS_0_TESTSUCCESSOUTCOME_JOURNALTEXT,<hero_name>敏锐的智力帮助他们阻止土匪前行，幸亏有一系列精心制作的致命陷阱。村子再次获得了安全。
QUEST_RABBIT_2_5_QUESTINFODATA_ACTIONS_0_TESTSUCCESSOUTCOME_OUTCOMETEXT,当土匪冲进村子时，他们前进的脚步被你聪明的陷阱阻挡了下来。这一幕印象深刻，一位村民加入了你的任务。
QUEST_RABBIT_2_5_QUESTINFODATA_ACTIONS_1_ACTIONTEXT,让定居者保护自己。
QUEST_RABBIT_2_5_QUESTINFODATA_ACTIONS_1_DEFAULTOUTCOME_JOURNALTEXT,通过我们英雄明智的训导，村民们拿起武器对抗土匪，让他们付出了沉重的代价，并被驱赶了回去。
QUEST_RABBIT_2_5_QUESTINFODATA_ACTIONS_1_DEFAULTOUTCOME_OUTCOMETEXT,村民们决心要战斗，虽然其中很多人并不具备实际能力。你离开他们，一种不祥的奇怪感觉萦绕心头。
QUEST_RABBIT_2_5_QUESTINFODATA_ACTIONS_2_ACTIONTEXT,戴上英雄头盔，带头猛攻。
QUEST_RABBIT_2_5_QUESTINFODATA_ACTIONS_2_DEFAULTOUTCOME_JOURNALTEXT,当<hero_name>戴上英雄头盔时，毫无疑问强盗肯定会被打倒。平原将很快被净化。
QUEST_RABBIT_2_5_QUESTINFODATA_ACTIONS_2_DEFAULTOUTCOME_OUTCOMETEXT,你头上戴着英雄的头盔，大吼一声，带头向强盗们展开了一场成功的，或者说是传奇式的猛攻。
QUEST_RABBIT_2_5_QUESTINFODATA_ACTIONS_3_ACTIONTEXT,"""他们需要刀剑！"""
QUEST_RABBIT_2_5_QUESTINFODATA_ACTIONS_3_DEFAULTOUTCOME_JOURNALTEXT,<hero_name>的铁匠有办法！在他的帮助下，足够多的武器被疯狂地制造了出来，可以用来牵制强盗。
QUEST_RABBIT_2_5_QUESTINFODATA_ACTIONS_3_DEFAULTOUTCOME_OUTCOMETEXT,在铁匠的帮助下，你为村民们装备了足够的武器，以牵制一支军队。他们将很安全。
QUEST_RABBIT_2_5_QUESTINFODATA_ACTIONS_4_ACTIONTEXT,歼灭袭击者
QUEST_RABBIT_2_5_QUESTINFODATA_ACTIONS_4_DEFAULTOUTCOME_JOURNALTEXT,但是，强盗没有机会进攻。我们的英雄在乌鸦嘴匕首诅咒的帮助下，摧毁了他们的队伍。
QUEST_RABBIT_2_5_QUESTINFODATA_ACTIONS_4_DEFAULTOUTCOME_OUTCOMETEXT,有乌鸦嘴匕首在手，你悄悄爬过村庄周围地带，在强盗到达之前就干掉了他们。
QUEST_RABBIT_2_5_QUESTINFODATA_ENCOUNTERTEXT,小偷们将很快到达，据说，他们从吓坏的农民那里收集贡品。他们求你帮忙，不论结果如何。
QUEST_RABBIT_2_5_QUESTINFODATA_JOURNALENCOUNTERTEXT,定居者一直生活在恐惧之下。他们的庄稼将很快被收走，而只有我们的英雄站出来进行阻拦！
QUEST_RABBIT_2_5_QUESTINFODATA_JOURNALRUMOURTEXT,一小群在平原上的定居者受到攻击 - 一群土匪正威胁到他们的生计！我们的英雄决定提供援手。
QUEST_RABBIT_2_5_QUESTINFODATA_RUMOURTEXT,平原的一些定居者请求帮助对付一群盗贼。拜访他们，看看你能帮些什么。
QUEST_RABBIT_2_5_QUESTINFODATA_TITLE,平原守护者
QUEST_RABBIT_2_6_QUESTINFODATA_ACTIONS_0_ACTIONTEXT,与权贵周旋。
QUEST_RABBIT_2_6_QUESTINFODATA_ACTIONS_0_DEFAULTOUTCOME_JOURNALTEXT,据说这种社交失态将以闪电之速传遍兔窝。<hero_name>成了惹人厌的人。可惜。
QUEST_RABBIT_2_6_QUESTINFODATA_ACTIONS_0_DEFAULTOUTCOME_OUTCOMETEXT,你试图在众多的谈话中插进去，但你完全被忽视了。你在尴尬中离开了舞会。
QUEST_RABBIT_2_6_QUESTINFODATA_ACTIONS_0_TESTSUCCESSOUTCOME_JOURNALTEXT,几分钟内，阿门罗的精英们不仅认可了<hero_name>对王位的主张，还为一件尊贵的<test_reward>付了钱。
QUEST_RABBIT_2_6_QUESTINFODATA_ACTIONS_0_TESTSUCCESSOUTCOME_OUTCOMETEXT,你早已声名在外，而精英们似乎很满意，他们坚信你，甚至向你的事业提供<test_reward>。
QUEST_RABBIT_2_6_QUESTINFODATA_ACTIONS_1_ACTIONTEXT,与平民百姓攀谈。
QUEST_RABBIT_2_6_QUESTINFODATA_ACTIONS_1_DEFAULTOUTCOME_JOURNALTEXT,但有时普通百姓——阿门罗的动力所在——才是真正的成功之路。所以<hero_name>花了整晚讨好他们。
QUEST_RABBIT_2_6_QUESTINFODATA_ACTIONS_1_DEFAULTOUTCOME_OUTCOMETEXT,你没理会舞厅反而专注在仆人身上。成为阿门罗人农奴阶级的平民英雄。
QUEST_RABBIT_2_6_QUESTINFODATA_ACTIONS_2_ACTIONTEXT,"""这么多随手可掏的口袋，叫我怎么忍得住！"""
QUEST_RABBIT_2_6_QUESTINFODATA_ACTIONS_2_DEFAULTOUTCOME_JOURNALTEXT,"展示的财富太多，令咒法师难以抗拒。我们的英雄帮它""借出""了他们能拿走的一切，然后一起逃跑了。"
QUEST_RABBIT_2_6_QUESTINFODATA_ACTIONS_2_DEFAULTOUTCOME_OUTCOMETEXT,你的咒法师受到许多叮当作响的口袋的诱惑，小小地耍了一把花招。你们一起离开了，富有了许多。
QUEST_RABBIT_2_6_QUESTINFODATA_ACTIONS_3_ACTIONTEXT,找借口亮出你的皇家赦令。
QUEST_RABBIT_2_6_QUESTINFODATA_ACTIONS_3_DEFAULTOUTCOME_JOURNALTEXT,几乎没有例外。我们的英雄用他们的皇家赦令进入了有看守的密室。他们逃脱了，收获不小。
QUEST_RABBIT_2_6_QUESTINFODATA_ACTIONS_3_DEFAULTOUTCOME_OUTCOMETEXT,你使用皇家赦令秘密潜入私人密室，偷走了一张价值不菲的卡牌！
QUEST_RABBIT_2_6_QUESTINFODATA_ACTIONS_4_ACTIONTEXT,戴上化妆舞会面具
QUEST_RABBIT_2_6_QUESTINFODATA_ACTIONS_4_DEFAULTOUTCOME_JOURNALTEXT,化妆舞会面具的匿名性和超凡魅力使<hero_name>收集到了一些特别敏感的信息。
QUEST_RABBIT_2_6_QUESTINFODATA_ACTIONS_4_DEFAULTOUTCOME_OUTCOMETEXT,你戴着面具，你偷偷参加完了舞会，安然无恙。你偷听到的对话让你对王国的未来有了很多了解。
QUEST_RABBIT_2_6_QUESTINFODATA_ENCOUNTERTEXT,这次舞会或许是个机会，可以将阿门罗各派系争取到你部族的事业……或扫清通往王座的潜在障碍。
QUEST_RABBIT_2_6_QUESTINFODATA_JOURNALENCOUNTERTEXT,兔子绝不会放过机会来执行一些他们所谓的社会工程，这次舞会当然也不例外。
QUEST_RABBIT_2_6_QUESTINFODATA_JOURNALRUMOURTEXT,作为对旅途中种种险恶与困顿的一种可喜调剂，<hero_name>应邀出席了阿门罗社会名流的盛大舞会。
QUEST_RABBIT_2_6_QUESTINFODATA_RUMOURTEXT,你受邀参加<quest_tile>的舞会。许多阿门罗政治家计划参加，所以第一印象很重要。
QUEST_RABBIT_2_6_QUESTINFODATA_TITLE,盛大的舞会
QUEST_RABBIT_2_7_QUESTINFODATA_ACTIONS_0_ACTIONTEXT,召唤怀尔德指引你通过。
QUEST_RABBIT_2_7_QUESTINFODATA_ACTIONS_0_DEFAULTOUTCOME_JOURNALTEXT,<hero_name>向怀尔德发出了呼唤，但很可惜，似乎就在那一天，它对我们的英雄另有安排。
QUEST_RABBIT_2_7_QUESTINFODATA_ACTIONS_0_DEFAULTOUTCOME_OUTCOMETEXT,触发了一个又一个陷阱后，你明智地断定怀尔德不会帮你。你狼狈地离开了洞穴。
QUEST_RABBIT_2_7_QUESTINFODATA_ACTIONS_0_TESTSUCCESSOUTCOME_JOURNALTEXT,怀尔德回应了：在它的指引下，巧妙的疾行兔陷阱不过是奇妙的景观，而宝藏比比皆是！
QUEST_RABBIT_2_7_QUESTINFODATA_ACTIONS_0_TESTSUCCESSOUTCOME_OUTCOMETEXT,怀尔德听到了你的呼唤，指引你绕开致命陷阱和圈套，直接进入山中心的藏宝室。
QUEST_RABBIT_2_7_QUESTINFODATA_ACTIONS_1_ACTIONTEXT,仔细绘制洞穴深处的地图。
QUEST_RABBIT_2_7_QUESTINFODATA_ACTIONS_1_DEFAULTOUTCOME_JOURNALTEXT,使用灵力增强记忆力，我们的英雄精心研究了洞穴的每一寸土地。陷阱都被避开了，但宝藏也不见了。
QUEST_RABBIT_2_7_QUESTINFODATA_ACTIONS_1_DEFAULTOUTCOME_OUTCOMETEXT,你按图索骥从容不迫地安全抵达疾行兔家族墓穴。不幸的是许多宝藏在你抵达时已经被带走了。
QUEST_RABBIT_2_7_QUESTINFODATA_ACTIONS_2_ACTIONTEXT,“啊啊啊！虫子！！！”
QUEST_RABBIT_2_7_QUESTINFODATA_ACTIONS_2_DEFAULTOUTCOME_JOURNALTEXT,传说疾足的陷阱无法逾越，但那一天傻瓜一不小心证明了这个说法的谬误，而且每个陷阱都是如此。
QUEST_RABBIT_2_7_QUESTINFODATA_ACTIONS_2_DEFAULTOUTCOME_OUTCOMETEXT,你的傻瓜疯狂拍打他肩膀上的虫子，触发了兔窝里的所有陷阱。你掠夺了金库外的一切。
QUEST_RABBIT_2_7_QUESTINFODATA_ACTIONS_3_ACTIONTEXT,"""这些隧道不牢固。我有办法。"""
QUEST_RABBIT_2_7_QUESTINFODATA_ACTIONS_3_DEFAULTOUTCOME_JOURNALTEXT,多亏采掘师了解地牢结构，我们的英雄得以避免陷阱，并安全地洗劫了兔窝。
QUEST_RABBIT_2_7_QUESTINFODATA_ACTIONS_3_DEFAULTOUTCOME_OUTCOMETEXT,你的采矿师发现隧道的墙壁薄弱。几击中的，屋顶部分便垮塌下来，摧毁了任何陷阱。
QUEST_RABBIT_2_7_QUESTINFODATA_ACTIONS_4_ACTIONTEXT,避开陷阱
QUEST_RABBIT_2_7_QUESTINFODATA_ACTIONS_4_DEFAULTOUTCOME_JOURNALTEXT,狮心胸甲的佩戴者不受陷阱的影响。疾足设下的圈套对我们英雄没有任何影响。
QUEST_RABBIT_2_7_QUESTINFODATA_ACTIONS_4_DEFAULTOUTCOME_OUTCOMETEXT,陷阱像下冰雹一样向下射出弩箭和致命的炮弹，但却从狮心胸甲反弹回去了，没有造成任何伤害。搜索很简单。
QUEST_RABBIT_2_7_QUESTINFODATA_ENCOUNTERTEXT,疾行兔是兔族的弃儿，却仍是杰出的发明家。毫无疑问，他们的老巢必然危险重重！
QUEST_RABBIT_2_7_QUESTINFODATA_JOURNALENCOUNTERTEXT,这个洞穴，深藏于<quest_tile>的峭壁上，是疾行兔的家。一定藏有陷阱和宝藏！
QUEST_RABBIT_2_7_QUESTINFODATA_JOURNALRUMOURTEXT,根据热门的传闻线索，我们的英雄自行前往<quest_tile>寻找传说中兔族王朝的最后安息之地。
QUEST_RABBIT_2_7_QUESTINFODATA_RUMOURTEXT,一座古老的兔族宝库，其年代可能要追溯到疾行兔大清洗时期，据说位于大山深处的洞穴中。
QUEST_RABBIT_2_7_QUESTINFODATA_TITLE,疾行兔之墓
QUEST_RABBIT_2_8_QUESTINFODATA_ACTIONS_0_ACTIONTEXT,窥探神奇的水域。
QUEST_RABBIT_2_8_QUESTINFODATA_ACTIONS_0_DEFAULTOUTCOME_JOURNALTEXT,我们的英雄试图窥视水面，但怀尔德善变无常。<hero_name>被迫离开，灵力耗尽。
QUEST_RABBIT_2_8_QUESTINFODATA_ACTIONS_0_DEFAULTOUTCOME_OUTCOMETEXT,你凝视水面，但怀尔德认为你不配得到它的馈赠。你踉跄走开，感到虚弱无力。
QUEST_RABBIT_2_8_QUESTINFODATA_ACTIONS_0_TESTSUCCESSOUTCOME_JOURNALTEXT,我们的英雄望着水面，能感受到怀尔德——当一块灵石从深处升起时更是如此！
QUEST_RABBIT_2_8_QUESTINFODATA_ACTIONS_0_TESTSUCCESSOUTCOME_OUTCOMETEXT,你凝视着自己的倒影，感到与怀尔德深深的联结。从深处升起，一块灵石显现出来。
QUEST_RABBIT_2_8_QUESTINFODATA_ACTIONS_1_ACTIONTEXT,喝口水并匆忙离开。
QUEST_RABBIT_2_8_QUESTINFODATA_ACTIONS_1_DEFAULTOUTCOME_JOURNALTEXT,察觉到水池有些不对劲，我们的英雄在离开前迅速灌满了水囊。怀尔德之水使他们充满活力。
QUEST_RABBIT_2_8_QUESTINFODATA_ACTIONS_1_DEFAULTOUTCOME_OUTCOMETEXT,你绕过了怀尔德的精神考验，只是解了渴。你感到自己在怀尔德中更强了，但没有得到更大的祝福。
QUEST_RABBIT_2_8_QUESTINFODATA_ACTIONS_2_ACTIONTEXT,"""我主人在后面放了一个这样的东西！"""
QUEST_RABBIT_2_8_QUESTINFODATA_ACTIONS_2_DEFAULTOUTCOME_JOURNALTEXT,<hero_name>忠诚的学徒低声念了一段奇怪的咒文，水便渗入了大地，露出下面一件强大的物品。\n
QUEST_RABBIT_2_8_QUESTINFODATA_ACTIONS_2_DEFAULTOUTCOME_OUTCOMETEXT,学徒很熟悉这一现象，低声念了几个奇怪的咒语让水消失，变成一件强大的物品。
QUEST_RABBIT_2_8_QUESTINFODATA_ACTIONS_3_ACTIONTEXT,怀尔德焰杖发出嗡嗡声……
QUEST_RABBIT_2_8_QUESTINFODATA_ACTIONS_3_DEFAULTOUTCOME_JOURNALTEXT,怀尔德焰杖改变了水流。它们退回了大地。留下一件受怀尔德庇佑的礼物。
QUEST_RABBIT_2_8_QUESTINFODATA_ACTIONS_3_DEFAULTOUTCOME_OUTCOMETEXT,将法杖举到水池上方，池水闪闪发光。涟漪退去，露出隐藏的宝藏。
QUEST_RABBIT_2_8_QUESTINFODATA_ACTIONS_4_ACTIONTEXT,“跪下。”
QUEST_RABBIT_2_8_QUESTINFODATA_ACTIONS_4_DEFAULTOUTCOME_JOURNALTEXT,<hero_name>忠诚的学徒低声念了一段奇怪的咒文，水便渗入了大地，露出下面一件强大的物品。\n
QUEST_RABBIT_2_8_QUESTINFODATA_ACTIONS_4_DEFAULTOUTCOME_OUTCOMETEXT,学徒跪在水边，向怀尔德低声念着虔诚的祷告。当你加入他时，河水退去，一件强大的物品显现出来。
QUEST_RABBIT_2_8_QUESTINFODATA_ENCOUNTERTEXT,你在风景如画的田野中发现小泉水，其镜面般的水面吸引你一探究竟。但是有些不对劲……
QUEST_RABBIT_2_8_QUESTINFODATA_JOURNALENCOUNTERTEXT,<hero_name>发现了田野深处的泉水，没有文明接触的迹象。其镜面般的水面要仔细查看。
QUEST_RABBIT_2_8_QUESTINFODATA_JOURNALRUMOURTEXT,据说阿门罗所有的天然泉水都有与怀尔德相契合的灵性。我们的英雄出发去探究这是否是真的。
QUEST_RABBIT_2_8_QUESTINFODATA_RUMOURTEXT,有传言说泉水源头出现在平原附近。一些民间传闻说，它具有神奇的特性 - 可能是值得一探！
QUEST_RABBIT_2_8_QUESTINFODATA_TITLE,预兆水池
QUEST_RABBIT_2_9_QUESTINFODATA_ACTIONS_0_ACTIONTEXT,涤除这些可怜的灵魂。
QUEST_RABBIT_2_9_QUESTINFODATA_ACTIONS_0_DEFAULTOUTCOME_JOURNALTEXT,<hero_name>试图召唤怀尔德，但没有成功。土匪们险些抓住我们的英雄，但他们逃到了安全地带。
QUEST_RABBIT_2_9_QUESTINFODATA_ACTIONS_0_DEFAULTOUTCOME_OUTCOMETEXT,你闭上眼睛——但怀尔德没有理你。土匪们向你蜂拥而来，迫使你在沦为他们的囚犯之前逃离。
QUEST_RABBIT_2_9_QUESTINFODATA_ACTIONS_0_TESTSUCCESSOUTCOME_JOURNALTEXT,我们的英雄召唤出怀尔德，让已感染的土匪逃进了树林。获释的囚犯也因此前来加入<hero_name>。
QUEST_RABBIT_2_9_QUESTINFODATA_ACTIONS_0_TESTSUCCESSOUTCOME_OUTCOMETEXT,你闭上眼睛，感受到怀尔德在你体内的净化之火。土匪们尖叫着四散而逃，让你得以解救被困的生物。
QUEST_RABBIT_2_9_QUESTINFODATA_ACTIONS_1_ACTIONTEXT,放火烧了整个营地。
QUEST_RABBIT_2_9_QUESTINFODATA_ACTIONS_1_DEFAULTOUTCOME_JOURNALTEXT,<hero_name>选择直接的办法，将营地烧成灰烬。不幸的是，囚犯被失控的火焰夺走了生命。
QUEST_RABBIT_2_9_QUESTINFODATA_ACTIONS_1_DEFAULTOUTCOME_OUTCOMETEXT,你点起了火，尽管火势蔓延超出了你的控制。你感到与怀尔德同在时更强大，但哀悼葬身火海的同伴。
QUEST_RABBIT_2_9_QUESTINFODATA_ACTIONS_2_ACTIONTEXT,我可以引起分心！
QUEST_RABBIT_2_9_QUESTINFODATA_ACTIONS_2_DEFAULTOUTCOME_JOURNALTEXT,好在<hero_name>忠诚的吟游诗人吸引了他们的注意！囚犯被释放了，但他决定不加入没有勇气战斗的英雄的队伍。
QUEST_RABBIT_2_9_QUESTINFODATA_ACTIONS_2_DEFAULTOUTCOME_OUTCOMETEXT,吟游诗人利用分心术清空了营地，不仅让你得以放走囚犯，还从他们的金库中抢到了一张强大的卡牌！
QUEST_RABBIT_2_9_QUESTINFODATA_ACTIONS_3_ACTIONTEXT,举起贝恩爪
QUEST_RABBIT_2_9_QUESTINFODATA_ACTIONS_3_DEFAULTOUTCOME_JOURNALTEXT,贝恩爪从已堕落的生物体内抽出了腐化，将他们击倒。囚犯被放走了，但他们什么也没说，只是盯着爪子看。
QUEST_RABBIT_2_9_QUESTINFODATA_ACTIONS_3_DEFAULTOUTCOME_OUTCOMETEXT,强盗们的眼睛闪着明亮的白光。当腐化被从他们体内抽走时，他们大口喘息，随即瘫倒在地。营地的货物归你拿取。
QUEST_RABBIT_2_9_QUESTINFODATA_ACTIONS_4_ACTIONTEXT,我可以引起分心！
QUEST_RABBIT_2_9_QUESTINFODATA_ACTIONS_4_DEFAULTOUTCOME_JOURNALTEXT,好在<hero_name>忠诚的吟游诗人吸引了他们的注意！囚犯被释放了，但他决定不加入没有勇气战斗的英雄的队伍。
QUEST_RABBIT_2_9_QUESTINFODATA_ACTIONS_4_DEFAULTOUTCOME_OUTCOMETEXT,吟游诗人利用分心术清空了营地，不仅让你得以放走囚犯，还从他们的金库中强夺了一张强大的卡牌！
QUEST_RABBIT_2_9_QUESTINFODATA_ENCOUNTERTEXT,你进入营地，注意到杀手们的眼睛泛着明亮的紫光——腐化缠上了他们，而你的同伴命悬一线！
QUEST_RABBIT_2_9_QUESTINFODATA_JOURNALENCOUNTERTEXT,<hero_name>找到了营地，里面站着一小队被腐化侵染的土匪——他们紫色的眼中充满愤怒与恶意。
QUEST_RABBIT_2_9_QUESTINFODATA_JOURNALRUMOURTEXT,如果有人宣誓效忠兔族，则他们所选择的英雄会保护他们。一个这样的动物被土匪们牢牢关在森林的深处。
QUEST_RABBIT_2_9_QUESTINFODATA_RUMOURTEXT,我听说有一名兔族忠臣被困在森林某处的土匪营地里。麻烦在于，他们都中了腐化。
QUEST_RABBIT_2_9_QUESTINFODATA_TITLE,腐化中的笼子
QUEST_RABBIT_3_10_QUESTINFODATA_ACTIONS_0_ACTIONTEXT,从泥潭中拉出工具箱。
QUEST_RABBIT_3_10_QUESTINFODATA_ACTIONS_0_DEFAULTOUTCOME_JOURNALTEXT,不幸的是，我们的英雄缺乏拖出孩子的力气，<hero_name>万分羞愧地逃离了沼泽，伤痕累累。
QUEST_RABBIT_3_10_QUESTINFODATA_ACTIONS_0_DEFAULTOUTCOME_OUTCOMETEXT,你伸手试图从泥潭中拉出孩子，但你根本就不够强大 - 孩子失去了，而你的内疚永远无法抹平。
QUEST_RABBIT_3_10_QUESTINFODATA_ACTIONS_0_TESTSUCCESSOUTCOME_JOURNALTEXT,幸运的是，我们的英雄足够强大将她迅速拉出污泥，护送她安全地回到父母身边。
QUEST_RABBIT_3_10_QUESTINFODATA_ACTIONS_0_TESTSUCCESSOUTCOME_OUTCOMETEXT,可怜的孩子正以这个速度下沉，刻不容缓！你伸出手，用尽全力，将她从流沙中拉了出来。
QUEST_RABBIT_3_10_QUESTINFODATA_ACTIONS_1_ACTIONTEXT,别着急，做好准备。
QUEST_RABBIT_3_10_QUESTINFODATA_ACTIONS_1_DEFAULTOUTCOME_JOURNALTEXT,<hero_name>搜寻附近的物品以最小风险解救孩子，却把可怜的孩子吓得魂飞魄散，僵在原地。
QUEST_RABBIT_3_10_QUESTINFODATA_ACTIONS_1_DEFAULTOUTCOME_OUTCOMETEXT,当可怜的孩子惊恐尖叫时，你找到了粗壮的藤蔓和结实的棍棒。你救下了她，但恐惧已让她呆滞失神。
QUEST_RABBIT_3_10_QUESTINFODATA_ACTIONS_2_ACTIONTEXT,"""抓住我的腿！我能够到她！"""
QUEST_RABBIT_3_10_QUESTINFODATA_ACTIONS_2_DEFAULTOUTCOME_JOURNALTEXT,由于咒法师表现出超常的灵活性，小猫被从令人窒息、吸附力极强的沙地里救出来了。它交给我们一个小装饰品，以表示感谢。
QUEST_RABBIT_3_10_QUESTINFODATA_ACTIONS_2_DEFAULTOUTCOME_OUTCOMETEXT,你的法术师向前潜去，痛苦地向前扭动着他的身体。它设法抓住小猫，你将它拖到了安全的地方。
QUEST_RABBIT_3_10_QUESTINFODATA_ACTIONS_3_ACTIONTEXT,使用飞翼靴营救它
QUEST_RABBIT_3_10_QUESTINFODATA_ACTIONS_3_DEFAULTOUTCOME_JOURNALTEXT,多亏了传说中的飞翼靴的速度和敏捷性，<hero_name>能够救下小猫，使其免于溺死在沙地里。
QUEST_RABBIT_3_10_QUESTINFODATA_ACTIONS_3_DEFAULTOUTCOME_OUTCOMETEXT,必须拯救小猫！你抓住飞翼靴并向前冲去，将它拽出贪婪的沙地。它安全了！
QUEST_RABBIT_3_10_QUESTINFODATA_ACTIONS_4_ACTIONTEXT,扔给它什么东西……任何东西！
QUEST_RABBIT_3_10_QUESTINFODATA_ACTIONS_4_DEFAULTOUTCOME_JOURNALTEXT,尽管皇家盾牌是一件很有价值的宝藏，但它曾在小猫陷入沙地的紧要关头成为她的救命之物。
QUEST_RABBIT_3_10_QUESTINFODATA_ACTIONS_4_DEFAULTOUTCOME_OUTCOMETEXT,皇家盾牌足够大。它拖着身体爬到上面，然后跳向了自由。你尴尬地收回盾牌。
QUEST_RABBIT_3_10_QUESTINFODATA_ENCOUNTERTEXT,追寻着旧印痕和折断植物的踪迹，你行进到沼泽的深处。然后你发现了孩子 - 一半埋在了流沙坑里。
QUEST_RABBIT_3_10_QUESTINFODATA_JOURNALENCOUNTERTEXT,<hero_name>发现深陷沼泽的可怜孩子，陷在流沙坑里，并快速下沉。
QUEST_RABBIT_3_10_QUESTINFODATA_JOURNALRUMOURTEXT,一名年幼的孩子已经走丢进入沼泽中，注定要丧命，除非我们的英雄能找到她，并将她带到安全地带。
QUEST_RABBIT_3_10_QUESTINFODATA_RUMOURTEXT,本地兔族定居者把他的孩子弄丢了——她好像走进了一片沼泽。找到她就有赏金拿。
QUEST_RABBIT_3_10_QUESTINFODATA_TITLE,当心沙子
QUEST_RABBIT_3_11_QUESTINFODATA_ACTIONS_0_ACTIONTEXT,打破你的镣铐并解救旅行者。
QUEST_RABBIT_3_11_QUESTINFODATA_ACTIONS_0_DEFAULTOUTCOME_JOURNALTEXT,我们的英雄试图及时逃出以解救被凶恶的鼠族抓到的另一个可怜的旅行者，但最终只有<hero_name>逃脱了。
QUEST_RABBIT_3_11_QUESTINFODATA_ACTIONS_0_DEFAULTOUTCOME_OUTCOMETEXT,你试着拼命将自己从镣铐中挣脱出来，但缺乏这样做的力气。旅行者惨死，你勉强逃脱。
QUEST_RABBIT_3_11_QUESTINFODATA_ACTIONS_0_TESTSUCCESSOUTCOME_JOURNALTEXT,幸运的是，<hero_name>力大无穷，不仅解救了自己，还救了被鼠族抓住的另一个倒霉的旅行者！
QUEST_RABBIT_3_11_QUESTINFODATA_ACTIONS_0_TESTSUCCESSOUTCOME_OUTCOMETEXT,召唤你的全部力量，你打破了自己的镣铐并冲向了鼠族。他们惊恐四散，让你能够解救旅行者。
QUEST_RABBIT_3_11_QUESTINFODATA_ACTIONS_1_ACTIONTEXT,确保自己逃脱。
QUEST_RABBIT_3_11_QUESTINFODATA_ACTIONS_1_DEFAULTOUTCOME_JOURNALTEXT,<hero_name>唯一的目标是要逃跑 - 即使其他俘虏哀求我们的英雄提供帮助，但没有时间去犹豫了。
QUEST_RABBIT_3_11_QUESTINFODATA_ACTIONS_1_DEFAULTOUTCOME_OUTCOMETEXT,在这里只能各自逃命了，对吧？你没理会旅行者的哭喊，慢慢解开绑绳，溜进了树林。
QUEST_RABBIT_3_11_QUESTINFODATA_ACTIONS_2_ACTIONTEXT,拉出贝恩爪
QUEST_RABBIT_3_11_QUESTINFODATA_ACTIONS_2_DEFAULTOUTCOME_JOURNALTEXT,贝恩爪将恐惧射入老鼠们的心中。它们逃跑了。的确，腐化的威名十分可怕。
QUEST_RABBIT_3_11_QUESTINFODATA_ACTIONS_2_DEFAULTOUTCOME_OUTCOMETEXT,一看到你的腐化饰品，老鼠们便歇斯底里地四散逃开。你挣脱了自己，还割断了另一个囚犯的绳索。他们紧张地注视着你。
QUEST_RABBIT_3_11_QUESTINFODATA_ACTIONS_3_ACTIONTEXT,绝望之时亮出你的皇家赦令
QUEST_RABBIT_3_11_QUESTINFODATA_ACTIONS_3_DEFAULTOUTCOME_JOURNALTEXT,调用皇家赦令威胁老鼠，他们被吓得放走了我们的英雄。即使是蛮兽也害怕国王的愤怒。
QUEST_RABBIT_3_11_QUESTINFODATA_ACTIONS_3_DEFAULTOUTCOME_OUTCOMETEXT,即使是老鼠也知道国王可怕的愤怒。当你以国王的愤怒威胁他们时，他们勉强放走了你。
QUEST_RABBIT_3_11_QUESTINFODATA_ACTIONS_4_ACTIONTEXT,带上乌鸦嘴匕首。
QUEST_RABBIT_3_11_QUESTINFODATA_ACTIONS_4_DEFAULTOUTCOME_JOURNALTEXT,我们的英雄用藏着的乌鸦嘴匕首，割开绳网让自己逃走，扔下了其他俘虏。
QUEST_RABBIT_3_11_QUESTINFODATA_ACTIONS_4_DEFAULTOUTCOME_OUTCOMETEXT,你藏起来的武器让你割断绳索脱身，而另一个囚犯被抓走了。你逃了出去，但那个俘虏在劫难逃。
QUEST_RABBIT_3_11_QUESTINFODATA_ENCOUNTERTEXT,而在树林中休息时，你被一伙鼠族战士袭击了！在他们的营地中，另一个旅行者正被准备下锅。
QUEST_RABBIT_3_11_QUESTINFODATA_JOURNALENCOUNTERTEXT,唉，我们的英雄沦为他们的俘虏——很快便发现这些鼠族正打算把他们做成一顿饭！
QUEST_RABBIT_3_11_QUESTINFODATA_JOURNALRUMOURTEXT,我们勇士的任务将他们带向<quest_tile>的深处，据说那里有一支奇怪的鼠族群落。
QUEST_RABBIT_3_11_QUESTINFODATA_RUMOURTEXT,现在小心地进入这些树林 - 我听说过那里有一群野蛮鼠族的故事...吃其他阿门罗人的鼠族！
QUEST_RABBIT_3_11_QUESTINFODATA_TITLE,两人份的大锅
QUEST_RABBIT_3_12_QUESTINFODATA_ACTIONS_0_ACTIONTEXT,拉出宝藏。
QUEST_RABBIT_3_12_QUESTINFODATA_ACTIONS_0_DEFAULTOUTCOME_JOURNALTEXT,我们的英雄跳进水里，但他们在饥饿狗鱼返回前确实缺乏解开箱子所需的力量。
QUEST_RABBIT_3_12_QUESTINFODATA_ACTIONS_0_DEFAULTOUTCOME_OUTCOMETEXT,你跃入水中，并试图拉扯松动箱子。不幸的是，你力不从心，并且狗鱼很快就赶你走。
QUEST_RABBIT_3_12_QUESTINFODATA_ACTIONS_0_TESTSUCCESSOUTCOME_JOURNALTEXT,<hero_name>跳进河中，用 10 只兔子的力气将箱子猛提起来！里面的文物将成为一种有用的福音！
QUEST_RABBIT_3_12_QUESTINFODATA_ACTIONS_0_TESTSUCCESSOUTCOME_OUTCOMETEXT,你跃入水中，奋力一拖，将箱子从河床拉了起来。在里面，你会发现一件可以帮助你的古老文物。
QUEST_RABBIT_3_12_QUESTINFODATA_ACTIONS_1_ACTIONTEXT,打开水下的箱子。
QUEST_RABBIT_3_12_QUESTINFODATA_ACTIONS_1_DEFAULTOUTCOME_JOURNALTEXT,他们知道箱子太重而无法捞起，便试图在水下夺取宝藏。不幸的是，一切都丢失在浑浊的深处。
QUEST_RABBIT_3_12_QUESTINFODATA_ACTIONS_1_DEFAULTOUTCOME_OUTCOMETEXT,你下潜到箱子处以撬开它……将所有东西掏到河中！狗鱼驱赶你，你两爪空空地离开了。
QUEST_RABBIT_3_12_QUESTINFODATA_ACTIONS_2_ACTIONTEXT,侍从会很好地分散注意力！
QUEST_RABBIT_3_12_QUESTINFODATA_ACTIONS_2_DEFAULTOUTCOME_JOURNALTEXT,当我们的英雄撬动箱子时，我们英雄忠实的侍从一直分散着狗鱼的注意力。箱中的物品被他们分享！
QUEST_RABBIT_3_12_QUESTINFODATA_ACTIONS_2_DEFAULTOUTCOME_OUTCOMETEXT,你带领侍从到上游，命令他们去分散狗鱼的注意力（他们对此并不太热衷）。你有时间去劫掠箱子。
QUEST_RABBIT_3_12_QUESTINFODATA_ACTIONS_3_ACTIONTEXT,侍从会很好地分散注意力！
QUEST_RABBIT_3_12_QUESTINFODATA_ACTIONS_3_DEFAULTOUTCOME_JOURNALTEXT,当我们的英雄撬动箱子时，我们英雄忠实的侍从一直分散着狗鱼的注意力。箱中的物品被他们分享！
QUEST_RABBIT_3_12_QUESTINFODATA_ACTIONS_3_DEFAULTOUTCOME_OUTCOMETEXT,你带领侍从到上游，命令他们去分散狗鱼的注意力（他们对此并不太热衷）。你有时间去劫掠箱子。
QUEST_RABBIT_3_12_QUESTINFODATA_ACTIONS_4_ACTIONTEXT,挥舞你的月之镰刀
QUEST_RABBIT_3_12_QUESTINFODATA_ACTIONS_4_DEFAULTOUTCOME_JOURNALTEXT,我们勇士的月之镰刀让他们能随心驱使怀尔德，分开河水，使他们得以在逃走前抢到一件宝藏。
QUEST_RABBIT_3_12_QUESTINFODATA_ACTIONS_4_DEFAULTOUTCOME_OUTCOMETEXT,河水感应到你与怀尔德的联结。它们翻涌扭动，在狗鱼赶到之前给了你抢到一件宝藏的时间。
QUEST_RABBIT_3_12_QUESTINFODATA_ENCOUNTERTEXT,这条河流速缓慢，但仍然相当危险 - 由食肉的狗鱼不间断巡逻。你寻找的宝藏位于底部。
QUEST_RABBIT_3_12_QUESTINFODATA_JOURNALENCOUNTERTEXT,于是<hero_name>决定夺取宝藏，即使面临被狗鱼军队吞噬的威胁！
QUEST_RABBIT_3_12_QUESTINFODATA_JOURNALRUMOURTEXT,一个古老的宝藏已在狗鱼出没的水域出土 - 我们的英雄知道其他人带走它只是一个时间问题！
QUEST_RABBIT_3_12_QUESTINFODATA_RUMOURTEXT,在这些平原上，有一条狗鱼出没的河流，在那里发现了一笔珍贵的宝藏。可能值得冒风险去夺取它！
QUEST_RABBIT_3_12_QUESTINFODATA_TITLE,打捞出的秘密
QUEST_RABBIT_3_1_QUESTINFODATA_ACTIONS_0_ACTIONTEXT,砸开家族墓穴的锁。
QUEST_RABBIT_3_1_QUESTINFODATA_ACTIONS_0_DEFAULTOUTCOME_JOURNALTEXT,不幸的是，我们的英雄不太了解如何砸开兔族的锁，并且很快惊动了守卫！<hero_name>两爪空空地逃走了。
QUEST_RABBIT_3_1_QUESTINFODATA_ACTIONS_0_DEFAULTOUTCOME_OUTCOMETEXT,你花了几个小时尝试破解家族墓穴，但在守卫到达之前毫无进展。在你逃走前，你最终经受了一些磨难。
QUEST_RABBIT_3_1_QUESTINFODATA_ACTIONS_0_TESTSUCCESSOUTCOME_JOURNALTEXT,然而，我们被兔族选中的英雄轻松破解了锁！金库开启，里面的灵石归其所有！
QUEST_RABBIT_3_1_QUESTINFODATA_ACTIONS_0_TESTSUCCESSOUTCOME_OUTCOMETEXT,凭借你敏锐的兔族智力，你迅速破解了金库的保安措施，带走了里面宝贵的灵石！
QUEST_RABBIT_3_1_QUESTINFODATA_ACTIONS_1_ACTIONTEXT,让锁无法打开！
QUEST_RABBIT_3_1_QUESTINFODATA_ACTIONS_1_DEFAULTOUTCOME_JOURNALTEXT,<hero_name>微微一笑。男爵将再也见不到他珍贵的宝藏了！我们的英雄打破了锁，而家族墓穴再也未曾打开过！
QUEST_RABBIT_3_1_QUESTINFODATA_ACTIONS_1_DEFAULTOUTCOME_OUTCOMETEXT,唯一比从不忠诚的男爵窃取宝藏更好的事情？让他掌管，但没有办法用它！
QUEST_RABBIT_3_1_QUESTINFODATA_ACTIONS_2_ACTIONTEXT,"""退后。堵上耳朵！"""
QUEST_RABBIT_3_1_QUESTINFODATA_ACTIONS_2_DEFAULTOUTCOME_JOURNALTEXT,金库门无法抵抗爆炸混合物的力量。炼金术士炸开了门，但却损坏了里面的货物。
QUEST_RABBIT_3_1_QUESTINFODATA_ACTIONS_2_DEFAULTOUTCOME_OUTCOMETEXT,你的炼金术士朝着金库扔过去一个冒着泡的紫色瓶子。它炸开了门。你尽力从里面抢救了一切，然后逃走了。
QUEST_RABBIT_3_1_QUESTINFODATA_ACTIONS_3_ACTIONTEXT,"""这不是唯一的金库..."""
QUEST_RABBIT_3_1_QUESTINFODATA_ACTIONS_3_DEFAULTOUTCOME_JOURNALTEXT,钱币大师熟悉阿门罗每一家银行的内部。他们带领我们的英雄来到一处守备薄弱的保险箱，去“解放”一些工具。
QUEST_RABBIT_3_1_QUESTINFODATA_ACTIONS_3_DEFAULTOUTCOME_OUTCOMETEXT,你的硬币大师并没在男爵金库中找到中意的宝藏，于是带你来到银行的中央保险箱。你们离开时都变得更加富有了。
QUEST_RABBIT_3_1_QUESTINFODATA_ACTIONS_4_ACTIONTEXT,炸开锁！
QUEST_RABBIT_3_1_QUESTINFODATA_ACTIONS_4_DEFAULTOUTCOME_JOURNALTEXT,手炮一次齐射便粉碎了锁子，但是炮弹声却引起了注意，这意味着<hero_name>只有很少的时间采取行动。
QUEST_RABBIT_3_1_QUESTINFODATA_ACTIONS_4_DEFAULTOUTCOME_OUTCOMETEXT,金库早在手炮技术出现之前就建起来了。你使用它们将锁炸开，但炮弹的噪音意味着你没有时间抢夺太多东西。
QUEST_RABBIT_3_1_QUESTINFODATA_ENCOUNTERTEXT,你已经悄悄避过大多数的守卫，并能看到你面前的家族墓穴 - 当然是兔族打造的。现在到了棘手的部分...
QUEST_RABBIT_3_1_QUESTINFODATA_JOURNALENCOUNTERTEXT,所以，我们勇敢的英雄蹑手蹑脚地避开守卫，到达家族墓穴令人难以置信的大门，由精心制作的兔族锁把守。
QUEST_RABBIT_3_1_QUESTINFODATA_JOURNALRUMOURTEXT,<hero_name>被告知邪恶男爵将兔族宝藏锁在一个巨大的家族墓穴中。这无疑是值得一试的突破！
QUEST_RABBIT_3_1_QUESTINFODATA_RUMOURTEXT,似乎鼠族男爵把在当地一家银行找到的兔族宝藏锁了起来。也许你可以让它重见天日？
QUEST_RABBIT_3_1_QUESTINFODATA_TITLE,金库
QUEST_RABBIT_3_2_QUESTINFODATA_ACTIONS_0_ACTIONTEXT,说服学者逃走。
QUEST_RABBIT_3_2_QUESTINFODATA_ACTIONS_0_DEFAULTOUTCOME_JOURNALTEXT,我们的英雄徒劳地劝说聿怀德离开，但似乎没有话语能打动他。学者迷失了，从此再无人见过。
QUEST_RABBIT_3_2_QUESTINFODATA_ACTIONS_0_DEFAULTOUTCOME_OUTCOMETEXT,不幸的是，接受兔族教导的你不像学者那么有学问。他驳回了你的话……并且再也没有见到过。
QUEST_RABBIT_3_2_QUESTINFODATA_ACTIONS_0_TESTSUCCESSOUTCOME_JOURNALTEXT,直到我们的英雄援引著名的海姆伦河谷名言，兔族老学者聿怀德终于让步，离开了树林。
QUEST_RABBIT_3_2_QUESTINFODATA_ACTIONS_0_TESTSUCCESSOUTCOME_OUTCOMETEXT,虽然学者看不起你。你开始思考。你援引了著名的兔族天才、河谷的海姆伦的名言。学者的信心随着你的话语渐渐消退。他随你一同离开。
QUEST_RABBIT_3_2_QUESTINFODATA_ACTIONS_1_ACTIONTEXT,任凭学者听天由命。
QUEST_RABBIT_3_2_QUESTINFODATA_ACTIONS_1_DEFAULTOUTCOME_JOURNALTEXT,然而，我们的英雄驳回了兔族长老的救援呼吁。显然，学者缺乏常识！为什么要白费力气？
QUEST_RABBIT_3_2_QUESTINFODATA_ACTIONS_1_DEFAULTOUTCOME_OUTCOMETEXT,你没工夫搭理这种没有常识的顽固蠢货。你们争论了一阵，但最终还是把他留在了树林里。从此再无人见过他。
QUEST_RABBIT_3_2_QUESTINFODATA_ACTIONS_2_ACTIONTEXT,"""你正前往<quest_tile>？！"""
QUEST_RABBIT_3_2_QUESTINFODATA_ACTIONS_2_DEFAULTOUTCOME_JOURNALTEXT,正是诗人讲述的<quest_tile>中潜藏的种种危险吓退了学者。他同意离开，而且走得飞快。
QUEST_RABBIT_3_2_QUESTINFODATA_ACTIONS_2_DEFAULTOUTCOME_OUTCOMETEXT,你的诗人讲起<quest_tile>种种凶险的恐怖故事。学者脸色发白，同意与你一同离开，而且走得飞快。
QUEST_RABBIT_3_2_QUESTINFODATA_ACTIONS_3_ACTIONTEXT,“至少要往正确的方向走……”
QUEST_RABBIT_3_2_QUESTINFODATA_ACTIONS_3_DEFAULTOUTCOME_JOURNALTEXT,探险者的警告震动了学者自己的信念。他同意与我们的英雄离开。明智的决定。
QUEST_RABBIT_3_2_QUESTINFODATA_ACTIONS_3_DEFAULTOUTCOME_OUTCOMETEXT,探险者惩戒学者，并解释他在征途上犯的错误。学者意识到他完全没有准备好，然后离开了。
QUEST_RABBIT_3_2_QUESTINFODATA_ACTIONS_4_ACTIONTEXT,"""如果你离去，你就会死。"""
QUEST_RABBIT_3_2_QUESTINFODATA_ACTIONS_4_DEFAULTOUTCOME_JOURNALTEXT,陌生人的神秘话语让学者不安，他终于答应与我们的英雄一起离开。
QUEST_RABBIT_3_2_QUESTINFODATA_ACTIONS_4_DEFAULTOUTCOME_OUTCOMETEXT,"陌生人的眼神闪过。学者脸色变得苍白。""你知道，也许我应该多准备一下。""他急忙从树林里出来。"
QUEST_RABBIT_3_2_QUESTINFODATA_ENCOUNTERTEXT,你会发现学者在森林深处，仔细阅读由兔族哲学家写的一本书。他固执地拒绝离开！
QUEST_RABBIT_3_2_QUESTINFODATA_JOURNALENCOUNTERTEXT,唉，聿怀德正好在危险领地的边界上，但<hero_name>无法说服他逃到安全地带！
QUEST_RABBIT_3_2_QUESTINFODATA_JOURNALRUMOURTEXT,我们的英雄了解到著名的兔族学者聿怀德 - 他以前往危险地区搜集丰富知识而闻名。
QUEST_RABBIT_3_2_QUESTINFODATA_RUMOURTEXT,在一处极危险的地方发现了一位著名学者。试着劝他清醒一点！
QUEST_RABBIT_3_2_QUESTINFODATA_TITLE,引用哲学家的话
QUEST_RABBIT_3_3_QUESTINFODATA_ACTIONS_0_ACTIONTEXT,调查该地区寻找线索。
QUEST_RABBIT_3_3_QUESTINFODATA_ACTIONS_0_DEFAULTOUTCOME_JOURNALTEXT,我们的英雄试图找到任何可能发现罪犯的线索，但没有找到。遗憾的是，谋杀案仍然没有被侦破。
QUEST_RABBIT_3_3_QUESTINFODATA_ACTIONS_0_DEFAULTOUTCOME_OUTCOMETEXT,你在该地区搜寻线索，但即便有线索也与你无缘。谋杀案仍未侦破，还会有更多人遇难。
QUEST_RABBIT_3_3_QUESTINFODATA_ACTIONS_0_TESTSUCCESSOUTCOME_JOURNALTEXT,我们机智的英雄找到了一线极淡的血迹，顺藤摸瓜找到了元凶：一窝没能活过当天的腐化信徒。
QUEST_RABBIT_3_3_QUESTINFODATA_ACTIONS_0_TESTSUCCESSOUTCOME_OUTCOMETEXT,在那里！血迹通往地牢深处。你发现一座废弃的宝库，还有众多待诛的腐化教徒！
QUEST_RABBIT_3_3_QUESTINFODATA_ACTIONS_1_ACTIONTEXT,问当地人他们的看法。
QUEST_RABBIT_3_3_QUESTINFODATA_ACTIONS_1_DEFAULTOUTCOME_JOURNALTEXT,<hero_name>向当地士兵求助，但他们一心只想逃出地牢。我们的英雄被迫默许。
QUEST_RABBIT_3_3_QUESTINFODATA_ACTIONS_1_DEFAULTOUTCOME_OUTCOMETEXT,你向当地士兵求助。然而他们都是懦夫，只建议离开地牢。你两爪空空地离开了。
QUEST_RABBIT_3_3_QUESTINFODATA_ACTIONS_2_ACTIONTEXT,“这是腐化仪式。我们可以利用它的魔法。”
QUEST_RABBIT_3_3_QUESTINFODATA_ACTIONS_2_DEFAULTOUTCOME_JOURNALTEXT,<hero_name>的术士认定杀戮是黑暗仪式的一部分。他能够使用剩余的魔法，以帮助我们英雄完成任务。
QUEST_RABBIT_3_3_QUESTINFODATA_ACTIONS_2_DEFAULTOUTCOME_OUTCOMETEXT,你的术士步入粉笔圈，并开始咏唱。黑暗阴影围在他身边打转。魔法为你们俩人提供支撑。
QUEST_RABBIT_3_3_QUESTINFODATA_ACTIONS_3_ACTIONTEXT,傀儡散发出魔法
QUEST_RABBIT_3_3_QUESTINFODATA_ACTIONS_3_DEFAULTOUTCOME_JOURNALTEXT,显然，杀戮是为了某种仪式，这是唤醒<hero_name>傀儡内心魔法的仪式。
QUEST_RABBIT_3_3_QUESTINFODATA_ACTIONS_3_DEFAULTOUTCOME_OUTCOMETEXT,该仪式似乎已经有点影响到了傀儡。当你将其暴露向尸体时，它闪闪发光。魔法漫过你的身体。
QUEST_RABBIT_3_3_QUESTINFODATA_ACTIONS_4_ACTIONTEXT,"""请勿乱动尸体！还有可以获得的信息！"""
QUEST_RABBIT_3_3_QUESTINFODATA_ACTIONS_4_DEFAULTOUTCOME_JOURNALTEXT,<hero_name>的医生找到了凶手逃跑的路线。虽然凶手逃了，但他们藏身的金库里还留有宝藏。
QUEST_RABBIT_3_3_QUESTINFODATA_ACTIONS_4_DEFAULTOUTCOME_OUTCOMETEXT,药师大步走向兔子。几分钟后，他发现一道血迹，血迹指向最近被遗弃的宝库。
QUEST_RABBIT_3_3_QUESTINFODATA_ENCOUNTERTEXT,你进入老旧的地牢，发现一个奇怪的粉笔圈内有兔族战士的尸体。硫磺的味道弥漫在空气中。
QUEST_RABBIT_3_3_QUESTINFODATA_JOURNALENCOUNTERTEXT,因此，我们的英雄冒险进入地牢，发现这个可怜灵魂的尸体被围在一个奇怪的粉笔圈中。但是，谁是罪魁祸首？
QUEST_RABBIT_3_3_QUESTINFODATA_JOURNALRUMOURTEXT,<hero_name>得到消息：一名兔族战士在附近的地牢遇害，原因不明。
QUEST_RABBIT_3_3_QUESTINFODATA_RUMOURTEXT,前几天一名兔族战士被杀害，手法相当诡异。如果你找出元凶，当地人愿以宝藏相谢。
QUEST_RABBIT_3_3_QUESTINFODATA_TITLE,最恶劣的谋杀案
QUEST_RABBIT_3_4_QUESTINFODATA_ACTIONS_0_ACTIONTEXT,猛攻当地的窃贼集团，要求交出灵石。
QUEST_RABBIT_3_4_QUESTINFODATA_ACTIONS_0_DEFAULTOUTCOME_JOURNALTEXT,我们的英雄冲进窃贼行会，却很快被压制！<hero_name>被打得遍体鳞伤，侥幸逃生！
QUEST_RABBIT_3_4_QUESTINFODATA_ACTIONS_0_DEFAULTOUTCOME_OUTCOMETEXT,你踹开大门，但这帮亡命徒不会轻易就范。你被打得遍体鳞伤，被扔到了大街上。
QUEST_RABBIT_3_4_QUESTINFODATA_ACTIONS_0_TESTSUCCESSOUTCOME_JOURNALTEXT,但我们的英雄不惧任何生灵，猛攻窃贼行会并斩杀了窃贼！讯息很明确：兔族不容侵犯！
QUEST_RABBIT_3_4_QUESTINFODATA_ACTIONS_0_TESTSUCCESSOUTCOME_OUTCOMETEXT,你拔出武器，砸开窃贼行会的大门，在她开口求饶之前斩杀了这只老鼠。灵石很快便归你所有。
QUEST_RABBIT_3_4_QUESTINFODATA_ACTIONS_1_ACTIONTEXT,穷追小偷。
QUEST_RABBIT_3_4_QUESTINFODATA_ACTIONS_1_DEFAULTOUTCOME_JOURNALTEXT,所以，我们的英雄选择了悄悄地追逐自己的猎物。不幸的是，虽然窃贼很快就被干掉了，但灵石在很久之前就被卖掉了。
QUEST_RABBIT_3_4_QUESTINFODATA_ACTIONS_1_DEFAULTOUTCOME_OUTCOMETEXT,你选择了更慎重的做法，并从容地追捕窃贼。你立刻干掉了她，但灵石早已失踪。
QUEST_RABBIT_3_4_QUESTINFODATA_ACTIONS_2_ACTIONTEXT,“我能找到销赃人。也许值得一试。”
QUEST_RABBIT_3_4_QUESTINFODATA_ACTIONS_2_DEFAULTOUTCOME_JOURNALTEXT,<hero_name>向忠实的商人求助。老鼠销赃人的窝点很快被揪出，但灵石早已无影无踪。
QUEST_RABBIT_3_4_QUESTINFODATA_ACTIONS_2_DEFAULTOUTCOME_OUTCOMETEXT,你依靠忠实的商人去找鼠族窃贼的销赃人。灵石已不知所踪，但你取得了另一件宝藏作为补偿。
QUEST_RABBIT_3_4_QUESTINFODATA_ACTIONS_3_ACTIONTEXT,"""我知道这里的民风，你和我在一起是安全的。"""
QUEST_RABBIT_3_4_QUESTINFODATA_ACTIONS_3_DEFAULTOUTCOME_JOURNALTEXT,王牌间谍的威名足以镇住罪犯们。<hero_name>的经验让我们的英雄受益匪浅。
QUEST_RABBIT_3_4_QUESTINFODATA_ACTIONS_3_DEFAULTOUTCOME_OUTCOMETEXT,你的王牌间谍走上前，向在场的罪犯露出她的真容。他们纷纷移开目光，任你安全通行。
QUEST_RABBIT_3_4_QUESTINFODATA_ACTIONS_4_ACTIONTEXT,悄悄戴上化妆舞会面具
QUEST_RABBIT_3_4_QUESTINFODATA_ACTIONS_4_DEFAULTOUTCOME_JOURNALTEXT,化妆舞会面具意味着我们的英雄不惧窃贼。<hero_name>从那个悲惨的地方收集到了有用信息。
QUEST_RABBIT_3_4_QUESTINFODATA_ACTIONS_4_DEFAULTOUTCOME_OUTCOMETEXT,当你戴上化妆舞会面具时，窃贼窥视的眼睛呆住了。你可以毫无顾忌地探索城市，一窥究竟。
QUEST_RABBIT_3_4_QUESTINFODATA_ENCOUNTERTEXT,你冒险进入村子，发现它被犯罪分子所占据。如果你不小心，你可能无法活着逃离这个地方！
QUEST_RABBIT_3_4_QUESTINFODATA_JOURNALENCOUNTERTEXT,于是<hero_name>前往窃贼老巢所在的村子，发现它被罪犯和杀人犯的强大组织网络所困。
QUEST_RABBIT_3_4_QUESTINFODATA_JOURNALRUMOURTEXT,鼠族偷偷掳走了当地一位兔族领主的灵石！我们的英雄得到承诺，只要解决窃贼便可获得灵石。
QUEST_RABBIT_3_4_QUESTINFODATA_RUMOURTEXT,当地一位兔族领主的灵石被鼠族窃贼偷走了。只要你杀掉窃贼，他就让你留下灵石……
QUEST_RABBIT_3_4_QUESTINFODATA_TITLE,谁捡到归谁
QUEST_RABBIT_3_5_QUESTINFODATA_ACTIONS_0_ACTIONTEXT,解救流浪者，并干掉土匪！
QUEST_RABBIT_3_5_QUESTINFODATA_ACTIONS_0_DEFAULTOUTCOME_JOURNALTEXT,<hero_name>不忍目睹，可惜缺乏肃清匪巢的本领。我们的英雄负伤，被迫逃离。
QUEST_RABBIT_3_5_QUESTINFODATA_ACTIONS_0_DEFAULTOUTCOME_OUTCOMETEXT,你设法干掉了几个土匪，但他们很快就伤到了你。知道你被打败后，你逃走了，扔下了流浪者。
QUEST_RABBIT_3_5_QUESTINFODATA_ACTIONS_0_TESTSUCCESSOUTCOME_JOURNALTEXT,<hero_name>无法置身事外，并带着坚定的决心冲进了土匪巢穴。流浪者被解救，并加入我们的英雄。
QUEST_RABBIT_3_5_QUESTINFODATA_ACTIONS_0_TESTSUCCESSOUTCOME_OUTCOMETEXT,你抽出剑斩落土匪，毫不手软。流浪者变得虚弱，但承诺始终忠诚于你。
QUEST_RABBIT_3_5_QUESTINFODATA_ACTIONS_1_ACTIONTEXT,寻求帮助，杀掉强盗。
QUEST_RABBIT_3_5_QUESTINFODATA_ACTIONS_1_DEFAULTOUTCOME_JOURNALTEXT,<hero_name>离开去找救援，但土匪们没有停止折磨。流浪者很快咽了气，土匪们则扬长而去。
QUEST_RABBIT_3_5_QUESTINFODATA_ACTIONS_1_DEFAULTOUTCOME_OUTCOMETEXT,你离开地牢去求援——可惜回去得太迟。流浪者死了，土匪们也已扬长而去。
QUEST_RABBIT_3_5_QUESTINFODATA_ACTIONS_2_ACTIONTEXT,分散注意力
QUEST_RABBIT_3_5_QUESTINFODATA_ACTIONS_2_DEFAULTOUTCOME_JOURNALTEXT,幸运的是，<hero_name>能够使用镜子斗篷来迷惑土匪，给流浪者充足的时间逃离地牢！
QUEST_RABBIT_3_5_QUESTINFODATA_ACTIONS_2_DEFAULTOUTCOME_OUTCOMETEXT,借助斗篷，你用强盗自己的火把晃得他们睁不开眼。流浪者逃走了，你则把强盗的宝藏收入囊中。
QUEST_RABBIT_3_5_QUESTINFODATA_ACTIONS_3_ACTIONTEXT,抽出贝恩之刃
QUEST_RABBIT_3_5_QUESTINFODATA_ACTIONS_3_DEFAULTOUTCOME_JOURNALTEXT,<hero_name>手持贝恩之刃斩杀了土匪。囚犯获释，却在我们英雄面前退缩，惧怕他的力量。
QUEST_RABBIT_3_5_QUESTINFODATA_ACTIONS_3_DEFAULTOUTCOME_OUTCOMETEXT,你手持贝恩之刃，冒险下到地牢的深处。土匪们被制服。你的黑暗强过他们的。
QUEST_RABBIT_3_5_QUESTINFODATA_ACTIONS_4_ACTIONTEXT,"""战斗？冲啊！"""
QUEST_RABBIT_3_5_QUESTINFODATA_ACTIONS_4_DEFAULTOUTCOME_JOURNALTEXT,狂战士的蛮力足以冲破邪恶土匪的地牢。流浪者得救了。仅此而已。
QUEST_RABBIT_3_5_QUESTINFODATA_ACTIONS_4_DEFAULTOUTCOME_OUTCOMETEXT,狂战士冲进地牢。战斗在你到达时已经结束。让你有时间来掠夺土匪的金库。
QUEST_RABBIT_3_5_QUESTINFODATA_ENCOUNTERTEXT,你很快就会发现撕心裂肺的嚎叫的源头 - 一个流浪者，被卑鄙的土匪俘虏并折磨，无休无止。
QUEST_RABBIT_3_5_QUESTINFODATA_JOURNALENCOUNTERTEXT,我们的英雄很快发现个中原因：一名倒霉的流浪者被匪徒抓走，并被没日没夜地折磨！
QUEST_RABBIT_3_5_QUESTINFODATA_JOURNALRUMOURTEXT,<hero_name>听到关于附近一处奇怪地牢的传闻，在那里撕心裂肺的嚎叫此起彼伏。
QUEST_RABBIT_3_5_QUESTINFODATA_RUMOURTEXT,一些当地人说，他们听到附近的一个地牢里面传出一声神秘的嚎叫。你可能想一探究竟？
QUEST_RABBIT_3_5_QUESTINFODATA_TITLE,深处传来的嚎叫
QUEST_RABBIT_3_6_QUESTINFODATA_ACTIONS_0_ACTIONTEXT,提醒窃贼，这不是一次谈判。
QUEST_RABBIT_3_6_QUESTINFODATA_ACTIONS_0_DEFAULTOUTCOME_JOURNALTEXT,<hero_name>很快从鞘中出剑 - 但窃贼早有防备。我们的英雄遭到殴打，然后被迫逃离。
QUEST_RABBIT_3_6_QUESTINFODATA_ACTIONS_0_DEFAULTOUTCOME_OUTCOMETEXT,你袭击首领，但他的爪牙几秒内就把你围住。断了一两根肋骨后，你败退而去。
QUEST_RABBIT_3_6_QUESTINFODATA_ACTIONS_0_TESTSUCCESSOUTCOME_JOURNALTEXT,<hero_name>说，解决办法只有一个：以死相胁，让窃贼与兔族全面合作。窃贼们很快答应了。
QUEST_RABBIT_3_6_QUESTINFODATA_ACTIONS_0_TESTSUCCESSOUTCOME_OUTCOMETEXT,你迈向窃贼首领并用力揪住他的衣领，一把匕首架在他的喉咙上。这有足够的威慑力 - 他们明智地退了回去。
QUEST_RABBIT_3_6_QUESTINFODATA_ACTIONS_1_ACTIONTEXT,接受作战训练的提议，别管他们。
QUEST_RABBIT_3_6_QUESTINFODATA_ACTIONS_1_DEFAULTOUTCOME_JOURNALTEXT,换取窃贼有价值的训练，我们的英雄对农民的困境视而不见。一个可悲的，但必要的牺牲。
QUEST_RABBIT_3_6_QUESTINFODATA_ACTIONS_1_DEFAULTOUTCOME_OUTCOMETEXT,当你成为阿门罗的统治者时，你可以任意处置这些罪犯。现在，他们的作战技能对你更有价值。
QUEST_RABBIT_3_6_QUESTINFODATA_ACTIONS_2_ACTIONTEXT,"""这座城市需要防守！"""
QUEST_RABBIT_3_6_QUESTINFODATA_ACTIONS_2_DEFAULTOUTCOME_JOURNALTEXT,谈判失败，但不能任由行会继续袭扰平原民众。<hero_name>的铁匠把他们的村子变成了堡垒。
QUEST_RABBIT_3_6_QUESTINFODATA_ACTIONS_2_DEFAULTOUTCOME_OUTCOMETEXT,在铁匠的帮助下，经过烧火锻造，你改进了城市的城墙和城门，足以抵挡整支军队。
QUEST_RABBIT_3_6_QUESTINFODATA_ACTIONS_3_ACTIONTEXT,披上狮心胸甲
QUEST_RABBIT_3_6_QUESTINFODATA_ACTIONS_3_DEFAULTOUTCOME_JOURNALTEXT,有坚不可摧的狮心胸甲护身，我们的英雄击溃了窃贼。平原将从暴政下得到解救。
QUEST_RABBIT_3_6_QUESTINFODATA_ACTIONS_3_DEFAULTOUTCOME_OUTCOMETEXT,你穿上狮心胸甲，接近集团营地。他们无法战胜你，带着他们的大部分货物逃走了。
QUEST_RABBIT_3_6_QUESTINFODATA_ENCOUNTERTEXT,窃贼集团似乎从这个村子获取了相当不错的收益 - 他们自然不愿意停止在那里的活动。
QUEST_RABBIT_3_6_QUESTINFODATA_JOURNALENCOUNTERTEXT,当然，窃贼都不太急于离开。我们的英雄面对他们的首领，所以可以达成一个解决方案。
QUEST_RABBIT_3_6_QUESTINFODATA_JOURNALRUMOURTEXT,一个小平原村子被掠夺了太多次 - 他们联合起来并召唤我们的英雄提供帮助。
QUEST_RABBIT_3_6_QUESTINFODATA_RUMOURTEXT,似乎一个本地的平原村子被窃贼集团压榨得越来越难以为继。农民们正寻求兔族的帮助。
QUEST_RABBIT_3_6_QUESTINFODATA_TITLE,公会事务
QUEST_RABBIT_3_7_QUESTINFODATA_ACTIONS_0_ACTIONTEXT,召唤怀尔德来帮助你。
QUEST_RABBIT_3_7_QUESTINFODATA_ACTIONS_0_DEFAULTOUTCOME_JOURNALTEXT,怀尔德本可相助，但我们的英雄灵力不够强大。相反，腐化撕开了我们<hero_name>的灵魂。
QUEST_RABBIT_3_7_QUESTINFODATA_ACTIONS_0_DEFAULTOUTCOME_OUTCOMETEXT,你向怀尔德耳语寻求帮助，但是它没有理会你的请求。相反，一种强大的悲哀感占据了你的灵魂，你因恐惧而逃跑了。
QUEST_RABBIT_3_7_QUESTINFODATA_ACTIONS_0_TESTSUCCESSOUTCOME_JOURNALTEXT,只有一个办法：怀尔德。一道强光横贯老矿，把教徒化作了灰烬。
QUEST_RABBIT_3_7_QUESTINFODATA_ACTIONS_0_TESTSUCCESSOUTCOME_OUTCOMETEXT,你向怀尔德低声祈求援助。伴着惊天闪光，老矿被涤净——教徒们只剩灰烬。
QUEST_RABBIT_3_7_QUESTINFODATA_ACTIONS_1_ACTIONTEXT,避开腐化教徒并搜寻其他宝藏。
QUEST_RABBIT_3_7_QUESTINFODATA_ACTIONS_1_DEFAULTOUTCOME_JOURNALTEXT,我们的英雄深知腐化随时可能吞噬心智，明智地避开了教徒。<hero_name>两爪空空地离开，但神志清醒。
QUEST_RABBIT_3_7_QUESTINFODATA_ACTIONS_1_DEFAULTOUTCOME_OUTCOMETEXT,腐化是一种诱人的力量，但你在搜寻老矿时无视它的呼唤。你离开时感觉到与怀尔德的感应更强烈了。
QUEST_RABBIT_3_7_QUESTINFODATA_ACTIONS_2_ACTIONTEXT,“我可以弄塌隧道。这样就能解决腐化问题。”
QUEST_RABBIT_3_7_QUESTINFODATA_ACTIONS_2_DEFAULTOUTCOME_JOURNALTEXT,为阿门罗着想而牺牲灵石，<hero_name>转向忠实的矿工弄塌竖井，摧毁其中的一切。
QUEST_RABBIT_3_7_QUESTINFODATA_ACTIONS_2_DEFAULTOUTCOME_OUTCOMETEXT,灵石是不错，但摆脱那些教徒是上策。矿工弄塌了矿井，将他们葬身于深处。
QUEST_RABBIT_3_7_QUESTINFODATA_ENCOUNTERTEXT,你站在阴森矿井的入口，深知在这黑暗邪恶之地，腐化的疯狂正在等你。
QUEST_RABBIT_3_7_QUESTINFODATA_JOURNALENCOUNTERTEXT,<hero_name>到矿中一探究竟，发现一处腐化如此浓烈邪恶，足以让寻常生灵发疯。
QUEST_RABBIT_3_7_QUESTINFODATA_JOURNALRUMOURTEXT,在附近银矿深处发现了一块珍贵的灵石，由一群疯狂的腐化信徒重兵把守。
QUEST_RABBIT_3_7_QUESTINFODATA_RUMOURTEXT,探险队在这里附近的一个老银矿发现了一块灵石。唯一的问题是它由腐化的崇拜者把守！
QUEST_RABBIT_3_7_QUESTINFODATA_TITLE,疯狂的银矿
QUEST_RABBIT_3_8_QUESTINFODATA_ACTIONS_0_ACTIONTEXT,利用怀尔德拯救你的朋友。
QUEST_RABBIT_3_8_QUESTINFODATA_ACTIONS_0_DEFAULTOUTCOME_JOURNALTEXT,神殿必须被净化，但我们的英雄不知道怎么做。魔鬼附体的战士攻击，<hero_name>被迫击倒他们。
QUEST_RABBIT_3_8_QUESTINFODATA_ACTIONS_0_DEFAULTOUTCOME_OUTCOMETEXT,怀尔德是拯救你朋友的唯一希望——但它没有理会你的恳求。你反而被迫亲手斩落战友。
QUEST_RABBIT_3_8_QUESTINFODATA_ACTIONS_0_TESTSUCCESSOUTCOME_JOURNALTEXT,必须净化神殿才能救下这条无辜的性命。怀尔德燃起灼灼光辉，驱除了腐化，救下我们英雄忠实的朋友。
QUEST_RABBIT_3_8_QUESTINFODATA_ACTIONS_0_TESTSUCCESSOUTCOME_OUTCOMETEXT,如今只有怀尔德能救你朋友的性命。你祈求相助，顿觉一场净化之风暴席卷峰顶。你的朋友得救了。
QUEST_RABBIT_3_8_QUESTINFODATA_ACTIONS_1_ACTIONTEXT,摧毁神殿！
QUEST_RABBIT_3_8_QUESTINFODATA_ACTIONS_1_DEFAULTOUTCOME_JOURNALTEXT,只有一种办法能阻止这邪恶！我们的英雄砸碎了腐化侵蚀的神殿，保全了峰顶，朋友却化为灰烬。
QUEST_RABBIT_3_8_QUESTINFODATA_ACTIONS_1_DEFAULTOUTCOME_OUTCOMETEXT,这邪恶之源必须被铲除。你躲闪你朋友的剧烈摇摆，砸碎了神殿。你的朋友消失了，化为灰烬。
QUEST_RABBIT_3_8_QUESTINFODATA_ACTIONS_2_ACTIONTEXT,怀尔德焰杖烧得正旺！
QUEST_RABBIT_3_8_QUESTINFODATA_ACTIONS_2_DEFAULTOUTCOME_JOURNALTEXT,我们的英雄举起古老的怀尔德焰杖，涤净了峰顶的腐化。<hero_name>的朋友献上一记宝贵的法术以表谢意。
QUEST_RABBIT_3_8_QUESTINFODATA_ACTIONS_2_DEFAULTOUTCOME_OUTCOMETEXT,怀尔德焰杖光芒充盈，同时净化了神殿与你的朋友。朋友如释重负，献上一张法术卡以表感谢。
QUEST_RABBIT_3_8_QUESTINFODATA_ACTIONS_3_ACTIONTEXT,"""有本事你来抓我啊！"""
QUEST_RABBIT_3_8_QUESTINFODATA_ACTIONS_3_DEFAULTOUTCOME_JOURNALTEXT,这只兔子已无可救药。趁着那个傻瓜引开他的注意，我们的英雄将他斩倒。此举至今仍困扰着<hero_name>。
QUEST_RABBIT_3_8_QUESTINFODATA_ACTIONS_3_DEFAULTOUTCOME_OUTCOMETEXT,你的傻瓜转身就跑，引得野兽一路穷追。你趁乱出手。尸体留下一张法术卡，作为最后的临别赠礼。
QUEST_RABBIT_3_8_QUESTINFODATA_ACTIONS_4_ACTIONTEXT,提醒你朋友他的誓言
QUEST_RABBIT_3_8_QUESTINFODATA_ACTIONS_4_DEFAULTOUTCOME_JOURNALTEXT,曾几何时高贵的战士不会向腐化屈服。见到皇家旗帜后，他们头脑清醒了几分，得以做出最后的牺牲。
QUEST_RABBIT_3_8_QUESTINFODATA_ACTIONS_4_DEFAULTOUTCOME_OUTCOMETEXT,望着皇家旗帜，你朋友的眼中闪出光亮，认出了自己。他长啸一声，纵身跃下山崖。最后的崇高之举。
QUEST_RABBIT_3_8_QUESTINFODATA_ENCOUNTERTEXT,你攀上山峰寻找战友，很快便找到了——他已被腐化侵蚀！神殿已告失守！
QUEST_RABBIT_3_8_QUESTINFODATA_JOURNALENCOUNTERTEXT,我们的英雄作了最坏的打算，急忙攀上山。在那里，<hero_name>的朋友伫立着，被腐化与邪恶的意图所占据。
QUEST_RABBIT_3_8_QUESTINFODATA_JOURNALRUMOURTEXT,<hero_name>的一个朋友朝着附近山上进行参拜之旅以探索一座古老的神殿 - 唉，已经好几天没见着了。
QUEST_RABBIT_3_8_QUESTINFODATA_RUMOURTEXT,我们中的一人自己爬到<quest_tile>顶峰探索神殿。好些天音讯全无……
QUEST_RABBIT_3_8_QUESTINFODATA_TITLE,堕落的神殿
QUEST_RABBIT_3_9_QUESTINFODATA_ACTIONS_0_ACTIONTEXT,对抗腐化魔法。
QUEST_RABBIT_3_9_QUESTINFODATA_ACTIONS_0_DEFAULTOUTCOME_JOURNALTEXT,遗憾的是，我们的英雄无法说动怀尔德出手。<hero_name>敌不过贝恩大军，逃离了劫数难逃的村子。
QUEST_RABBIT_3_9_QUESTINFODATA_ACTIONS_0_DEFAULTOUTCOME_OUTCOMETEXT,你祈求怀尔德出手，可惜没有援助降临。术士的贝恩重创了你，村子也陷入疯狂。
QUEST_RABBIT_3_9_QUESTINFODATA_ACTIONS_0_TESTSUCCESSOUTCOME_JOURNALTEXT,所幸我们的英雄与怀尔德颇有感应，它净化之光迅速终结了术士扭曲的召唤仪式。
QUEST_RABBIT_3_9_QUESTINFODATA_ACTIONS_0_TESTSUCCESSOUTCOME_OUTCOMETEXT,你低声急速召唤——怀尔德必须涤净这邪恶！术士发出尖叫，黑云消散，绿焰四处喷涌。
QUEST_RABBIT_3_9_QUESTINFODATA_ACTIONS_1_ACTIONTEXT,干掉术士！
QUEST_RABBIT_3_9_QUESTINFODATA_ACTIONS_1_DEFAULTOUTCOME_JOURNALTEXT,我们的英雄冲击术士并迅速击倒她，结束仪式。虽然阴云不散 - 但始终是一个威胁。
QUEST_RABBIT_3_9_QUESTINFODATA_ACTIONS_1_DEFAULTOUTCOME_OUTCOMETEXT,你收回剑，并在她完成法术之前砍倒术士。黑暗的存在缓慢消失，但是，永远都是一种威胁……
QUEST_RABBIT_3_9_QUESTINFODATA_ACTIONS_2_ACTIONTEXT,快，使用怀尔德护符！
QUEST_RABBIT_3_9_QUESTINFODATA_ACTIONS_2_DEFAULTOUTCOME_JOURNALTEXT,<hero_name>举起古老的怀尔德护符，涤除了术士的魔法，让守卫们得以“妥善”处置她……
QUEST_RABBIT_3_9_QUESTINFODATA_ACTIONS_2_DEFAULTOUTCOME_OUTCOMETEXT,你举起怀尔德护符，其净化魔法迅速吸收了术士的魔法。接着，守卫们轻易将她斩落。
QUEST_RABBIT_3_9_QUESTINFODATA_ACTIONS_3_ACTIONTEXT,"""法术没完成！现在攻击！"""
QUEST_RABBIT_3_9_QUESTINFODATA_ACTIONS_3_DEFAULTOUTCOME_JOURNALTEXT,学徒知道术士法术中的魔法需要时间准备。他提醒了我们的英雄，为<hero_name>争取到斩杀她的时机。
QUEST_RABBIT_3_9_QUESTINFODATA_ACTIONS_3_DEFAULTOUTCOME_OUTCOMETEXT,学徒把你朝术士推去。她可怕的魔法尚未准备就绪。你将她斩杀，驱散了大部分腐化之力。
QUEST_RABBIT_3_9_QUESTINFODATA_ENCOUNTERTEXT,你冲进城里，找到歇斯底里的当地男爵。术士站在附近的山上，乌云从她的爪子喷发出来。
QUEST_RABBIT_3_9_QUESTINFODATA_JOURNALENCOUNTERTEXT,<hero_name>冲进村子，在小丘顶上找到术士，一团纯粹腐化的黑云正从地里喷涌而出。
QUEST_RABBIT_3_9_QUESTINFODATA_JOURNALRUMOURTEXT,我们的英雄获悉一条紧急消息，扭曲的术士在召唤贝恩军队，应当迅速采取行动！
QUEST_RABBIT_3_9_QUESTINFODATA_RUMOURTEXT,来自<quest_tile>的紧急消息！一个术士已经威胁通过召唤贝恩军队来摧毁村子！
QUEST_RABBIT_3_9_QUESTINFODATA_TITLE,乌云
QUEST_RABBIT_4_10_QUESTINFODATA_ACTIONS_0_ACTIONTEXT,你必须倾尽全力拯救矿工。
QUEST_RABBIT_4_10_QUESTINFODATA_ACTIONS_0_DEFAULTOUTCOME_JOURNALTEXT,<hero_name>努力清除矿井入口，但无济于事。那一天矿工们都会在下面的黑暗中灭亡。
QUEST_RABBIT_4_10_QUESTINFODATA_ACTIONS_0_DEFAULTOUTCOME_OUTCOMETEXT,你试图清除入口，但你只是缺乏这样做的力气。矿工们很快就在下面的黑暗中灭亡。
QUEST_RABBIT_4_10_QUESTINFODATA_ACTIONS_0_TESTSUCCESSOUTCOME_JOURNALTEXT,时间显然不在<hero_name>这边！这是一场长期斗争，但入口很快被清除，并且矿工躲过一劫。
QUEST_RABBIT_4_10_QUESTINFODATA_ACTIONS_0_TESTSUCCESSOUTCOME_OUTCOMETEXT,你奋力挤入其中，轻松举起巨大的木梁。你救出了矿工，其中一人还加入你以表感谢！
QUEST_RABBIT_4_10_QUESTINFODATA_ACTIONS_1_ACTIONTEXT,帮助年幼者穿过入口的缝隙。
QUEST_RABBIT_4_10_QUESTINFODATA_ACTIONS_1_DEFAULTOUTCOME_JOURNALTEXT,怀着内疚的剧痛，<hero_name>意识到不是所有人都可以被拯救。年幼者可以贴合通过倒塌的木材，但仅此而已。
QUEST_RABBIT_4_10_QUESTINFODATA_ACTIONS_1_DEFAULTOUTCOME_OUTCOMETEXT,你知道自己救不了所有人，你将年幼者拉过倒下木材的微小缝隙。其他人死在了下面的深处。
QUEST_RABBIT_4_10_QUESTINFODATA_ACTIONS_2_ACTIONTEXT,"""有些倒下的树木，是吗？对我来说没问题！"""
QUEST_RABBIT_4_10_QUESTINFODATA_ACTIONS_2_DEFAULTOUTCOME_JOURNALTEXT,但<hero_name>忠实的狂战士快速处理了倒塌的入口，在地下将矿工从可怕的命运中解救出来。
QUEST_RABBIT_4_10_QUESTINFODATA_ACTIONS_2_DEFAULTOUTCOME_OUTCOMETEXT,你靠边站，让狂战士处理倒塌的入口。道路在破纪录的时间内清理完毕，而你不愧为一名英雄。
QUEST_RABBIT_4_10_QUESTINFODATA_ACTIONS_3_ACTIONTEXT,“那根木梁！就是那根”
QUEST_RABBIT_4_10_QUESTINFODATA_ACTIONS_3_DEFAULTOUTCOME_JOURNALTEXT,"将矿工堵在隧道内的破碎墙体被魔法师转移走了。""全靠敏锐的眼睛！"""
QUEST_RABBIT_4_10_QUESTINFODATA_ACTIONS_3_DEFAULTOUTCOME_OUTCOMETEXT,你的魔法师开始推四分五裂的木柱。支柱！隧道移动了，出现了让矿工逃生的空隙。
QUEST_RABBIT_4_10_QUESTINFODATA_ACTIONS_4_ACTIONTEXT,怀尔德护符嗡嗡作响
QUEST_RABBIT_4_10_QUESTINFODATA_ACTIONS_4_DEFAULTOUTCOME_JOURNALTEXT,矿工们借怀尔德护符之力获救。不像腐化，怀尔德珍视生命的纯洁。
QUEST_RABBIT_4_10_QUESTINFODATA_ACTIONS_4_DEFAULTOUTCOME_OUTCOMETEXT,怀尔德绝不会索取如此多的生命。当你举起护符，隧道再次松动，为矿工让出了一条逃生之路。
QUEST_RABBIT_4_10_QUESTINFODATA_ENCOUNTERTEXT,你接近大山深处的矿井 - 入口最近已倒塌，里面深处可以听到隐隐的哭声。
QUEST_RABBIT_4_10_QUESTINFODATA_JOURNALENCOUNTERTEXT,我们的英雄走近山中的矿井。它的入口只剩一片碎木狼藉，隧道里回荡着微弱的哭声。
QUEST_RABBIT_4_10_QUESTINFODATA_JOURNALRUMOURTEXT,<hero_name>收到仓促的召唤：山上的兔族矿井塌方了！里面的被困人员还有什么希望？
QUEST_RABBIT_4_10_QUESTINFODATA_RUMOURTEXT,山上的兔族采矿作业有危险！整个隧道坍塌了！快点，也许你仍然可以拯救他们！
QUEST_RABBIT_4_10_QUESTINFODATA_TITLE,塌方
QUEST_RABBIT_4_11_QUESTINFODATA_ACTIONS_0_ACTIONTEXT,冲刺向前，并努力保持领先第一。
QUEST_RABBIT_4_11_QUESTINFODATA_ACTIONS_0_DEFAULTOUTCOME_JOURNALTEXT,<hero_name>冲刺向前，但很快喘不过气！其他部族一笑而过 - 确实是兔族悲哀的一天。
QUEST_RABBIT_4_11_QUESTINFODATA_ACTIONS_0_DEFAULTOUTCOME_OUTCOMETEXT,你冲刺向前早早取得领先，但很快就发现自己喘不过气，并落在了最后！这的确是兔族悲哀的一天！
QUEST_RABBIT_4_11_QUESTINFODATA_ACTIONS_0_TESTSUCCESSOUTCOME_JOURNALTEXT,<hero_name>在比赛中获得了早期的领先，把其他部族羞辱了一番。聪明人知道：别和兔族赛跑！
QUEST_RABBIT_4_11_QUESTINFODATA_ACTIONS_0_TESTSUCCESSOUTCOME_OUTCOMETEXT,你轻松冲到狼族、鼠族和熊族的前面，飞毛腿让你跑得又远又快。你赢了，毫无悬念。
QUEST_RABBIT_4_11_QUESTINFODATA_ACTIONS_1_ACTIONTEXT,用更有条不紊的节奏拖垮你的对手。
QUEST_RABBIT_4_11_QUESTINFODATA_ACTIONS_1_DEFAULTOUTCOME_JOURNALTEXT,<hero_name>在比赛中选择了悠闲的节奏，通往终点的路因而轻松自在——尽管只得到令人失望的第二名。
QUEST_RABBIT_4_11_QUESTINFODATA_ACTIONS_1_DEFAULTOUTCOME_OUTCOMETEXT,没有感觉到早早取得领先的压力，你有条不紊的节奏让你排在了第二位。不错的表现，但你知道你可以做得更好。
QUEST_RABBIT_4_11_QUESTINFODATA_ACTIONS_2_ACTIONTEXT,戴上英雄头盔炫耀一番
QUEST_RABBIT_4_11_QUESTINFODATA_ACTIONS_2_DEFAULTOUTCOME_JOURNALTEXT,<hero_name>没有继续毫无意义的比赛，而是花时间与听众交往，展示英雄的头盔。\n
QUEST_RABBIT_4_11_QUESTINFODATA_ACTIONS_2_DEFAULTOUTCOME_OUTCOMETEXT,赢得人们青睐的方法不止一种。你停下来挥手。听众为你的英雄头盔着迷，欢呼雀跃。
QUEST_RABBIT_4_11_QUESTINFODATA_ACTIONS_3_ACTIONTEXT,穿上翅靴。没有规则不准使用它们！
QUEST_RABBIT_4_11_QUESTINFODATA_ACTIONS_3_DEFAULTOUTCOME_JOURNALTEXT,<hero_name>穿上传说中的飞靴，轻松赢得第一名。对于兔族，聪明始终胜过实力！
QUEST_RABBIT_4_11_QUESTINFODATA_ACTIONS_3_DEFAULTOUTCOME_OUTCOMETEXT,"你穿上翅靴，让其他对手懊恼不已。你领先好几个里格赢得第一位，但..""骗子得不到奖！"""
QUEST_RABBIT_4_11_QUESTINFODATA_ACTIONS_4_ACTIONTEXT,穿上翅靴。没有规则不准使用它们！
QUEST_RABBIT_4_11_QUESTINFODATA_ACTIONS_4_DEFAULTOUTCOME_JOURNALTEXT,<hero_name>穿上传说中的飞靴，轻松赢得第一名。对于兔族，聪明始终胜过实力！
QUEST_RABBIT_4_11_QUESTINFODATA_ACTIONS_4_DEFAULTOUTCOME_OUTCOMETEXT,"你穿上翅靴，让其他对手懊恼不已。你领先好几个里格赢得第一位，但..""骗子得不到奖！"""
QUEST_RABBIT_4_11_QUESTINFODATA_ENCOUNTERTEXT,你来到试验场，看到来自其他部族的代表正在为盛大的比赛做着准备。
QUEST_RABBIT_4_11_QUESTINFODATA_JOURNALENCOUNTERTEXT,没人会错过这样的大好机会，我们的英雄急忙赶到试验场。正巧，一项赛跑很快开始了！
QUEST_RABBIT_4_11_QUESTINFODATA_JOURNALRUMOURTEXT,一项多个部族的实力较量在附近的平原举行，并且<hero_name>已被邀请代表兔族参赛。
QUEST_RABBIT_4_11_QUESTINFODATA_RUMOURTEXT,我听说在附近的平原有一场实力的较量，他们要你代表兔族参赛！获胜者可以获得一份不错的奖品！
QUEST_RABBIT_4_11_QUESTINFODATA_TITLE,部族赛跑
QUEST_RABBIT_4_12_QUESTINFODATA_ACTIONS_0_ACTIONTEXT,帮助间谍建立前哨基地。
QUEST_RABBIT_4_12_QUESTINFODATA_ACTIONS_0_DEFAULTOUTCOME_JOURNALTEXT,<hero_name>试图帮助建造前哨基地，但事实证明这是一项过于复杂和艰巨的任务。兔子们被迫逃走了。
QUEST_RABBIT_4_12_QUESTINFODATA_ACTIONS_0_DEFAULTOUTCOME_OUTCOMETEXT,你试图帮助建立小的间谍据点，但你只是缺乏实力。狼族很快发现你，用剑尖驱赶你。
QUEST_RABBIT_4_12_QUESTINFODATA_ACTIONS_0_TESTSUCCESSOUTCOME_JOURNALTEXT,那一天我们的英雄赢得了美誉，以阿门罗多年未见的雄壮之力，让其他兔子汗颜！
QUEST_RABBIT_4_12_QUESTINFODATA_ACTIONS_0_TESTSUCCESSOUTCOME_OUTCOMETEXT,你使出全身力气，爬上树，成功为兔族同胞间谍凿出了藏身之处。
QUEST_RABBIT_4_12_QUESTINFODATA_ACTIONS_1_ACTIONTEXT,找到当地人帮助建立据点。
QUEST_RABBIT_4_12_QUESTINFODATA_ACTIONS_1_DEFAULTOUTCOME_JOURNALTEXT,<hero_name>已找到当地人协助施工。据点很快建成，但每个人都知道的间谍据点有什么用？
QUEST_RABBIT_4_12_QUESTINFODATA_ACTIONS_1_DEFAULTOUTCOME_OUTCOMETEXT,将兔族间谍留在身后，你寻找当地人的帮助。你成功了，但大家都知道的间谍据点很难发挥作用。
QUEST_RABBIT_4_12_QUESTINFODATA_ACTIONS_2_ACTIONTEXT,"""嗯……我知道附近有一处不错的景色。想看看吗？"""
QUEST_RABBIT_4_12_QUESTINFODATA_ACTIONS_2_DEFAULTOUTCOME_JOURNALTEXT,<hero_name>走到一边，让探险者带领他们到一个小悬崖上，俯瞰营地。兔族王牌间谍欣喜异常！
QUEST_RABBIT_4_12_QUESTINFODATA_ACTIONS_2_DEFAULTOUTCOME_OUTCOMETEXT,探险者带路，迅速发现附近可以俯瞰营地的小悬崖。太完美了，而且不需要大费周章！
QUEST_RABBIT_4_12_QUESTINFODATA_ACTIONS_3_ACTIONTEXT,乌鸦嘴匕首召唤
QUEST_RABBIT_4_12_QUESTINFODATA_ACTIONS_3_DEFAULTOUTCOME_JOURNALTEXT,乌鸦嘴匕首的黑暗已经开始腐蚀<hero_name>。他们没有窥视狼族营地，而是发起了攻击！
QUEST_RABBIT_4_12_QUESTINFODATA_ACTIONS_3_DEFAULTOUTCOME_OUTCOMETEXT,一时冲动，你抽出匕首径直走向狼族营地。你削减了敌人的数量。兔族间谍惊呆了。
QUEST_RABBIT_4_12_QUESTINFODATA_ENCOUNTERTEXT,你轻松发现间谍 - 他们东摇西晃以在一棵大树上建立一个秘密的间谍据点，俯瞰附近的狼族营地。
QUEST_RABBIT_4_12_QUESTINFODATA_JOURNALENCOUNTERTEXT,<hero_name>在森林里发现了他们，他们正徒劳地想建立一座间谍据点俯瞰狼族营地。他们显然需要帮助。
QUEST_RABBIT_4_12_QUESTINFODATA_JOURNALRUMOURTEXT,召唤是在匆忙中用自学的字体潦草写就的：兔族间谍需要我们英雄的援助，以窥探狼族！
QUEST_RABBIT_4_12_QUESTINFODATA_RUMOURTEXT,我有一封寄给你的信。在森林里的一些兔族间谍说，他们需要你的帮助，以窥探一座狼族营地！
QUEST_RABBIT_4_12_QUESTINFODATA_TITLE,瞭望树
QUEST_RABBIT_4_1_QUESTINFODATA_ACTIONS_0_ACTIONTEXT,抽出你的剑，威胁长袍人士。
QUEST_RABBIT_4_1_QUESTINFODATA_ACTIONS_0_DEFAULTOUTCOME_JOURNALTEXT,<hero_name>手持利刃冲进石环——但长袍人与腐化融为一体，我们的英雄负伤，被迫逃离。
QUEST_RABBIT_4_1_QUESTINFODATA_ACTIONS_0_DEFAULTOUTCOME_OUTCOMETEXT,你发起冲锋，但这些生物深谙战斗。他们被腐化逼得半疯，无视你一半的攻击，也对你造成同样多的伤害。
QUEST_RABBIT_4_1_QUESTINFODATA_ACTIONS_0_TESTSUCCESSOUTCOME_JOURNALTEXT,<hero_name>决定用一个直接的办法，剑尖就是兔族的开路先锋。长袍人士很快就被打散了。
QUEST_RABBIT_4_1_QUESTINFODATA_ACTIONS_0_TESTSUCCESSOUTCOME_OUTCOMETEXT,这些疯狂的野兽蓄意在整个阿门罗散播腐化。你将他们尽数斩杀，并在他们身上发现了一块灵石。
QUEST_RABBIT_4_1_QUESTINFODATA_ACTIONS_1_ACTIONTEXT,避开视线，并观察仪式。
QUEST_RABBIT_4_1_QUESTINFODATA_ACTIONS_1_DEFAULTOUTCOME_JOURNALTEXT,<hero_name>坚守在圈外，但完成仪式只是消耗了他们的实力。长袍人士轻易地逃脱了。
QUEST_RABBIT_4_1_QUESTINFODATA_ACTIONS_1_DEFAULTOUTCOME_OUTCOMETEXT,你在一旁静候观察仪式，却开始感到虚弱无力、元气大伤。等人影散去，你已疲惫得无法追赶。
QUEST_RABBIT_4_1_QUESTINFODATA_ACTIONS_2_ACTIONTEXT,怀尔德焰杖渐渐变冷……
QUEST_RABBIT_4_1_QUESTINFODATA_ACTIONS_2_DEFAULTOUTCOME_JOURNALTEXT,<hero_name>举起古老的怀尔德焰杖，其治愈之力烧尽长袍人体内的腐化，将他们化为灰烬。
QUEST_RABBIT_4_1_QUESTINFODATA_ACTIONS_2_DEFAULTOUTCOME_OUTCOMETEXT,你举起法杖。其充斥着怀尔德的治愈力量。你触碰的每个人都化为灰烬，他们空空的长袍软软地跌落下来。
QUEST_RABBIT_4_1_QUESTINFODATA_ACTIONS_3_ACTIONTEXT,撤回傀儡
QUEST_RABBIT_4_1_QUESTINFODATA_ACTIONS_3_DEFAULTOUTCOME_JOURNALTEXT,腐化教徒的扭曲魔法被傀儡散发的力量扰乱。我们的英雄吸走了他们的魔法，逃走了。
QUEST_RABBIT_4_1_QUESTINFODATA_ACTIONS_3_DEFAULTOUTCOME_OUTCOMETEXT,傀儡轻声低鸣。当人影们施放法术时，法术被傀儡吸走了。就在他们愤怒狂吼之际，你逃走了。
QUEST_RABBIT_4_1_QUESTINFODATA_ACTIONS_4_ACTIONTEXT,"""我看到过这个魔法。我可以阻止它！"""
QUEST_RABBIT_4_1_QUESTINFODATA_ACTIONS_4_DEFAULTOUTCOME_JOURNALTEXT,学徒熟悉奇异的魔法，这让他得以反制腐化之力。石环中的邪恶被涤净，阿门罗重归安宁。
QUEST_RABBIT_4_1_QUESTINFODATA_ACTIONS_4_DEFAULTOUTCOME_OUTCOMETEXT,学徒举起发光的爪子。祭坛霎时沐浴在白光之中。人影们四散奔逃，火焰从他们的长袍里喷出。
QUEST_RABBIT_4_1_QUESTINFODATA_ENCOUNTERTEXT,渐渐靠近<quest_tile>，你听到诵经的声音。长袍人士站在一个祭坛上。邪恶的事情正在这里发生。
QUEST_RABBIT_4_1_QUESTINFODATA_JOURNALENCOUNTERTEXT,这些石头很容易被发现，而且长袍人士毫不掩饰自己的邪恶阴谋。但是，我们的英雄将如何阻止他们？
QUEST_RABBIT_4_1_QUESTINFODATA_JOURNALRUMOURTEXT,我们的英雄被告知有可疑人物在石环附近对兔族进行小声诅咒。这不会放任不管。
QUEST_RABBIT_4_1_QUESTINFODATA_RUMOURTEXT,一些长袍人士被看到在附近的石环针对我们布道邪恶。找到他们并结束他们的邪恶仪式。
QUEST_RABBIT_4_1_QUESTINFODATA_TITLE,邪恶的聚会
QUEST_RABBIT_4_2_QUESTINFODATA_ACTIONS_0_ACTIONTEXT,以武力震慑，让男爵和他的诗人回头。
QUEST_RABBIT_4_2_QUESTINFODATA_ACTIONS_0_DEFAULTOUTCOME_JOURNALTEXT,<hero_name>试图以沉默应对邪恶言辞，但诗人继续吟唱，而兔族很快在城市里不受欢迎。
QUEST_RABBIT_4_2_QUESTINFODATA_ACTIONS_0_DEFAULTOUTCOME_OUTCOMETEXT,你尝试恐吓诗人，但他刺痛的话反过来对你伤害更多。现在你的部族在这个城市成为了笑柄。
QUEST_RABBIT_4_2_QUESTINFODATA_ACTIONS_0_TESTSUCCESSOUTCOME_JOURNALTEXT,<hero_name>没心情玩游戏。只需略展武力，便提醒了那个狡诈的男爵：哪个部族更强大。
QUEST_RABBIT_4_2_QUESTINFODATA_ACTIONS_0_TESTSUCCESSOUTCOME_OUTCOMETEXT,你开始用紧握的拳头和刀光剑影威胁溜须拍马的诗人。男爵很快就重新调整对你的拥护。
QUEST_RABBIT_4_2_QUESTINFODATA_ACTIONS_1_ACTIONTEXT,无视诗人并直接走向男爵。
QUEST_RABBIT_4_2_QUESTINFODATA_ACTIONS_1_DEFAULTOUTCOME_JOURNALTEXT,当居民们嘲笑诗人的恶毒言辞时，我们的英雄专注于男爵。他虽容易动摇，但要争取他的民众还需更多功夫。
QUEST_RABBIT_4_2_QUESTINFODATA_ACTIONS_1_DEFAULTOUTCOME_OUTCOMETEXT,诗人可能是受欢迎的，但你只关心男爵的拥护。他很容易动摇，虽然人们会花费更多的时间。
QUEST_RABBIT_4_2_QUESTINFODATA_ACTIONS_2_ACTIONTEXT,"""这诗人不错，但我更厉害！"" "
QUEST_RABBIT_4_2_QUESTINFODATA_ACTIONS_2_DEFAULTOUTCOME_JOURNALTEXT,<hero_name>忠实的诗人让公众转而反对男爵和他的爪牙，使兔族轻易重掌控制。
QUEST_RABBIT_4_2_QUESTINFODATA_ACTIONS_2_DEFAULTOUTCOME_OUTCOMETEXT,你的诗人公开表演从其他吟游诗人抢走注意力，并很快把他自己的人转到你的身边。男爵被羞辱了。
QUEST_RABBIT_4_2_QUESTINFODATA_ACTIONS_3_ACTIONTEXT,挥舞皇家旗帜
QUEST_RABBIT_4_2_QUESTINFODATA_ACTIONS_3_DEFAULTOUTCOME_JOURNALTEXT,国王的权力足以抹黑诗人的故事。男爵针对<hero_name>的事业重新调整自己。
QUEST_RABBIT_4_2_QUESTINFODATA_ACTIONS_3_DEFAULTOUTCOME_OUTCOMETEXT,你取出皇家旗帜高高举起。村广场上响起一片惊呼。诗人羞得哑口无言。
QUEST_RABBIT_4_2_QUESTINFODATA_ACTIONS_4_ACTIONTEXT,“劣迹？早被抹去了！”
QUEST_RABBIT_4_2_QUESTINFODATA_ACTIONS_4_DEFAULTOUTCOME_JOURNALTEXT,但你的劣迹被皇家赦令一笔勾销。既然国王站在<hero_name>这边，整个阿门罗也会如此。
QUEST_RABBIT_4_2_QUESTINFODATA_ACTIONS_4_DEFAULTOUTCOME_OUTCOMETEXT,"你拿出你的皇家赦令并扔在诗人脚下。""传唱这个故事！""你嘲笑了一下。他陷入羞辱中。"
QUEST_RABBIT_4_2_QUESTINFODATA_ENCOUNTERTEXT,由于男爵的背叛，兔族对这个聚落不友好。他的诗人在城市广场吟唱你部族的劣迹。
QUEST_RABBIT_4_2_QUESTINFODATA_JOURNALENCOUNTERTEXT,城市中的男爵不是兔族的盟友，这是肯定的。他忠实的诗人在城市广场没日没夜地吟唱他们的劣迹。
QUEST_RABBIT_4_2_QUESTINFODATA_JOURNALRUMOURTEXT,<hero_name>听说一个有影响力的聚落在传播兔族的卑劣谣言。也许他们的论调会在拜访后改变？
QUEST_RABBIT_4_2_QUESTINFODATA_RUMOURTEXT,附近的一个聚落一直在说一些关于兔族的可怕事情。我以为男爵应该是你的一个盟友！
QUEST_RABBIT_4_2_QUESTINFODATA_TITLE,男爵和诗人
QUEST_RABBIT_4_3_QUESTINFODATA_ACTIONS_0_ACTIONTEXT,站稳脚步，迎战扑来的野兽。
QUEST_RABBIT_4_3_QUESTINFODATA_ACTIONS_0_DEFAULTOUTCOME_JOURNALTEXT,即使准备好了一把磨好的利剑，我们的英雄也无法打败黑暗力量。<hero_name>被迫逃离森林。
QUEST_RABBIT_4_3_QUESTINFODATA_ACTIONS_0_DEFAULTOUTCOME_OUTCOMETEXT,沸腾的阴影和渗漏的毒腐从黑暗中涌出。其中的黑影伤到了你。你逃走了，伤口滴淌着腐化。
QUEST_RABBIT_4_3_QUESTINFODATA_ACTIONS_0_TESTSUCCESSOUTCOME_JOURNALTEXT,但一把磨利的利刃足以遏制任何邪恶之力，我们的英雄迅速铲除了被腐化侵蚀的野兽。兔子很快获救。
QUEST_RABBIT_4_3_QUESTINFODATA_ACTIONS_0_TESTSUCCESSOUTCOME_OUTCOMETEXT,一团暗影般的腐化野兽向你冲来。他们是难缠的对手，但你设法击败了他们，解救了被囚的兔子。
QUEST_RABBIT_4_3_QUESTINFODATA_ACTIONS_1_ACTIONTEXT,爬上附近的一棵树，躲开即将到来的生物
QUEST_RABBIT_4_3_QUESTINFODATA_ACTIONS_1_DEFAULTOUTCOME_JOURNALTEXT,爬上附近的一棵树，<hero_name>等着给野兽来个突袭。不幸的是，被囚的兔子在随后的混乱中失陷了。
QUEST_RABBIT_4_3_QUESTINFODATA_ACTIONS_1_DEFAULTOUTCOME_OUTCOMETEXT,隐藏在枝头，你看到下面出现两只腐兽。你攻击并干掉一只，但另一只带着囚犯逃走了。
QUEST_RABBIT_4_3_QUESTINFODATA_ACTIONS_2_ACTIONTEXT,抽出贝恩之剑
QUEST_RABBIT_4_3_QUESTINFODATA_ACTIONS_2_DEFAULTOUTCOME_JOURNALTEXT,被诅咒的贝恩之剑击倒攻击者，一群腐兽。有了这武器在手，<hero_name>势不可挡。
QUEST_RABBIT_4_3_QUESTINFODATA_ACTIONS_2_DEFAULTOUTCOME_OUTCOMETEXT,腐化的动物受不了自己黑暗武器的攻击。你干掉了前来的野兽。他们的尸体爆出宝藏。
QUEST_RABBIT_4_3_QUESTINFODATA_ACTIONS_3_ACTIONTEXT,"""低头！"""
QUEST_RABBIT_4_3_QUESTINFODATA_ACTIONS_3_DEFAULTOUTCOME_JOURNALTEXT,炼金术士的怪药水吓跑了野兽。施放的魔法遭到破坏，并在空中回荡。
QUEST_RABBIT_4_3_QUESTINFODATA_ACTIONS_3_DEFAULTOUTCOME_OUTCOMETEXT,一只冒着蒸汽的冰蓝色瓶子在猛扑而来的黑影脚边砸碎在地。野兽逃走了，但它们的魔法仍萦绕在空中。
QUEST_RABBIT_4_3_QUESTINFODATA_ACTIONS_4_ACTIONTEXT,举起贝恩之爪
QUEST_RABBIT_4_3_QUESTINFODATA_ACTIONS_4_DEFAULTOUTCOME_JOURNALTEXT,翻涌的腐化暗影被贝恩之爪的原始力量抹除。运用得当的话，腐化可以成为一件强大的武器。
QUEST_RABBIT_4_3_QUESTINFODATA_ACTIONS_4_DEFAULTOUTCOME_OUTCOMETEXT,当你举起贝恩之爪时，沸腾的腐化暗影扭曲变形。片刻之后，它们爆裂开来。腐化无法与你抗衡。
QUEST_RABBIT_4_3_QUESTINFODATA_ENCOUNTERTEXT,进入<quest_tile>时，一种奇怪的感觉让你颈后的毛发根根竖起。怪异的腐化暗影冲进了空地。
QUEST_RABBIT_4_3_QUESTINFODATA_JOURNALENCOUNTERTEXT,树林很快吞没了<hero_name>，将我们的英雄围绕在黑暗中。邪恶力量正引得越来越近……
QUEST_RABBIT_4_3_QUESTINFODATA_JOURNALRUMOURTEXT,<hero_name>风闻有一个兔族工匠被关押在附近一些看不见的黑暗之所。我们的英雄很快采取行动。
QUEST_RABBIT_4_3_QUESTINFODATA_RUMOURTEXT,兔族的一名工匠被发现在附近的一些树林里，被一些黑暗的恶人扣为人质。似乎她可以利用你的帮助！
QUEST_RABBIT_4_3_QUESTINFODATA_TITLE,建造者
QUEST_RABBIT_4_4_QUESTINFODATA_ACTIONS_0_ACTIONTEXT,走进城堡并搜寻其中空的通道。
QUEST_RABBIT_4_4_QUESTINFODATA_ACTIONS_0_DEFAULTOUTCOME_JOURNALTEXT,我们的英雄试图夺取迷失城堡的宝藏，但火湖上涨太快，迫使<hero_name>逃离。
QUEST_RABBIT_4_4_QUESTINFODATA_ACTIONS_0_DEFAULTOUTCOME_OUTCOMETEXT,随着城堡渐渐沉入火湖，你发现自己被困在坍塌的通道中。你勉强保住了性命逃脱。
QUEST_RABBIT_4_4_QUESTINFODATA_ACTIONS_0_TESTSUCCESSOUTCOME_JOURNALTEXT,但<hero_name>翻转腾跃着跨过火湖，夺取了城堡失落宝库深处的珍贵灵石。
QUEST_RABBIT_4_4_QUESTINFODATA_ACTIONS_0_TESTSUCCESSOUTCOME_OUTCOMETEXT,随着通道沉入你周围的火湖，只有借助兔族的敏锐智力，你才能在自己的任务中取得成功。
QUEST_RABBIT_4_4_QUESTINFODATA_ACTIONS_1_ACTIONTEXT,在最安全的区域夺取宝藏。
QUEST_RABBIT_4_4_QUESTINFODATA_ACTIONS_1_DEFAULTOUTCOME_JOURNALTEXT,<hero_name>知道城堡探索太危险，但幸运的是不往里走仍然有大量的奖品可以去夺取。
QUEST_RABBIT_4_4_QUESTINFODATA_ACTIONS_1_DEFAULTOUTCOME_OUTCOMETEXT,你小心地接近城堡，知道随时都可能消失在火湖中。不过，你带着不错的奖品逃脱了。
QUEST_RABBIT_4_4_QUESTINFODATA_ACTIONS_2_ACTIONTEXT,"""这很热吗？"""
QUEST_RABBIT_4_4_QUESTINFODATA_ACTIONS_2_DEFAULTOUTCOME_JOURNALTEXT,熔岩湖的酷热似乎奈何不了铁匠。他带领我们的英雄穿过城堡，寻找其中的宝藏。
QUEST_RABBIT_4_4_QUESTINFODATA_ACTIONS_2_DEFAULTOUTCOME_OUTCOMETEXT,铁匠笑着抓住你的衣裳并将你推向前。在他的帮助下，你能够搜寻城堡中有用的工具。
QUEST_RABBIT_4_4_QUESTINFODATA_ACTIONS_3_ACTIONTEXT,"""靠左！这更稳。"""
QUEST_RABBIT_4_4_QUESTINFODATA_ACTIONS_3_DEFAULTOUTCOME_JOURNALTEXT,冒泡熔岩和扭曲的隧道对于任何有经验的矿工都一样公平。在她的帮助下，我们的英雄掠夺了城堡的大部分地方。
QUEST_RABBIT_4_4_QUESTINFODATA_ACTIONS_3_DEFAULTOUTCOME_OUTCOMETEXT,矿工在危险地下的经验被证明是有用的。在她的帮助下，你能够顺利地搜索城堡的大部分地方。
QUEST_RABBIT_4_4_QUESTINFODATA_ACTIONS_4_ACTIONTEXT,"""嘿！这摇摇晃晃！好好玩！"""
QUEST_RABBIT_4_4_QUESTINFODATA_ACTIONS_4_DEFAULTOUTCOME_JOURNALTEXT,傻瓜冲上前去。这可能是致命的决定。相反，它带来了珍贵的宝藏。他们在城堡沉没前离开了。
QUEST_RABBIT_4_4_QUESTINFODATA_ACTIONS_4_DEFAULTOUTCOME_OUTCOMETEXT,你的傻瓜在城堡中飞奔而去。你在后面追赶、试图拖慢他时，路过了一个破碎的宝箱。
QUEST_RABBIT_4_4_QUESTINFODATA_ENCOUNTERTEXT,在大地深处，你发现一座由石英和黑曜石建造的雄伟城堡。它早已被遗弃，摇摇欲坠地漂浮在熔岩之海上。
QUEST_RABBIT_4_4_QUESTINFODATA_JOURNALENCOUNTERTEXT,长久迷失的地下城堡已经被荒废了亿万年，其石英通道现在很快就要被火湖和灰烬吞噬了。
QUEST_RABBIT_4_4_QUESTINFODATA_JOURNALRUMOURTEXT,我们的英雄只是从低声细语中听说过失落的深地洞，但它的宝藏有助于夺取王座。是时候去寻找它了。
QUEST_RABBIT_4_4_QUESTINFODATA_RUMOURTEXT,你听说过深地洞，是吗？传说中是兔族在过去建造的地下城堡。里面有什么宝藏？
QUEST_RABBIT_4_4_QUESTINFODATA_TITLE,看不见的城堡
QUEST_RABBIT_4_5_QUESTINFODATA_ACTIONS_0_ACTIONTEXT,避开守卫并且窃取最珍贵的宝藏。
QUEST_RABBIT_4_5_QUESTINFODATA_ACTIONS_0_DEFAULTOUTCOME_JOURNALTEXT,我们的英雄试图闯入家族墓穴，但计划错的离谱。<hero_name>是那晚唯一一个逃脱庄园的。
QUEST_RABBIT_4_5_QUESTINFODATA_ACTIONS_0_DEFAULTOUTCOME_OUTCOMETEXT,不幸的是，没有所需的敏锐智力，闯入变得一团乱麻。你的同伙被捕，而你被迫逃离。
QUEST_RABBIT_4_5_QUESTINFODATA_ACTIONS_0_TESTSUCCESSOUTCOME_JOURNALTEXT,家族墓穴对于像<hero_name>这样的专家没有挑战性，而两位兔族窃贼轻松逃脱庄园。
QUEST_RABBIT_4_5_QUESTINFODATA_ACTIONS_0_TESTSUCCESSOUTCOME_OUTCOMETEXT,在朋友的协助下，你巧妙地避开守卫，洗劫了宝库。男爵很快就成了阿门罗最穷的老鼠。
QUEST_RABBIT_4_5_QUESTINFODATA_ACTIONS_1_ACTIONTEXT,固守空房间，并尽你所能带走东西。
QUEST_RABBIT_4_5_QUESTINFODATA_ACTIONS_1_DEFAULTOUTCOME_JOURNALTEXT,<hero_name>选择把重点放在偏殿，放弃容易得手的家族墓穴。收获证明计划实施得不够圆满。
QUEST_RABBIT_4_5_QUESTINFODATA_ACTIONS_1_DEFAULTOUTCOME_OUTCOMETEXT,当你的朋友忙于家族墓穴时，你专注于容易得手的部分。这证明是明智的：你的朋友被捕了。而你没有。
QUEST_RABBIT_4_5_QUESTINFODATA_ACTIONS_2_ACTIONTEXT,用化妆舞会面具掩饰自己
QUEST_RABBIT_4_5_QUESTINFODATA_ACTIONS_2_DEFAULTOUTCOME_JOURNALTEXT,化妆舞会面具的魔法让我们的英雄躲过了舞会守卫的监视。<hero_name>能暗中抢劫老鼠。
QUEST_RABBIT_4_5_QUESTINFODATA_ACTIONS_2_DEFAULTOUTCOME_OUTCOMETEXT,化妆舞会面具足以让你轻松躲过任何守卫。你带走自己能拿的一切，并溜走了。
QUEST_RABBIT_4_5_QUESTINFODATA_ACTIONS_3_ACTIONTEXT,陷害侍从
QUEST_RABBIT_4_5_QUESTINFODATA_ACTIONS_3_DEFAULTOUTCOME_JOURNALTEXT,当舞会的守卫在追查侍从的小偷小摸时，<hero_name>悄悄上楼并暗中抢劫了老鼠。
QUEST_RABBIT_4_5_QUESTINFODATA_ACTIONS_3_DEFAULTOUTCOME_OUTCOMETEXT,你选择让自己的侍从分散对方的注意力。守卫们抓住他们偷窃银器，让你悄悄溜上了楼。
QUEST_RABBIT_4_5_QUESTINFODATA_ACTIONS_4_ACTIONTEXT,借助翅靴快速跑过去
QUEST_RABBIT_4_5_QUESTINFODATA_ACTIONS_4_DEFAULTOUTCOME_JOURNALTEXT,我们的英雄穿上翅靴。借助他们赐予的传说中的速度，他们能够避开守卫，并暗中抢劫了老鼠。
QUEST_RABBIT_4_5_QUESTINFODATA_ACTIONS_4_DEFAULTOUTCOME_OUTCOMETEXT,借助翅靴，你太快都停不下来。你冲过舞会大堂，并一晃而过抢去所有的东西。
QUEST_RABBIT_4_5_QUESTINFODATA_ENCOUNTERTEXT,你打算与忠实的兔族同胞好好抢一票，并轻松溜进了庄园。现在的问题是，你偷什么？
QUEST_RABBIT_4_5_QUESTINFODATA_JOURNALENCOUNTERTEXT,<hero_name>与兔族中的一员联手，并溜进了豪宅。大抢劫已经开始了！
QUEST_RABBIT_4_5_QUESTINFODATA_JOURNALRUMOURTEXT,鼠族的一位男爵夫人正在举办一场假面舞会，炫耀她的财富和权力。<hero_name>决定带走点值钱的东西。
QUEST_RABBIT_4_5_QUESTINFODATA_RUMOURTEXT,鼠族男爵正在他的私人庄园里举办一个化装舞会。如果他在当晚被劫将非常尴尬，不是吗？
QUEST_RABBIT_4_5_QUESTINFODATA_TITLE,假面舞会
QUEST_RABBIT_4_6_QUESTINFODATA_ACTIONS_0_ACTIONTEXT,在泥丘之间跳跃以到达坚实的地面。
QUEST_RABBIT_4_6_QUESTINFODATA_ACTIONS_0_DEFAULTOUTCOME_JOURNALTEXT,尽管是兔族，<hero_name>也无法利用其自然的运动天赋，并被迫两爪空空地逃离沼泽。
QUEST_RABBIT_4_6_QUESTINFODATA_ACTIONS_0_DEFAULTOUTCOME_OUTCOMETEXT,这种事对兔族本该轻而易举，你却缺乏应对这种严苛挑战的机智。你在第一座土丘上绊倒，一头栽进厚厚的泥沼。最后你勉强保命逃出了沼泽。
QUEST_RABBIT_4_6_QUESTINFODATA_ACTIONS_0_TESTSUCCESSOUTCOME_JOURNALTEXT,拥有兔族的自然天赋，<hero_name>轻松地穿过变幻莫测的沼泽，夺取失落的宝藏。
QUEST_RABBIT_4_6_QUESTINFODATA_ACTIONS_0_TESTSUCCESSOUTCOME_OUTCOMETEXT,兔族天生善跳。你可以从一个小丘跳到另一个小丘穿过泥潭。你很快就会发现失踪间谍的遗骨，并取得了他的宝藏。
QUEST_RABBIT_4_6_QUESTINFODATA_ACTIONS_1_ACTIONTEXT,跋涉穿过厚厚的淤泥抵达更安全的海岸。
QUEST_RABBIT_4_6_QUESTINFODATA_ACTIONS_1_DEFAULTOUTCOME_JOURNALTEXT,<hero_name>拖着沉重的脚步向前穿过无尽的黑暗，很快就找到了失踪间谍的遗骨。他的宝藏早已不复存在，被吸进了泥潭之中。
QUEST_RABBIT_4_6_QUESTINFODATA_ACTIONS_1_DEFAULTOUTCOME_OUTCOMETEXT,你依靠过人的体魄逃生，继续前进。路途漫长，但你很快找到了方向，也因这段旅程增长了不少见识。
QUEST_RABBIT_4_6_QUESTINFODATA_ACTIONS_2_ACTIONTEXT,"""注意！难道你看不到路？"""
QUEST_RABBIT_4_6_QUESTINFODATA_ACTIONS_2_DEFAULTOUTCOME_JOURNALTEXT,就在<hero_name>认命要永远被困在沼泽中时，间谍首脑指出了通往安全之地的路。
QUEST_RABBIT_4_6_QUESTINFODATA_ACTIONS_2_DEFAULTOUTCOME_OUTCOMETEXT,王牌间谍的敏锐目光发现你错过的路径。她带领你到达安全之地。你发誓，她在她头巾下傻笑。
QUEST_RABBIT_4_6_QUESTINFODATA_ACTIONS_3_ACTIONTEXT,"""我以前走过这里。这边走！"""
QUEST_RABBIT_4_6_QUESTINFODATA_ACTIONS_3_DEFAULTOUTCOME_JOURNALTEXT,<hero_name>的商人熟悉阿门罗的每一条路。他带领我们的英雄穿过沼泽，回到安全之地。好的记性很有用。
QUEST_RABBIT_4_6_QUESTINFODATA_ACTIONS_3_DEFAULTOUTCOME_OUTCOMETEXT,你的商人抓住你的手臂，并引领你穿过腐烂树林之间隐藏的路径。经过几个小时的步行，你逃脱了。
QUEST_RABBIT_4_6_QUESTINFODATA_ACTIONS_4_ACTIONTEXT,用镜子斗篷发出求救信号
QUEST_RABBIT_4_6_QUESTINFODATA_ACTIONS_4_DEFAULTOUTCOME_JOURNALTEXT,我们的英雄被困沼泽中，用镜子斗篷发出求救信号。幸运的是路过的羊看见了，并将<hero_name>带至安全之地。
QUEST_RABBIT_4_6_QUESTINFODATA_ACTIONS_4_DEFAULTOUTCOME_OUTCOMETEXT,当你将镜子斗篷举向半空时，其闪耀发光。正当你放弃求救希望时，路过的山羊出现了，并将你带到安全之地。
QUEST_RABBIT_4_6_QUESTINFODATA_ENCOUNTERTEXT,经过数小时漫无目的徘徊，你意识到自己迷路了。你被四面八方的障碍包围着 - 你必须选择如何继续。
QUEST_RABBIT_4_6_QUESTINFODATA_JOURNALENCOUNTERTEXT,在进入沼泽的那一刻，雾气导致<hero_name>迷路了。迷路和孤独，我们的英雄束手无策。
QUEST_RABBIT_4_6_QUESTINFODATA_JOURNALRUMOURTEXT,兔族间谍已经迷失在了附近的沼泽，随身携带着珍贵的宝藏。我们的英雄决定尝试将其取回。
QUEST_RABBIT_4_6_QUESTINFODATA_RUMOURTEXT,你的一名兔族间谍消失在了<quest_tile>。他背着一个相当有价值的装饰品，最后我听说……
QUEST_RABBIT_4_6_QUESTINFODATA_TITLE,阴霾
QUEST_RABBIT_4_7_QUESTINFODATA_ACTIONS_0_ACTIONTEXT,打开箱子。
QUEST_RABBIT_4_7_QUESTINFODATA_ACTIONS_0_DEFAULTOUTCOME_JOURNALTEXT,<hero_name>抓住箱子，并试图强行打开它，但魔法认为兔族英雄配不上。它仍然始终紧闭。
QUEST_RABBIT_4_7_QUESTINFODATA_ACTIONS_0_DEFAULTOUTCOME_OUTCOMETEXT,你相信自己配得上宝藏，但守卫箱子的魔法显然不同意。你觉得变虚弱了，而箱子保持紧锁。
QUEST_RABBIT_4_7_QUESTINFODATA_ACTIONS_0_TESTSUCCESSOUTCOME_JOURNALTEXT,如果有一个动物能够夺取宝藏，那就一定是<hero_name>！轻松打开箱子，灵石已获得。
QUEST_RABBIT_4_7_QUESTINFODATA_ACTIONS_0_TESTSUCCESSOUTCOME_OUTCOMETEXT,你相信自己完全配得上其中的宝藏，轻松打开了箱子，取走了里面的灵石。
QUEST_RABBIT_4_7_QUESTINFODATA_ACTIONS_1_ACTIONTEXT,将箱子交给法师。
QUEST_RABBIT_4_7_QUESTINFODATA_ACTIONS_1_DEFAULTOUTCOME_JOURNALTEXT,<hero_name>知道最好不要惹古代魔法和诅咒，而是将箱子给法师保管。
QUEST_RABBIT_4_7_QUESTINFODATA_ACTIONS_1_DEFAULTOUTCOME_OUTCOMETEXT,"由于担心古代魔法漫过箱子，你选择将其出售给法师。""确实是！比受诅咒更安全！"""
QUEST_RABBIT_4_7_QUESTINFODATA_ACTIONS_2_ACTIONTEXT,"""只有傻瓜才白白丢掉魔法盒子。"""
QUEST_RABBIT_4_7_QUESTINFODATA_ACTIONS_2_DEFAULTOUTCOME_JOURNALTEXT,唉，忠实的硬币大师没有与巫术交手，而是说服法师买旧箱子换来了有价值的法术。
QUEST_RABBIT_4_7_QUESTINFODATA_ACTIONS_2_DEFAULTOUTCOME_OUTCOMETEXT,"""有价值的物品常被用来交易，""老獾说。""你能拿什么来换呢？""法师让步了，提出用法术卡来交换。"
QUEST_RABBIT_4_7_QUESTINFODATA_ACTIONS_3_ACTIONTEXT,加载手炮
QUEST_RABBIT_4_7_QUESTINFODATA_ACTIONS_3_DEFAULTOUTCOME_JOURNALTEXT,或许，我们的英雄本来有资格打开容器。<hero_name>永远不会知道，他们用手炮将其轰开。
QUEST_RABBIT_4_7_QUESTINFODATA_ACTIONS_3_DEFAULTOUTCOME_OUTCOMETEXT,当法师说话时，你将炮对准盒子。它被轰开了。你从中抢救出仍然完好无损的物品。法师很愤怒。
QUEST_RABBIT_4_7_QUESTINFODATA_ACTIONS_4_ACTIONTEXT,"""你说值得？"""
QUEST_RABBIT_4_7_QUESTINFODATA_ACTIONS_4_DEFAULTOUTCOME_JOURNALTEXT,陌生人似乎被石器认可。在他的爪中打开了，而我们的英雄与他分享了宝藏。
QUEST_RABBIT_4_7_QUESTINFODATA_ACTIONS_4_DEFAULTOUTCOME_OUTCOMETEXT,陌生人从你手上抢了盒子。它微微颤抖。快速抖动后，它打开了，陌生人与你分享了物品。
QUEST_RABBIT_4_7_QUESTINFODATA_ENCOUNTERTEXT,"""啊哈，一只石制容器！""老法师咯咯笑道。""它会衡量主人的实力，惩罚那些不配拥有它宝藏的人。"""
QUEST_RABBIT_4_7_QUESTINFODATA_JOURNALENCOUNTERTEXT,"老妪揭示这只箱子是一只""石制容器""，能赐予巨大宝藏或深重苦难，全看开启它的人是谁。"
QUEST_RABBIT_4_7_QUESTINFODATA_JOURNALRUMOURTEXT,<hero_name>的一名忠实间谍得到了一只上锁的奇怪箱子。也许当地的法师能揭示它的秘密？
QUEST_RABBIT_4_7_QUESTINFODATA_RUMOURTEXT,一名勘探者在附近发现了这个旧锁箱——里面似乎装着一块灵石！附近的镇上有位老法师，也许她能打开它？
QUEST_RABBIT_4_7_QUESTINFODATA_TITLE,古老的箱子
QUEST_RABBIT_4_8_QUESTINFODATA_ACTIONS_0_ACTIONTEXT,与腐化战斗并释放囚犯。
QUEST_RABBIT_4_8_QUESTINFODATA_ACTIONS_0_DEFAULTOUTCOME_JOURNALTEXT,<hero_name>试图解救囚犯，但腐化太过强大。我们的英雄被迫逃离，囚犯依然受困。
QUEST_RABBIT_4_8_QUESTINFODATA_ACTIONS_0_DEFAULTOUTCOME_OUTCOMETEXT,你冲入沼泽，但腐化的力量实在是太强大了。你被迫逃出来，而囚犯依然被困在那个邪恶的地方。
QUEST_RABBIT_4_8_QUESTINFODATA_ACTIONS_0_TESTSUCCESSOUTCOME_JOURNALTEXT,<hero_name>冲进沼泽，怀尔德之力击倒了堕落的守卫。囚犯很快获释，监狱也被摧毁。
QUEST_RABBIT_4_8_QUESTINFODATA_ACTIONS_0_TESTSUCCESSOUTCOME_OUTCOMETEXT,你冲锋向前，挥舞剑，怀尔德的歌声涌过你的身体。守卫们屈服了，他们的囚犯很快就被释放了。
QUEST_RABBIT_4_8_QUESTINFODATA_ACTIONS_1_ACTIONTEXT,尝试释放囚犯而不惊动守卫。
QUEST_RABBIT_4_8_QUESTINFODATA_ACTIONS_1_DEFAULTOUTCOME_JOURNALTEXT,<hero_name>避开了堕落的守卫，在被逼逃离前仅救出了少数囚犯。不过，有几个总比没有好。
QUEST_RABBIT_4_8_QUESTINFODATA_ACTIONS_1_DEFAULTOUTCOME_OUTCOMETEXT,你潜行在监狱的四周，并释放了一些囚犯，但在你逃跑时许多人仍然在押。至少有几人可以被解救。
QUEST_RABBIT_4_8_QUESTINFODATA_ACTIONS_2_ACTIONTEXT,"""这些守卫充斥着腐化。让我来。"""
QUEST_RABBIT_4_8_QUESTINFODATA_ACTIONS_2_DEFAULTOUTCOME_JOURNALTEXT,<hero_name>忠实的术士走上前去，监狱守卫陷入火海。监狱被释放，但腐化会继续存在。
QUEST_RABBIT_4_8_QUESTINFODATA_ACTIONS_2_DEFAULTOUTCOME_OUTCOMETEXT,术士上前一步，耳语了一个邪恶的经文。守卫们开始冲锋，但都立即陷入火海，化为一堆灰烬。
QUEST_RABBIT_4_8_QUESTINFODATA_ACTIONS_3_ACTIONTEXT,为自己穿上狮心胸甲
QUEST_RABBIT_4_8_QUESTINFODATA_ACTIONS_3_DEFAULTOUTCOME_JOURNALTEXT,然而一旦我们的英雄穿上狮心胸甲，沼泽中被腐蚀的强大守卫们就不能与之相匹敌。
QUEST_RABBIT_4_8_QUESTINFODATA_ACTIONS_3_DEFAULTOUTCOME_OUTCOMETEXT,身着狮心胸甲的你势不可挡。你冲入沼泽，引导怀尔德之力。<quest_tile>很快得到净化。
QUEST_RABBIT_4_8_QUESTINFODATA_ENCOUNTERTEXT,监狱已被腐化侵占，典狱者也早已被这股邪力堕落。唯有身怀怀尔德之力的强者才能与之抗衡。
QUEST_RABBIT_4_8_QUESTINFODATA_JOURNALENCOUNTERTEXT,我们的英雄深入沼泽，发现旧监狱已被腐化彻底侵占。唯有身怀怀尔德之力的强者才有一线机会。
QUEST_RABBIT_4_8_QUESTINFODATA_JOURNALRUMOURTEXT,<hero_name>听说旧监狱隐藏在<quest_tile>的深处。其囚犯是兔族的盟友，需要被释放！
QUEST_RABBIT_4_8_QUESTINFODATA_RUMOURTEXT,那些忠诚于我们的人被送到<quest_tile>深处的一所旧监狱。他们必须被释放，而他们的压迫者要受到惩罚！
QUEST_RABBIT_4_8_QUESTINFODATA_TITLE,腐化监狱
QUEST_RABBIT_4_9_QUESTINFODATA_ACTIONS_0_ACTIONTEXT,召唤怀尔德净化森林的腐化。
QUEST_RABBIT_4_9_QUESTINFODATA_ACTIONS_0_DEFAULTOUTCOME_JOURNALTEXT,怀尔德没有理会<hero_name>的恳求，让我们的英雄独自对抗致命的野兽。寡不敌众，<hero_name>被迫逃离。
QUEST_RABBIT_4_9_QUESTINFODATA_ACTIONS_0_DEFAULTOUTCOME_OUTCOMETEXT,你向怀尔德低语，但它没有回应你的召唤。贝恩实难对付，它的宝藏只能无人认领。
QUEST_RABBIT_4_9_QUESTINFODATA_ACTIONS_0_TESTSUCCESSOUTCOME_JOURNALTEXT,怀尔德听到了<hero_name>的恳求，以迅疾而致命的狂怒作出回应。贝恩烧成灰烬，宝藏很快被夺取。
QUEST_RABBIT_4_9_QUESTINFODATA_ACTIONS_0_TESTSUCCESSOUTCOME_OUTCOMETEXT,你向怀尔德耳语，而它听从了你的召唤。贝恩尖叫着，在你眼前烧成灰，并留下了无人守卫的宝藏。
QUEST_RABBIT_4_9_QUESTINFODATA_ACTIONS_1_ACTIONTEXT,找当地人帮忙干掉野兽。
QUEST_RABBIT_4_9_QUESTINFODATA_ACTIONS_1_DEFAULTOUTCOME_JOURNALTEXT,<hero_name>在<quest_tile>到处寻找帮助，并在他们的协助下干掉了贝恩。森林再次获得了安全。
QUEST_RABBIT_4_9_QUESTINFODATA_ACTIONS_1_DEFAULTOUTCOME_OUTCOMETEXT,你悄悄离去并在森林中寻找其他人帮忙干掉贝恩。虽然成功了，但你放弃了宝藏以作为对他们援助的感谢。
QUEST_RABBIT_4_9_QUESTINFODATA_ACTIONS_2_ACTIONTEXT,举起御盾
QUEST_RABBIT_4_9_QUESTINFODATA_ACTIONS_2_DEFAULTOUTCOME_JOURNALTEXT,贝恩无法战胜<hero_name>并且在恐惧中逃走了。我们的英雄被留下埋葬被野兽杀死的动物。
QUEST_RABBIT_4_9_QUESTINFODATA_ACTIONS_2_DEFAULTOUTCOME_OUTCOMETEXT,贝恩无法击穿御盾。它抓起箱子逃走了，留下你悼念阵亡的兔子。
QUEST_RABBIT_4_9_QUESTINFODATA_ACTIONS_3_ACTIONTEXT,"""别管贝恩！还有人活着！"""
QUEST_RABBIT_4_9_QUESTINFODATA_ACTIONS_3_DEFAULTOUTCOME_JOURNALTEXT,<hero_name>的药师意识到一只受伤的兔子其实还活着。他们合力救了他。
QUEST_RABBIT_4_9_QUESTINFODATA_ACTIONS_3_DEFAULTOUTCOME_OUTCOMETEXT,在药师的帮助下，你拖走并拯救了一只受伤的兔子。作为感谢，他给了你一件珍贵的宝藏。
QUEST_RABBIT_4_9_QUESTINFODATA_ACTIONS_4_ACTIONTEXT,用月之镰刀摧毁贝恩
QUEST_RABBIT_4_9_QUESTINFODATA_ACTIONS_4_DEFAULTOUTCOME_JOURNALTEXT,<hero_name>举起古老的镰刀，贝恩被迅速摧毁——不幸的是，它守护的宝藏也随之被毁了！
QUEST_RABBIT_4_9_QUESTINFODATA_ACTIONS_4_DEFAULTOUTCOME_OUTCOMETEXT,古代兵器的力量被证明足以轻松毁灭贝恩 - 尽管它也将很多宝藏在其净化之火中摧毁。
QUEST_RABBIT_4_9_QUESTINFODATA_ENCOUNTERTEXT,你在挖掘现场发现，有几只被害的兔子已经为他们的好奇心付出了代价。不远处，可以看到一个贝恩守着一只奇怪的箱子。
QUEST_RABBIT_4_9_QUESTINFODATA_JOURNALENCOUNTERTEXT,我们的英雄轻松找到了挖掘现场，以及现在掌控整个森林的邪恶贝恩。<hero_name>该怎么办？
QUEST_RABBIT_4_9_QUESTINFODATA_JOURNALRUMOURTEXT,兔族总是在挖掘，发掘古老的过往。这一次，他们挖出了糟糕得多的东西：一只腐化生物！
QUEST_RABBIT_4_9_QUESTINFODATA_RUMOURTEXT,一些兔族探险家在距此有些路程的树林里发现了某些东西。可能是有价值的东西，但它被讨厌的腐兽把守着！
QUEST_RABBIT_4_9_QUESTINFODATA_TITLE,深度挖掘
QUEST_RABBIT_5_1_QUESTINFODATA_ACTIONS_0_ACTIONTEXT,听从自己的命运。
QUEST_RABBIT_5_1_QUESTINFODATA_ACTIONS_0_DEFAULTOUTCOME_JOURNALTEXT,从直通王座室的秘密通道进入王宫，兔族诡计多端的本性展露无遗。
QUEST_RABBIT_5_1_QUESTINFODATA_ACTIONS_0_DEFAULTOUTCOME_OUTCOMETEXT,钥匙当然正合适——这情形正是兔族预先设想的，秘密通道会带你直达王座室。
QUEST_RABBIT_5_1_QUESTINFODATA_ENCOUNTERTEXT,宫殿的建筑是兔族的最高成就。现在，你就站在它的面前。准备自己拿下它。
QUEST_RABBIT_5_1_QUESTINFODATA_JOURNALENCOUNTERTEXT,就是这里。大门之内就是他的所在。疯狂国王——这趟旅程开始的全部缘由。而且，王座也在里面。
QUEST_RABBIT_5_1_QUESTINFODATA_JOURNALRUMOURTEXT,如今，兔子是诸部族中最勤勉的一族，他们不辞辛劳地为<hero_name>寻找进入王宫的途径。
QUEST_RABBIT_5_1_QUESTINFODATA_RUMOURTEXT,兔族的工匠制作了一把小钥匙，可以直接打开通向疯狂国王的大门。
QUEST_RABBIT_5_1_QUESTINFODATA_TITLE,奇妙的冒险
QUEST_RABBIT_PROLOGUE_1_QUESTINFODATA_ACTIONS_0_ACTIONTEXT,祛除魔法。
QUEST_RABBIT_PROLOGUE_1_QUESTINFODATA_ACTIONS_0_DEFAULTOUTCOME_JOURNALTEXT,没有这样的运气。魔法在周围发着光，吟游诗人颤抖着然后变成红色。她被掷出去，一阵力量将你打翻。
QUEST_RABBIT_PROLOGUE_1_QUESTINFODATA_ACTIONS_0_DEFAULTOUTCOME_OUTCOMETEXT,尽管魔法准备充分，安布尔却终究没有那份心神抵挡地牢中乱窜的魔法。吟游诗人未能获救。
QUEST_RABBIT_PROLOGUE_1_QUESTINFODATA_ACTIONS_0_TESTSUCCESSOUTCOME_JOURNALTEXT,得益于她的魔法，安布尔驱散了咒语，拯救了吟游诗人。
QUEST_RABBIT_PROLOGUE_1_QUESTINFODATA_ACTIONS_0_TESTSUCCESSOUTCOME_OUTCOMETEXT,快速挥爪后光芒消退。吟游诗人倒下了，重重地跌倒在地上。她很快就醒过来。
QUEST_RABBIT_PROLOGUE_1_QUESTINFODATA_ACTIONS_1_ACTIONTEXT,把她拉下来。
QUEST_RABBIT_PROLOGUE_1_QUESTINFODATA_ACTIONS_1_DEFAULTOUTCOME_JOURNALTEXT,尽管安布尔将吟游诗人从魔法中拯救出来，但还是有一定程度的……意外损坏。吟游诗人无法加入她。
QUEST_RABBIT_PROLOGUE_1_QUESTINFODATA_ACTIONS_1_DEFAULTOUTCOME_OUTCOMETEXT,在进行了几次跳跃和多次起伏后，你突然猛地将吟游诗人从魔法中拉出！摔在你身上。你们两个都摔倒了。吟游诗人咆哮着。她的腿部受伤了。
QUEST_RABBIT_PROLOGUE_1_QUESTINFODATA_ENCOUNTERTEXT,搜索地牢时，你被一个奇怪的光吸引了。那是吟游诗人，她浮在一片打偏的魔法泡泡中睡着了。
QUEST_RABBIT_PROLOGUE_1_QUESTINFODATA_JOURNALENCOUNTERTEXT,我们的英雄在任务途中遭遇了强大的魔法。吟游诗人漂浮在地牢的过道中，沉睡在魔法之中。
QUEST_RABBIT_PROLOGUE_1_QUESTINFODATA_JOURNALRUMOURTEXT,我们的英雄来到附近一个地牢里，正逢一名吟游诗人被绑架。救援和拿到宝藏。有什么更好的方法来获得声望吗？
QUEST_RABBIT_PROLOGUE_1_QUESTINFODATA_RUMOURTEXT,一名技艺超卓的吟游诗人，为一首歌曲而研究有关丢失的宝藏的故事时，迷失在了<quest_tile>。
QUEST_RABBIT_PROLOGUE_1_QUESTINFODATA_TITLE,亲历历史
QUEST_RABBIT_PROLOGUE_2_QUESTINFODATA_ACTIONS_0_ACTIONTEXT,为兔族而胜。
QUEST_RABBIT_PROLOGUE_2_QUESTINFODATA_ACTIONS_0_DEFAULTOUTCOME_JOURNALTEXT,安布尔马上为两场战斗而不是有两个敌人的一场战斗做好了准备。她还是赢了，但是被侧击了一下。
QUEST_RABBIT_PROLOGUE_2_QUESTINFODATA_ACTIONS_0_DEFAULTOUTCOME_OUTCOMETEXT,你要一对一地打败任何一个决斗者。不幸的是，他们一起对抗你。你赢了战斗，却受伤了。
QUEST_RABBIT_PROLOGUE_2_QUESTINFODATA_ACTIONS_0_TESTSUCCESSOUTCOME_JOURNALTEXT,许多人低估了安布尔。她看起来那么和善——直到她的利刃架上你的咽喉。决斗者们惨痛地领教了这一点。
QUEST_RABBIT_PROLOGUE_2_QUESTINFODATA_ACTIONS_0_TESTSUCCESSOUTCOME_OUTCOMETEXT,你跃入场中，利剑自阳伞内隐藏的剑鞘中闪出。决斗者不堪一击。你大获全胜。
QUEST_RABBIT_PROLOGUE_2_QUESTINFODATA_ACTIONS_1_ACTIONTEXT,结束了这场暴力之争。
QUEST_RABBIT_PROLOGUE_2_QUESTINFODATA_ACTIONS_1_DEFAULTOUTCOME_JOURNALTEXT,没时间纠缠这种无聊的争斗。安布尔终结了暴力。和平，外加铁腕。阿门罗敬重这一点。
QUEST_RABBIT_PROLOGUE_2_QUESTINFODATA_ACTIONS_1_DEFAULTOUTCOME_OUTCOMETEXT,你的声音震撼有力，并有着利剑的支持。决斗者不情愿地回到他们的部族领地。大解脱。
QUEST_RABBIT_PROLOGUE_2_QUESTINFODATA_ENCOUNTERTEXT,战圈已经画定。两名斗士站立着，蓄势待发。你推开周围的人群挤了进去。
QUEST_RABBIT_PROLOGUE_2_QUESTINFODATA_JOURNALENCOUNTERTEXT,安布尔抵达后发现战斗即将开始。如果她能找到一些方法挽救这种情况的话，她现在就必须采取行动了。
QUEST_RABBIT_PROLOGUE_2_QUESTINFODATA_JOURNALRUMOURTEXT,为了能让国王听取意见，安布尔带领她走向铁针。这些山上将进行一场决斗。
QUEST_RABBIT_PROLOGUE_2_QUESTINFODATA_RUMOURTEXT,部族争斗的紧要关头。鼠族和狼族的代表正在计划着决斗。这将打破当前的和平条约！
QUEST_RABBIT_PROLOGUE_2_QUESTINFODATA_TITLE,狼爪鼠牙
QUEST_RABBIT_PROLOGUE_3_QUESTINFODATA_ACTIONS_0_ACTIONTEXT,搜索整个沼泽。
QUEST_RABBIT_PROLOGUE_3_QUESTINFODATA_ACTIONS_0_DEFAULTOUTCOME_JOURNALTEXT,安布尔无法在<quest_tile>中找到隐藏的宝藏。这里道路曲折，让她迷失了方向。
QUEST_RABBIT_PROLOGUE_3_QUESTINFODATA_ACTIONS_0_DEFAULTOUTCOME_OUTCOMETEXT,你试着找出某种搜索模式，但最终还是盲目地徘徊。很快，筋疲力尽的你撤退了。努力让你感到虚弱。
QUEST_RABBIT_PROLOGUE_3_QUESTINFODATA_ACTIONS_0_TESTSUCCESSOUTCOME_JOURNALTEXT,安布尔不费吹灰之力便找到了宝藏。然而，当她离开时，她发现国王守卫开始类似的搜索。
QUEST_RABBIT_PROLOGUE_3_QUESTINFODATA_ACTIONS_0_TESTSUCCESSOUTCOME_OUTCOMETEXT,你设计了一个搜索模式，然后很快找到了宝藏。当你离开时，你注意到一群国王守卫进入废墟。奇怪。
QUEST_RABBIT_PROLOGUE_3_QUESTINFODATA_ACTIONS_1_ACTIONTEXT,画出地牢的地图。
QUEST_RABBIT_PROLOGUE_3_QUESTINFODATA_ACTIONS_1_DEFAULTOUTCOME_JOURNALTEXT,安布尔没有把时间浪费在寻找暗藏的宝藏上，而是绘制了<quest_tile>的地图。为阿门罗做的一件好事。
QUEST_RABBIT_PROLOGUE_3_QUESTINFODATA_ACTIONS_1_DEFAULTOUTCOME_OUTCOMETEXT,远寻者并非总要找到什么东西。你仔细绘制了地牢的路径。这张地图只会让你的名声更响。
QUEST_RABBIT_PROLOGUE_3_QUESTINFODATA_ENCOUNTERTEXT,建筑物发出臭味。你捂住自己的鼻子。曲折的路线带着你兜圈子。宝藏就在这个迷宫的某个地方。
QUEST_RABBIT_PROLOGUE_3_QUESTINFODATA_JOURNALENCOUNTERTEXT,安布尔进入地牢，开始搜索。尽管她技能超卓，但她很快就迷失在了黑暗中。
QUEST_RABBIT_PROLOGUE_3_QUESTINFODATA_JOURNALRUMOURTEXT,安布尔听闻了一个被遗忘的腐化宝藏的传言。据说，它就藏在<quest_tile>的污秽之中。
QUEST_RABBIT_PROLOGUE_3_QUESTINFODATA_RUMOURTEXT,一件危险腐化遗物的传言传遍了大地。据说，这件强力宝物就在附近的一座地牢里。
QUEST_RABBIT_PROLOGUE_3_QUESTINFODATA_TITLE,黑暗中的奇迹
QUEST_RAT_1_1_QUESTINFODATA_ACTIONS_0_ACTIONTEXT,造成恐慌。迎面攻击！
QUEST_RAT_1_1_QUESTINFODATA_ACTIONS_0_DEFAULTOUTCOME_JOURNALTEXT,<hero_name>漏了一个小细节。疏忽足以导致输掉战斗。我们的英雄发誓不会再犯这样的错误。
QUEST_RAT_1_1_QUESTINFODATA_ACTIONS_0_DEFAULTOUTCOME_OUTCOMETEXT,你试图猛攻城市守卫。你没有发现一个巧妙布置的陷阱。你被诱捕了。守卫们打败了你，将你踢出城。
QUEST_RAT_1_1_QUESTINFODATA_ACTIONS_0_TESTSUCCESSOUTCOME_JOURNALTEXT,我们的英雄杀掉了守卫。市长提出用宝藏求饶。虽然<hero_name>接受了，但市长的命运未知。
QUEST_RAT_1_1_QUESTINFODATA_ACTIONS_0_TESTSUCCESSOUTCOME_OUTCOMETEXT,守卫们没有任何机会。你从暗处一跃而起并将他们击倒。市长求饶，用宝藏换取活命。
QUEST_RAT_1_1_QUESTINFODATA_ACTIONS_1_ACTIONTEXT,避开守卫
QUEST_RAT_1_1_QUESTINFODATA_ACTIONS_1_DEFAULTOUTCOME_JOURNALTEXT,市长的守卫没有预料到<hero_name>的能力。我们的英雄干掉市长并轻松逃脱。
QUEST_RAT_1_1_QUESTINFODATA_ACTIONS_1_DEFAULTOUTCOME_OUTCOMETEXT,有勇更要有谋。你避开守卫并进入塔内。你迅速了结市长，并逃离现场。
QUEST_RAT_1_1_QUESTINFODATA_ENCOUNTERTEXT,聚落戒备森严。他们好像非常期望你的到来。市长一定被藏在靠北墙的塔中。
QUEST_RAT_1_1_QUESTINFODATA_JOURNALENCOUNTERTEXT,当我们的英雄到来时，狡猾的守卫们做好了充分的准备。<hero_name>的任务似乎从一开始就注定要失败。
QUEST_RAT_1_1_QUESTINFODATA_JOURNALRUMOURTEXT,<hero_name>需要在出发前确保供应线和支持。<quest_tile>的市长打乱了有秩序的贸易。
QUEST_RAT_1_1_QUESTINFODATA_RUMOURTEXT,附近一个聚落的市长从经过他领地的各种贸易马车进行窃取。
QUEST_RAT_1_1_QUESTINFODATA_TITLE,供应线
QUEST_RAT_1_2_QUESTINFODATA_ACTIONS_0_ACTIONTEXT,与僧侣交手
QUEST_RAT_1_2_QUESTINFODATA_ACTIONS_0_DEFAULTOUTCOME_JOURNALTEXT,<hero_name>高估了他们的技能。他们很容易被训练有素的僧侣打败，并被遗弃在路边。
QUEST_RAT_1_2_QUESTINFODATA_ACTIONS_0_DEFAULTOUTCOME_OUTCOMETEXT,这些僧侣生来就为战斗。他们彻底击败了你，躬身行礼，然后把你丢在路边，扬长而去。
QUEST_RAT_1_2_QUESTINFODATA_ACTIONS_0_TESTSUCCESSOUTCOME_JOURNALTEXT,<hero_name>出手攻击。虽然我们的英雄落败，僧侣们却深为赞许。依照他们门派的规矩，他们将灵石作为礼物相赠。
QUEST_RAT_1_2_QUESTINFODATA_ACTIONS_0_TESTSUCCESSOUTCOME_OUTCOMETEXT,"你勇敢地战斗，但僧侣打败了你。他们鞠了一躬。""你很善战。你值得拥有灵石。祝<hero_name>好运"""
QUEST_RAT_1_2_QUESTINFODATA_ACTIONS_1_ACTIONTEXT,偷偷接近行列并偷走灵石
QUEST_RAT_1_2_QUESTINFODATA_ACTIONS_1_DEFAULTOUTCOME_JOURNALTEXT,<hero_name>跟着僧侣，直到他们停下来休息。当他们打瞌睡时，我们的英雄抢劫了他们，逃进夜色中。
QUEST_RAT_1_2_QUESTINFODATA_ACTIONS_1_DEFAULTOUTCOME_OUTCOMETEXT,你晚上偷偷穿过营地，寻找灵石。不幸的是，似乎教派把它藏了起来，但你偶然发现一个有用的工具。
QUEST_RAT_1_2_QUESTINFODATA_ENCOUNTERTEXT,你发现僧侣们旅行穿过<quest_tile>。他们穿着古代战士教派的象征。这可能是困难的。
QUEST_RAT_1_2_QUESTINFODATA_JOURNALENCOUNTERTEXT,僧侣作为战士教派的一部分，很好地守卫着宝石。<hero_name>停下来考虑他们的行动路线。
QUEST_RAT_1_2_QUESTINFODATA_JOURNALRUMOURTEXT,<hero_name>向<quest_tile>进发。一群僧侣正运送着一块珍贵的灵石穿过那里。
QUEST_RAT_1_2_QUESTINFODATA_RUMOURTEXT,一队怀尔德崇拜者抬着一块灵石走村串镇，供人们向它祈祷。
QUEST_RAT_1_2_QUESTINFODATA_TITLE,更大的善举
QUEST_RAT_1_3_QUESTINFODATA_ACTIONS_0_ACTIONTEXT,反击！
QUEST_RAT_1_3_QUESTINFODATA_ACTIONS_0_DEFAULTOUTCOME_JOURNALTEXT,我们的英雄在战斗中落败。十二罗汉解释说，他们需要强硬之人。他们感谢了<hero_name>后离开。
QUEST_RAT_1_3_QUESTINFODATA_ACTIONS_0_DEFAULTOUTCOME_OUTCOMETEXT,"十二罗汉冲击了你，甚至没有任何首领，他们也完全打败了你。后来，他们给你买饮料并道了歉。""你不是最佳人选。"""
QUEST_RAT_1_3_QUESTINFODATA_ACTIONS_0_TESTSUCCESSOUTCOME_JOURNALTEXT,十二罗汉对<hero_name>的技能与武器留下了深刻的印象。他们让我们的英雄作为一名成员入伙，并且他们的首领提供了援助。
QUEST_RAT_1_3_QUESTINFODATA_ACTIONS_0_TESTSUCCESSOUTCOME_OUTCOMETEXT,躲开。招架。攻击！你轻松打败了鼠族。令人印象深刻，他们当场让你入伙。他们的首领同意协助你的任务。
QUEST_RAT_1_3_QUESTINFODATA_ACTIONS_1_ACTIONTEXT,逃离旅店
QUEST_RAT_1_3_QUESTINFODATA_ACTIONS_1_DEFAULTOUTCOME_JOURNALTEXT,<hero_name>不能冒受伤的风险。我们的英雄以惊人的速度逃离了战场。
QUEST_RAT_1_3_QUESTINFODATA_ACTIONS_1_DEFAULTOUTCOME_OUTCOMETEXT,你掀翻桌子并在一阵泼洒的食物和啤酒中逃走了。十二罗汉在你后面呼喊，但你已经出门走了。
QUEST_RAT_1_3_QUESTINFODATA_ENCOUNTERTEXT,"十二罗汉与你在<quest_tile>南门的一个昏暗的旅馆会面。在礼貌的问候之后，他们解释说他们需要""考验""你并进行了攻击。"
QUEST_RAT_1_3_QUESTINFODATA_JOURNALENCOUNTERTEXT,按鼠族的标准，十二罗汉算是一伙相当友善的家伙。虽然他们攻击了<hero_name>，但态度非常客气。
QUEST_RAT_1_3_QUESTINFODATA_JOURNALRUMOURTEXT,有名的窃贼团队恐怖桥十二罗汉，正在寻找成员。或许<hero_name>可以争取他们的支持。
QUEST_RAT_1_3_QUESTINFODATA_RUMOURTEXT,恐怖桥十二罗汉在他们的首领在出了问题的任务中阵亡后，正在寻找一名新的成员。
QUEST_RAT_1_3_QUESTINFODATA_TITLE,恐怖桥十二罗汉
QUEST_RAT_1_4_QUESTINFODATA_ACTIONS_0_ACTIONTEXT,尝试解决这一难题
QUEST_RAT_1_4_QUESTINFODATA_ACTIONS_0_DEFAULTOUTCOME_JOURNALTEXT,虽然<hero_name>比任何村民都更接近，但箱子的秘密仍然没有解开。它突然关闭，毒害我们的英雄。
QUEST_RAT_1_4_QUESTINFODATA_ACTIONS_0_DEFAULTOUTCOME_OUTCOMETEXT,村民们敬畏地看着。你比任何人都更进一步。突然箱子关闭了。淬毒的针头刺戳进你的爪子。
QUEST_RAT_1_4_QUESTINFODATA_ACTIONS_0_TESTSUCCESSOUTCOME_JOURNALTEXT,<hero_name>轻松解决了谜箱。我们的英雄已经采取了第一个步骤。希望在接下来的步骤中也会顺利。
QUEST_RAT_1_4_QUESTINFODATA_ACTIONS_0_TESTSUCCESSOUTCOME_OUTCOMETEXT,这个箱子经过精心设计，你要避开隐藏的机关和陷阱。它弹开了，露出了石头。村民们欢呼你的名字。
QUEST_RAT_1_4_QUESTINFODATA_ACTIONS_1_ACTIONTEXT,砸开箱子
QUEST_RAT_1_4_QUESTINFODATA_ACTIONS_1_DEFAULTOUTCOME_JOURNALTEXT,<hero_name>把箱子砸开。石头破了，但里面的齿轮和机关教了我们的英雄很多有用的东西。
QUEST_RAT_1_4_QUESTINFODATA_ACTIONS_1_DEFAULTOUTCOME_OUTCOMETEXT,答案显而易见。你砸开了箱子。内部的构造显露出来。你学到了些东西，但灵石损坏了。
QUEST_RAT_1_4_QUESTINFODATA_ENCOUNTERTEXT,<quest_tile>的每个人都试图打开箱子。他们将其交到你手上。这似乎是疯狂国王的扭曲肖像。
QUEST_RAT_1_4_QUESTINFODATA_JOURNALENCOUNTERTEXT,<quest_tile>的村民们交出谜箱。上面华丽地雕刻着阿门罗国王的肖像。
QUEST_RAT_1_4_QUESTINFODATA_JOURNALRUMOURTEXT,<hero_name>听闻传闻，一块灵石被困在一只牢不可破的谜箱之中。我们的英雄定能解开它。
QUEST_RAT_1_4_QUESTINFODATA_RUMOURTEXT,装着灵石的谜箱难住了阿门罗最聪明的头脑。任何人都可以尝试破解它。
QUEST_RAT_1_4_QUESTINFODATA_TITLE,智力难题
QUEST_RAT_1_5_QUESTINFODATA_ACTIONS_0_ACTIONTEXT,在审判中发言
QUEST_RAT_1_5_QUESTINFODATA_ACTIONS_0_DEFAULTOUTCOME_JOURNALTEXT,在疯狂国王的统治下，正义难寻。<hero_name>没能解救囚犯。他们发誓不让下一个无辜者丧命。
QUEST_RAT_1_5_QUESTINFODATA_ACTIONS_0_DEFAULTOUTCOME_OUTCOMETEXT,你支持镇民们的防御。不幸的是，男爵歪曲了你的话，并让你做的一切白费了。这里没有正义。
QUEST_RAT_1_5_QUESTINFODATA_ACTIONS_0_TESTSUCCESSOUTCOME_JOURNALTEXT,<hero_name>的雄辩为囚犯赢得了释放。欣喜若狂的囚犯发誓效忠于我们英雄的事业。
QUEST_RAT_1_5_QUESTINFODATA_ACTIONS_0_TESTSUCCESSOUTCOME_OUTCOMETEXT,老鼠的言辞成了传说。你充满激情地辩论，并团结村子。被释放的囚犯向你的事业发誓作为感谢。
QUEST_RAT_1_5_QUESTINFODATA_ACTIONS_1_ACTIONTEXT,解救囚犯
QUEST_RAT_1_5_QUESTINFODATA_ACTIONS_1_DEFAULTOUTCOME_JOURNALTEXT,<hero_name>帮助解救了囚犯。多亏我们英雄的帮助，他保住了性命，却不得不作为通缉犯逃离阿门罗。
QUEST_RAT_1_5_QUESTINFODATA_ACTIONS_1_DEFAULTOUTCOME_OUTCOMETEXT,夜幕降临，你闯入牢房，带着囚犯逃了出去。他向你致谢，但因性命堪忧，被迫逃离阿门罗。
QUEST_RAT_1_5_QUESTINFODATA_ENCOUNTERTEXT,这座城市气氛紧张。你四处打听，发现被告被关在驻军牢房里。审判几小时后开始。
QUEST_RAT_1_5_QUESTINFODATA_JOURNALENCOUNTERTEXT,<hero_name>来的正是时候，试图阻止不公正的行刑。
QUEST_RAT_1_5_QUESTINFODATA_JOURNALRUMOURTEXT,<quest_tile>的男爵已将一名鼠族效忠者判为行刑。<hero_name>不得不采取行动。
QUEST_RAT_1_5_QUESTINFODATA_RUMOURTEXT,不公正的男爵正试图对一名鼠族效忠者行刑。如果没有人干涉，他们会被绞死。
QUEST_RAT_1_5_QUESTINFODATA_TITLE,在诚实的防御中
QUEST_RAT_1_6_QUESTINFODATA_ACTIONS_0_ACTIONTEXT,搜寻赝品
QUEST_RAT_1_6_QUESTINFODATA_ACTIONS_0_DEFAULTOUTCOME_JOURNALTEXT,阿图尔的伪造太精准了。<hero_name>无法发现赝品，这让阿图尔很高兴。
QUEST_RAT_1_6_QUESTINFODATA_ACTIONS_0_DEFAULTOUTCOME_OUTCOMETEXT,"你搜遍了房子。最后，你只能瞎猜一个。阿图尔冷笑道：""我还以为你更聪明呢，<hero_name>。"""
QUEST_RAT_1_6_QUESTINFODATA_ACTIONS_0_TESTSUCCESSOUTCOME_JOURNALTEXT,我们的英雄识破了阿图尔的伎俩。他解决了这个谜题，并获赠一个宝藏作为当之无愧的奖励。
QUEST_RAT_1_6_QUESTINFODATA_ACTIONS_0_TESTSUCCESSOUTCOME_OUTCOMETEXT,"答案如灵光乍现。""全都是赝品。""阿图尔鼓掌称赞。他递给你一件工艺品：""我希望它归一位有眼光的鉴赏者。"""
QUEST_RAT_1_6_QUESTINFODATA_ACTIONS_1_ACTIONTEXT,威胁阿图尔
QUEST_RAT_1_6_QUESTINFODATA_ACTIONS_1_DEFAULTOUTCOME_JOURNALTEXT,<hero_name>从阿图尔那里卷走宝藏。不幸的是，我们的英雄已经被欺骗了。他们不会很快忘记的一次教训。
QUEST_RAT_1_6_QUESTINFODATA_ACTIONS_1_DEFAULTOUTCOME_OUTCOMETEXT,大多数谜题可以借助武器来解决。阿图尔交出宝藏。仅当你离开后，你才意识到这是一个伪造的。
QUEST_RAT_1_6_QUESTINFODATA_ENCOUNTERTEXT,阿图尔在<quest_tile>的豪宅奢侈华丽。每个房间都塞满了宝藏。阿图尔邀请你去发现赝品。
QUEST_RAT_1_6_QUESTINFODATA_JOURNALENCOUNTERTEXT,阿图尔的豪宅奢华得令人难以置信。房子中有如此之多的宝藏，<hero_name>不知道从哪里开始。
QUEST_RAT_1_6_QUESTINFODATA_JOURNALRUMOURTEXT,伪造者阿图尔是有名的鼠族工匠，向足够聪明发现赝品的任何人提供一个宝藏。
QUEST_RAT_1_6_QUESTINFODATA_RUMOURTEXT,"""伪造者阿图尔向在他的艺术收藏品中发现赝品的任何人提供一个宝藏。也许你可以找出来。"""
QUEST_RAT_1_6_QUESTINFODATA_TITLE,赝品
QUEST_RAT_1_7_QUESTINFODATA_ACTIONS_0_ACTIONTEXT,向怀尔德求雨
QUEST_RAT_1_7_QUESTINFODATA_ACTIONS_0_DEFAULTOUTCOME_JOURNALTEXT,不幸的是，怀尔德不肯改变主意，城镇依然干旱。<hero_name>两手空空地离开了。
QUEST_RAT_1_7_QUESTINFODATA_ACTIONS_0_DEFAULTOUTCOME_OUTCOMETEXT,你向怀尔德祈求降雨，医治庄稼。天空却固执地万里无云。农民们仍为你的奔走道了谢。
QUEST_RAT_1_7_QUESTINFODATA_ACTIONS_0_TESTSUCCESSOUTCOME_JOURNALTEXT,怀尔德今天大发慈悲。干旱出现转机，数月以来田野终于首次感受到雨水的滋润。
QUEST_RAT_1_7_QUESTINFODATA_ACTIONS_0_TESTSUCCESSOUTCOME_OUTCOMETEXT,你的内心充满力量。天门大开并且雨水倾泻在干旱的田野上。农民们欢呼雀跃。宝藏是你的了！
QUEST_RAT_1_7_QUESTINFODATA_ACTIONS_1_ACTIONTEXT,抢劫他们
QUEST_RAT_1_7_QUESTINFODATA_ACTIONS_1_DEFAULTOUTCOME_JOURNALTEXT,<hero_name>一直等到晚上才偷走所有可以偷走的东西。我们的英雄有比降雨更重要的事情要处理。
QUEST_RAT_1_7_QUESTINFODATA_ACTIONS_1_DEFAULTOUTCOME_OUTCOMETEXT,"近来时世艰难。这些农民反正用不上宝藏。夜幕降临时，你把他们的财物""解放""到了自己手里。"
QUEST_RAT_1_7_QUESTINFODATA_ENCOUNTERTEXT,当你到达时，空气非常干燥。农民们解释说谁可以帮助抗旱，他们就给谁一个古老的宝藏。
QUEST_RAT_1_7_QUESTINFODATA_JOURNALENCOUNTERTEXT,当<hero_name>到达时，农民们向我们的英雄展示贫瘠的土地和他们提供的宝藏。
QUEST_RAT_1_7_QUESTINFODATA_JOURNALRUMOURTEXT,关于宝藏悬赏的传闻让<hero_name>踏上了前往<quest_tile>的征途。土地上的农民们抱怨着干旱的气候。
QUEST_RAT_1_7_QUESTINFODATA_RUMOURTEXT,这是贫瘠的一年。除非很快能有降雨，否则庄稼都会旱死。农民们向可以提供帮助的人士悬赏宝藏。
QUEST_RAT_1_7_QUESTINFODATA_TITLE,祈雨舞
QUEST_RAT_1_8_QUESTINFODATA_ACTIONS_0_ACTIONTEXT,询问怀尔德。这个旅行者是否讲了真话？
QUEST_RAT_1_8_QUESTINFODATA_ACTIONS_0_DEFAULTOUTCOME_JOURNALTEXT,我们的英雄没有从怀尔德那里感到任何回应。也许这旅行者只是在白跑一趟。<hero_name>向他道别后离开了。
QUEST_RAT_1_8_QUESTINFODATA_ACTIONS_0_DEFAULTOUTCOME_OUTCOMETEXT,怀尔德没有回应。旅行者感谢你与他交谈，收拾好行装，便离开了。
QUEST_RAT_1_8_QUESTINFODATA_ACTIONS_0_TESTSUCCESSOUTCOME_JOURNALTEXT,旅行者确定<hero_name>正是要找的老鼠。我们的英雄已经获得了一个盟友。
QUEST_RAT_1_8_QUESTINFODATA_ACTIONS_0_TESTSUCCESSOUTCOME_OUTCOMETEXT,"怀尔德唱出了答案。旅行者跳起来。""是你！""他们发誓效忠于你的事业，甚至不知道你的任务是什么。"
QUEST_RAT_1_8_QUESTINFODATA_ACTIONS_1_ACTIONTEXT,将他们引向鼠族领地
QUEST_RAT_1_8_QUESTINFODATA_ACTIONS_1_DEFAULTOUTCOME_JOURNALTEXT,<hero_name>将旅行者引导到鼠族领地。如果不出意外，他在那里将是安全的。
QUEST_RAT_1_8_QUESTINFODATA_ACTIONS_1_DEFAULTOUTCOME_OUTCOMETEXT,你给旅行者一些补给并指引他到部族领地。但愿他会在那里发现他要找的人。
QUEST_RAT_1_8_QUESTINFODATA_ENCOUNTERTEXT,你发现这名旅行者独自累倒在<quest_tile>一处破旧的营地。他们解释说，是怀尔德派他们来寻找某只老鼠。
QUEST_RAT_1_8_QUESTINFODATA_JOURNALENCOUNTERTEXT,"这名旅行者似乎有些疯了。他们解释了自己的任务。他们确实是在寻找一只""特定的老鼠""。"
QUEST_RAT_1_8_QUESTINFODATA_JOURNALRUMOURTEXT,听闻一名旅行者已抵达阿门罗、正在寻找某只特定的老鼠，<hero_name>的好奇心被勾了起来。
QUEST_RAT_1_8_QUESTINFODATA_RUMOURTEXT,一名来自遥远国度的旅行者抵达了阿门罗。他们似乎在寻找某个特定的人。一只老鼠。
QUEST_RAT_1_8_QUESTINFODATA_TITLE,西方之旅
QUEST_RAT_1_9_QUESTINFODATA_ACTIONS_0_ACTIONTEXT,进入神庙
QUEST_RAT_1_9_QUESTINFODATA_ACTIONS_0_DEFAULTOUTCOME_JOURNALTEXT,"似乎有防御。一扇庙门突然""砰""地关上，将我们的英雄锁在了内部密室之外。"
QUEST_RAT_1_9_QUESTINFODATA_ACTIONS_0_DEFAULTOUTCOME_OUTCOMETEXT,"再往里走，会发现你周围的森林似乎散发着微光。神庙后面的一扇门突然""啪地""关上。废墟其他部分都是空的。"
QUEST_RAT_1_9_QUESTINFODATA_ACTIONS_0_TESTSUCCESSOUTCOME_JOURNALTEXT,当<hero_name>进入时，一种奇怪的感觉涌上心头。它指引我们的英雄找到了一块灵石。今天怀尔德与他们同在。
QUEST_RAT_1_9_QUESTINFODATA_ACTIONS_0_TESTSUCCESSOUTCOME_OUTCOMETEXT,你一踏进去，脑海中便响起一阵奇怪的嗡鸣。你循声进入神庙的内部密室，在那里发现了一块落满灰尘的灵石。
QUEST_RAT_1_9_QUESTINFODATA_ACTIONS_1_ACTIONTEXT,仔细侦察神庙
QUEST_RAT_1_9_QUESTINFODATA_ACTIONS_1_DEFAULTOUTCOME_JOURNALTEXT,整个事情似乎就是怪异的鹿族设下的某种圈套。<hero_name>识破了他们的诡计，随后离开了。
QUEST_RAT_1_9_QUESTINFODATA_ACTIONS_1_DEFAULTOUTCOME_OUTCOMETEXT,你在查看神庙时发现了它的秘密。庙里藏着一群鹿，正注视着入口。他们不会抓到你。
QUEST_RAT_1_9_QUESTINFODATA_ENCOUNTERTEXT,今天森林里很平静。微风拂来，树叶沙沙作响。神庙门开着，可以进去。太容易了。
QUEST_RAT_1_9_QUESTINFODATA_JOURNALENCOUNTERTEXT,神庙毫无防守。奇怪的是怎么会遗留下这样一处珍贵的宝藏呢。<hero_name>十分小心。
QUEST_RAT_1_9_QUESTINFODATA_JOURNALRUMOURTEXT,获得宝藏的机会来之不易，千万不能错过。<hero_name>开启了前往<quest_tile>之旅。
QUEST_RAT_1_9_QUESTINFODATA_RUMOURTEXT,"""我听说在附近的树林里有一座废弃的鹿庙。我敢打赌，那里有一些古老的文物，正待我们去掠取。"""
QUEST_RAT_1_9_QUESTINFODATA_TITLE,神庙小偷
QUEST_RAT_2_10_QUESTINFODATA_ACTIONS_0_ACTIONTEXT,尝试快速获胜！
QUEST_RAT_2_10_QUESTINFODATA_ACTIONS_0_DEFAULTOUTCOME_JOURNALTEXT,不幸的是，我们勇敢的英雄应该已经意识到不可能取得胜利。强壮的强盗首领几乎折断了<hero_name>的胳膊！
QUEST_RAT_2_10_QUESTINFODATA_ACTIONS_0_DEFAULTOUTCOME_OUTCOMETEXT,你想快速结束战斗，但强盗首领凶猛地扭动你的胳膊，你痛得大声尖叫。你输了，而且输得很惨。
QUEST_RAT_2_10_QUESTINFODATA_ACTIONS_0_TESTSUCCESSOUTCOME_JOURNALTEXT,<hero_name>绝对不会拒绝挑战，他纯粹依靠自己的力量打败了骄傲自大的强盗首领并获得了胜利！
QUEST_RAT_2_10_QUESTINFODATA_ACTIONS_0_TESTSUCCESSOUTCOME_OUTCOMETEXT,你依靠自己压倒性的力量优势，分分钟将强盗的胳膊砰地按倒在地。他深为折服，便授予了你一枚随从卡牌。
QUEST_RAT_2_10_QUESTINFODATA_ACTIONS_1_ACTIONTEXT,一步一步掌握好节奏——不需要冒险！
QUEST_RAT_2_10_QUESTINFODATA_ACTIONS_1_DEFAULTOUTCOME_JOURNALTEXT,我们的英雄知道彻底胜利超出了他们的能力范围，因而只是争取做到僵持。<hero_name>走了，保住了他的尊严。
QUEST_RAT_2_10_QUESTINFODATA_ACTIONS_1_DEFAULTOUTCOME_OUTCOMETEXT,你也在挣扎着，以免遭遇失败，但也不会追求胜利。战斗以令人失望的僵局告终，你也两手空空地离开了。
QUEST_RAT_2_10_QUESTINFODATA_ACTIONS_2_ACTIONTEXT,"""我知道一种法术可以帮你获胜！让我助你一臂之力！"""
QUEST_RAT_2_10_QUESTINFODATA_ACTIONS_2_DEFAULTOUTCOME_JOURNALTEXT,我们英雄的学徒声称知道确保胜利的法术；而且确实做到了！让强盗呼呼大睡！<hero_name>自然就赢了！
QUEST_RAT_2_10_QUESTINFODATA_ACTIONS_2_DEFAULTOUTCOME_OUTCOMETEXT,你忠实的学徒声称知道确保胜利的法术 - 确实如此！让你的对手呼呼大睡！你自然就赢了。
QUEST_RAT_2_10_QUESTINFODATA_ACTIONS_3_ACTIONTEXT,"""让我来""。"
QUEST_RAT_2_10_QUESTINFODATA_ACTIONS_3_DEFAULTOUTCOME_JOURNALTEXT,你的矿工常年挥舞尖镐，所以很强壮。掰手腕对她而言小菜一碟。她赢了，并与你分享奖品。
QUEST_RAT_2_10_QUESTINFODATA_ACTIONS_3_DEFAULTOUTCOME_OUTCOMETEXT,矿工挑战魁梧的强盗。他嘲笑她。当她在较量中捏碎他的手时，笑声戛然而止。
QUEST_RAT_2_10_QUESTINFODATA_ACTIONS_4_ACTIONTEXT,"""把你的椅子转成这样"""
QUEST_RAT_2_10_QUESTINFODATA_ACTIONS_4_DEFAULTOUTCOME_JOURNALTEXT,<hero_name>的魔法师知道书中的每一个把戏。他搬动椅子，让我们的英雄处于优势地位，使得比赛毫无悬念。\n
QUEST_RAT_2_10_QUESTINFODATA_ACTIONS_4_DEFAULTOUTCOME_OUTCOMETEXT,魔法师知道上百种方式让他们看起来强大。移动椅子给你杠杆作用，让你获得难以置信的力气。
QUEST_RAT_2_10_QUESTINFODATA_ENCOUNTERTEXT,而强盗首领，一只魁梧的老鼠，不想以刀剑相见 — 因而让你坐下来和你来一场老式的掰手腕比赛！
QUEST_RAT_2_10_QUESTINFODATA_JOURNALENCOUNTERTEXT,所以，我们的英雄冒险来到平原，却发现不是刀剑之战，而是扳手腕比赛！
QUEST_RAT_2_10_QUESTINFODATA_JOURNALRUMOURTEXT,"我们的英雄听说当地强盗首领想在一场""适当的""力量比试中打败他们。<hero_name>做好了迎接挑战的准备！"
QUEST_RAT_2_10_QUESTINFODATA_RUMOURTEXT,据说是当地强盗首领想跟你比试他的力量。如果你能赢，可能会拿到一个不错的奖励！
QUEST_RAT_2_10_QUESTINFODATA_TITLE,适当的力量比试
QUEST_RAT_2_11_QUESTINFODATA_ACTIONS_0_ACTIONTEXT,使出力量用爪子抓爬到安全的地方。
QUEST_RAT_2_11_QUESTINFODATA_ACTIONS_0_DEFAULTOUTCOME_JOURNALTEXT,<hero_name>在废墟中拼命地抓，虽然绝路逢生，但却是为了活命被迫放弃了宝藏。
QUEST_RAT_2_11_QUESTINFODATA_ACTIONS_0_DEFAULTOUTCOME_OUTCOMETEXT,你用强有力的爪子猛击废墟，但却被迫放弃宝藏以拯救自己。
QUEST_RAT_2_11_QUESTINFODATA_ACTIONS_0_TESTSUCCESSOUTCOME_JOURNALTEXT,那天，<hero_name>证明了鼠族的力量，不仅从古墓中挖出生路，还将宝藏拖了出来！
QUEST_RAT_2_11_QUESTINFODATA_ACTIONS_0_TESTSUCCESSOUTCOME_OUTCOMETEXT,只有一只拥有无与伦比的力量的老鼠可以逃离那个死亡陷阱！你不仅用自己的爪子爬了出来，还获得了宝藏！
QUEST_RAT_2_11_QUESTINFODATA_ACTIONS_1_ACTIONTEXT,忘记宝藏。生存更重要。
QUEST_RAT_2_11_QUESTINFODATA_ACTIONS_1_DEFAULTOUTCOME_JOURNALTEXT,<hero_name>知道生存比一些廉价的装饰品更重要。他们三个通过与其他人合作，都绝路逢生，逃了出来。
QUEST_RAT_2_11_QUESTINFODATA_ACTIONS_1_DEFAULTOUTCOME_OUTCOMETEXT,你大大地叹了一口气，然后放弃了宝藏并与其他人一同挖开出路。你们所有人都活了下来，但却又一次失去了古墓。
QUEST_RAT_2_11_QUESTINFODATA_ACTIONS_2_ACTIONTEXT,"""这些兔族坟墓总是有秘密出口。"""
QUEST_RAT_2_11_QUESTINFODATA_ACTIONS_2_DEFAULTOUTCOME_JOURNALTEXT,幸运的是，<hero_name>的忠实探险者知道兔族坟墓的秘密！他打开一条秘密通道，而队伍躲过一劫。
QUEST_RAT_2_11_QUESTINFODATA_ACTIONS_2_DEFAULTOUTCOME_OUTCOMETEXT,探险者搜寻被破坏的兔族坟墓，最终发现了一条回到地面的秘密通道！
QUEST_RAT_2_11_QUESTINFODATA_ACTIONS_3_ACTIONTEXT,炸出你的出路
QUEST_RAT_2_11_QUESTINFODATA_ACTIONS_3_DEFAULTOUTCOME_JOURNALTEXT,我们的英雄使用手炮粉碎了阻挡他们出来的岩石。虽然几乎震聋，但他们对自己敏捷的思维沾沾自喜。
QUEST_RAT_2_11_QUESTINFODATA_ACTIONS_3_DEFAULTOUTCOME_OUTCOMETEXT,手炮有足够的力量粉碎一切，但最坚硬的石头除外。几十次轰击之后，耳朵嗡嗡作响，你重新出现在外面，疲惫不堪。
QUEST_RAT_2_11_QUESTINFODATA_ENCOUNTERTEXT,你加入两名鼠族效忠者，冒险深入古坟。你发现了一处奇妙的宝藏……然后屋顶塌了下来！
QUEST_RAT_2_11_QUESTINFODATA_JOURNALENCOUNTERTEXT,不幸的是，在黑暗深处，古老的支架坍塌下来，将<hero_name>和其他人困在了被遗忘的古墓中！
QUEST_RAT_2_11_QUESTINFODATA_JOURNALRUMOURTEXT,提供的条件很诱人：深入一个兔族古坟探险，古坟中有许多古代宝藏，能够帮助获得王座。
QUEST_RAT_2_11_QUESTINFODATA_RUMOURTEXT,我有一个朋友给你提出了一个建议——附近一个兔族古坟里藏有一些古老的宝藏。想加入探险吗？
QUEST_RAT_2_11_QUESTINFODATA_TITLE,被困在黑暗中
QUEST_RAT_2_12_QUESTINFODATA_ACTIONS_0_ACTIONTEXT,穷追小偷！别让她逃走！
QUEST_RAT_2_12_QUESTINFODATA_ACTIONS_0_DEFAULTOUTCOME_JOURNALTEXT,我们的英雄迅速追赶，只是不能跟上这个敏捷的小偷。她逃走了，<hero_name>再也没见过她。
QUEST_RAT_2_12_QUESTINFODATA_ACTIONS_0_DEFAULTOUTCOME_OUTCOMETEXT,虽然你能快速跟上小偷，但你缺乏抓住行动迅速的小偷所需的体力。她逃走了，你再没有见过她。
QUEST_RAT_2_12_QUESTINFODATA_ACTIONS_0_TESTSUCCESSOUTCOME_JOURNALTEXT,但没有哪个小偷能跑得过我们的英雄！<hero_name>很快将她逼入绝境，她只好交出灵石，逃离小镇！
QUEST_RAT_2_12_QUESTINFODATA_ACTIONS_0_TESTSUCCESSOUTCOME_OUTCOMETEXT,经过一场横跨全镇的精彩追逐，小偷被逼入绝境！为了换取自由，她向你交出了一块灵石！
QUEST_RAT_2_12_QUESTINFODATA_ACTIONS_1_ACTIONTEXT,召唤城镇守卫紧逼小偷。
QUEST_RAT_2_12_QUESTINFODATA_ACTIONS_1_DEFAULTOUTCOME_JOURNALTEXT,我们的英雄扮演好公民角色并呼唤守卫。虽然确实抓住了小偷，但却没有得到更大的回报。很可惜。
QUEST_RAT_2_12_QUESTINFODATA_ACTIONS_1_DEFAULTOUTCOME_OUTCOMETEXT,你呼喊最近的城镇守卫，指出她就是小偷。他们立即采取行动将小偷抓了起来，但你没有因为提供协助而获得任何回报。
QUEST_RAT_2_12_QUESTINFODATA_ACTIONS_2_ACTIONTEXT,穿上翅靴，在追逐开始之前就将其结束。
QUEST_RAT_2_12_QUESTINFODATA_ACTIONS_2_DEFAULTOUTCOME_JOURNALTEXT,追逐还没离开市场广场就结束了，多亏了<hero_name>的翅靴！窃贼的好日子到头了！
QUEST_RAT_2_12_QUESTINFODATA_ACTIONS_2_DEFAULTOUTCOME_OUTCOMETEXT,你穿着翅靴，设法在市场广场的边上截住了窃贼。的确是轻松获胜！
QUEST_RAT_2_12_QUESTINFODATA_ACTIONS_3_ACTIONTEXT,帮助窃贼
QUEST_RAT_2_12_QUESTINFODATA_ACTIONS_3_DEFAULTOUTCOME_JOURNALTEXT,我们的英雄有比小毛贼更重要的事情要考虑。<hero_name>赦免了窃贼小偷，并带走了一些他们的战利品作为奖励。
QUEST_RAT_2_12_QUESTINFODATA_ACTIONS_3_DEFAULTOUTCOME_OUTCOMETEXT,你走到追捕窃贼的守卫面前，亮出了皇家赦令。作为感谢，窃贼将他们一半的战利品分享给了你。
QUEST_RAT_2_12_QUESTINFODATA_ACTIONS_4_ACTIONTEXT,"""天啊！我希望我没有被抢！"""
QUEST_RAT_2_12_QUESTINFODATA_ACTIONS_4_DEFAULTOUTCOME_JOURNALTEXT,邪恶的窃贼抵挡不住更多金币的诱惑。我们英雄的硬币大师吸引了他们的注意，而<hero_name>抓住了他们。
QUEST_RAT_2_12_QUESTINFODATA_ACTIONS_4_DEFAULTOUTCOME_OUTCOMETEXT,你的硬币大师用响亮讥讽的嗓音吸引了窃贼的注意。你飞身扑倒他们，将这歹徒按住，直到守卫到来。
QUEST_RAT_2_12_QUESTINFODATA_ENCOUNTERTEXT,"你站在熙熙攘攘的市场旁边，以敏锐的眼睛和耳朵密切监视着最轻微的扰动。然后，你听到了声音！""住手，小偷！"""
QUEST_RAT_2_12_QUESTINFODATA_JOURNALENCOUNTERTEXT,<hero_name>在繁忙的市场附近等待着，一边密切注视着周边情况。没过多久，小偷便开始行动了！她开始逃跑了！
QUEST_RAT_2_12_QUESTINFODATA_JOURNALRUMOURTEXT,我们的英雄得知一个小偷正在附近的市场制造麻烦，危害当地人。鼠族会制止这种胡作非为！
QUEST_RAT_2_12_QUESTINFODATA_RUMOURTEXT,有一个小偷在附近的一个村庄恣意扰乱。如果你能解决掉她，当地首领可能会承诺为鼠族提供支持。
QUEST_RAT_2_12_QUESTINFODATA_TITLE,穿越市场
QUEST_RAT_2_1_QUESTINFODATA_ACTIONS_0_ACTIONTEXT,杀死巨魔并拯救小狗。
QUEST_RAT_2_1_QUESTINFODATA_ACTIONS_0_DEFAULTOUTCOME_JOURNALTEXT,<hero_name>勇敢出击，企图杀死野兽，不料却被一阵可怕的猛击从山顶击倒。小狗再也没有出现过。
QUEST_RAT_2_1_QUESTINFODATA_ACTIONS_0_DEFAULTOUTCOME_OUTCOMETEXT,你朝着巨魔猛攻，侧身却被他一阵强有力的猛击打中，瘫倒在地——就在一座悬崖边。
QUEST_RAT_2_1_QUESTINFODATA_ACTIONS_0_TESTSUCCESSOUTCOME_JOURNALTEXT,接下来的战斗迅速而致命，适合鼠族选中的英雄。巨魔被杀死了，小狗也得救了。
QUEST_RAT_2_1_QUESTINFODATA_ACTIONS_0_TESTSUCCESSOUTCOME_OUTCOMETEXT,你快速展开行动，大搞突袭，将剑插入巨魔的喉咙，而他甚至还不知道你在那里。
QUEST_RAT_2_1_QUESTINFODATA_ACTIONS_1_ACTIONTEXT,悄悄从巨魔身边走过，偷走他身边的小狗。
QUEST_RAT_2_1_QUESTINFODATA_ACTIONS_1_DEFAULTOUTCOME_JOURNALTEXT,鼠族的英雄选得非常好，他悄悄从野兽身边走过，帮助小狗摆脱了残酷的命运。
QUEST_RAT_2_1_QUESTINFODATA_ACTIONS_1_DEFAULTOUTCOME_OUTCOMETEXT,你借着噼啪作响的篝火掩护脚步，悄悄从巨魔身边走过，偷偷解救了小狗，然后逃下山去。
QUEST_RAT_2_1_QUESTINFODATA_ACTIONS_2_ACTIONTEXT,"""一只巨魔？让我来对付这只邪恶的野兽。"""
QUEST_RAT_2_1_QUESTINFODATA_ACTIONS_2_DEFAULTOUTCOME_JOURNALTEXT,<hero_name>明智地决定让有名的狂战士干掉巨魔。巨魔的头被一刀砍断，小狗被解救了。
QUEST_RAT_2_1_QUESTINFODATA_ACTIONS_2_DEFAULTOUTCOME_OUTCOMETEXT,狂战士大吼一声，向前冲锋，震动了山头。巨魔毫无生机，小狗很快就被解救了。
QUEST_RAT_2_1_QUESTINFODATA_ACTIONS_3_ACTIONTEXT,穿上你的盔甲
QUEST_RAT_2_1_QUESTINFODATA_ACTIONS_3_DEFAULTOUTCOME_JOURNALTEXT,巨魔没有脑子去了解盔甲。其攻击从<hero_name>反弹开去，没有造成伤害，而他们的刀刃将野兽一刀两断。
QUEST_RAT_2_1_QUESTINFODATA_ACTIONS_3_DEFAULTOUTCOME_OUTCOMETEXT,当巨魔怒吼时，你穿上了狮心胸甲。它的打击从你身上滑开。剩下的就交给你的细剑了。
QUEST_RAT_2_1_QUESTINFODATA_ENCOUNTERTEXT,在山顶上，你发现附近坐着一只正在生火的巨魔。他旁边绑着小狗，已经冻得半死，也吓得魂不附体。
QUEST_RAT_2_1_QUESTINFODATA_JOURNALENCOUNTERTEXT,<hero_name>登上山顶，中途几乎不停下吃东西或休息。在山顶上，巨魔设着冰封的座席，那只小狗被他囚禁着。
QUEST_RAT_2_1_QUESTINFODATA_JOURNALRUMOURTEXT,"鼠族收到了一个迫切的恳求：一只年幼的小狗被偷走了,藏在<quest_tile>的悬崖峭壁上。"
QUEST_RAT_2_1_QUESTINFODATA_RUMOURTEXT,山脚的聚落已经呼吁我们部族提供援助。他们的一只小狗失踪了，有人在附近发现有巨魔出没。
QUEST_RAT_2_1_QUESTINFODATA_TITLE,寒冬之脊
QUEST_RAT_2_2_QUESTINFODATA_ACTIONS_0_ACTIONTEXT,悄无声息地杀死鼓吹者，适合鼠族。
QUEST_RAT_2_2_QUESTINFODATA_ACTIONS_0_DEFAULTOUTCOME_JOURNALTEXT,鼠族的英雄抽出无声的匕首，想要悄无声息地杀死野兽，但却因为缺乏经验和出击不当，而遭遇注定失败的结局。
QUEST_RAT_2_2_QUESTINFODATA_ACTIONS_0_DEFAULTOUTCOME_OUTCOMETEXT,你挥剑便刺，但未刺中这只猪。周围人群立马看到你做了什么，你被迫逃离。
QUEST_RAT_2_2_QUESTINFODATA_ACTIONS_0_TESTSUCCESSOUTCOME_JOURNALTEXT,鼠族的英雄利用人群掩盖他们的行动，这样很容易就能杀死这只猪，然后悄无声息地消失在附近的一个酒馆里。
QUEST_RAT_2_2_QUESTINFODATA_ACTIONS_0_TESTSUCCESSOUTCOME_OUTCOMETEXT,在擦身而过时，在本能的引导下，你听到的全部是猪的喘息声。到有人注意到的时候，你正从上方的酒馆往上看。
QUEST_RAT_2_2_QUESTINFODATA_ACTIONS_1_ACTIONTEXT,鼓动人群，让他们去处理这个鼓吹者。
QUEST_RAT_2_2_QUESTINFODATA_ACTIONS_1_DEFAULTOUTCOME_JOURNALTEXT,<hero_name>决定让小镇自行解决这件事，只是站在后方，让卑鄙的谣言四处扩散，化为暴力行动。
QUEST_RAT_2_2_QUESTINFODATA_ACTIONS_1_DEFAULTOUTCOME_OUTCOMETEXT,你的努力很快就会显现结果。不久，愤怒的人群拖住他，用绳子将他绑到镇上最高的塔上。
QUEST_RAT_2_2_QUESTINFODATA_ACTIONS_2_ACTIONTEXT,举起怀尔德护符
QUEST_RAT_2_2_QUESTINFODATA_ACTIONS_2_DEFAULTOUTCOME_JOURNALTEXT,堕入腐化，只因忘却怀尔德。通过举起怀尔德护符，<hero_name>确保在场的每一位都铭记于心。
QUEST_RAT_2_2_QUESTINFODATA_ACTIONS_2_DEFAULTOUTCOME_OUTCOMETEXT,你怀尔德护符的光芒吸引了腐化牧师会众的注意。他们敬畏地凝视。哑口无言。
QUEST_RAT_2_2_QUESTINFODATA_ACTIONS_3_ACTIONTEXT,“让我告诉这头野兽，腐化真正的威力。”
QUEST_RAT_2_2_QUESTINFODATA_ACTIONS_3_DEFAULTOUTCOME_JOURNALTEXT,这是一幅恐怖的画面：牧师被纯粹的腐化杀死。尽管如此，问题解决了，<hero_name>带着丰厚的奖励离开了。
QUEST_RAT_2_2_QUESTINFODATA_ACTIONS_3_DEFAULTOUTCOME_OUTCOMETEXT,牧师开始痛苦地尖叫。术士大笑。“怎么了？你不是想知道腐化的乐趣吗？现在就让你尝尝！”
QUEST_RAT_2_2_QUESTINFODATA_ACTIONS_4_ACTIONTEXT,“腐化是痛苦，怀尔德是美好！”
QUEST_RAT_2_2_QUESTINFODATA_ACTIONS_4_DEFAULTOUTCOME_JOURNALTEXT,与怀尔德相比，腐化不值一提。<hero_name>的吟游诗人知道这一点，并向聚集的村民唱出了真相。
QUEST_RAT_2_2_QUESTINFODATA_ACTIONS_4_DEFAULTOUTCOME_OUTCOMETEXT,你的吟游诗人以富有磁性的嗓音吸引村民远离牧师。他愤怒地咆哮，而吟游诗人的歌声让村民欢呼雀跃。
QUEST_RAT_2_2_QUESTINFODATA_ENCOUNTERTEXT,这只肥猪向路人宣扬腐化的美德，脚踝深陷泥中。现在的问题是，你将如何对付他？
QUEST_RAT_2_2_QUESTINFODATA_JOURNALENCOUNTERTEXT,不久，<hero_name>在贫民窟遇到了这个鼓吹者，他正对所有听他讲话的人狂乱鼓吹着。要怎么处理这个腐败的生物呢？
QUEST_RAT_2_2_QUESTINFODATA_JOURNALRUMOURTEXT,<quest_tile>中有个鼓吹者的流言蜚语传遍了大街小巷。对<hero_name>而言，杀死他后获得的奖励实在太过诱人，无法抗拒。
QUEST_RAT_2_2_QUESTINFODATA_RUMOURTEXT,有一名鼓吹者正给当地聚落的大人制造麻烦。据说当地的大人将支付一大笔钱，只为看到有人对付他。
QUEST_RAT_2_2_QUESTINFODATA_TITLE,腐化的鼓吹者
QUEST_RAT_2_3_QUESTINFODATA_ACTIONS_0_ACTIONTEXT,抽出你的剑让这个女巫自己解释。
QUEST_RAT_2_3_QUESTINFODATA_ACTIONS_0_DEFAULTOUTCOME_JOURNALTEXT,啊，这次会面是一个陷阱!这个老女巫挥舞着魔力棒，打伤了<hero_name>，之后她逃到了野外。
QUEST_RAT_2_3_QUESTINFODATA_ACTIONS_0_DEFAULTOUTCOME_OUTCOMETEXT,这只獾出击迅猛。你被一阵强大的力量击倒，头部撞到了一块石头上。
QUEST_RAT_2_3_QUESTINFODATA_ACTIONS_0_TESTSUCCESSOUTCOME_JOURNALTEXT,背叛！这名女巫已被腐化堕落，这次会面不过是一个陷阱！<hero_name>杀死了这个老太婆，夺得了她的灵石。
QUEST_RAT_2_3_QUESTINFODATA_ACTIONS_0_TESTSUCCESSOUTCOME_OUTCOMETEXT,你周围响起一阵咯咯声，令人不寒而栗。这只獾出击了，但你已经为背叛做好准备，并迅速杀死了女巫。
QUEST_RAT_2_3_QUESTINFODATA_ACTIONS_1_ACTIONTEXT,保持距离，观察女巫。
QUEST_RAT_2_3_QUESTINFODATA_ACTIONS_1_DEFAULTOUTCOME_JOURNALTEXT,<hero_name>比女巫预想得要聪明，保持着安全的距离。知道她的陷阱徒劳之后，她落荒而逃
QUEST_RAT_2_3_QUESTINFODATA_ACTIONS_1_DEFAULTOUTCOME_OUTCOMETEXT,你的不信任让女巫很失望，接着她便消失在了薄雾中。不安感消散，你意识到这只獾原本在策划一个陷阱。
QUEST_RAT_2_3_QUESTINFODATA_ACTIONS_2_ACTIONTEXT,"""也许我应该先去？"""
QUEST_RAT_2_3_QUESTINFODATA_ACTIONS_2_DEFAULTOUTCOME_JOURNALTEXT,依靠忠诚侍从的勇敢，<hero_name>很容易地干掉了女巫。古比几小时后醒过来，毫发无损。
QUEST_RAT_2_3_QUESTINFODATA_ACTIONS_2_DEFAULTOUTCOME_OUTCOMETEXT,原本瞄向你的黑魔法爆炸正中古比胸口，给你足够的时间干掉女巫。谢天谢地，古比活了下来。
QUEST_RAT_2_3_QUESTINFODATA_ACTIONS_3_ACTIONTEXT,自己做好准备，然后前进
QUEST_RAT_2_3_QUESTINFODATA_ACTIONS_3_DEFAULTOUTCOME_JOURNALTEXT,我们的英雄用英雄头盔保护自己。这被证明很有用：獾设下了陷阱，而头盔挡下了它。
QUEST_RAT_2_3_QUESTINFODATA_ACTIONS_3_DEFAULTOUTCOME_OUTCOMETEXT,在你接近前，你戴上了英雄头盔。幸好，魔法箭击中的是头盔。獾逃走了，计划受挫。
QUEST_RAT_2_3_QUESTINFODATA_ACTIONS_4_ACTIONTEXT,"""即使我也感觉……不轻松"""
QUEST_RAT_2_3_QUESTINFODATA_ACTIONS_4_DEFAULTOUTCOME_JOURNALTEXT,这位陌生人对阿门罗中更陌生的住民再熟悉不过。某些东西让他汗毛倒竖，他及时警告了我们的英雄。
QUEST_RAT_2_3_QUESTINFODATA_ACTIONS_4_DEFAULTOUTCOME_OUTCOMETEXT,陌生人及时抓住了你的手臂。一道魔法箭射中了你本来的位置。獾咆哮着逃走了。她的阴谋被挫败了。
QUEST_RAT_2_3_QUESTINFODATA_ENCOUNTERTEXT,你独自站在石头中，发现了一个看起来像是一个衣衫褴褛的老獾的东西。一动不动。一声不响。安详平静。
QUEST_RAT_2_3_QUESTINFODATA_JOURNALENCOUNTERTEXT,在杂草丛生的石头中间，一只老獾在等待着。看似无害，但仍然有什么地方不对劲。
QUEST_RAT_2_3_QUESTINFODATA_JOURNALRUMOURTEXT,<quest_tile>的女巫鲜有人知，但她关于鼠族未来的先知性话语却引起了<hero_name>的注意。
QUEST_RAT_2_3_QUESTINFODATA_RUMOURTEXT,一个奇怪的存在——一名女巫——出没于附近的一圈石头，她提到一位鼠族英雄，听起来可疑地像你。
QUEST_RAT_2_3_QUESTINFODATA_TITLE,古老的秘密
QUEST_RAT_2_4_QUESTINFODATA_ACTIONS_0_ACTIONTEXT,用你的智力让当地人讲出真相。
QUEST_RAT_2_4_QUESTINFODATA_ACTIONS_0_DEFAULTOUTCOME_JOURNALTEXT,当地一个村庄并不喜欢揭示它所知道的，因此，<hero_name>没得到任何线索，也没有希望了解真相。
QUEST_RAT_2_4_QUESTINFODATA_ACTIONS_0_DEFAULTOUTCOME_OUTCOMETEXT,你无法说服当地人告诉你商队的命运，甚至都不知道他们是否知道有这样一个商队。你的行动失败。
QUEST_RAT_2_4_QUESTINFODATA_ACTIONS_0_TESTSUCCESSOUTCOME_JOURNALTEXT,仅依靠智力，<hero_name>说服当地人说出了商队的命运，以及灵石曾经的藏匿地点。
QUEST_RAT_2_4_QUESTINFODATA_ACTIONS_0_TESTSUCCESSOUTCOME_OUTCOMETEXT,你依靠敏锐的智力发现，商队载着强盗梦寐以求的灵石。他们的首领一碰就起火，但你并没有。
QUEST_RAT_2_4_QUESTINFODATA_ACTIONS_1_ACTIONTEXT,仔细搜索现场，跟着车辙留下的痕迹。
QUEST_RAT_2_4_QUESTINFODATA_ACTIONS_1_DEFAULTOUTCOME_JOURNALTEXT,<hero_name>通过施展狡猾的计谋，发现商队被烧毁的残骸，但工艺品却早已不见踪迹。
QUEST_RAT_2_4_QUESTINFODATA_ACTIONS_1_DEFAULTOUTCOME_OUTCOMETEXT,你循着车轮痕迹，走到了被烧毁的货车所在的地点。土匪，你意识到——这意味着你想要获得的神器早已不见。
QUEST_RAT_2_4_QUESTINFODATA_ACTIONS_2_ACTIONTEXT,"""这些田野里比看到的要更多。"""
QUEST_RAT_2_4_QUESTINFODATA_ACTIONS_2_DEFAULTOUTCOME_JOURNALTEXT,<hero_name>忠实的探险者很快就发现了商队的最终命运，并帮助夺取了留在附近的一件有用的物品。
QUEST_RAT_2_4_QUESTINFODATA_ACTIONS_2_DEFAULTOUTCOME_OUTCOMETEXT,经验丰富的探险者追踪商队至其最终的安息地——商队已被流窜的强盗付之一炬。他敏锐的眼睛发现了附近一件有用的物品。
QUEST_RAT_2_4_QUESTINFODATA_ACTIONS_3_ACTIONTEXT,"""那里！车轮印。"""
QUEST_RAT_2_4_QUESTINFODATA_ACTIONS_3_DEFAULTOUTCOME_JOURNALTEXT,<hero_name>忠实的王牌间谍很快就发现了商队的最终命运，并帮助夺取了留在附近的一件有用的物品。
QUEST_RAT_2_4_QUESTINFODATA_ACTIONS_3_DEFAULTOUTCOME_OUTCOMETEXT,经验丰富的王牌间谍追踪商队至其最终的安息地——商队已被流窜的强盗付之一炬。她敏锐的眼睛发现了附近一件有用的物品。
QUEST_RAT_2_4_QUESTINFODATA_ENCOUNTERTEXT,这些田地杂草丛生，几乎不可能在这里找到任何东西。不过，作为鼠族一名训练有素的英雄，没有不可能完成的任务。
QUEST_RAT_2_4_QUESTINFODATA_JOURNALENCOUNTERTEXT,<hero_name>站在杂草丛生的麦田中，麦秆遮蔽了一臂之外的一切。商队遭遇了什么呢？
QUEST_RAT_2_4_QUESTINFODATA_JOURNALRUMOURTEXT,信件里的内容写得很仓促：整个鼠族商队连同一个重要的工艺品一起失踪。
QUEST_RAT_2_4_QUESTINFODATA_RUMOURTEXT,鼠族了解到，我们的一支由商人组成的车队失踪了。他们带着一个非常重要的工艺品，你必须把它找回来。
QUEST_RAT_2_4_QUESTINFODATA_TITLE,灾难的田地
QUEST_RAT_2_5_QUESTINFODATA_ACTIONS_0_ACTIONTEXT,告诉他们，文物将拆散他们。
QUEST_RAT_2_5_QUESTINFODATA_ACTIONS_0_DEFAULTOUTCOME_JOURNALTEXT,不幸的是，英雄试图从长老手中骗取遗物的行动反而使他们整个部落团结起来一致对抗鼠族！
QUEST_RAT_2_5_QUESTINFODATA_ACTIONS_0_DEFAULTOUTCOME_OUTCOMETEXT,长老没有受骗。他们拉着你的尾巴将你拖到外面，他们的战士对你拳打脚踢，然后才放你离开村子。
QUEST_RAT_2_5_QUESTINFODATA_ACTIONS_0_TESTSUCCESSOUTCOME_JOURNALTEXT,<hero_name>经过一番打动人心的演说，成功说服了长老放弃这件棘手的遗物。最后，纷争终于结束了。
QUEST_RAT_2_5_QUESTINFODATA_ACTIONS_0_TESTSUCCESSOUTCOME_OUTCOMETEXT,"你说了一段颇具说服力的独白，两位长老均表示要将文物交给你：""帮我们摆脱这个累赘。让它成为你任务中的一件有用之物。"""
QUEST_RAT_2_5_QUESTINFODATA_ACTIONS_1_ACTIONTEXT,让屋子安静下来，扮演解决纷争的仲裁者。
QUEST_RAT_2_5_QUESTINFODATA_ACTIONS_1_DEFAULTOUTCOME_JOURNALTEXT,讨论激烈地进行着，但<hero_name>最终让部落相信这只是个小争端；怀尔德并不只有一名崇拜者。
QUEST_RAT_2_5_QUESTINFODATA_ACTIONS_1_DEFAULTOUTCOME_OUTCOMETEXT,你慷慨激昂地演讲，说这些部落若想安抚怀尔德，就必须停止争吵。你离开时长了不少见识，却两手空空。
QUEST_RAT_2_5_QUESTINFODATA_ACTIONS_2_ACTIONTEXT,"""我以前曾与平原部落合作。让我来。"""
QUEST_RAT_2_5_QUESTINFODATA_ACTIONS_2_DEFAULTOUTCOME_JOURNALTEXT,幸运的是，药师知道平原部落的习俗和信仰，在一发不可收拾之前迅速平息冲突。
QUEST_RAT_2_5_QUESTINFODATA_ACTIONS_2_DEFAULTOUTCOME_OUTCOMETEXT,药师熟悉当地风土人情，而你从长老那里获赠一份礼物。谈判进展顺利，并没有流血冲突。
QUEST_RAT_2_5_QUESTINFODATA_ACTIONS_3_ACTIONTEXT,"""或许我们可以交易"""
QUEST_RAT_2_5_QUESTINFODATA_ACTIONS_3_DEFAULTOUTCOME_JOURNALTEXT,铁匠的工具，被证明对于没有收到神圣文物的人是一个有用的安慰奖。冲突得以避免，谢天谢地。
QUEST_RAT_2_5_QUESTINFODATA_ACTIONS_3_DEFAULTOUTCOME_OUTCOMETEXT,平原民众需要装备。铁匠同意向放弃文物者提供工具。冲突得以解决。\n
QUEST_RAT_2_5_QUESTINFODATA_ENCOUNTERTEXT,"你到达时，部落长老们正因这件""神圣的文物""激烈争吵着，但你很快发现，它就是你可利用的宝藏。"
QUEST_RAT_2_5_QUESTINFODATA_JOURNALENCOUNTERTEXT,经过长途跋涉穿过<quest_tile>后，鼠族选中的勇士被护送到了长老的圆顶帐篷内监视纷争。
QUEST_RAT_2_5_QUESTINFODATA_JOURNALRUMOURTEXT,平原上的两个部落因为一件古老的文物即将发起战争。<hero_name>决定尽快结束冲突，以免它造成麻烦。
QUEST_RAT_2_5_QUESTINFODATA_RUMOURTEXT,"平原上的两个部落因为一件""神圣的文物""正处于激烈的部落纷争中。解决这个势必会演变成一场血腥争斗的纷争。"
QUEST_RAT_2_5_QUESTINFODATA_TITLE,一无所有之主
QUEST_RAT_2_6_QUESTINFODATA_ACTIONS_0_ACTIONTEXT,依靠你的智力追捕这名刺客。
QUEST_RAT_2_6_QUESTINFODATA_ACTIONS_0_DEFAULTOUTCOME_JOURNALTEXT,不幸的是，<hero_name>的技能远不及这名刺客。鼠族的英雄会空手离开这片森林。
QUEST_RAT_2_6_QUESTINFODATA_ACTIONS_0_DEFAULTOUTCOME_OUTCOMETEXT,你跌跌撞撞地穿过森林，发现除了大量有毒植物和荆棘外，什么都没有。凶手逃掉了，你也离开了森林，这次行动以失败告终。
QUEST_RAT_2_6_QUESTINFODATA_ACTIONS_0_TESTSUCCESSOUTCOME_JOURNALTEXT,我们的英雄感官敏锐，刺客留下的痕迹最终暴露了他的行踪。凶手很快被杀，鼠族也达成了复仇的心愿。
QUEST_RAT_2_6_QUESTINFODATA_ACTIONS_0_TESTSUCCESSOUTCOME_OUTCOMETEXT,你发现凶手不是别人，正是兔族的一名间谍！你杀死了他们，并放走了一名承诺效忠于你的囚犯。
QUEST_RAT_2_6_QUESTINFODATA_ACTIONS_1_ACTIONTEXT,保持安静，搜索森林。
QUEST_RAT_2_6_QUESTINFODATA_ACTIONS_1_DEFAULTOUTCOME_JOURNALTEXT,英雄悄悄地爬着穿过森林，成功对兔族一名训练有素的刺客来了一场突袭，将匕首刺入了她的喉咙，结束了她的生命。
QUEST_RAT_2_6_QUESTINFODATA_ACTIONS_1_DEFAULTOUTCOME_OUTCOMETEXT,你继续保持安静，在森林里寻找所有有关凶手下落的线索。在那里！一名兔子间谍！你无声无息地结束了她的生命。
QUEST_RAT_2_6_QUESTINFODATA_ACTIONS_2_ACTIONTEXT,使用傀儡
QUEST_RAT_2_6_QUESTINFODATA_ACTIONS_2_DEFAULTOUTCOME_JOURNALTEXT,兔子从来没有见过她的厄运来临。傀儡的黑暗力量在其能够为自己防御前就杀了她。
QUEST_RAT_2_6_QUESTINFODATA_ACTIONS_2_DEFAULTOUTCOME_OUTCOMETEXT,你用挂在树枝上的一块布条，让傀儡与刺客同调。她的命运已被封定。你扭断了傀儡的脖子。
QUEST_RAT_2_6_QUESTINFODATA_ACTIONS_3_ACTIONTEXT,点出刺客并向他们发起挑战。
QUEST_RAT_2_6_QUESTINFODATA_ACTIONS_3_DEFAULTOUTCOME_JOURNALTEXT,草丛中出现一把匕首，但<hero_name>的御盾挡下致命一击。刺客很快被干掉。
QUEST_RAT_2_6_QUESTINFODATA_ACTIONS_3_DEFAULTOUTCOME_OUTCOMETEXT,你发出挑战，回应你的却是掷来的一把匕首！你的盾牌挡住了它，它的主人——兔子杀手——很快被干掉了。
QUEST_RAT_2_6_QUESTINFODATA_ACTIONS_4_ACTIONTEXT,将她拿下
QUEST_RAT_2_6_QUESTINFODATA_ACTIONS_4_DEFAULTOUTCOME_JOURNALTEXT,贝恩之剑引领我们的英雄到猥琐的刺客那里。<hero_name>干掉了她。黑刀之刃发出血光。
QUEST_RAT_2_6_QUESTINFODATA_ACTIONS_4_DEFAULTOUTCOME_OUTCOMETEXT,贝恩之剑嗜血成性。它带领你穿过树林，直到找到藏在一个兔窝的凶手。她很容易对付。
QUEST_RAT_2_6_QUESTINFODATA_ENCOUNTERTEXT,高大的树木保守着许多秘密，但你只对其中一个感兴趣。你开始寻找这名刺客。
QUEST_RAT_2_6_QUESTINFODATA_JOURNALENCOUNTERTEXT,黑暗的森林看起来充满敌意，但是鼠族的英雄仍然毫不犹豫地走进去寻找这名刺客。
QUEST_RAT_2_6_QUESTINFODATA_JOURNALRUMOURTEXT,鼠族的一名间谍倒在了附近森林的林边。<hero_name>肩负起为她复仇之责。
QUEST_RAT_2_6_QUESTINFODATA_RUMOURTEXT,鼠族的一名间谍在<quest_tile>附近被杀。找到杀她的凶手，宣扬鼠族正义。
QUEST_RAT_2_6_QUESTINFODATA_TITLE,凶手和间谍
QUEST_RAT_2_7_QUESTINFODATA_ACTIONS_0_ACTIONTEXT,召唤怀尔德，寻求指引与答案。
QUEST_RAT_2_7_QUESTINFODATA_ACTIONS_0_DEFAULTOUTCOME_JOURNALTEXT,怀尔德本可以给出回答，但却对<hero_name>隐瞒了它的秘密。别无他法，这个谜团将无人解开。
QUEST_RAT_2_7_QUESTINFODATA_ACTIONS_0_DEFAULTOUTCOME_OUTCOMETEXT,不仅怀尔德无视了你，那些鬼火似乎还在吸取你的魔法能量。你逃离了沼泽，灵力大损。
QUEST_RAT_2_7_QUESTINFODATA_ACTIONS_0_TESTSUCCESSOUTCOME_JOURNALTEXT,怀尔德给出了回答：这些光球是远古冒险者迷失的灵魂。解放了它们，我们的英雄获得了一块灵石作为奖励。
QUEST_RAT_2_7_QUESTINFODATA_ACTIONS_0_TESTSUCCESSOUTCOME_OUTCOMETEXT,多亏你与怀尔德的联系，你成功帮助这些可怜的灵魂回归安宁。作为回报，它们带你找到了附近隐藏的一块灵石。
QUEST_RAT_2_7_QUESTINFODATA_ACTIONS_1_ACTIONTEXT,与那些发光的光点交谈。
QUEST_RAT_2_7_QUESTINFODATA_ACTIONS_1_DEFAULTOUTCOME_JOURNALTEXT,<hero_name>知道这些灯代表着更多的含义，但是对于鼠族的英雄而言，他们的目的过于神秘而难以捉摸。
QUEST_RAT_2_7_QUESTINFODATA_ACTIONS_1_DEFAULTOUTCOME_OUTCOMETEXT,那些光点似乎有了反应，但此外什么也没发生。你带着许多疑问离开了田野，但却感觉与怀尔德的联系更强了。
QUEST_RAT_2_7_QUESTINFODATA_ACTIONS_2_ACTIONTEXT,月之镰刀有反应……高举着它。
QUEST_RAT_2_7_QUESTINFODATA_ACTIONS_2_DEFAULTOUTCOME_JOURNALTEXT,古老的月之镰让<hero_name>了解到那些光芒的真实本性，并将他们的灵魂从永恒的徘徊中解脱出来。
QUEST_RAT_2_7_QUESTINFODATA_ACTIONS_2_DEFAULTOUTCOME_OUTCOMETEXT,镰刀中蕴含的怀尔德先天之力让你能轻松释放鬼火们被困的灵魂。它们报答了你的好意。
QUEST_RAT_2_7_QUESTINFODATA_ACTIONS_3_ACTIONTEXT,利用他们的魔法
QUEST_RAT_2_7_QUESTINFODATA_ACTIONS_3_DEFAULTOUTCOME_JOURNALTEXT,无论魔球有何魔法，我们的英雄已经没有时间了。<hero_name>用乌鸦嘴匕首吸走他们的魔法。
QUEST_RAT_2_7_QUESTINFODATA_ACTIONS_3_DEFAULTOUTCOME_OUTCOMETEXT,当你将乌鸦嘴匕首举向魔球时它嗡嗡作响，他们微微发光并尝试漂走，但你速度太快。
QUEST_RAT_2_7_QUESTINFODATA_ACTIONS_4_ACTIONTEXT,发信号回应
QUEST_RAT_2_7_QUESTINFODATA_ACTIONS_4_DEFAULTOUTCOME_JOURNALTEXT,<hero_name>不懂奇怪魔法的本质，但用镜子斗篷进行尝试和沟通。魔球显得很高兴。
QUEST_RAT_2_7_QUESTINFODATA_ACTIONS_4_DEFAULTOUTCOME_OUTCOMETEXT,你闪烁你的镜子斗篷，将同样的光芒脉冲返回魔球。它们似乎很高兴。当它们离开的时候，你感觉更强大了。
QUEST_RAT_2_7_QUESTINFODATA_ENCOUNTERTEXT,几个小时后，你终于发现了目标：三颗在空中浮动的彩色光球。这肯定是怀尔德的某种把戏吧？
QUEST_RAT_2_7_QUESTINFODATA_JOURNALENCOUNTERTEXT,过了几个小时，走了很长一段路之后，<hero_name>发现了这些奇怪的彩球。问题仍是：它们是什么?
QUEST_RAT_2_7_QUESTINFODATA_JOURNALRUMOURTEXT,在阿门罗山谷发现了一个奇怪的神奇现象。<hero_name>的任务是掌握更多信息。
QUEST_RAT_2_7_QUESTINFODATA_RUMOURTEXT,当地居民在平原周围发现了奇怪的光球，让他们变得越来越紧张不安。调查这一现象。
QUEST_RAT_2_7_QUESTINFODATA_TITLE,鬼火
QUEST_RAT_2_8_QUESTINFODATA_ACTIONS_0_ACTIONTEXT,涤除官员的腐化。
QUEST_RAT_2_8_QUESTINFODATA_ACTIONS_0_DEFAULTOUTCOME_JOURNALTEXT,然而怀尔德不会插手，<hero_name>遭受了腐化狂徒的折磨，才从森林中逃出。
QUEST_RAT_2_8_QUESTINFODATA_ACTIONS_0_DEFAULTOUTCOME_OUTCOMETEXT,你呼唤怀尔德，但它对你不理不睬。你被发现了，逃跑时魔法被吸干，你的生命几乎步上那些逝者的后尘。
QUEST_RAT_2_8_QUESTINFODATA_ACTIONS_0_TESTSUCCESSOUTCOME_JOURNALTEXT,<hero_name>呼唤怀尔德，深知它纯洁之光可以净化如此的黑暗。村庄获得了自由，腐化也被涤除。
QUEST_RAT_2_8_QUESTINFODATA_ACTIONS_0_TESTSUCCESSOUTCOME_OUTCOMETEXT,怀尔德作出了回应。一道净化之光照满黑暗森林，驱散了可怕的腐化，将官员们从疯狂中解脱出来。
QUEST_RAT_2_8_QUESTINFODATA_ACTIONS_1_ACTIONTEXT,拯救你可以拯救的。
QUEST_RAT_2_8_QUESTINFODATA_ACTIONS_1_DEFAULTOUTCOME_JOURNALTEXT,<hero_name>知道这一天不可能拯救所有人。不过，能拯救一些人总比任他们全部死亡要好得多。
QUEST_RAT_2_8_QUESTINFODATA_ACTIONS_1_DEFAULTOUTCOME_OUTCOMETEXT,你悄悄地在林间空地慢慢移动，放走了那些离你最近的人。你成功地拯救了一些人，但许多人却死在了即将到来的流血事件中。
QUEST_RAT_2_8_QUESTINFODATA_ACTIONS_2_ACTIONTEXT,渗透女修道院
QUEST_RAT_2_8_QUESTINFODATA_ACTIONS_2_DEFAULTOUTCOME_JOURNALTEXT,官员们没料到内部有叛国者。<hero_name>戴上了化妆舞会面具。许多囚犯被释放。
QUEST_RAT_2_8_QUESTINFODATA_ACTIONS_2_DEFAULTOUTCOME_OUTCOMETEXT,戴上化妆舞会面具，你轻松接近祭坛。在他们意识到官员注意到你之前，你释放尽可能多的人。
QUEST_RAT_2_8_QUESTINFODATA_ACTIONS_3_ACTIONTEXT,举起贝恩之爪并推开这些傻瓜。
QUEST_RAT_2_8_QUESTINFODATA_ACTIONS_3_DEFAULTOUTCOME_JOURNALTEXT,只有通过使用古老的贝恩之爪，<hero_name>才能从森林驱走邪恶并拯救整个村子。
QUEST_RAT_2_8_QUESTINFODATA_ACTIONS_3_DEFAULTOUTCOME_OUTCOMETEXT,当你命令他们离开时，官员惊恐地盯着看。他们无法抗拒，按命令行事，让你释放村民。
QUEST_RAT_2_8_QUESTINFODATA_ACTIONS_4_ACTIONTEXT,"""一点烟雾应该管用。"""
QUEST_RAT_2_8_QUESTINFODATA_ACTIONS_4_DEFAULTOUTCOME_JOURNALTEXT,炼金术士的调配物被证明很有用，让我们的英雄溜过营地，释放了许多囚犯。
QUEST_RAT_2_8_QUESTINFODATA_ACTIONS_4_DEFAULTOUTCOME_OUTCOMETEXT,装满沸腾黑烟的玻璃球在石阵中摔碎。官员们踉跄退开。你可以释放许多囚犯了。
QUEST_RAT_2_8_QUESTINFODATA_ENCOUNTERTEXT,森林深处的一小片林间空地藏着一个恶毒的秘密：一座献给腐化本身的献祭祭坛，由已堕落的城镇官员主持。
QUEST_RAT_2_8_QUESTINFODATA_JOURNALENCOUNTERTEXT,正是在那片森林，一处可怕的空地怀有邪恶的目的：村民正被献祭给腐化！这种恶行不能容忍。
QUEST_RAT_2_8_QUESTINFODATA_JOURNALRUMOURTEXT,一条最令人不安的传言浮出水面：忠于鼠族的整个村庄消失在了森林里。正在发生着怎样阴暗的事情？
QUEST_RAT_2_8_QUESTINFODATA_RUMOURTEXT,我们听说，忠于鼠族的一个小村庄消失在了森林里。找到他们并拯救他们。
QUEST_RAT_2_8_QUESTINFODATA_TITLE,更高的目标
QUEST_RAT_2_9_QUESTINFODATA_ACTIONS_0_ACTIONTEXT,召唤怀尔德。
QUEST_RAT_2_9_QUESTINFODATA_ACTIONS_0_DEFAULTOUTCOME_JOURNALTEXT,怀尔德本可以平息这个灵魂的怒火，但援助没有到来。英雄腿部受了重伤，被迫逃离。
QUEST_RAT_2_9_QUESTINFODATA_ACTIONS_0_DEFAULTOUTCOME_OUTCOMETEXT,怀尔德忽略了你的恳求，灵魂的剑刺得很深。虽然没有出现明显的伤口，但它造成的痛苦不会很快消失。
QUEST_RAT_2_9_QUESTINFODATA_ACTIONS_0_TESTSUCCESSOUTCOME_JOURNALTEXT,只需怀尔德本身的一声低语便平息了暴怒的灵魂，让<hero_name>得以取走老战士墓中的宝藏。
QUEST_RAT_2_9_QUESTINFODATA_ACTIONS_0_TESTSUCCESSOUTCOME_OUTCOMETEXT,怀尔德迅速回应了它选中的容器，涤除了愤怒灵魂中的恶意，最终让他安息。
QUEST_RAT_2_9_QUESTINFODATA_ACTIONS_1_ACTIONTEXT,与灵魂交战。
QUEST_RAT_2_9_QUESTINFODATA_ACTIONS_1_DEFAULTOUTCOME_JOURNALTEXT,<hero_name>徒劳地尝试与古老的灵魂交战，但没有怀尔德的帮助，这位鼠族英雄被迫逃离。
QUEST_RAT_2_9_QUESTINFODATA_ACTIONS_1_DEFAULTOUTCOME_OUTCOMETEXT,你与幽灵作战，依靠怀尔德指引你的行动。灵魂迫使你两手空空地逃走，但你逃离时增长了几分智慧。
QUEST_RAT_2_9_QUESTINFODATA_ACTIONS_2_ACTIONTEXT,“每个人都想要点什么……”
QUEST_RAT_2_9_QUESTINFODATA_ACTIONS_2_DEFAULTOUTCOME_JOURNALTEXT,这个商人是个老滑头。他从来没有告诉我们的英雄他和幽灵讨论的内容。但是，从那天起，他几乎没有睡过。
QUEST_RAT_2_9_QUESTINFODATA_ACTIONS_2_DEFAULTOUTCOME_OUTCOMETEXT,商人大摇大摆地上前。他试图与野兽沟通！你担心出现最坏的情况，但他们似乎达成了某种协议……
QUEST_RAT_2_9_QUESTINFODATA_ACTIONS_3_ACTIONTEXT,灵魂看向你的身后
QUEST_RAT_2_9_QUESTINFODATA_ACTIONS_3_DEFAULTOUTCOME_JOURNALTEXT,国王疯狂的痛苦 在战士死后已明显开始。在国王的旗帜下，幽灵给了一个礼物。
QUEST_RAT_2_9_QUESTINFODATA_ACTIONS_3_DEFAULTOUTCOME_OUTCOMETEXT,幽灵的目光被吸引到披在你背上的皇家旗帜上。它鞠了一躬，给了一份礼物以示尊重。幽灵是忠诚的。
QUEST_RAT_2_9_QUESTINFODATA_ACTIONS_4_ACTIONTEXT,"""嘿，在这里！"""
QUEST_RAT_2_9_QUESTINFODATA_ACTIONS_4_DEFAULTOUTCOME_JOURNALTEXT,多亏聪明傻瓜的敏捷思维，<hero_name>才得以从森林只身逃脱。
QUEST_RAT_2_9_QUESTINFODATA_ACTIONS_4_DEFAULTOUTCOME_OUTCOMETEXT,你装模作样的傻瓜分散了幽灵的注意力，将古坟翻了个底朝天，在被迫逃离森林之前找到一件有用的物品。
QUEST_RAT_2_9_QUESTINFODATA_ENCOUNTERTEXT,你很快就发现了那些被遗忘的石头，但你并非独自一人……战士躁动不安的灵魂就站在你的身后，准备要了你的命！
QUEST_RAT_2_9_QUESTINFODATA_JOURNALENCOUNTERTEXT,啊，这个被诅咒的古墓并非和平之所！战士的灵魂保持警惕，杀死了所有想夺走他宝藏的人。
QUEST_RAT_2_9_QUESTINFODATA_JOURNALRUMOURTEXT,在森林深处，一座古代勇士的长眠之墓早已被遗忘，千百年来无人惊扰。什么样的宝藏在等着我们的英雄？
QUEST_RAT_2_9_QUESTINFODATA_RUMOURTEXT,有传言称一名古代战士的坟墓就坐落在这片森林里。一起看看传言是否属实，并获得有价值的东西吧。
QUEST_RAT_2_9_QUESTINFODATA_TITLE,墓葬石
QUEST_RAT_3_10_QUESTINFODATA_ACTIONS_0_ACTIONTEXT,用力打开门。
QUEST_RAT_3_10_QUESTINFODATA_ACTIONS_0_DEFAULTOUTCOME_JOURNALTEXT,<hero_name>花了很多时间试图打开那扇门，但却只给鼠族带来尴尬和羞愧。
QUEST_RAT_3_10_QUESTINFODATA_ACTIONS_0_DEFAULTOUTCOME_OUTCOMETEXT,你用爪子握住门边缘，试图用尽所有力气打开它——遗憾的是，你仅仅是在让自己难堪！
QUEST_RAT_3_10_QUESTINFODATA_ACTIONS_0_TESTSUCCESSOUTCOME_JOURNALTEXT,然而<hero_name>并未犹豫！我们的英雄以熊一般的力量打开了那扇巨大的门，拿到了里面的灵石！
QUEST_RAT_3_10_QUESTINFODATA_ACTIONS_0_TESTSUCCESSOUTCOME_OUTCOMETEXT,你用爪子扣住门的边缘用力拉，门应声而开，让在场的所有人惊叹。你在里面发现了一块贵重的灵石！
QUEST_RAT_3_10_QUESTINFODATA_ACTIONS_1_ACTIONTEXT,在正门入口周围挖掘。
QUEST_RAT_3_10_QUESTINFODATA_ACTIONS_1_DEFAULTOUTCOME_JOURNALTEXT,<hero_name>忽略了门，而是命令别人在门周围挖掘。家族墓穴里的宝藏丢失了，但经验却没有丢失。
QUEST_RAT_3_10_QUESTINFODATA_ACTIONS_1_DEFAULTOUTCOME_OUTCOMETEXT,你忽略门口，和你的战友从一边开始挖掘。家族墓穴坍塌了，但你有幸逃出，感觉比以往任何时候都更强大了。
QUEST_RAT_3_10_QUESTINFODATA_ACTIONS_2_ACTIONTEXT,"""那个符号！是一把锁！"""
QUEST_RAT_3_10_QUESTINFODATA_ACTIONS_2_DEFAULTOUTCOME_JOURNALTEXT,魔法师发现了一把隐藏的锁。他打开了它，宝藏由他与<hero_name>共同分享。
QUEST_RAT_3_10_QUESTINFODATA_ACTIONS_2_DEFAULTOUTCOME_OUTCOMETEXT,你的魔法师倚靠着，在光滑的石门上用手摸索。过了一会儿，它突然开启了。你分享了其中的宝藏。
QUEST_RAT_3_10_QUESTINFODATA_ACTIONS_3_ACTIONTEXT,"""嗯，兔族的建筑吧？我可以打开它。"""
QUEST_RAT_3_10_QUESTINFODATA_ACTIONS_3_DEFAULTOUTCOME_JOURNALTEXT,但是，<hero_name>忠实的矿工知道兔族的方法，并迅速在里面打开了一条宝库通道！
QUEST_RAT_3_10_QUESTINFODATA_ACTIONS_3_DEFAULTOUTCOME_OUTCOMETEXT,你忠实的矿工熟悉这座建筑，轻松打开通道。在宝库里面你会找到一件有用的物品。
QUEST_RAT_3_10_QUESTINFODATA_ACTIONS_4_ACTIONTEXT,"""我敢肯定，我们可以使他获释"""
QUEST_RAT_3_10_QUESTINFODATA_ACTIONS_4_DEFAULTOUTCOME_JOURNALTEXT,金钱和外交有时比刀剑和恶言更有效。硬币大师使囚犯获释，没有发生流血事件。
QUEST_RAT_3_10_QUESTINFODATA_ACTIONS_4_DEFAULTOUTCOME_OUTCOMETEXT,硬币大师大步走向监狱的正门。他老练的言辞和几枚金币创造了奇迹。囚犯被释放了。
QUEST_RAT_3_10_QUESTINFODATA_ENCOUNTERTEXT,鼠族最好的勇士包围了兔族一处古老废墟的正门入口。然而，那扇门却是密封的，看起来宏伟而壮观，所有人都无法打开。
QUEST_RAT_3_10_QUESTINFODATA_JOURNALENCOUNTERTEXT,所以我们的英雄冒险前来见见这些鼠族寻宝猎人。那扇壮观的门就在平原上，几个世纪以来从未打开过。
QUEST_RAT_3_10_QUESTINFODATA_JOURNALRUMOURTEXT,我们的英雄被召集来帮助找到潜入老兔窝（就在平原上某个地方）的方法。有什么好处？当然是宝藏！
QUEST_RAT_3_10_QUESTINFODATA_RUMOURTEXT,我们当中有些人似乎是想要进入平原里一处被锁住的兔族废墟。也许你可以帮助他们进入？
QUEST_RAT_3_10_QUESTINFODATA_TITLE,前门
QUEST_RAT_3_11_QUESTINFODATA_ACTIONS_0_ACTIONTEXT,用锉刀锯穿铁栏杆。
QUEST_RAT_3_11_QUESTINFODATA_ACTIONS_0_DEFAULTOUTCOME_JOURNALTEXT,<hero_name>拼命锯着监狱的铁栏杆，却没能在守卫被惊动之前救出效忠者！
QUEST_RAT_3_11_QUESTINFODATA_ACTIONS_0_DEFAULTOUTCOME_OUTCOMETEXT,你尝试通过锯穿铁栏杆，但却因力量不足，而没能在守卫找到你之前进入。你逃走了，他们挥舞着刀剑紧随在后面。
QUEST_RAT_3_11_QUESTINFODATA_ACTIONS_0_TESTSUCCESSOUTCOME_JOURNALTEXT,<hero_name>争分夺秒，拼命锯断牢房的铁栏杆，千钧一发之际救出了效忠者！
QUEST_RAT_3_11_QUESTINFODATA_ACTIONS_0_TESTSUCCESSOUTCOME_OUTCOMETEXT,你从背包里抽出一把锯子，开始锯铁栏杆。多亏了你的力量，你成功地完成任务，最终放走了你的朋友！
QUEST_RAT_3_11_QUESTINFODATA_ACTIONS_1_ACTIONTEXT,穿过主入口，上演越狱！
QUEST_RAT_3_11_QUESTINFODATA_ACTIONS_1_DEFAULTOUTCOME_JOURNALTEXT,而我们的英雄则冲进了监狱，高举着刀剑！守卫们知道<hero_name>此行的目的，因此赶忙杀死了效忠者。
QUEST_RAT_3_11_QUESTINFODATA_ACTIONS_1_DEFAULTOUTCOME_OUTCOMETEXT,然后采取一种直接的方式！你直接硬闯进去，守卫知道你在那里。他们很快将你的朋友处死了，你也落荒而逃。
QUEST_RAT_3_11_QUESTINFODATA_ACTIONS_2_ACTIONTEXT,"""我敢肯定，我们可以使他获释"""
QUEST_RAT_3_11_QUESTINFODATA_ACTIONS_2_DEFAULTOUTCOME_JOURNALTEXT,金钱和外交有时比刀剑和恶言更有效。硬币大师使囚犯获释，没有发生流血事件。
QUEST_RAT_3_11_QUESTINFODATA_ACTIONS_2_DEFAULTOUTCOME_OUTCOMETEXT,硬币大师大步走向监狱的正门。他老练的言辞和几枚金币创造了奇迹。囚犯被释放了。
QUEST_RAT_3_11_QUESTINFODATA_ACTIONS_3_ACTIONTEXT,"""这把锉刀没用。试试这些真正的工具。"""
QUEST_RAT_3_11_QUESTINFODATA_ACTIONS_3_DEFAULTOUTCOME_JOURNALTEXT,多亏了忠实的铁匠和他的工具，我们的英雄才赶在斧头行刑之前，把效忠者从那座可怕的监狱中救了出来！
QUEST_RAT_3_11_QUESTINFODATA_ACTIONS_3_DEFAULTOUTCOME_OUTCOMETEXT,铁匠提供了更强大的金属锉刀轻松弄断栅栏。你的朋友很感激，提供了一件物品作为感谢。
QUEST_RAT_3_11_QUESTINFODATA_ACTIONS_4_ACTIONTEXT,"""我敢肯定，我们可以使他获释"""
QUEST_RAT_3_11_QUESTINFODATA_ACTIONS_4_DEFAULTOUTCOME_JOURNALTEXT,借助化妆舞会面具，<hero_name>靠言辞混了进去。囚犯被及时释放。
QUEST_RAT_3_11_QUESTINFODATA_ACTIONS_4_DEFAULTOUTCOME_OUTCOMETEXT,当你接近时守卫拦住道路，但是当他们看到你的化妆舞会面具时，他们的眼睛被蒙蔽了。你说话时露出狡黠的笑容。
QUEST_RAT_3_11_QUESTINFODATA_ENCOUNTERTEXT,小村庄里的这座监狱只有一个入口和一扇窗户——前者戒备森严，后者装有铁栏杆。
QUEST_RAT_3_11_QUESTINFODATA_JOURNALENCOUNTERTEXT,因此，我们的英雄带着唯一的目标进入了这个村子：不惜一切代价救出囚犯！但代价会是什么呢？
QUEST_RAT_3_11_QUESTINFODATA_JOURNALRUMOURTEXT,<hero_name>听到谣言称一名地方男爵准备在附近的一个小村庄处死一名鼠族效忠者。那肯定不行！
QUEST_RAT_3_11_QUESTINFODATA_RUMOURTEXT,好像是当地一名男爵过度狂热，囚禁了我们的一个人。死刑很快就要执行了——最好尽快将他们救出!
QUEST_RAT_3_11_QUESTINFODATA_TITLE,越狱
QUEST_RAT_3_12_QUESTINFODATA_ACTIONS_0_ACTIONTEXT,挺过严寒！
QUEST_RAT_3_12_QUESTINFODATA_ACTIONS_0_DEFAULTOUTCOME_JOURNALTEXT,我们的英雄试图登顶却徒劳无功，山上致命的暴雪太过猛烈。霜冻吸走了他们的生命，我们的英雄从峰顶逃了下来。
QUEST_RAT_3_12_QUESTINFODATA_ACTIONS_0_DEFAULTOUTCOME_OUTCOMETEXT,你试着强行登上山顶，但却被严寒削弱了力量。你被冻伤了，因而被迫下山。
QUEST_RAT_3_12_QUESTINFODATA_ACTIONS_0_TESTSUCCESSOUTCOME_JOURNALTEXT,但我们的英雄不会让那邪恶的暴雪夺得胜利！他们拼尽全力向上攀登，终于登顶并夺得了宝藏！
QUEST_RAT_3_12_QUESTINFODATA_ACTIONS_0_TESTSUCCESSOUTCOME_OUTCOMETEXT,你努力让自己往上爬，走得比以往更高，你无视自然力量，用爪子抓爬着登上了山顶，并夺得了宝藏！
QUEST_RAT_3_12_QUESTINFODATA_ACTIONS_1_ACTIONTEXT,逃离这座山！
QUEST_RAT_3_12_QUESTINFODATA_ACTIONS_1_DEFAULTOUTCOME_JOURNALTEXT,我们的英雄知道暴雪太猛烈，甚至是两倍于他们力量的人都无法抵抗，因而明智地掉头离开，留下宝藏无人夺取。
QUEST_RAT_3_12_QUESTINFODATA_ACTIONS_1_DEFAULTOUTCOME_OUTCOMETEXT,你放弃寻找宝藏，纯粹为了活命而逃走。你掉头逃离严寒，以免被冻死。
QUEST_RAT_3_12_QUESTINFODATA_ACTIONS_2_ACTIONTEXT,遵照匕首的召唤
QUEST_RAT_3_12_QUESTINFODATA_ACTIONS_2_DEFAULTOUTCOME_JOURNALTEXT,山上发生的故事早已湮没于历史。但<hero_name>此后似乎……有些不同。
QUEST_RAT_3_12_QUESTINFODATA_ACTIONS_2_DEFAULTOUTCOME_OUTCOMETEXT,你饥肠辘辘、虚弱不堪，但仍拖着身体前行。当你走到一具登山同伴的尸体旁时，匕首变暖了。一个邪恶的念头浮现。
QUEST_RAT_3_12_QUESTINFODATA_ENCOUNTERTEXT,在艰难攀登的路上，同行队伍中除了你都死了。只剩你一人，迷失在致命的暴雪中。
QUEST_RAT_3_12_QUESTINFODATA_JOURNALENCOUNTERTEXT,要是<hero_name>相信那些直觉该有多好啊！上山几小时后，一场致命的暴雪几乎夺走了整队人的性命！
QUEST_RAT_3_12_QUESTINFODATA_JOURNALRUMOURTEXT,我们的英雄犹豫是否要加入寻宝队，但宝藏的许诺令人难以拒绝。
QUEST_RAT_3_12_QUESTINFODATA_RUMOURTEXT,似乎有一支寻宝队正计划登上附近的一座高峰。也许值得加入他们！
QUEST_RAT_3_12_QUESTINFODATA_TITLE,眩目之白
QUEST_RAT_3_1_QUESTINFODATA_ACTIONS_0_ACTIONTEXT,通过谈判让商队安全通过。
QUEST_RAT_3_1_QUESTINFODATA_ACTIONS_0_DEFAULTOUTCOME_JOURNALTEXT,但是我们的英雄没能深入进行谈判，就激怒了国王守卫。他们烧毁了商队，不准我们的英雄通过。
QUEST_RAT_3_1_QUESTINFODATA_ACTIONS_0_DEFAULTOUTCOME_OUTCOMETEXT,不幸的是，你缺乏智力来说服国王守卫让你通过。他们转而摧毁了商队，不准你通过。
QUEST_RAT_3_1_QUESTINFODATA_ACTIONS_0_TESTSUCCESSOUTCOME_JOURNALTEXT,但是，我们的英雄凭借传说中的三寸不烂之舌不仅通过谈判确保了安全通过——<hero_name>还确保了鼠族所有商队都能通过！
QUEST_RAT_3_1_QUESTINFODATA_ACTIONS_0_TESTSUCCESSOUTCOME_OUTCOMETEXT,你发挥敏锐的智力，成功谈妥安全通行。马车继续前进，商队首领将一块灵石放进你的爪中。
QUEST_RAT_3_1_QUESTINFODATA_ACTIONS_1_ACTIONTEXT,走那条较长的路。
QUEST_RAT_3_1_QUESTINFODATA_ACTIONS_1_DEFAULTOUTCOME_JOURNALTEXT,<hero_name>不会让这些恶霸偷走鼠族的货物！他们刚刚走了那条较长的路，即使这意味着失去一半的利润！
QUEST_RAT_3_1_QUESTINFODATA_ACTIONS_1_DEFAULTOUTCOME_OUTCOMETEXT,如果士兵们不让你通过，你就走那条较长的路。商队首领非常愤怒，他会因迟到而失去一半的利润！
QUEST_RAT_3_1_QUESTINFODATA_ACTIONS_2_ACTIONTEXT,"""让我来处理。"""
QUEST_RAT_3_1_QUESTINFODATA_ACTIONS_2_DEFAULTOUTCOME_JOURNALTEXT,<hero_name>的贸易者深谙行贿和打点。他能够就自由通行进行谈判。商队继续畅通无阻地前行。
QUEST_RAT_3_1_QUESTINFODATA_ACTIONS_2_DEFAULTOUTCOME_OUTCOMETEXT,"""你认为我们已经赚到了钱？这就是为什么我们要去城里！""你的贸易者与守卫讨价还价。他们不情愿地让你免费通过。"
QUEST_RAT_3_1_QUESTINFODATA_ACTIONS_3_ACTIONTEXT,用皇家赦令强行开路。
QUEST_RAT_3_1_QUESTINFODATA_ACTIONS_3_DEFAULTOUTCOME_JOURNALTEXT,但<hero_name>自有绝招！皇家赦令发挥了绝佳的作用，国王守卫仓皇逃走了！
QUEST_RAT_3_1_QUESTINFODATA_ACTIONS_3_DEFAULTOUTCOME_OUTCOMETEXT,"""抱歉""，你拿着泛黄的羊皮纸说。""我相信你弄错了商队""。国王守卫很快逃走了。"
QUEST_RAT_3_1_QUESTINFODATA_ACTIONS_4_ACTIONTEXT,出示皇家旗帜
QUEST_RAT_3_1_QUESTINFODATA_ACTIONS_4_DEFAULTOUTCOME_JOURNALTEXT,皇家旗帜是国王威严的一个标志。一旦察觉，被腐蚀的守卫以最快的速度逃离。商人安全了！
QUEST_RAT_3_1_QUESTINFODATA_ACTIONS_4_DEFAULTOUTCOME_OUTCOMETEXT,"国王守卫在皇家旗帜下畏缩不前。""别动这个商人！""守卫逃走了。你得到一份礼物作为感谢。"
QUEST_RAT_3_1_QUESTINFODATA_ENCOUNTERTEXT,你到了之后发现商队被两名相当威风的国王守卫拦住了。他们要求提供贡品，才能通过。
QUEST_RAT_3_1_QUESTINFODATA_JOURNALENCOUNTERTEXT,因此，我们的英雄深入平原，轻松地找到了商队和国王守卫。他们索要贿赂！真厚颜无耻。
QUEST_RAT_3_1_QUESTINFODATA_JOURNALRUMOURTEXT,我们的英雄听说鼠族商队被一些狂热的国王守卫拦住了。那肯定不行！
QUEST_RAT_3_1_QUESTINFODATA_RUMOURTEXT,鼠族一支商队被一堆国王守卫拦在了平原上。我听说，如果你能提供帮助，将会获得一份奖励！
QUEST_RAT_3_1_QUESTINFODATA_TITLE,通行与赞助
QUEST_RAT_3_2_QUESTINFODATA_ACTIONS_0_ACTIONTEXT,观察，然后作出选择。
QUEST_RAT_3_2_QUESTINFODATA_ACTIONS_0_DEFAULTOUTCOME_JOURNALTEXT,啊，我们的英雄无法在她自己的游戏中打败强盗！<hero_name>拿错了圣杯，喝错了酒，不幸中毒！
QUEST_RAT_3_2_QUESTINFODATA_ACTIONS_0_DEFAULTOUTCOME_OUTCOMETEXT,你试图辨别被下毒的圣杯，但缺乏赢得挑战所需的智力。你喝了一杯……痛苦得晕了过去！
QUEST_RAT_3_2_QUESTINFODATA_ACTIONS_0_TESTSUCCESSOUTCOME_JOURNALTEXT,幸运的是，我们英雄的智力远胜头脑简单的强盗！<hero_name>一口喝下正确圣杯中的酒，成为了胜利者！
QUEST_RAT_3_2_QUESTINFODATA_ACTIONS_0_TESTSUCCESSOUTCOME_OUTCOMETEXT,你察觉到强盗细微的目光，推断出安全的酒杯并喝下。强盗深为折服，给了你一张随从卡牌。
QUEST_RAT_3_2_QUESTINFODATA_ACTIONS_1_ACTIONTEXT,说出这场比试是以不正当手段操纵的，并逃离现场。
QUEST_RAT_3_2_QUESTINFODATA_ACTIONS_1_DEFAULTOUTCOME_JOURNALTEXT,"""强盗，我不会参加任何受人操纵的比赛！""不管是否真的受人操纵，我们的英雄逃离了森林幽谷，没拿到任何奖品。"
QUEST_RAT_3_2_QUESTINFODATA_ACTIONS_1_DEFAULTOUTCOME_OUTCOMETEXT,知道猜错可能带来致命危险，你坚持说强盗为了获胜而操纵了比赛。你两爪空空逃到了森林。
QUEST_RAT_3_2_QUESTINFODATA_ACTIONS_2_ACTIONTEXT,"""嘘！我想我知道哪一个有毒！我能帮上忙！"""
QUEST_RAT_3_2_QUESTINFODATA_ACTIONS_2_DEFAULTOUTCOME_JOURNALTEXT,但忠实的吟游诗人曾看到强盗下毒！通过一支简单的曲子，他成功向我们的英雄揭示了无毒的酒杯！
QUEST_RAT_3_2_QUESTINFODATA_ACTIONS_2_DEFAULTOUTCOME_OUTCOMETEXT,诗人哼起一支简单的曲调，你意识到这是指向安全酒杯的暗号！你赢了，但强盗首领满腹狐疑。
QUEST_RAT_3_2_QUESTINFODATA_ACTIONS_3_ACTIONTEXT,"""先喝了这个。"""
QUEST_RAT_3_2_QUESTINFODATA_ACTIONS_3_DEFAULTOUTCOME_JOURNALTEXT,但毒药对一名训练有素的医生来说不在话下。他递给我们的英雄解药。有了护持，我们的英雄微笑着将三杯一饮而尽。
QUEST_RAT_3_2_QUESTINFODATA_ACTIONS_3_DEFAULTOUTCOME_OUTCOMETEXT,药师悄悄递给你一个有塞子的瓶子。你饮了它，然后喝了三杯。强盗们震惊了，承认他们甘拜下风。
QUEST_RAT_3_2_QUESTINFODATA_ACTIONS_4_ACTIONTEXT,验毒
QUEST_RAT_3_2_QUESTINFODATA_ACTIONS_4_DEFAULTOUTCOME_JOURNALTEXT,强盗们没料到我们的英雄会使用怀尔德焰杖的力量。<hero_name>找到安全的杯子并喝了下去。
QUEST_RAT_3_2_QUESTINFODATA_ACTIONS_4_DEFAULTOUTCOME_OUTCOMETEXT,怀尔德焰杖掠过两个杯子时嗡嗡作响。到第三杯时默然无声。你端起它一饮而尽。强盗瞪着眼，败下阵来。
QUEST_RAT_3_2_QUESTINFODATA_ENCOUNTERTEXT,强盗营地中摆着一张桌子和三杯酒。强盗说其中两杯下了毒。你会选哪一杯？
QUEST_RAT_3_2_QUESTINFODATA_JOURNALENCOUNTERTEXT,森林深处，我们的英雄发现比试已就绪等候：三杯酒，两杯有毒。<hero_name>必须作出选择！
QUEST_RAT_3_2_QUESTINFODATA_JOURNALRUMOURTEXT,<quest_tile>的强盗大王已经向我们的英雄发起了挑战，要来一场智力之争！<hero_name>不会让人失望。
QUEST_RAT_3_2_QUESTINFODATA_RUMOURTEXT,强大的强盗大王将你叫出。她在向你发起挑战，要与你来一场智力之争，获胜者将赢得丰厚的奖励！
QUEST_RAT_3_2_QUESTINFODATA_TITLE,智力之战
QUEST_RAT_3_3_QUESTINFODATA_ACTIONS_0_ACTIONTEXT,以你敏锐的智力解释地图。
QUEST_RAT_3_3_QUESTINFODATA_ACTIONS_0_DEFAULTOUTCOME_JOURNALTEXT,啊，我们的英雄无法辨别地图中隐藏的错综复杂的线路，很快便迷了路，走进了剃刀蝇的巢穴！被叮咬后会疼数天！
QUEST_RAT_3_3_QUESTINFODATA_ACTIONS_0_DEFAULTOUTCOME_OUTCOMETEXT,你眯着双眼研究地图，但仍然没有任何思路。你尝试猜测正确的路径，但却迷了路，走进了剃刀蝇的巢穴——好疼！
QUEST_RAT_3_3_QUESTINFODATA_ACTIONS_0_TESTSUCCESSOUTCOME_JOURNALTEXT,幸好，我们的英雄没有惊慌失措。我们的英雄花了些时间了解地图的弱点，很快便发现了那个古代宝藏！
QUEST_RAT_3_3_QUESTINFODATA_ACTIONS_0_TESTSUCCESSOUTCOME_OUTCOMETEXT,你眯着双眼研究地图并进行思考。突然，你想到了！地标都是倒着画的！你很快纠正了路线，找到了宝藏。
QUEST_RAT_3_3_QUESTINFODATA_ACTIONS_1_ACTIONTEXT,在死亡之前离开沼泽。
QUEST_RAT_3_3_QUESTINFODATA_ACTIONS_1_DEFAULTOUTCOME_JOURNALTEXT,我们的英雄不是傻瓜！如果他们在这里游荡太久，这片沼泽会要了他们的命。我们的英雄扔下地图，逃跑了。
QUEST_RAT_3_3_QUESTINFODATA_ACTIONS_1_DEFAULTOUTCOME_OUTCOMETEXT,你不是傻瓜，藏宝图显然是假的。你将藏宝图扔到淤泥里，沿着原路返回。虽然两爪空空，但幸好还活着。
QUEST_RAT_3_3_QUESTINFODATA_ACTIONS_2_ACTIONTEXT,从空中搜寻！
QUEST_RAT_3_3_QUESTINFODATA_ACTIONS_2_DEFAULTOUTCOME_JOURNALTEXT,沼泽是可供藏身的无尽泥潭。穿着翅靴，我们的英雄可以搜寻大部分地方，并发现了一些有用的工具
QUEST_RAT_3_3_QUESTINFODATA_ACTIONS_2_DEFAULTOUTCOME_OUTCOMETEXT,翅靴让你以十倍速度搜寻。虽然宝藏仍未找到，但从一辆陷没的货车中寻得了一件有用的工具
QUEST_RAT_3_3_QUESTINFODATA_ACTIONS_3_ACTIONTEXT,"""这片沼泽中还有其他宝藏。"""
QUEST_RAT_3_3_QUESTINFODATA_ACTIONS_3_DEFAULTOUTCOME_JOURNALTEXT,幸运的是，<hero_name>忠实的探险者不仅认得归途，所知更多。两人携手，挖出了另一件宝藏。
QUEST_RAT_3_3_QUESTINFODATA_ACTIONS_3_DEFAULTOUTCOME_OUTCOMETEXT,<quest_tile> 是以失落的宝藏和藏宝地而闻名。你的探险者搜寻这一地区，并挖出了埋藏的法术卡。
QUEST_RAT_3_3_QUESTINFODATA_ENCOUNTERTEXT,一名鼠族效忠者给了你一张风化褪色的旧藏宝图，图中的路线一直通往一片沼泽。你很快迷路了，被一片泥潭包围着。
QUEST_RAT_3_3_QUESTINFODATA_JOURNALENCOUNTERTEXT,问题的关键当然是，这是一片很深又十分危险的沼泽！<hero_name>很快就陷入了泥潭中。
QUEST_RAT_3_3_QUESTINFODATA_JOURNALRUMOURTEXT,一位好朋友给了我们的英雄一张藏宝图，声称它可以帮助他们完成争夺王座的任务。
QUEST_RAT_3_3_QUESTINFODATA_RUMOURTEXT,我发现了这张通往附近沼泽的旧藏宝图，但我可活不下那条路。你觉得自己能行吗？
QUEST_RAT_3_3_QUESTINFODATA_TITLE,宝藏就在X处
QUEST_RAT_3_4_QUESTINFODATA_ACTIONS_0_ACTIONTEXT,猛攻黑色城堡。
QUEST_RAT_3_4_QUESTINFODATA_ACTIONS_0_DEFAULTOUTCOME_JOURNALTEXT,我们的英雄冲进伊斯恩雷峰，但可惜他们的战斗技能不足以战胜城堡的战士，因而被迫逃离！
QUEST_RAT_3_4_QUESTINFODATA_ACTIONS_0_DEFAULTOUTCOME_OUTCOMETEXT,你冲进黑色城堡，但山上堡垒里的罪犯比你预期的更难对付！你被迫逃离，行动失败。
QUEST_RAT_3_4_QUESTINFODATA_ACTIONS_0_TESTSUCCESSOUTCOME_JOURNALTEXT,我们的英雄冲进伊斯恩雷峰，杀死了守卫和腐败的首领，只留下那些发誓效忠鼠族的人！
QUEST_RAT_3_4_QUESTINFODATA_ACTIONS_0_TESTSUCCESSOUTCOME_OUTCOMETEXT,在你的利剑之下，阿门罗的地下世界回归鼠族控制。作为酬谢，你带走了一块灵石。
QUEST_RAT_3_4_QUESTINFODATA_ACTIONS_1_ACTIONTEXT,烧毁黑色城堡。
QUEST_RAT_3_4_QUESTINFODATA_ACTIONS_1_DEFAULTOUTCOME_JOURNALTEXT,攻打恶棍的堡垒似乎最好是采用一种间接的方法！<hero_name>烧毁了黑色城堡，其守护者四散而去。
QUEST_RAT_3_4_QUESTINFODATA_ACTIONS_1_DEFAULTOUTCOME_OUTCOMETEXT,你知道直接攻击可能会丧命，因而偷偷潜入建筑周围，放了一把大火。城堡燃起熊熊大火，但许多人都逃跑了。
QUEST_RAT_3_4_QUESTINFODATA_ACTIONS_2_ACTIONTEXT,"""我以前来过这里。"""
QUEST_RAT_3_4_QUESTINFODATA_ACTIONS_2_DEFAULTOUTCOME_JOURNALTEXT,没人能说清间谍大师是如何知晓城堡的秘密通道的。战斗中，许多人呼唤着她的名字。一个如今已被遗忘的名字。
QUEST_RAT_3_4_QUESTINFODATA_ACTIONS_2_DEFAULTOUTCOME_OUTCOMETEXT,头巾之下，间谍大师唇角一动。她指出一条地下通道。你突袭得手。黑色城堡陷落了。
QUEST_RAT_3_4_QUESTINFODATA_ACTIONS_3_ACTIONTEXT,穿上你的盔甲，然后攻击
QUEST_RAT_3_4_QUESTINFODATA_ACTIONS_3_DEFAULTOUTCOME_JOURNALTEXT,我们的英雄学会了谨慎。冲锋与荣耀……毫无意义。<hero_name>穿上盔甲，小心地为阿门罗清除黑色城堡的邪恶。
QUEST_RAT_3_4_QUESTINFODATA_ACTIONS_3_DEFAULTOUTCOME_OUTCOMETEXT,你穿着狮心胸甲，冲进了主堡。额外的负重让几名窃贼从你手中逃脱，但他们的堡垒陷落了。
QUEST_RAT_3_4_QUESTINFODATA_ACTIONS_4_ACTIONTEXT,接管黑色城堡
QUEST_RAT_3_4_QUESTINFODATA_ACTIONS_4_DEFAULTOUTCOME_JOURNALTEXT,我们的英雄知道黑色城堡是一件强大的工具。<hero_name>借贝恩之剑之力将那份力量据为己有。
QUEST_RAT_3_4_QUESTINFODATA_ACTIONS_4_DEFAULTOUTCOME_OUTCOMETEXT,你站在门前，怒火涌遍全身。贝恩之剑催促你前进。向前。黑色城堡将迎来新的国王。
QUEST_RAT_3_4_QUESTINFODATA_ENCOUNTERTEXT,你长途跋涉，登上了著名的伊斯恩雷峰，罪恶大王在那里掌握着绝对的权力。你到那里是为了让他们的法庭休庭。
QUEST_RAT_3_4_QUESTINFODATA_JOURNALENCOUNTERTEXT,这简直无法忍受 -- 他们要么是鼠族的人，要么根本不存在。<hero_name>出发去拜访他们。
QUEST_RAT_3_4_QUESTINFODATA_JOURNALRUMOURTEXT,我们的英雄呼吸加快——伊斯恩雷的黑色城堡世代忠于鼠族。如今，他们效忠于国王。
QUEST_RAT_3_4_QUESTINFODATA_RUMOURTEXT,你听说过伊斯恩雷的黑色城堡吗？自伟大加盟之前的鼠族效忠者——但现在，国王却将他们收入囊中！
QUEST_RAT_3_4_QUESTINFODATA_TITLE,黑色城堡
QUEST_RAT_3_5_QUESTINFODATA_ACTIONS_0_ACTIONTEXT,在信使逃走前杀死他。
QUEST_RAT_3_5_QUESTINFODATA_ACTIONS_0_DEFAULTOUTCOME_JOURNALTEXT,<hero_name>跳出来，但是这名狼间谍已经准备好出击了！双方大打出手，狼将我们的英雄咬成重伤之后逃走了。
QUEST_RAT_3_5_QUESTINFODATA_ACTIONS_0_DEFAULTOUTCOME_OUTCOMETEXT,你抽出剑，但取剑的声音惊动了狼！你们大打出手，他被猛砍了一剑之后便逃走了。
QUEST_RAT_3_5_QUESTINFODATA_ACTIONS_0_TESTSUCCESSOUTCOME_JOURNALTEXT,<hero_name>跳出来，将匕首刺向间谍，但寒风中眼前模糊一片。狼间谍倒下了，我们的英雄销毁了信件，结束了联盟。
QUEST_RAT_3_5_QUESTINFODATA_ACTIONS_0_TESTSUCCESSOUTCOME_OUTCOMETEXT,幸运的是，你的突袭起到了作用，狼很快屈服于你的利剑之下。你偷走了他的消息，还有文物！
QUEST_RAT_3_5_QUESTINFODATA_ACTIONS_1_ACTIONTEXT,封锁地牢入口，将他困在里面。
QUEST_RAT_3_5_QUESTINFODATA_ACTIONS_1_DEFAULTOUTCOME_JOURNALTEXT,<hero_name>不加阻拦，让狼间谍进入地牢。但他再也不会出来，因为我们的英雄用一块巨石封住了入口！
QUEST_RAT_3_5_QUESTINFODATA_ACTIONS_1_DEFAULTOUTCOME_OUTCOMETEXT,你看着狼进入地牢，然后迅速松动一块巨石，将他和他的接头人封在里面。他们的死将是缓慢的！
QUEST_RAT_3_5_QUESTINFODATA_ACTIONS_2_ACTIONTEXT,"""他跑得相当快。我该不该放倒他？"""
QUEST_RAT_3_5_QUESTINFODATA_ACTIONS_2_DEFAULTOUTCOME_JOURNALTEXT,感谢<hero_name>的忠实保镖，狼毫无生机。他的尸体将作为对越过鼠族之人的一个警告！
QUEST_RAT_3_5_QUESTINFODATA_ACTIONS_2_DEFAULTOUTCOME_OUTCOMETEXT,你的保镖飞奔前进，帮助你在狼进入地牢之前将其击倒。你扔下他的尸体，以警示国王守卫。
QUEST_RAT_3_5_QUESTINFODATA_ACTIONS_3_ACTIONTEXT,瞄准完美一击
QUEST_RAT_3_5_QUESTINFODATA_ACTIONS_3_DEFAULTOUTCOME_JOURNALTEXT,我们的英雄在他们的征途上积累的宝藏在那一天救了他们。手炮一响迫使狼逃走了。
QUEST_RAT_3_5_QUESTINFODATA_ACTIONS_3_DEFAULTOUTCOME_OUTCOMETEXT,当狼冲向地牢时，你小心地瞄准手炮。响亮的一枪打伤了他。他呜咽着逃离了会面。
QUEST_RAT_3_5_QUESTINFODATA_ACTIONS_4_ACTIONTEXT,稍等片刻，然后杀了他们两个
QUEST_RAT_3_5_QUESTINFODATA_ACTIONS_4_DEFAULTOUTCOME_JOURNALTEXT,我们的英雄忍到了会议进行之后，然后在英雄头盔的保护下进入地牢。战斗很快结束。
QUEST_RAT_3_5_QUESTINFODATA_ACTIONS_4_DEFAULTOUTCOME_OUTCOMETEXT,英雄头盔会保护你。你忍住了直到会议开始，然后潜入地牢并干掉了狡猾的阴谋者。
QUEST_RAT_3_5_QUESTINFODATA_ENCOUNTERTEXT,你发现狼族信使正要去附近地下废墟见他的接头人——你没多少时间阻止他了！
QUEST_RAT_3_5_QUESTINFODATA_JOURNALENCOUNTERTEXT,在那里，就在古老地牢外，一名狼间谍带着狼族长老的信件奔逃。必须阻止他！
QUEST_RAT_3_5_QUESTINFODATA_JOURNALRUMOURTEXT,狡猾的狼族已计划好与国王守卫结盟——但是，我们的英雄如果能快速行动，还来得及阻止他们！
QUEST_RAT_3_5_QUESTINFODATA_RUMOURTEXT,狼族正试图与国王守卫结盟。阻止他们的信使，破坏谈判，以免达成结盟。
QUEST_RAT_3_5_QUESTINFODATA_TITLE,骗子和间谍
QUEST_RAT_3_6_QUESTINFODATA_ACTIONS_0_ACTIONTEXT,抽出你的利剑，放走效忠者！
QUEST_RAT_3_6_QUESTINFODATA_ACTIONS_0_DEFAULTOUTCOME_JOURNALTEXT,<hero_name>向前冲去，展开拼杀，但兔族已经准备好出击了！这是一场殊死搏斗，我们的英雄受伤严重，被迫逃离。
QUEST_RAT_3_6_QUESTINFODATA_ACTIONS_0_DEFAULTOUTCOME_OUTCOMETEXT,你向兔族的战士冲过去，展开拼杀，但他们却在担心鼠族可能会在今天过来找麻烦！你几乎要被杀死了，被迫逃走。
QUEST_RAT_3_6_QUESTINFODATA_ACTIONS_0_TESTSUCCESSOUTCOME_JOURNALTEXT,<hero_name>大喊一声，冲进人群中展开厮杀，愤怒地穿过广场砍出一条出路。多亏我们英雄的英勇奋战，所有的囚犯都逃脱了！
QUEST_RAT_3_6_QUESTINFODATA_ACTIONS_0_TESTSUCCESSOUTCOME_OUTCOMETEXT,你向着兔族战士冲过去，开始左右厮杀。逃得很快，你的所有朋友都活着出去了！
QUEST_RAT_3_6_QUESTINFODATA_ACTIONS_1_ACTIONTEXT,放走其他囚犯。
QUEST_RAT_3_6_QUESTINFODATA_ACTIONS_1_DEFAULTOUTCOME_JOURNALTEXT,<hero_name>蹑手蹑脚地穿过人群，来到囚犯的牢房。那一天，刽子手的斧头夺走了许多生命，但我们的英雄拯救了更多人！
QUEST_RAT_3_6_QUESTINFODATA_ACTIONS_1_DEFAULTOUTCOME_OUTCOMETEXT,你悄悄溜过断头台，迅速放走了其他囚犯。斧头的铛铛声让你明白，你无法救下所有人。
QUEST_RAT_3_6_QUESTINFODATA_ACTIONS_2_ACTIONTEXT,引起恐慌
QUEST_RAT_3_6_QUESTINFODATA_ACTIONS_2_DEFAULTOUTCOME_JOURNALTEXT,征途中吸收魔法到贝恩之爪是为了派上用场。我们的英雄用它造成恐慌，借助其解救老鼠。
QUEST_RAT_3_6_QUESTINFODATA_ACTIONS_2_DEFAULTOUTCOME_OUTCOMETEXT,别无选择，你举起贝恩之爪。释放其中的魔法，让腐化弥漫在空中。人群四散，你趁机解救了老鼠们。
QUEST_RAT_3_6_QUESTINFODATA_ACTIONS_3_ACTIONTEXT,"""拯救老鼠！"""
QUEST_RAT_3_6_QUESTINFODATA_ACTIONS_3_DEFAULTOUTCOME_JOURNALTEXT,老鼠很了解花招。但是，我们的英雄也了解蛮力的方式。他们的狂战士向前冲锋。老鼠被解救了。
QUEST_RAT_3_6_QUESTINFODATA_ACTIONS_3_DEFAULTOUTCOME_OUTCOMETEXT,你的狂战士想出了最完美的解决方案。他冲击台子，殴打刽子手并解救了被关押的老鼠。
QUEST_RAT_3_6_QUESTINFODATA_ACTIONS_4_ACTIONTEXT,将你的忠诚侍从推入人群中。分散他们的注意力！
QUEST_RAT_3_6_QUESTINFODATA_ACTIONS_4_DEFAULTOUTCOME_JOURNALTEXT,"""快点想！""我们的英雄把忠实的侍从推入人群，分散了守卫的注意力，得以安全释放所有囚犯！"
QUEST_RAT_3_6_QUESTINFODATA_ACTIONS_4_DEFAULTOUTCOME_OUTCOMETEXT,你把侍从推入人群，造成的骚动分散了守卫的注意力，为你争取到足够时间释放囚犯。
QUEST_RAT_3_6_QUESTINFODATA_ENCOUNTERTEXT,你匆忙进入城中，发现鼠族一名忠诚的拥护者，被推倒，拖上了断头台。你必须迅速行动！
QUEST_RAT_3_6_QUESTINFODATA_JOURNALENCOUNTERTEXT,<hero_name>急忙赶到村里，知道每过一分钟就可能失去一条生命。就在刽子手举起斧头的千钧一发之际，我们的英雄赶来了。
QUEST_RAT_3_6_QUESTINFODATA_JOURNALRUMOURTEXT,兔族做得太过分了，他们俘获了鼠族的效忠者，正计划在附近一个村子里将他们处死。
QUEST_RAT_3_6_QUESTINFODATA_RUMOURTEXT,一些兔族支持者计划在<quest_tile>处死鼠族的效忠者。最好去拯救他们！
QUEST_RAT_3_6_QUESTINFODATA_TITLE,砍掉他们的头！
QUEST_RAT_3_7_QUESTINFODATA_ACTIONS_0_ACTIONTEXT,进入那座古老的废墟！
QUEST_RAT_3_7_QUESTINFODATA_ACTIONS_0_DEFAULTOUTCOME_JOURNALTEXT,不幸的是，<hero_name>完全无法借怀尔德之力，很快便意识到强行通过只意味着死亡。
QUEST_RAT_3_7_QUESTINFODATA_ACTIONS_0_DEFAULTOUTCOME_OUTCOMETEXT,你伸出一只爪子，感觉到……冰冷。可怕的黑暗拉拽着你的灵魂，你意识到自己绝无法活着通过这道屏障。
QUEST_RAT_3_7_QUESTINFODATA_ACTIONS_0_TESTSUCCESSOUTCOME_JOURNALTEXT,幸运的是，<hero_name>确实深谙怀尔德之道，迅速穿过，为鼠族夺回了灵石。
QUEST_RAT_3_7_QUESTINFODATA_ACTIONS_0_TESTSUCCESSOUTCOME_OUTCOMETEXT,你伸出一只爪子，感到周围一片温暖的抚慰。帘幕升起，废墟（连同它的灵石）向你敞开。
QUEST_RAT_3_7_QUESTINFODATA_ACTIONS_1_ACTIONTEXT,探索外面。
QUEST_RAT_3_7_QUESTINFODATA_ACTIONS_1_DEFAULTOUTCOME_JOURNALTEXT,于是，我们的英雄没有冒着生命危险穿过魔法屏障，而是花时间探索废墟，以更接近怀尔德。
QUEST_RAT_3_7_QUESTINFODATA_ACTIONS_1_DEFAULTOUTCOME_OUTCOMETEXT,你决定留在外面——那道屏障很可能意味着死亡。至少漫步之后，你感觉自己对怀尔德之道更强了。
QUEST_RAT_3_7_QUESTINFODATA_ACTIONS_2_ACTIONTEXT,"""我们将继续前行……"""
QUEST_RAT_3_7_QUESTINFODATA_ACTIONS_2_DEFAULTOUTCOME_JOURNALTEXT,怀尔德与魔法之道对这位陌生人来说司空见惯。他带领我们的英雄进入古代废墟。冰冷的魔法正渗入他们体内。
QUEST_RAT_3_7_QUESTINFODATA_ACTIONS_2_DEFAULTOUTCOME_OUTCOMETEXT,陌生人把你的爪子搭到他的肩膀上，并引导你通过路障。你分享了你在里面找到的宝藏。
QUEST_RAT_3_7_QUESTINFODATA_ACTIONS_3_ACTIONTEXT,驱散迷雾
QUEST_RAT_3_7_QUESTINFODATA_ACTIONS_3_DEFAULTOUTCOME_JOURNALTEXT,迷雾没有散开，但怀尔德认可<hero_name>是一名英雄。它借由月亮镰刀将魔法祝福倾注于他们。
QUEST_RAT_3_7_QUESTINFODATA_ACTIONS_3_DEFAULTOUTCOME_OUTCOMETEXT,当你抽出月亮镰刀时，你的任务考验在脑海中闪现。镰刀发出光芒。雾气环绕着它。魔法充斥着你。
QUEST_RAT_3_7_QUESTINFODATA_ACTIONS_4_ACTIONTEXT,怀尔德护符闪闪发光。
QUEST_RAT_3_7_QUESTINFODATA_ACTIONS_4_DEFAULTOUTCOME_JOURNALTEXT,怀尔德似乎在与<hero_name>的怀尔德护符沟通，一缕迷雾之力飘进了护符。
QUEST_RAT_3_7_QUESTINFODATA_ACTIONS_4_DEFAULTOUTCOME_OUTCOMETEXT,你高举怀尔德护符，感到一股狂暴的怀尔德之力涌入其中。迷雾仍在，但你窃取的魔法将派上用场。
QUEST_RAT_3_7_QUESTINFODATA_ENCOUNTERTEXT,古老的废墟似乎由怀尔德亲自守卫——一层阴霾笼罩其上，宛如遮蔽现实脉络的帘幕。
QUEST_RAT_3_7_QUESTINFODATA_JOURNALENCOUNTERTEXT,啊，那道屏障似乎正是由怀尔德本身构成，唯有深谙其道者才能毫无阻碍地通过。
QUEST_RAT_3_7_QUESTINFODATA_JOURNALRUMOURTEXT,熊族一座古老废墟的奇异魔法屏障后藏着一块灵石——也许我们的英雄能找到穿过它的办法？
QUEST_RAT_3_7_QUESTINFODATA_RUMOURTEXT,发现一处熊族鼎盛时期的古老废墟。里面似乎有一块灵石，你有兴趣吗？
QUEST_RAT_3_7_QUESTINFODATA_TITLE,怀尔德飞地
QUEST_RAT_3_8_QUESTINFODATA_ACTIONS_0_ACTIONTEXT,帮忙！你必须这么做！
QUEST_RAT_3_8_QUESTINFODATA_ACTIONS_0_DEFAULTOUTCOME_JOURNALTEXT,<hero_name>恳求怀尔德援助那个生物，但毫无回应。那生物随即转身，将腐化注入我们英雄的灵魂。
QUEST_RAT_3_8_QUESTINFODATA_ACTIONS_0_DEFAULTOUTCOME_OUTCOMETEXT,你伸出爪子，但怀尔德没有回应你的呼唤。病人朝你嘶嘶吐出恶毒的诅咒，你感到一只冰冷的手攫住了灵魂。
QUEST_RAT_3_8_QUESTINFODATA_ACTIONS_0_TESTSUCCESSOUTCOME_JOURNALTEXT,但<hero_name>不会让腐化得逞！他乞求怀尔德援助，效忠者的病痛被涤除，得以再战一日！
QUEST_RAT_3_8_QUESTINFODATA_ACTIONS_0_TESTSUCCESSOUTCOME_OUTCOMETEXT,你伸出爪子，感到怀尔德之力涌遍全身。治病术士惊讶地看到她的病人痊愈起身，并加入你的事业！
QUEST_RAT_3_8_QUESTINFODATA_ACTIONS_1_ACTIONTEXT,结束效忠者的痛苦。
QUEST_RAT_3_8_QUESTINFODATA_ACTIONS_1_DEFAULTOUTCOME_JOURNALTEXT,唉，怀尔德的帮助从无保证。<hero_name>将匕首刺入效忠者胸口，结束了他的痛苦。
QUEST_RAT_3_8_QUESTINFODATA_ACTIONS_1_DEFAULTOUTCOME_OUTCOMETEXT,你心想最好别让腐化吞噬他们。你将剑刺入效忠者的心脏，并为此向治病术士致歉。
QUEST_RAT_3_8_QUESTINFODATA_ACTIONS_2_ACTIONTEXT,将疾病转移到傀儡
QUEST_RAT_3_8_QUESTINFODATA_ACTIONS_2_DEFAULTOUTCOME_JOURNALTEXT,傀儡通常是黑暗的工具，也可以用于治愈。<hero_name>将疾病从效忠者身上转移走。他得救了。
QUEST_RAT_3_8_QUESTINFODATA_ACTIONS_2_DEFAULTOUTCOME_OUTCOMETEXT,你把傀儡放在效忠者身旁，开始吟唱。腐化缓缓爬向傀儡。效忠者虽虚弱，但活了下来。
QUEST_RAT_3_8_QUESTINFODATA_ACTIONS_3_ACTIONTEXT,"""这里的腐化有力量"""
QUEST_RAT_3_8_QUESTINFODATA_ACTIONS_3_DEFAULTOUTCOME_JOURNALTEXT,效忠者已无生望，但仍能以死为鼠族效劳。<hero_name>的术士利用腐化创造了一个强大的法术。
QUEST_RAT_3_8_QUESTINFODATA_ACTIONS_3_DEFAULTOUTCOME_OUTCOMETEXT,"你的术士俯身看着效忠者颤抖的身体。""他没救了……""你点点头。术士举起爪子。房间变得冰冷。"
QUEST_RAT_3_8_QUESTINFODATA_ACTIONS_4_ACTIONTEXT,"""这个不行了，但我还可以做些抢救工作。"""
QUEST_RAT_3_8_QUESTINFODATA_ACTIONS_4_DEFAULTOUTCOME_JOURNALTEXT,<hero_name>的炼金师抽干他们的血来创造一个强大的魔法，很快将效忠者的必死无疑变得对你有利！
QUEST_RAT_3_8_QUESTINFODATA_ACTIONS_4_DEFAULTOUTCOME_OUTCOMETEXT,你的炼金术士从垂死的生灵身上抽血，将其提炼成一件有价值的法术——尽管鼠族效忠者很快死去。
QUEST_RAT_3_8_QUESTINFODATA_ENCOUNTERTEXT,"你走进治病术士的小屋，看见小床上的病人双眼已被腐化染成紫色。治病术士叹了口气：""现在只是时间问题了。"""
QUEST_RAT_3_8_QUESTINFODATA_JOURNALENCOUNTERTEXT,可以肯定，形势严峻。这个生物的双眼变成浑浊的紫色，心智正缓缓坠入黑暗。
QUEST_RAT_3_8_QUESTINFODATA_JOURNALRUMOURTEXT,鼠族一位忠诚的朋友垂死——受腐化侵袭，时日无多。我们的英雄前去看看能做些什么。
QUEST_RAT_3_8_QUESTINFODATA_RUMOURTEXT,也许不值一提，但鼠族一名效忠者正在附近的聚落因腐化而垂死。如今已无计可施……
QUEST_RAT_3_8_QUESTINFODATA_TITLE,仅是时间问题
QUEST_RAT_3_9_QUESTINFODATA_ACTIONS_0_ACTIONTEXT,乞求怀尔德饶你的朋友一命，让他安息。
QUEST_RAT_3_9_QUESTINFODATA_ACTIONS_0_DEFAULTOUTCOME_JOURNALTEXT,<hero_name>乞求怀尔德介入，却无人回应。本沃鲁被诅咒的躯体随即攻击了我们的英雄，腐化由此扎根。
QUEST_RAT_3_9_QUESTINFODATA_ACTIONS_0_DEFAULTOUTCOME_OUTCOMETEXT,你乞求怀尔德的援助，但它从未降临。你朋友腐化的躯体朝你挥爪——一股活生生的黑暗深深渗入你的毛皮之下。
QUEST_RAT_3_9_QUESTINFODATA_ACTIONS_0_TESTSUCCESSOUTCOME_JOURNALTEXT,<hero_name>不忍见老友如此受苦，乞求怀尔德援助。一道炫目之光解放了本沃鲁，一切归于安宁。
QUEST_RAT_3_9_QUESTINFODATA_ACTIONS_0_TESTSUCCESSOUTCOME_OUTCOMETEXT,本沃鲁腐朽的身体蹒跚着向你这边走来，但一道炫目的光带着治愈性的温暖充满了整个平原。他的骨头坍塌了，再不动弹了。
QUEST_RAT_3_9_QUESTINFODATA_ACTIONS_1_ACTIONTEXT,砍击你朋友的骨头，直到他倒下为止。
QUEST_RAT_3_9_QUESTINFODATA_ACTIONS_1_DEFAULTOUTCOME_JOURNALTEXT,<hero_name>猛击并砍向本沃鲁被诅咒的身体，将它打倒，然后埋葬了他的骨头，直到不再听到尖叫为止。
QUEST_RAT_3_9_QUESTINFODATA_ACTIONS_1_DEFAULTOUTCOME_OUTCOMETEXT,你猛击你朋友被诅咒的身体，直到它不能再支撑自己的体重为止。你埋葬了他的骨头，而他的头骨仍在撕咬着你。
QUEST_RAT_3_9_QUESTINFODATA_ACTIONS_2_ACTIONTEXT,"""被诅咒的朋友，是吗？我知道有关的法术。"""
QUEST_RAT_3_9_QUESTINFODATA_ACTIONS_2_DEFAULTOUTCOME_JOURNALTEXT,<hero_name>的学徒有一个办法：一个法术提起本沃鲁的灵魂，让他受诅咒的骨头坠落在地。
QUEST_RAT_3_9_QUESTINFODATA_ACTIONS_2_DEFAULTOUTCOME_OUTCOMETEXT,学徒一跃上前，魔法自他爪中涌出。你朋友的灵魂被提起，受诅咒的骨头毫无生气地跌落尘土。
QUEST_RAT_3_9_QUESTINFODATA_ACTIONS_3_ACTIONTEXT,用皇家之盾迫使他后退
QUEST_RAT_3_9_QUESTINFODATA_ACTIONS_3_DEFAULTOUTCOME_JOURNALTEXT,本沃鲁的骨头不停攻击。<hero_name>硬受他的打击，却看不到出路。我们的英雄出击，击碎了骷髅。
QUEST_RAT_3_9_QUESTINFODATA_ACTIONS_3_DEFAULTOUTCOME_OUTCOMETEXT,本沃罗的攻击如雨点般落在盾牌上，但它扛住了！最后，强大的一击，你打碎了他的骨头。他静了下来。终归如此。
QUEST_RAT_3_9_QUESTINFODATA_ACTIONS_4_ACTIONTEXT,"""喔！更多的骨头！喔！"""
QUEST_RAT_3_9_QUESTINFODATA_ACTIONS_4_DEFAULTOUTCOME_JOURNALTEXT,本沃罗的命运让他觉得可笑。傻瓜一个接一个抢走他的骨头，直到最后骨架坍塌。动弹不得。
QUEST_RAT_3_9_QUESTINFODATA_ACTIONS_4_DEFAULTOUTCOME_OUTCOMETEXT,"当你惊愕地盯着时，傻瓜开始抢走关键的肢体。骨架一点点散开。傻瓜笑道：""喔！"""
QUEST_RAT_3_9_QUESTINFODATA_ENCOUNTERTEXT,前往老友坟墓的一路令人悲伤——而当意识到他不安分的骨头已被腐化赋予形体时，更是悲上加悲！
QUEST_RAT_3_9_QUESTINFODATA_JOURNALENCOUNTERTEXT,但这只可怜的老鼠已死在平原的路上——更糟的是，他的骨头已被腐化吞噬，被驱使着行恶。
QUEST_RAT_3_9_QUESTINFODATA_JOURNALRUMOURTEXT,米德维尔的本沃鲁是鼠族最出色的窃贼之一——是我们英雄的一位挚友，曾多次与他们并肩作战。
QUEST_RAT_3_9_QUESTINFODATA_RUMOURTEXT,你还记得米德维尔的大盗本沃鲁吗？很遗憾，他去世了。他的骨头在平原深处的路上被发现。
QUEST_RAT_3_9_QUESTINFODATA_TITLE,最后的告别
QUEST_RAT_4_10_QUESTINFODATA_ACTIONS_0_ACTIONTEXT,顶住毒性，杀死酒吧招待。
QUEST_RAT_4_10_QUESTINFODATA_ACTIONS_0_DEFAULTOUTCOME_JOURNALTEXT,不幸的是，我们的英雄不够强，没能抗住毒药，遭到洗劫，随后被随手扔在附近的小巷里。
QUEST_RAT_4_10_QUESTINFODATA_ACTIONS_0_DEFAULTOUTCOME_OUTCOMETEXT,你试图对抗毒药，但一站起来便浑身脱力，瘫倒在地。许久之后你才醒来，金币被抢一空。
QUEST_RAT_4_10_QUESTINFODATA_ACTIONS_0_TESTSUCCESSOUTCOME_JOURNALTEXT,但我们的英雄比毒药更强，硬撑过来，并跃过吧台杀死了酒吧招待！
QUEST_RAT_4_10_QUESTINFODATA_ACTIONS_0_TESTSUCCESSOUTCOME_OUTCOMETEXT,对抗着毒性，你跃过柜台，将匕首刺入酒吧招待的胸口。损失也不算全无：他身上有一张随从卡牌！
QUEST_RAT_4_10_QUESTINFODATA_ACTIONS_1_ACTIONTEXT,逃离酒吧，隐藏在人群中。
QUEST_RAT_4_10_QUESTINFODATA_ACTIONS_1_DEFAULTOUTCOME_JOURNALTEXT,知道毒药很快会让人失去行动能力，我们的英雄踉跄着走进村里密集的人群，消失在视线之中。
QUEST_RAT_4_10_QUESTINFODATA_ACTIONS_1_DEFAULTOUTCOME_OUTCOMETEXT,他还没来得及反应，你就跌跌撞撞地从狡猾的酒吧招待身边逃离，消失在人群中。几个小时后，你在一个布满垃圾的巷子中醒来。
QUEST_RAT_4_10_QUESTINFODATA_ACTIONS_2_ACTIONTEXT,"""闻起来像龙葵毒。来，把这个喝了。"""
QUEST_RAT_4_10_QUESTINFODATA_ACTIONS_2_DEFAULTOUTCOME_JOURNALTEXT,幸运的是，<hero_name>的药剂师迅速配出解药，让我们的英雄很快追上了狡猾的酒吧招待！
QUEST_RAT_4_10_QUESTINFODATA_ACTIONS_2_DEFAULTOUTCOME_OUTCOMETEXT,你的药剂师递给你解药，毒性的蔓延被止住了。酒吧招待逃了——但你带着匕首很快追上了他。
QUEST_RAT_4_10_QUESTINFODATA_ACTIONS_3_ACTIONTEXT,“出去！快！”
QUEST_RAT_4_10_QUESTINFODATA_ACTIONS_3_DEFAULTOUTCOME_JOURNALTEXT,所幸<hero_name>的咒术师早早识破了诡计。他摸了酒保的口袋，偷到了解药和一张法术卡。
QUEST_RAT_4_10_QUESTINFODATA_ACTIONS_3_DEFAULTOUTCOME_OUTCOMETEXT,"你的魔法师将你拖到外面。你呼吸困难。他将一个瓶子猛推到你手中。""他在他的口袋里有解药。快喝！"""
QUEST_RAT_4_10_QUESTINFODATA_ENCOUNTERTEXT,这村子相当不错——瞧，酒吧招待还请你免费喝了一杯！只是味道……不太对。难道是——？没错，酒里绝对下了毒。
QUEST_RAT_4_10_QUESTINFODATA_JOURNALENCOUNTERTEXT,一切看起来都很正常，真的。友善的居民，友善的酒吧招待——免费啤酒也很棒！直到<hero_name>尝出了毒药。
QUEST_RAT_4_10_QUESTINFODATA_JOURNALRUMOURTEXT,有传言称，附近的一个小镇不太欢迎鼠族。我们的英雄准备着手揭开真相。
QUEST_RAT_4_10_QUESTINFODATA_RUMOURTEXT,我会小心地探访附近的这个小镇。听说他们要在鼠族身上宣泄情绪!
QUEST_RAT_4_10_QUESTINFODATA_TITLE,一杯过期的酒
QUEST_RAT_4_11_QUESTINFODATA_ACTIONS_0_ACTIONTEXT,登上塔楼，偷回卡牌。
QUEST_RAT_4_11_QUESTINFODATA_ACTIONS_0_DEFAULTOUTCOME_JOURNALTEXT,我们的英雄勇敢地开始攀爬，但很明显无法到达顶部。<hero_name>狠狠地摔到了地面，疼痛难忍。
QUEST_RAT_4_11_QUESTINFODATA_ACTIONS_0_DEFAULTOUTCOME_OUTCOMETEXT,你开始攀爬，但很明显，你不够强大，无法到达顶部。你一时没抓住，掉到了地上，疼痛不堪。
QUEST_RAT_4_11_QUESTINFODATA_ACTIONS_0_TESTSUCCESSOUTCOME_JOURNALTEXT,然而，塔楼对我们勇敢的英雄而言毫无问题，随从的卡牌很快回到了鼠族的爪子之中。
QUEST_RAT_4_11_QUESTINFODATA_ACTIONS_0_TESTSUCCESSOUTCOME_OUTCOMETEXT,你的爪子甚至把最小的把手点都抓住了，因而轻松地跳上了塔。你拿下勋章，在上面插了一把匕首。
QUEST_RAT_4_11_QUESTINFODATA_ACTIONS_1_ACTIONTEXT,从前门冲进去。
QUEST_RAT_4_11_QUESTINFODATA_ACTIONS_1_DEFAULTOUTCOME_JOURNALTEXT,我们的英雄试着从前门溜进去，但守卫很快做出了反应。<hero_name>足够强大，能够做到！
QUEST_RAT_4_11_QUESTINFODATA_ACTIONS_1_DEFAULTOUTCOME_OUTCOMETEXT,你撬开门锁，悄悄走远路上楼。不幸的是，还没到塔顶，塔楼的守卫就发现了你。
QUEST_RAT_4_11_QUESTINFODATA_ACTIONS_2_ACTIONTEXT,"""这里用上一点魔法会大有帮助。我能帮忙吗？"""
QUEST_RAT_4_11_QUESTINFODATA_ACTIONS_2_DEFAULTOUTCOME_JOURNALTEXT,我们的英雄被学徒施法隐身，得以轻松进入塔中。卡牌不见了，但原处有一件贵重物品！
QUEST_RAT_4_11_QUESTINFODATA_ACTIONS_2_DEFAULTOUTCOME_OUTCOMETEXT,学徒低声念出一个简单的法术，你隐身了。卡牌没找到，但你带走了骑士的贵重物品！
QUEST_RAT_4_11_QUESTINFODATA_ACTIONS_3_ACTIONTEXT,"""在这里，试试这些。"""
QUEST_RAT_4_11_QUESTINFODATA_ACTIONS_3_DEFAULTOUTCOME_JOURNALTEXT,我们的英雄能够用铁匠的特制靴子攀登墙壁。标记不见了，但发现了另一个宝藏。
QUEST_RAT_4_11_QUESTINFODATA_ACTIONS_3_DEFAULTOUTCOME_OUTCOMETEXT,铁匠交给你一双特制的攀登靴。你没找到勋章，但你洗劫了城堡金库！
QUEST_RAT_4_11_QUESTINFODATA_ENCOUNTERTEXT,平原上的骑士塔守卫不严，至少外面是如此。从顶部附近一扇开放的窗口就能轻松进入……
QUEST_RAT_4_11_QUESTINFODATA_JOURNALENCOUNTERTEXT,<hero_name>不会袖手旁观！骑士住在一座高塔上，随从的卡牌应该被锁在了里面某个地方。
QUEST_RAT_4_11_QUESTINFODATA_JOURNALRUMOURTEXT,抢劫鼠族等于是自杀，但他们总是会尝试。在这种情况下，一名流氓骑士偷走了本该属于我们英雄的随从的卡牌。
QUEST_RAT_4_11_QUESTINFODATA_RUMOURTEXT,一名流氓骑士抢劫了我们的一个兄弟，抢走了本该属于你的随从卡牌。不过别担心——我知道他住在哪里。
QUEST_RAT_4_11_QUESTINFODATA_TITLE,高塔
QUEST_RAT_4_12_QUESTINFODATA_ACTIONS_0_ACTIONTEXT,帮助奴隶们渡过沼泽上最艰难的一部分。
QUEST_RAT_4_12_QUESTINFODATA_ACTIONS_0_DEFAULTOUTCOME_JOURNALTEXT,不幸的是，这片沼泽对我们的英雄而言太危险，许多奴隶在那悲惨的一天命丧泥潭。
QUEST_RAT_4_12_QUESTINFODATA_ACTIONS_0_DEFAULTOUTCOME_OUTCOMETEXT,你试图帮助奴隶逃离肮脏的沼泽，但你不够强大，没能做到。在你大胆的逃跑行动中，许多奴隶失去了性命。
QUEST_RAT_4_12_QUESTINFODATA_ACTIONS_0_TESTSUCCESSOUTCOME_JOURNALTEXT,幸运的是，我们的英雄拥有强大的身体和心灵，他引领着被释放的奴隶穿过致命的泥潭，逃离了奴隶贩子的魔爪！
QUEST_RAT_4_12_QUESTINFODATA_ACTIONS_0_TESTSUCCESSOUTCOME_OUTCOMETEXT,利用你的力量，你甚至能够帮助最脆弱的奴隶逃离沼泽。他们几乎什么都没有，但还是给你了奖励。
QUEST_RAT_4_12_QUESTINFODATA_ACTIONS_1_ACTIONTEXT,告诉奴隶们分散开来。这是扰乱奴隶贩子最好的方法！
QUEST_RAT_4_12_QUESTINFODATA_ACTIONS_1_DEFAULTOUTCOME_JOURNALTEXT,为了扰乱奴隶贩子，<hero_name>命令囚犯们四散开来。不幸的是，许多奴隶因此死在了肮脏的沼泽里。
QUEST_RAT_4_12_QUESTINFODATA_ACTIONS_1_DEFAULTOUTCOME_OUTCOMETEXT,你告诉奴隶们分开，内心深处很清楚，大部分奴隶都无法活着逃出沼泽。不过，那些逃脱的奴隶都很感激你。
QUEST_RAT_4_12_QUESTINFODATA_ACTIONS_2_ACTIONTEXT,"""有一条鲜为人知的道路将把我们带到安全地带！"""
QUEST_RAT_4_12_QUESTINFODATA_ACTIONS_2_DEFAULTOUTCOME_JOURNALTEXT,只有通过<hero_name>忠实探险者的行动，才能找到一条秘密的路径用于奴隶逃跑而不受阻碍。
QUEST_RAT_4_12_QUESTINFODATA_ACTIONS_2_DEFAULTOUTCOME_OUTCOMETEXT,你忠实的探险者很了解这些沼泽，并带你和逃跑的奴隶走过古老而隐蔽的道路获取自由。
QUEST_RAT_4_12_QUESTINFODATA_ACTIONS_3_ACTIONTEXT,“家。”
QUEST_RAT_4_12_QUESTINFODATA_ACTIONS_3_DEFAULTOUTCOME_JOURNALTEXT,陌生人似乎是一个不完整的谜。他屈尊将我们的英雄带到他的家，试图帮助获得自由的奴隶。
QUEST_RAT_4_12_QUESTINFODATA_ACTIONS_3_DEFAULTOUTCOME_OUTCOMETEXT,陌生人第一次透露一些关于他自己的事情，带你到附近的小屋。在那里，奴隶找到了食物和住所。
QUEST_RAT_4_12_QUESTINFODATA_ACTIONS_4_ACTIONTEXT,用怀尔德焰杖开路
QUEST_RAT_4_12_QUESTINFODATA_ACTIONS_4_DEFAULTOUTCOME_JOURNALTEXT,怀尔德焰杖应我们英雄的请求引导魔法，为<hero_name>和奴隶们在险恶的沼泽中开辟出一条道路。
QUEST_RAT_4_12_QUESTINFODATA_ACTIONS_4_DEFAULTOUTCOME_OUTCOMETEXT,法杖的魔法，感知到你征途的正义性，开辟出一条穿过沼泽的道路。奴隶们急忙赶上，欢呼雀跃。他们将获得安全。
QUEST_RAT_4_12_QUESTINFODATA_ENCOUNTERTEXT,你遇到了正小心穿过雷击沙泥塘的奴隶大篷车。你快速用匕首一刀下去，放走了奴隶！
QUEST_RAT_4_12_QUESTINFODATA_JOURNALENCOUNTERTEXT,找到商队很容易，从粗心的奴隶贩子手中放走奴隶也不难。问题在于如何活着逃离致命的沼泽。
QUEST_RAT_4_12_QUESTINFODATA_JOURNALRUMOURTEXT,当地一名奴隶贩子在附近的一片沼泽从事奴隶贩卖交易，这一行为激怒了我们的英雄。<hero_name>决定结束这一邪恶的行径！
QUEST_RAT_4_12_QUESTINFODATA_RUMOURTEXT,据说有一支奴隶大篷车正押着鼠族囚犯穿过这些沼泽。最好找到他们，终结这邪恶的行径！
QUEST_RAT_4_12_QUESTINFODATA_TITLE,沼泽突袭
QUEST_RAT_4_1_QUESTINFODATA_ACTIONS_0_ACTIONTEXT,依靠你的智力来绕过陷阱。
QUEST_RAT_4_1_QUESTINFODATA_ACTIONS_0_DEFAULTOUTCOME_JOURNALTEXT,其中一个陷阱——一支毒镖——几乎要了<hero_name>的命，迫使他匆忙撤出兔窝！
QUEST_RAT_4_1_QUESTINFODATA_ACTIONS_0_DEFAULTOUTCOME_OUTCOMETEXT,你不小心触发了一个陷阱，脖子被箭毒射中，十分痛苦。你逃离古老的兔窝，感觉自己快死了。
QUEST_RAT_4_1_QUESTINFODATA_ACTIONS_0_TESTSUCCESSOUTCOME_JOURNALTEXT,但即使是兔族最优秀的兔子也不敌我们英雄的智力！陷阱很快被解除，宝藏无人看守！
QUEST_RAT_4_1_QUESTINFODATA_ACTIONS_0_TESTSUCCESSOUTCOME_OUTCOMETEXT,你轻松察觉并解除了通道另一端守卫宝库的所有陷阱。里面，一块灵石闪烁着纯净之光。
QUEST_RAT_4_1_QUESTINFODATA_ACTIONS_1_ACTIONTEXT,避开设有陷阱的通道。
QUEST_RAT_4_1_QUESTINFODATA_ACTIONS_1_DEFAULTOUTCOME_JOURNALTEXT,这些陷阱太可怕，以至于我们的英雄不敢进去，但兔窝里丰富的陈旧知识却是非常有用的安慰奖品！
QUEST_RAT_4_1_QUESTINFODATA_ACTIONS_1_DEFAULTOUTCOME_OUTCOMETEXT,你避开布满陷阱的通道，发现了许多被时光湮没的有趣羊皮纸，帮助你加深对阿门罗的了解。
QUEST_RAT_4_1_QUESTINFODATA_ACTIONS_2_ACTIONTEXT,穿上狮心胸甲
QUEST_RAT_4_1_QUESTINFODATA_ACTIONS_2_DEFAULTOUTCOME_JOURNALTEXT,我们的英雄穿上自己的狮心胸甲，并安心地走在危险的走廊上。他们轻松洗劫了巢穴。
QUEST_RAT_4_1_QUESTINFODATA_ACTIONS_2_DEFAULTOUTCOME_OUTCOMETEXT,陷阱朝你射出致命的箭雨，但每支箭都被胸甲弹开。你微笑着走过通道。小菜一碟！
QUEST_RAT_4_1_QUESTINFODATA_ACTIONS_3_ACTIONTEXT,将侍从推向前
QUEST_RAT_4_1_QUESTINFODATA_ACTIONS_3_DEFAULTOUTCOME_JOURNALTEXT,侍从被鼓励为我们的英雄去试探陷阱。<hero_name>与他们分享宝藏，作为对他们英勇行为的奖励。
QUEST_RAT_4_1_QUESTINFODATA_ACTIONS_3_DEFAULTOUTCOME_OUTCOMETEXT,侍从痛苦地尖叫一路冲到大厅，被致命的陷阱重击。你在他后面溜达。你们两人分享了宝藏。
QUEST_RAT_4_1_QUESTINFODATA_ENCOUNTERTEXT,兔窝隧道的终点处是一块石门，从门边缘流出大量蓝光。你没有看到，但你知道通道设有陷阱。
QUEST_RAT_4_1_QUESTINFODATA_JOURNALENCOUNTERTEXT,这个地方荒废已久，但兔族发明者的勋章仍在。毫无疑问，前面有一两个陷阱。
QUEST_RAT_4_1_QUESTINFODATA_JOURNALRUMOURTEXT,并不是所有宝藏都会闪蓝光——只有灵石会。就是这个简单的事实，引起了<hero_name>对古老兔窝的故事的兴趣。
QUEST_RAT_4_1_QUESTINFODATA_RUMOURTEXT,有传言说，阿门罗此处有一座古老的兔族巢穴。穿过致命的陷阱与圈套，一件神圣的宝藏正等着你！
QUEST_RAT_4_1_QUESTINFODATA_TITLE,古老的兔窝
QUEST_RAT_4_2_QUESTINFODATA_ACTIONS_0_ACTIONTEXT,跟踪血迹，找到间谍。
QUEST_RAT_4_2_QUESTINFODATA_ACTIONS_0_DEFAULTOUTCOME_JOURNALTEXT,我们的英雄寻找了几个小时，但失踪的间谍仍然无踪无迹。他的一些被烧毁的报告将是这次旅行的唯一奖品。
QUEST_RAT_4_2_QUESTINFODATA_ACTIONS_0_DEFAULTOUTCOME_OUTCOMETEXT,你不断搜索着，但是正如你所料，间谍仍然无踪无迹。你只找到了几份被烧毁的羊皮纸，里面是一些无用的情报。
QUEST_RAT_4_2_QUESTINFODATA_ACTIONS_0_TESTSUCCESSOUTCOME_JOURNALTEXT,间谍——和他的攻击者——在附近很容易发现，他们两个曾同时杀死了对方。他们的秘密现在属于我们的英雄。
QUEST_RAT_4_2_QUESTINFODATA_ACTIONS_0_TESTSUCCESSOUTCOME_OUTCOMETEXT,你找到了告密者的尸体，以及他的狼族杀手。你从他们的遗物中取走一张有用的随从卡牌，谜团就此解开。
QUEST_RAT_4_2_QUESTINFODATA_ACTIONS_1_ACTIONTEXT,任间谍死去，拿走他的报告。
QUEST_RAT_4_2_QUESTINFODATA_ACTIONS_1_DEFAULTOUTCOME_JOURNALTEXT,失去了间谍，但却没有失去他通过不正当手段获得的情报！我们的英雄在离开山顶之前，拿走了剩下的东西。
QUEST_RAT_4_2_QUESTINFODATA_ACTIONS_1_DEFAULTOUTCOME_OUTCOMETEXT,你知道无论间谍会遭遇什么样的命运，可能在几天前就已经发生了，于是你在离开之前拿走了你可以找到的任何情报。
QUEST_RAT_4_2_QUESTINFODATA_ACTIONS_2_ACTIONTEXT,将傀儡置于血迹中
QUEST_RAT_4_2_QUESTINFODATA_ACTIONS_2_DEFAULTOUTCOME_JOURNALTEXT,线人消失了，直至今日仍然杳无音信。幸运的是，他的血被用于傀儡的魔法。
QUEST_RAT_4_2_QUESTINFODATA_ACTIONS_2_DEFAULTOUTCOME_OUTCOMETEXT,当你将它放在干涸的血迹上时，傀儡嗡嗡作响。你感到魔法上身。虽然线人走了，但他的血是有用的。
QUEST_RAT_4_2_QUESTINFODATA_ACTIONS_3_ACTIONTEXT,使用翅靴进行鸟瞰。
QUEST_RAT_4_2_QUESTINFODATA_ACTIONS_3_DEFAULTOUTCOME_JOURNALTEXT,只有穿上魔法翅靴，我们的英雄才发现了间谍的尸体，以及他誓死保护的重要情报。
QUEST_RAT_4_2_QUESTINFODATA_ACTIONS_3_DEFAULTOUTCOME_OUTCOMETEXT,靴子让你可以鸟瞰，发现间谍的安息之地。你在前进之前拿到了他失落的秘密。
QUEST_RAT_4_2_QUESTINFODATA_ACTIONS_4_ACTIONTEXT,“血？完美。”
QUEST_RAT_4_2_QUESTINFODATA_ACTIONS_4_DEFAULTOUTCOME_JOURNALTEXT,线人消失了。至今杳无音信。幸运的是，我们英雄的炼金术士能够将干血用于魔法。
QUEST_RAT_4_2_QUESTINFODATA_ACTIONS_4_DEFAULTOUTCOME_OUTCOMETEXT,炼金术士赶紧向前。虽然线人走了，但他的血可以提炼成一个强大的魔法。
QUEST_RAT_4_2_QUESTINFODATA_ENCOUNTERTEXT,你登上高峰，却只找到废弃的篝火和几处陈旧血迹，暗示着某种更大的恶意。背叛？
QUEST_RAT_4_2_QUESTINFODATA_JOURNALENCOUNTERTEXT,唉，间谍不见踪影。一张翻倒的两人餐桌，或许暗示着这个恶徒的命运。
QUEST_RAT_4_2_QUESTINFODATA_JOURNALRUMOURTEXT,一名鼠族告密者正在<quest_tile>高谈阔论。是时候弄清他们掌握着什么秘密了。
QUEST_RAT_4_2_QUESTINFODATA_RUMOURTEXT,据说一名忠于鼠族的告密者正在附近一个峰顶等你。可能值得去看看他们知道什么。
QUEST_RAT_4_2_QUESTINFODATA_TITLE,我们之一
QUEST_RAT_4_3_QUESTINFODATA_ACTIONS_0_ACTIONTEXT,说服队长为你提供唯一的支持。
QUEST_RAT_4_3_QUESTINFODATA_ACTIONS_0_DEFAULTOUTCOME_JOURNALTEXT,不幸的是，队长很快就放走了<hero_name>，离开酒吧时，对鼠族放下了几句狠话。
QUEST_RAT_4_3_QUESTINFODATA_ACTIONS_0_DEFAULTOUTCOME_OUTCOMETEXT,你尝试施展魅力，但背叛者队长毫不动摇。他宣称，鼠族不值得他花时间，然后匆忙地离开了酒吧。
QUEST_RAT_4_3_QUESTINFODATA_ACTIONS_0_TESTSUCCESSOUTCOME_JOURNALTEXT,然而我们的英雄结合魅力和威胁，设法说服了背叛的队长永远效力于鼠族。
QUEST_RAT_4_3_QUESTINFODATA_ACTIONS_0_TESTSUCCESSOUTCOME_OUTCOMETEXT,你巧妙地说服了队长，说明他的最佳利益只能通过你获得。为表忠诚，他给了一个徽章，然后离开了。
QUEST_RAT_4_3_QUESTINFODATA_ACTIONS_1_ACTIONTEXT,威胁队长为鼠族效力。
QUEST_RAT_4_3_QUESTINFODATA_ACTIONS_1_DEFAULTOUTCOME_JOURNALTEXT,<hero_name>亮出匕首，队长很快屈服了。他担心自己丧命，因而承诺支持鼠族。
QUEST_RAT_4_3_QUESTINFODATA_ACTIONS_1_DEFAULTOUTCOME_OUTCOMETEXT,将匕首置于喉咙处是迫使将思想付诸行动的一种方式，背叛的队长草率地承诺效忠鼠族就是一个例证。
QUEST_RAT_4_3_QUESTINFODATA_ACTIONS_2_ACTIONTEXT,"""看到这个赦令？我可以不计后果地杀死你。"""
QUEST_RAT_4_3_QUESTINFODATA_ACTIONS_2_DEFAULTOUTCOME_JOURNALTEXT,不计后果的谋杀威胁对于撼动队长宣誓效忠鼠族绰绰有余。
QUEST_RAT_4_3_QUESTINFODATA_ACTIONS_2_DEFAULTOUTCOME_OUTCOMETEXT,队长的眼睛越过羊皮纸。他站着并保证效忠鼠族，在他离开之前给出了一种善意的表示。
QUEST_RAT_4_3_QUESTINFODATA_ACTIONS_3_ACTIONTEXT,出示皇家旗帜
QUEST_RAT_4_3_QUESTINFODATA_ACTIONS_3_DEFAULTOUTCOME_JOURNALTEXT,通过出示皇家旗帜，我们的英雄向狡猾的队长提醒他的责任。他再次发誓效忠<hero_name>。
QUEST_RAT_4_3_QUESTINFODATA_ACTIONS_3_DEFAULTOUTCOME_OUTCOMETEXT,"""如果你资助我的敌人，也就是资助国王的敌人！""队长低下头。惭愧不已。他的同伴们从他身边离开。"
QUEST_RAT_4_3_QUESTINFODATA_ACTIONS_4_ACTIONTEXT,策反队长的队伍
QUEST_RAT_4_3_QUESTINFODATA_ACTIONS_4_DEFAULTOUTCOME_JOURNALTEXT,阿门罗王国仍有正义之辈。<hero_name>揭露了队长的背叛，他的同僚将他拿下。
QUEST_RAT_4_3_QUESTINFODATA_ACTIONS_4_DEFAULTOUTCOME_OUTCOMETEXT,当队长站在那里准备攻击时，你戴上了伪装面具。你用言辞激烈的讲话，揭发了他的腐败。他的部队逮捕了他。
QUEST_RAT_4_3_QUESTINFODATA_ENCOUNTERTEXT,你进入酒吧，坐在背叛的队长所在桌子的对面，将匕首猛地插入桌子上残破的木头中。是时机行动了。
QUEST_RAT_4_3_QUESTINFODATA_JOURNALENCOUNTERTEXT,我们的英雄在一间破旧的酒吧与他对峙，他的匕首和刀剑在昏暗的灯光下闪烁出的警示性的光芒为这次会面蒙上了一层预谋的气息。
QUEST_RAT_4_3_QUESTINFODATA_JOURNALRUMOURTEXT,一名忠于皇家的高级队长将金币送给了<hero_name>的敌人。这肯定不行！
QUEST_RAT_4_3_QUESTINFODATA_RUMOURTEXT,有传言称，国王守卫一名高级队长正在资助你的敌人。与他对峙，结束他的背叛。
QUEST_RAT_4_3_QUESTINFODATA_TITLE,背叛的队长
QUEST_RAT_4_4_QUESTINFODATA_ACTIONS_0_ACTIONTEXT,要求怀尔德帮助这些野兽摆脱腐化。
QUEST_RAT_4_4_QUESTINFODATA_ACTIONS_0_DEFAULTOUTCOME_JOURNALTEXT,唉，怀尔德是一个变化无常的东西，我们的英雄无法召唤他的光。失去了园丁，我们的英雄被迫逃离。
QUEST_RAT_4_4_QUESTINFODATA_ACTIONS_0_DEFAULTOUTCOME_OUTCOMETEXT,怀尔德没有回应。你只能眼睁睁地看着园丁被吞噬，什么都做不了。知道下一个将是你，于是你逃离了沼泽。
QUEST_RAT_4_4_QUESTINFODATA_ACTIONS_0_TESTSUCCESSOUTCOME_JOURNALTEXT,幸运的是，我们的英雄与怀尔德配合良好，能够净化这些野兽的腐化，并帮助园丁摆脱可怕的命运。
QUEST_RAT_4_4_QUESTINFODATA_ACTIONS_0_TESTSUCCESSOUTCOME_OUTCOMETEXT,一束炫目的光充满沼泽，杀死了蜘蛛。园丁非常感激你的帮助，于是给你了一块灵石作为奖励。
QUEST_RAT_4_4_QUESTINFODATA_ACTIONS_1_ACTIONTEXT,引开蜘蛛的注意。
QUEST_RAT_4_4_QUESTINFODATA_ACTIONS_1_DEFAULTOUTCOME_JOURNALTEXT,我们的英雄迅速思考着，通过将匕首刺入适当的位置，将蜘蛛的注意力从园丁身上引开，给她时间逃跑。
QUEST_RAT_4_4_QUESTINFODATA_ACTIONS_1_DEFAULTOUTCOME_OUTCOMETEXT,你将匕首刺入最近的一只蜘蛛，吸引了他们的目光，将他们引走了。园丁逃脱了，但你不知道她去了哪里。
QUEST_RAT_4_4_QUESTINFODATA_ACTIONS_2_ACTIONTEXT,"""这些动物都充满了腐化。让我来。"""
QUEST_RAT_4_4_QUESTINFODATA_ACTIONS_2_DEFAULTOUTCOME_JOURNALTEXT,由于术士对腐化的掌控，蜘蛛被赶走而没有发生冲突。场地管理员躲过一劫。
QUEST_RAT_4_4_QUESTINFODATA_ACTIONS_2_DEFAULTOUTCOME_OUTCOMETEXT,蜘蛛发出尖叫和嘶嘶声，腐化移动穿过其乌黑的形体。他们急忙跑开，让场地管理员逃脱了。
QUEST_RAT_4_4_QUESTINFODATA_ACTIONS_3_ACTIONTEXT,开火！
QUEST_RAT_4_4_QUESTINFODATA_ACTIONS_3_DEFAULTOUTCOME_JOURNALTEXT,手炮被证明足够强大以逼退蜘蛛。场地管理员很感激，赠予我们的英雄一份礼物。
QUEST_RAT_4_4_QUESTINFODATA_ACTIONS_3_DEFAULTOUTCOME_OUTCOMETEXT,手炮在你的爪子中闪了一下。蜘蛛啾啾而鸣，窜入树林中。场地管理员获得安全。感谢你快速瞄准。
QUEST_RAT_4_4_QUESTINFODATA_ACTIONS_4_ACTIONTEXT,迫使腐兽退回！
QUEST_RAT_4_4_QUESTINFODATA_ACTIONS_4_DEFAULTOUTCOME_JOURNALTEXT,怀尔德的净化力量制服了蜘蛛。我们的英雄用月亮镰刀击倒了他们。解救场地管理员。
QUEST_RAT_4_4_QUESTINFODATA_ACTIONS_4_DEFAULTOUTCOME_OUTCOMETEXT,当你举起月亮镰刀时，它焕发出明亮的白光。蜘蛛尖叫着盲目乱窜。你击倒他们，让场地管理员逃脱了。
QUEST_RAT_4_4_QUESTINFODATA_ENCOUNTERTEXT,国王的私人园丁很容易找到——她就站在三只巨大的、饥饿难耐且被腐化的蜘蛛的中间！
QUEST_RAT_4_4_QUESTINFODATA_JOURNALENCOUNTERTEXT,你到了之后，立马明白了园丁的处境：三只被腐化的蜘蛛包围了她。死神与她近在咫尺！
QUEST_RAT_4_4_QUESTINFODATA_JOURNALRUMOURTEXT,皇家园丁失踪了，但有传言称，她迷失在了附近一片沼泽里。我们的英雄急忙赶去泥潭。
QUEST_RAT_4_4_QUESTINFODATA_RUMOURTEXT,我听说，国王园丁迷失在了<quest_tile>!如果你能救下她，我相信她会给你一份不错的奖励！
QUEST_RAT_4_4_QUESTINFODATA_TITLE,迷失在泥潭中
QUEST_RAT_4_5_QUESTINFODATA_ACTIONS_0_ACTIONTEXT,召集怀尔德对付野猪。
QUEST_RAT_4_5_QUESTINFODATA_ACTIONS_0_DEFAULTOUTCOME_JOURNALTEXT,怀尔德在那天不会回应我们勇士的呼唤。<hero_name>无助地看着，马车继续沿着平原前进着。
QUEST_RAT_4_5_QUESTINFODATA_ACTIONS_0_DEFAULTOUTCOME_OUTCOMETEXT,你向怀尔德低声说话，但是他不听你的。你无助地站在那里，看着马车畅通无阻地穿过平原。
QUEST_RAT_4_5_QUESTINFODATA_ACTIONS_0_TESTSUCCESSOUTCOME_JOURNALTEXT,怀尔德会对付这些野兽，没有问题。一阵大风将马车刮翻，同时释放了囚犯。
QUEST_RAT_4_5_QUESTINFODATA_ACTIONS_0_TESTSUCCESSOUTCOME_OUTCOMETEXT,一阵可怕的风吹过来，马车翻倒了，碾压到了守卫。囚犯被释放了，并承诺支持你。
QUEST_RAT_4_5_QUESTINFODATA_ACTIONS_1_ACTIONTEXT,要求怀尔德将平原裹在大雾中。
QUEST_RAT_4_5_QUESTINFODATA_ACTIONS_1_DEFAULTOUTCOME_JOURNALTEXT,虽然守卫们不高兴，但是，怀尔德还是帮助我们的英雄拯救了囚犯。这场战斗很短暂，但最终还是鼠族赢得了胜利。
QUEST_RAT_4_5_QUESTINFODATA_ACTIONS_1_DEFAULTOUTCOME_OUTCOMETEXT,出现了大雾，但这并不足以掩盖你的动作。囚犯在逃走的过程中受伤了——伤得很深，以至于他们无法加入你。
QUEST_RAT_4_5_QUESTINFODATA_ACTIONS_2_ACTIONTEXT,"""跟我来"""
QUEST_RAT_4_5_QUESTINFODATA_ACTIONS_2_DEFAULTOUTCOME_JOURNALTEXT,我们的英雄没有迎面攻击野猪，而是按照王牌间谍的请求选择悄悄接近。囚犯得救了。死里逃生。
QUEST_RAT_4_5_QUESTINFODATA_ACTIONS_2_DEFAULTOUTCOME_OUTCOMETEXT,你的王牌间谍带你找到货车，藏起来。你打开后门，释放囚犯，并还额外带走了一些东西。
QUEST_RAT_4_5_QUESTINFODATA_ACTIONS_3_ACTIONTEXT,高高举起你的贝恩之剑
QUEST_RAT_4_5_QUESTINFODATA_ACTIONS_3_DEFAULTOUTCOME_JOURNALTEXT,守卫们被诅咒的刀刃吓得逃走了，让我们的英雄有充足的时间来释放囚犯，并因为提供帮助而获得奖励。
QUEST_RAT_4_5_QUESTINFODATA_ACTIONS_3_DEFAULTOUTCOME_OUTCOMETEXT,守卫们从远处看到你的刀，然后很快逃走了。囚犯很感激，但警惕持有这样刀刃的人。
QUEST_RAT_4_5_QUESTINFODATA_ACTIONS_4_ACTIONTEXT,穿上盔甲并攻击！
QUEST_RAT_4_5_QUESTINFODATA_ACTIONS_4_DEFAULTOUTCOME_JOURNALTEXT,我们的英雄进行战斗并释放囚犯。他们很感激，在窜入阿门罗的大山之前赠予我们的英雄一份礼物。
QUEST_RAT_4_5_QUESTINFODATA_ACTIONS_4_DEFAULTOUTCOME_OUTCOMETEXT,没有野猪拥有刺穿英雄头盔的力量。你把他们拖延了足够久，让囚犯得以逃脱。然后撤退。
QUEST_RAT_4_5_QUESTINFODATA_ENCOUNTERTEXT,上了锁的监狱马车由一对凶残的野猪拉着，在路上徐缓地行驶着。你不能让马车走得太远。
QUEST_RAT_4_5_QUESTINFODATA_JOURNALENCOUNTERTEXT,监狱马车被一对野猪守着，徐缓地在路上行驶着。<hero_name>从远处密切注视着，计划着这次大胆的逃跑行动。
QUEST_RAT_4_5_QUESTINFODATA_JOURNALRUMOURTEXT,一名忠诚的鼠族随从被人陷害犯了谋杀罪，而事实是他根本没有，现在他正在被送往绞刑架的路上。<hero_name>没有多少时间了。
QUEST_RAT_4_5_QUESTINFODATA_RUMOURTEXT,鼠族一名拥护者被囚于监狱马车之中。如果你放走他们，我相信他们会成为忠诚的随从。
QUEST_RAT_4_5_QUESTINFODATA_TITLE,羁押锁链
QUEST_RAT_4_6_QUESTINFODATA_ACTIONS_0_ACTIONTEXT,召集怀尔德，制造一个可怕的预兆。
QUEST_RAT_4_6_QUESTINFODATA_ACTIONS_0_DEFAULTOUTCOME_JOURNALTEXT,怀尔德本来可以提供帮助，但他却选择忽略我们勇士的请求。会议结束了，我们的英雄被迫逃离，行动失败。
QUEST_RAT_4_6_QUESTINFODATA_ACTIONS_0_DEFAULTOUTCOME_OUTCOMETEXT,怀尔德忽略你的呼救，你只能看着这两个家族形成一个联盟，而这只会扰乱鼠族。
QUEST_RAT_4_6_QUESTINFODATA_ACTIONS_0_TESTSUCCESSOUTCOME_JOURNALTEXT,正是怀尔德解决了这个问题：天空变成可怕的血红色，暗示着可怕的凶兆。联盟结束了。
QUEST_RAT_4_6_QUESTINFODATA_ACTIONS_0_TESTSUCCESSOUTCOME_OUTCOMETEXT,怀尔德将天空变成了红色。兔子和熊都被吓坏了，意识到也许怀尔德不赞成他们联盟。
QUEST_RAT_4_6_QUESTINFODATA_ACTIONS_1_ACTIONTEXT,扰乱会议，推迟联盟。
QUEST_RAT_4_6_QUESTINFODATA_ACTIONS_1_DEFAULTOUTCOME_JOURNALTEXT,我们的英雄冲石环，迫使两族暂停会议。遗憾的是，两个家族之间的结盟仍然不可避免。
QUEST_RAT_4_6_QUESTINFODATA_ACTIONS_1_DEFAULTOUTCOME_OUTCOMETEXT,你走进圈里，给熊和兔子都来了一场突袭。会议暂停了，但你知道这只是拖延了他们不可避免的联盟。
QUEST_RAT_4_6_QUESTINFODATA_ACTIONS_2_ACTIONTEXT,"""我能证明这些部族不适宜联盟。让我来。"""
QUEST_RAT_4_6_QUESTINFODATA_ACTIONS_2_DEFAULTOUTCOME_JOURNALTEXT,多亏硬币大师详尽收集两个部族之间不守信义的证据，他们的联盟被打破了。
QUEST_RAT_4_6_QUESTINFODATA_ACTIONS_2_DEFAULTOUTCOME_OUTCOMETEXT,硬币大师扰乱了悬赏暗杀的领赏会议，挑拨了两个部族。两个部族分道扬镳。
QUEST_RAT_4_6_QUESTINFODATA_ACTIONS_3_ACTIONTEXT,潜行靠近并探听
QUEST_RAT_4_6_QUESTINFODATA_ACTIONS_3_DEFAULTOUTCOME_JOURNALTEXT,尾随和欺骗是老鼠的专长！我们的英雄悄悄接近并探听一番。他们的计划现在发挥不了作用。
QUEST_RAT_4_6_QUESTINFODATA_ACTIONS_3_DEFAULTOUTCOME_OUTCOMETEXT,发光的镜子斗篷让你靠近会议。你听到的秘密将在以后有所用处。
QUEST_RAT_4_6_QUESTINFODATA_ACTIONS_4_ACTIONTEXT,"""真的吗？即使在疾行兔被清除后？"""
QUEST_RAT_4_6_QUESTINFODATA_ACTIONS_4_DEFAULTOUTCOME_JOURNALTEXT,自从有记录起，熊族和兔族一直互相为敌。所有他们需要的是一个提醒，而诗人就是这样一个提醒者。
QUEST_RAT_4_6_QUESTINFODATA_ACTIONS_4_DEFAULTOUTCOME_OUTCOMETEXT,你的诗人走上前去，熊族对兔族施暴的故事在他嘴里演绎得滔滔不绝。在这次提醒之后，谈判破裂了。
QUEST_RAT_4_6_QUESTINFODATA_ENCOUNTERTEXT,你注意到，熊族和兔族的当地首领在安静地交谈着，语气十分友好。这肯定不行。
QUEST_RAT_4_6_QUESTINFODATA_JOURNALENCOUNTERTEXT,我们的英雄在石环周围爬行着。熊和兔子在那里语气友好地交谈着——这是盟友间说话的语气。要制止这一切。
QUEST_RAT_4_6_QUESTINFODATA_JOURNALRUMOURTEXT,我们的英雄听传言称，熊族和兔族正在酝酿着达成结盟。如果这是真的，那他对鼠族而言可能意味着一场灾难。
QUEST_RAT_4_6_QUESTINFODATA_RUMOURTEXT,我听说兔族和熊族正计划在附近召开一次秘密会议。可能要达成结盟？你应该了解他们要做什么。
QUEST_RAT_4_6_QUESTINFODATA_TITLE,部族勾结
QUEST_RAT_4_7_QUESTINFODATA_ACTIONS_0_ACTIONTEXT,偷偷穿过城堡并杀死狼。
QUEST_RAT_4_7_QUESTINFODATA_ACTIONS_0_DEFAULTOUTCOME_JOURNALTEXT,虽然计划很健全，但我们英雄的战斗技能却并非如此。狼族轻易占了上风，<hero_name>被迫逃离。
QUEST_RAT_4_7_QUESTINFODATA_ACTIONS_0_DEFAULTOUTCOME_OUTCOMETEXT,不幸的是，狼很快发现了你，以其家族臭名昭著的愤怒对你进行合击。你逃离城堡，这次行动以失败告终。
QUEST_RAT_4_7_QUESTINFODATA_ACTIONS_0_TESTSUCCESSOUTCOME_JOURNALTEXT,该计划涉及刀剑——许多刀剑。<hero_name>爬过古堡，杀死了每一条狼，直到无一活口。
QUEST_RAT_4_7_QUESTINFODATA_ACTIONS_0_TESTSUCCESSOUTCOME_OUTCOMETEXT,你的猛攻迅速而无声，如这寂静的夜晚一般，没有一只狼幸免于此。城堡和里面的宝藏都是你的。
QUEST_RAT_4_7_QUESTINFODATA_ACTIONS_1_ACTIONTEXT,向狼族提出折中方案。
QUEST_RAT_4_7_QUESTINFODATA_ACTIONS_1_DEFAULTOUTCOME_JOURNALTEXT,我们的英雄通过展示其力量，给狼下了最后通牒：要么分享利润，要么死。狼非常感谢地接受了。
QUEST_RAT_4_7_QUESTINFODATA_ACTIONS_1_DEFAULTOUTCOME_OUTCOMETEXT,当你确信狼能看见你时，你提出让他们交出城堡一半的收入，才能放了他们。他们很高兴，接受了协议。
QUEST_RAT_4_7_QUESTINFODATA_ACTIONS_2_ACTIONTEXT,将御盾作为你的防御冲击城堡。
QUEST_RAT_4_7_QUESTINFODATA_ACTIONS_2_DEFAULTOUTCOME_JOURNALTEXT,在任何其他情况下，冲击这座城堡都是最不明智的。但御盾防止我们的英雄受到任何伤害。
QUEST_RAT_4_7_QUESTINFODATA_ACTIONS_2_DEFAULTOUTCOME_OUTCOMETEXT,狼的攻击从你的盾牌上无害地弹开，你毫发无伤地将他们清出了城堡。
QUEST_RAT_4_7_QUESTINFODATA_ACTIONS_3_ACTIONTEXT,“他们一无所知。”
QUEST_RAT_4_7_QUESTINFODATA_ACTIONS_3_DEFAULTOUTCOME_JOURNALTEXT,开一个赌场比狼知道的复杂得多。他们被迫寻求帮助，商人要收取费用的帮助。
QUEST_RAT_4_7_QUESTINFODATA_ACTIONS_3_DEFAULTOUTCOME_OUTCOMETEXT,商人在你身边，你靠了过去。狼不知道如何经营一家赌场。他们为你提供一个经营这个地方的机会，而你暗中抢劫他们。
QUEST_RAT_4_7_QUESTINFODATA_ACTIONS_4_ACTIONTEXT,"""我们随时可以搞垮城堡。"""
QUEST_RAT_4_7_QUESTINFODATA_ACTIONS_4_DEFAULTOUTCOME_JOURNALTEXT,这个赌场已经开了很多年，但不会永远开下去。在矿工的帮助下，我们的英雄搞垮了它。一举歼灭。
QUEST_RAT_4_7_QUESTINFODATA_ACTIONS_4_DEFAULTOUTCOME_OUTCOMETEXT,摧毁赌场好过落入狼手。在矿工的帮助下，你削弱了主要的支柱。它垮塌下来，全军覆没。
QUEST_RAT_4_7_QUESTINFODATA_ENCOUNTERTEXT,你站在古堡遗址前面，这里正是鼠族隐藏的赌博帝国所在地——尽管现在已经由狼族掌管。
QUEST_RAT_4_7_QUESTINFODATA_JOURNALENCOUNTERTEXT,但问题是怎么做？狼族日夜守卫着古堡及其庭院。<hero_name>需要制定一项计划。
QUEST_RAT_4_7_QUESTINFODATA_JOURNALRUMOURTEXT,森林赌场曾属于鼠族……直到后来被狼族占领。我们的英雄决定收回它。
QUEST_RAT_4_7_QUESTINFODATA_RUMOURTEXT,有传言称鼠族在森林深处的一座古老赌场被狼族占领了。你的上级希望你把它重新夺回来。
QUEST_RAT_4_7_QUESTINFODATA_TITLE,赌场
QUEST_RAT_4_8_QUESTINFODATA_ACTIONS_0_ACTIONTEXT,证明鼠族值得登上王座。把他们全部杀死。
QUEST_RAT_4_8_QUESTINFODATA_ACTIONS_0_DEFAULTOUTCOME_JOURNALTEXT,我们的英雄遭遇刺客围攻，四面楚歌，成功的机会很小。多亏了高高的草丛，我们的英雄得以在其掩护下逃离死亡。
QUEST_RAT_4_8_QUESTINFODATA_ACTIONS_0_DEFAULTOUTCOME_OUTCOMETEXT,你的突袭未起作用，很快就负伤了。你将他们带入高高的草丛中，使他们迷了路，但这也只有在你扔了一些金币，转移了他们的注意力之后。
QUEST_RAT_4_8_QUESTINFODATA_ACTIONS_0_TESTSUCCESSOUTCOME_JOURNALTEXT,熊和狼迅速倒在了我们英雄闪烁的利刃下，但是兔子却逃走了——以支持当地一名英雄换取自己的性命。
QUEST_RAT_4_8_QUESTINFODATA_ACTIONS_0_TESTSUCCESSOUTCOME_OUTCOMETEXT,飞出匕首，首先结束了熊的性命。接下来死的是狼，但是兔子却以提供一枚随从的卡牌来换取她的性命。
QUEST_RAT_4_8_QUESTINFODATA_ACTIONS_1_ACTIONTEXT,在高高的草丛中躲避刺客。
QUEST_RAT_4_8_QUESTINFODATA_ACTIONS_1_DEFAULTOUTCOME_JOURNALTEXT,我们的英雄在战斗开始时就知道这是一场必败之仗，因而便消失在了高高的草丛中，闪避刺客的追杀，并逃出陷阱。
QUEST_RAT_4_8_QUESTINFODATA_ACTIONS_1_DEFAULTOUTCOME_OUTCOMETEXT,你抿嘴一笑，迅速躲进高高的草丛中，完全消失不见。你很幸运活着逃离！
QUEST_RAT_4_8_QUESTINFODATA_ACTIONS_2_ACTIONTEXT,"""这些傻瓜毫无生机。"""
QUEST_RAT_4_8_QUESTINFODATA_ACTIONS_2_DEFAULTOUTCOME_JOURNALTEXT,但是，狂战士不是有意逃避埋伏。他的斧头轻松砍倒三个刺客，拯救了我们英雄的生命。
QUEST_RAT_4_8_QUESTINFODATA_ACTIONS_2_DEFAULTOUTCOME_OUTCOMETEXT,狂战士向前进，他的斧头马上击倒了恐惧的熊。狼和兔子试图逃走，但没逃多远。
QUEST_RAT_4_8_QUESTINFODATA_ACTIONS_3_ACTIONTEXT,向他们展示真正的力量
QUEST_RAT_4_8_QUESTINFODATA_ACTIONS_3_DEFAULTOUTCOME_JOURNALTEXT,我们英雄的乌鸦嘴匕首发挥出自己的实力。<hero_name>干掉了刺客，证明鼠族才是斗篷和匕首的主人。
QUEST_RAT_4_8_QUESTINFODATA_ACTIONS_3_DEFAULTOUTCOME_OUTCOMETEXT,没有野兽比老鼠更胜任刺客。你招手示意他们过来，然后用乌鸦嘴匕首攻击。他们倒下。你利用了他们的力量。
QUEST_RAT_4_8_QUESTINFODATA_ACTIONS_4_ACTIONTEXT,召唤怀尔德保护你
QUEST_RAT_4_8_QUESTINFODATA_ACTIONS_4_DEFAULTOUTCOME_JOURNALTEXT,刺客被我们勇士的怀尔德护身符挫败。借助它的力量，<hero_name>才得以逃脱。
QUEST_RAT_4_8_QUESTINFODATA_ACTIONS_4_DEFAULTOUTCOME_OUTCOMETEXT,怀尔德不会让这种非正义继续下去。当你举起护身符时它做出了反应，掀起浓厚的雾气让你逃脱。
QUEST_RAT_4_8_QUESTINFODATA_ENCOUNTERTEXT,你感觉并不是你自己一个人在平原上行走，很快你发现自己被狼、兔子和熊刺客包围！
QUEST_RAT_4_8_QUESTINFODATA_JOURNALENCOUNTERTEXT,熊是第一个暴露自己的，狼和兔子躲在附近。我们的英雄需要迅速采取行动，以摆脱伏击！
QUEST_RAT_4_8_QUESTINFODATA_JOURNALRUMOURTEXT,其他家族正使出非常手段——他们最优秀的刺客已联手，蓄谋在开阔的平原上杀死我们的英雄。
QUEST_RAT_4_8_QUESTINFODATA_RUMOURTEXT,盛传兔族、熊族和狼族多名刺客组成了一个联盟，打算在这些平原上的某个地方结束你的性命。
QUEST_RAT_4_8_QUESTINFODATA_TITLE,平原上的伏击
QUEST_RAT_4_9_QUESTINFODATA_ACTIONS_0_ACTIONTEXT,抽出你的剑，与恶魔对抗。
QUEST_RAT_4_9_QUESTINFODATA_ACTIONS_0_DEFAULTOUTCOME_JOURNALTEXT,是贝恩！我们的英雄虽然勇猛善战，但腐化的化身太强大，难以摧毁，我们的英雄被迫逃离。
QUEST_RAT_4_9_QUESTINFODATA_ACTIONS_0_DEFAULTOUTCOME_OUTCOMETEXT,你发现是贝恩在黑暗中追杀你!它以纯腐化的力量连续猛烈击打着你，你惊恐万分，被迫撤离。
QUEST_RAT_4_9_QUESTINFODATA_ACTIONS_0_TESTSUCCESSOUTCOME_JOURNALTEXT,是贝恩！我们的英雄依靠蛮力将它打倒，不仅杀死了它，还赢得了冒险者的忠诚。
QUEST_RAT_4_9_QUESTINFODATA_ACTIONS_0_TESTSUCCESSOUTCOME_OUTCOMETEXT,邪恶的贝恩虽有惊人的技能，但还是很快就倒在了你的利剑之下。你搜索着受害者，在他们的财产中找到了一枚随从的卡牌。
QUEST_RAT_4_9_QUESTINFODATA_ACTIONS_1_ACTIONTEXT,搜刮最近的宝箱并逃离。
QUEST_RAT_4_9_QUESTINFODATA_ACTIONS_1_DEFAULTOUTCOME_JOURNALTEXT,我们的英雄知道，最好尽量避免与古老的邪恶对抗。搜刮了附近一个宝箱之后，他们安然无恙地逃出了城堡主楼。
QUEST_RAT_4_9_QUESTINFODATA_ACTIONS_1_DEFAULTOUTCOME_OUTCOMETEXT,如果没有必要，就没必要在附近逗留！你打开最近的宝箱，抓起里面最闪亮的宝物逃走了。
QUEST_RAT_4_9_QUESTINFODATA_ACTIONS_2_ACTIONTEXT,高高举起贝恩之爪。在战斗开始之前就结束它。
QUEST_RAT_4_9_QUESTINFODATA_ACTIONS_2_DEFAULTOUTCOME_JOURNALTEXT,幸运的是，我们的英雄举起了传说中的贝恩之爪，将那座失落堡楼中的骇人恐怖永远逼回了黑暗。
QUEST_RAT_4_9_QUESTINFODATA_ACTIONS_2_DEFAULTOUTCOME_OUTCOMETEXT,你举起爪子，稳住自己的阵脚。当邪恶的贝恩转过角落时，它发出嘶嘶声和尖叫声，消失在黑云中。
QUEST_RAT_4_9_QUESTINFODATA_ACTIONS_3_ACTIONTEXT,“啊啊啊啊啊！”
QUEST_RAT_4_9_QUESTINFODATA_ACTIONS_3_DEFAULTOUTCOME_JOURNALTEXT,傻瓜经历过很多征途，看到深处的怪物原来是最后一根稻草。他哭喊得那么大声，野兽逃走了。
QUEST_RAT_4_9_QUESTINFODATA_ACTIONS_3_DEFAULTOUTCOME_OUTCOMETEXT,你的傻瓜发出尖叫。幸运的是，声音足以让动物生畏。你有时间去劫掠最近的箱子并逃走。
QUEST_RAT_4_9_QUESTINFODATA_ENCOUNTERTEXT,你穿过这个邪恶的地方时，曲折的走廊里响起令人难忘的颂歌。一个黑暗的威胁在前方黑暗里蠢蠢欲动……
QUEST_RAT_4_9_QUESTINFODATA_JOURNALENCOUNTERTEXT,在城堡主楼深处，我们的英雄发现了一处由迷宫弯弯曲曲的通道和上锁的门构成的阴湿迷宫……里面还有一些其他东西。一个阴险的邪恶苏醒了！
QUEST_RAT_4_9_QUESTINFODATA_JOURNALRUMOURTEXT,鼠族一座古老的城堡主楼深埋于地下已有多个世代。<hero_name>将是几个世纪以来第一个打开城堡主楼大门的英雄。
QUEST_RAT_4_9_QUESTINFODATA_RUMOURTEXT,长期有传言称，阿门罗一座被遗忘的堡楼里住着一个疯狂的工匠。找到它，看看里面藏有什么宝藏。
QUEST_RAT_4_9_QUESTINFODATA_TITLE,藏匿深处的贝恩
QUEST_RAT_5_1_QUESTINFODATA_ACTIONS_0_ACTIONTEXT,进入王宫城墙。
QUEST_RAT_5_1_QUESTINFODATA_ACTIONS_0_DEFAULTOUTCOME_JOURNALTEXT,<hero_name>穿过一条秘密通道，潜入王宫庭院。王座和那位疯狂的占有者终于近在咫尺。
QUEST_RAT_5_1_QUESTINFODATA_ACTIONS_0_DEFAULTOUTCOME_OUTCOMETEXT,你悄无声息地进入王宫，面前就是通往国王的路。通往你旅途终点的路。通往阿门罗王座的路。
QUEST_RAT_5_1_QUESTINFODATA_ENCOUNTERTEXT,王宫的塔尖高耸入云。精心修剪的园林几乎遮不住你的入口：一扇微微敞开的金属格栅。
QUEST_RAT_5_1_QUESTINFODATA_JOURNALENCOUNTERTEXT,王宫高墙曾抵御军队、间谍和刺客，保卫着阿门罗国王——但这挡不住鼠族。
QUEST_RAT_5_1_QUESTINFODATA_JOURNALRUMOURTEXT,鼠族的特工已为我们的英雄找到一条穿过王宫重重陷阱的安全通道——一条直通国王王座的通道。
QUEST_RAT_5_1_QUESTINFODATA_RUMOURTEXT,鼠族发现了国王防御的弱点——鼠族夺取王座的时机到了！
QUEST_RAT_5_1_QUESTINFODATA_TITLE,最终的战役
QUEST_RAT_PROLOGUE_1_QUESTINFODATA_ACTIONS_0_ACTIONTEXT,吹响鼠族之曲。
QUEST_RAT_PROLOGUE_1_QUESTINFODATA_ACTIONS_0_TESTSUCCESSOUTCOME_JOURNALTEXT,<hero_name> 吹响一首古老的鼠族曲调，把躲藏在暗影中的间谍大师引了出来。他们的任务可以开始了。
QUEST_RAT_PROLOGUE_1_QUESTINFODATA_ACTIONS_0_TESTSUCCESSOUTCOME_OUTCOMETEXT,你选了一首冷僻的曲子。只有留心听过的人才会知道。刚吹了几个音，间谍大师就坐到了你身边。
QUEST_RAT_PROLOGUE_1_QUESTINFODATA_ENCOUNTERTEXT,城市热闹非凡。你进入酒馆，环顾四周。这里有许多人，但是你一个都没见过。间谍大师不在。
QUEST_RAT_PROLOGUE_1_QUESTINFODATA_JOURNALENCOUNTERTEXT,在拿到悬赏后，我们的英雄进入了南岸。他们不知道从哪里开始搜索间谍，于是，他们去了酒馆。
QUEST_RAT_PROLOGUE_1_QUESTINFODATA_JOURNALRUMOURTEXT,<hero_name> 向宫殿进发。他们有两个目标。拿到塞恩头上的悬赏，并找到间谍大师。
QUEST_RAT_PROLOGUE_1_QUESTINFODATA_RUMOURTEXT,你已领命。间谍大师正在南岸等你。
QUEST_RAT_PROLOGUE_1_QUESTINFODATA_TITLE,鼠族之声
QUEST_RAT_PROLOGUE_2_QUESTINFODATA_ACTIONS_0_ACTIONTEXT,从他身旁溜过去。
QUEST_RAT_PROLOGUE_2_QUESTINFODATA_ACTIONS_0_TESTSUCCESSOUTCOME_JOURNALTEXT,谁也不会看到老鼠。我们的英雄爬过愚蠢的守卫。无论塞恩的计划是什么，墨丘里奥都会知道。
QUEST_RAT_PROLOGUE_2_QUESTINFODATA_ACTIONS_0_TESTSUCCESSOUTCOME_OUTCOMETEXT,你是月光下的暗影。他没有看到你溜过去，近得几乎可以碰到他。接头人是一名矿工，笑着放你进去。
QUEST_RAT_PROLOGUE_2_QUESTINFODATA_ACTIONS_1_ACTIONTEXT,给接头人发信号
QUEST_RAT_PROLOGUE_2_QUESTINFODATA_ACTIONS_1_DEFAULTOUTCOME_JOURNALTEXT,我们的英雄不能亲自见到接头人，但他们还是得以通过使用类似情报点的地方获得了消息。
QUEST_RAT_PROLOGUE_2_QUESTINFODATA_ACTIONS_1_DEFAULTOUTCOME_OUTCOMETEXT,点燃小火花让接头人知道你在。她回复信号，然后扔下一封信。这是一个情报点。你掌握了消息。
QUEST_RAT_PROLOGUE_2_QUESTINFODATA_ENCOUNTERTEXT,入夜后城市宵禁生效。接头人的房子就在街对面，但一名国王守卫正在门前巡逻。
QUEST_RAT_PROLOGUE_2_QUESTINFODATA_JOURNALENCOUNTERTEXT,尽管我们的英雄顺利抵达聚落，但那里正在实行宵禁。一名国王守卫正在街上巡逻。
QUEST_RAT_PROLOGUE_2_QUESTINFODATA_JOURNALRUMOURTEXT,我们英雄的间谍大师已把腐化圣物追查到冬角山。我们的英雄朝那里进发。
QUEST_RAT_PROLOGUE_2_QUESTINFODATA_RUMOURTEXT,间谍大师已追查到被盗的腐化工具位于冬角山。她城中的一名线人对那些山峰了如指掌。
QUEST_RAT_PROLOGUE_2_QUESTINFODATA_TITLE,追逐阴影
QUEST_RAT_PROLOGUE_AI_1_QUESTINFODATA_ACTIONS_0_ACTIONTEXT,QUEST_WOLF_PROLOGUE_AI_1_QUESTINFODATA_ACTIONS_0_ACTIONTEXT
QUEST_RAT_PROLOGUE_AI_1_QUESTINFODATA_ACTIONS_0_DEFAULTOUTCOME_JOURNALTEXT,QUEST_WOLF_PROLOGUE_AI_1_QUESTINFODATA_ACTIONS_0_DEFAULTOUTCOME_JOURNALTEXT
QUEST_RAT_PROLOGUE_AI_1_QUESTINFODATA_ACTIONS_0_DEFAULTOUTCOME_OUTCOMETEXT,QUEST_WOLF_PROLOGUE_AI_1_QUESTINFODATA_ACTIONS_0_DEFAULTOUTCOME_OUTCOMETEXT
QUEST_RAT_PROLOGUE_AI_1_QUESTINFODATA_ACTIONS_0_TESTSUCCESSOUTCOME_JOURNALTEXT,QUEST_WOLF_PROLOGUE_AI_1_QUESTINFODATA_ACTIONS_0_TESTSUCCESSOUTCOME_JOURNALTEXT
QUEST_RAT_PROLOGUE_AI_1_QUESTINFODATA_ACTIONS_0_TESTSUCCESSOUTCOME_OUTCOMETEXT,QUEST_WOLF_PROLOGUE_AI_1_QUESTINFODATA_ACTIONS_0_TESTSUCCESSOUTCOME_OUTCOMETEXT
QUEST_RAT_PROLOGUE_AI_1_QUESTINFODATA_ENCOUNTERTEXT,QUEST_WOLF_PROLOGUE_AI_1_QUESTINFODATA_ENCOUNTERTEXT
QUEST_RAT_PROLOGUE_AI_1_QUESTINFODATA_JOURNALENCOUNTERTEXT,QUEST_WOLF_PROLOGUE_AI_1_QUESTINFODATA_JOURNALENCOUNTERTEXT
QUEST_RAT_PROLOGUE_AI_1_QUESTINFODATA_JOURNALRUMOURTEXT,QUEST_WOLF_PROLOGUE_AI_1_QUESTINFODATA_JOURNALRUMOURTEXT
QUEST_RAT_PROLOGUE_AI_1_QUESTINFODATA_RUMOURTEXT,QUEST_WOLF_PROLOGUE_AI_1_QUESTINFODATA_RUMOURTEXT
QUEST_RAT_PROLOGUE_AI_1_QUESTINFODATA_TITLE,QUEST_WOLF_PROLOGUE_AI_1_QUESTINFODATA_TITLE
QUEST_REWARDS,奖赏
QUEST_REWARD_FULL_HEAL,恢复所有生命
QUEST_REWARD_PALACE_ENTRY,进入王宫
QUEST_ROT_2_1_QUESTINFODATA_ACTIONS_0_ACTIONTEXT,接管吧。你将以这种力量为食。
QUEST_ROT_2_1_QUESTINFODATA_ACTIONS_0_DEFAULTOUTCOME_JOURNALTEXT,大厅深处的危险显而易见。我们英雄的黑暗逐渐进入，却被火与钢逼了回去。很快。他们很快就会返回。
QUEST_ROT_2_1_QUESTINFODATA_ACTIONS_0_DEFAULTOUTCOME_OUTCOMETEXT,侍从们根本不是对手。他们倒在了你的剑下。但是，刑讯者头子却用赤热的钢铁将你逼退。你带着伤逃跑了。
QUEST_ROT_2_1_QUESTINFODATA_ACTIONS_0_TESTSUCCESSOUTCOME_JOURNALTEXT,黑暗深处，我们的英雄吸收了过去的痛苦中的力量。随着他们的腐化增加，他们花了些时间，让自己遭受痛苦。
QUEST_ROT_2_1_QUESTINFODATA_ACTIONS_0_TESTSUCCESSOUTCOME_OUTCOMETEXT,那些没有逃走的倒在了你的面前。你将刑讯者头子放在拷问台上。撕裂他的骨头，让他体会这种讽刺感。
QUEST_ROT_2_1_QUESTINFODATA_ACTIONS_1_ACTIONTEXT,杀掉囚犯
QUEST_ROT_2_1_QUESTINFODATA_ACTIONS_1_DEFAULTOUTCOME_JOURNALTEXT,火与钢逼退我们的英雄，让他们无法靠近侍从，但却无法拯救囚犯。没有他们，国王的力量将会削弱。
QUEST_ROT_2_1_QUESTINFODATA_ACTIONS_1_DEFAULTOUTCOME_OUTCOMETEXT,刑讯者可以自我保护，但不会减慢你的速度。你杀掉了刑讯者。让国王在别处找到他的力量。
QUEST_ROT_2_1_QUESTINFODATA_ACTIONS_2_ACTIONTEXT,展示玩偶
QUEST_ROT_2_1_QUESTINFODATA_ACTIONS_2_DEFAULTOUTCOME_JOURNALTEXT,玩偶自诞生以来就是制造痛苦的工具。我们的英雄将它交给了刑讯者。他们造成的痛苦增强了 <hero_name> 的力量。
QUEST_ROT_2_1_QUESTINFODATA_ACTIONS_2_DEFAULTOUTCOME_OUTCOMETEXT,刑讯者看到玩偶后咯咯地笑起来。你把玩偶交给他们，他们用玩偶造成的痛苦为你体内的腐化提供了力量。
QUEST_ROT_2_1_QUESTINFODATA_ACTIONS_3_ACTIONTEXT,"""我知道这个地方。"""
QUEST_ROT_2_1_QUESTINFODATA_ACTIONS_3_DEFAULTOUTCOME_JOURNALTEXT,陌生人知道房间的布局，带着我们的英雄穿过房间。至于他是怎么知道这些大厅的，<hero_name> 没敢问。
QUEST_ROT_2_1_QUESTINFODATA_ACTIONS_3_DEFAULTOUTCOME_OUTCOMETEXT,陌生人的眼神有些冷漠，他带着你通过几个楼内通道，来到一个特殊的观察室。这是国王的房间。你从这里可以吸取能量。
QUEST_ROT_2_1_QUESTINFODATA_ACTIONS_4_ACTIONTEXT,这些都是自由之兽。
QUEST_ROT_2_1_QUESTINFODATA_ACTIONS_4_DEFAULTOUTCOME_JOURNALTEXT,我们的英雄使用皇家赦令释放了囚犯。<hero_name> 对他们的感谢漠不关心。国王变得越来越弱，这才是重要的事情。
QUEST_ROT_2_1_QUESTINFODATA_ACTIONS_4_DEFAULTOUTCOME_OUTCOMETEXT,皇家赦令可以宽恕每个囚犯。随着国王的某个力量来源的消失，他将在最后的战斗中变得弱小。
QUEST_ROT_2_1_QUESTINFODATA_ENCOUNTERTEXT,位于<quest_tile>的监狱通常用来囚禁国王的敌人，但这里却有很多的无辜者。当你靠近时，刑讯者头子发出咆哮声。
QUEST_ROT_2_1_QUESTINFODATA_JOURNALENCOUNTERTEXT,我们的英雄来到 <quest_tile>。在地牢深处回荡着尖叫声。国王的特工在努力工作着。
QUEST_ROT_2_1_QUESTINFODATA_JOURNALRUMOURTEXT,<hero_name> 听到传言说，国王现在从他的刑讯者造成的痛苦中吸取能量。挫败他们可能会削弱他的力量。
QUEST_ROT_2_1_QUESTINFODATA_RUMOURTEXT,无辜的野兽正在遭受国王的虐待。据说，他们的痛苦可以为国王提供黑暗力量。或许你可以将此为你所用。
QUEST_ROT_2_1_QUESTINFODATA_TITLE,以眼还眼
QUEST_ROT_2_2_QUESTINFODATA_ACTIONS_0_ACTIONTEXT,自愿作为管道
QUEST_ROT_2_2_QUESTINFODATA_ACTIONS_0_DEFAULTOUTCOME_JOURNALTEXT,我们的英雄自愿作为管道，但汹涌而来的力量太过强大。这伤害了他们的灵魂，让他们变得虚弱而愤怒。
QUEST_ROT_2_2_QUESTINFODATA_ACTIONS_0_DEFAULTOUTCOME_OUTCOMETEXT,你被念着法术的信徒们包围。他们一起从你身上穿过魔法。你嚎叫着。太多了！世界都变得黑暗。
QUEST_ROT_2_2_QUESTINFODATA_ACTIONS_0_TESTSUCCESSOUTCOME_JOURNALTEXT,我们的英雄自愿作为仪式的管道。这奏效了。咒语通过土地击中腐化，然后让我们勇士的力量变大。
QUEST_ROT_2_2_QUESTINFODATA_ACTIONS_0_TESTSUCCESSOUTCOME_OUTCOMETEXT,随着仪式的开始，下雨了。许多信徒将他们的力量传到你的体内。腐化在你的腹中沸腾。你笑了。苏醒了。
QUEST_ROT_2_2_QUESTINFODATA_ACTIONS_1_ACTIONTEXT,参加仪式
QUEST_ROT_2_2_QUESTINFODATA_ACTIONS_1_DEFAULTOUTCOME_JOURNALTEXT,选好的侍僧无法承受这种力量，并降为纯粹的腐化。我们的英雄仍然了解到黑暗魔法的许多潜在力量。
QUEST_ROT_2_2_QUESTINFODATA_ACTIONS_1_DEFAULTOUTCOME_OUTCOMETEXT,你加入信徒，通过选好的侍僧传递你的腐化力量。他们的身体不能承受这种力量。他们死掉了。
QUEST_ROT_2_2_QUESTINFODATA_ACTIONS_2_ACTIONTEXT,"""让我来捆绑管道。"""
QUEST_ROT_2_2_QUESTINFODATA_ACTIONS_2_DEFAULTOUTCOME_JOURNALTEXT,铁匠不信任仪式的奇怪魔法。他们用镣铐固定好管道，这个行为拯救了他们的生命。
QUEST_ROT_2_2_QUESTINFODATA_ACTIONS_2_DEFAULTOUTCOME_OUTCOMETEXT,铁匠为选好的侍僧带上枷锁和长镣铐。这些束缚可以阻止他们伤害自己。法术念动了。
QUEST_ROT_2_2_QUESTINFODATA_ACTIONS_3_ACTIONTEXT,"""让我来准备法术。"""
QUEST_ROT_2_2_QUESTINFODATA_ACTIONS_3_DEFAULTOUTCOME_JOURNALTEXT,"我们英雄的学徒准备法术。""这些信徒们太业余了。""他嘲笑道，然后站在后面。""你瞧，准备好了。"""
QUEST_ROT_2_2_QUESTINFODATA_ACTIONS_3_DEFAULTOUTCOME_OUTCOMETEXT,"学徒为他的主人准备了一千个仪式。他已经为法术准备好<quest_tile>。""那边。现在它就要起作用了。"""
QUEST_ROT_2_2_QUESTINFODATA_ACTIONS_4_ACTIONTEXT,"""让我来吧。"""
QUEST_ROT_2_2_QUESTINFODATA_ACTIONS_4_DEFAULTOUTCOME_JOURNALTEXT,聪明的傻瓜自愿作为管道，而且还幸免于难。从那天起，他再也没有快乐过。
QUEST_ROT_2_2_QUESTINFODATA_ACTIONS_4_DEFAULTOUTCOME_OUTCOMETEXT,你差点就要阻止聪明的傻瓜不要自愿这么做了，但是后来你耸了耸肩。令你惊讶的是，他幸存了下来。法术成功了。
QUEST_ROT_2_2_QUESTINFODATA_ENCOUNTERTEXT,黑暗的门徒在平原上大步行走。法术几乎准备好了。腐化将会扩散。缺的只是一个渠道。
QUEST_ROT_2_2_QUESTINFODATA_JOURNALENCOUNTERTEXT,黑暗的工具到处传播。兔爪、盛血的酒杯。法术已经快要完成，但需要有引导者。
QUEST_ROT_2_2_QUESTINFODATA_JOURNALRUMOURTEXT,阿门罗各地的黑暗追随者秘密聚集在 <quest_tile>。将念动一个咒语，我们的英雄和这个咒语也有关系。
QUEST_ROT_2_2_QUESTINFODATA_RUMOURTEXT,信徒们呼唤着门徒。正准备念动传播腐化的咒语。那些帮助者将会被赐予力量。
QUEST_ROT_2_2_QUESTINFODATA_TITLE,黑暗契约
QUEST_ROT_2_3_QUESTINFODATA_ACTIONS_0_ACTIONTEXT,挖掘坟墓
QUEST_ROT_2_3_QUESTINFODATA_ACTIONS_0_DEFAULTOUTCOME_JOURNALTEXT,地下的黑暗躲开我们的英雄。他们挖了几个小时，但腐化女王埋得太深了。我们的英雄生气地走了。
QUEST_ROT_2_3_QUESTINFODATA_ACTIONS_0_DEFAULTOUTCOME_OUTCOMETEXT,你想得到这种力量。你辛辛苦苦挖了几个小时，但很快就筋疲力尽了。最后，你摇摇晃晃地走了。风中回荡着嘲笑声。
QUEST_ROT_2_3_QUESTINFODATA_ACTIONS_0_TESTSUCCESSOUTCOME_JOURNALTEXT,当 <hero_name> 挖到死去的女王的骨头时，一阵可怕的风从坟墓中刮来。这是女王的力量。我们的英雄带走了这些力量。
QUEST_ROT_2_3_QUESTINFODATA_ACTIONS_0_TESTSUCCESSOUTCOME_OUTCOMETEXT,你一心一意地挖了几个小时。最后，你终于挖到了骨头。突然坟墓里一阵大风向你刮来。
QUEST_ROT_2_3_QUESTINFODATA_ACTIONS_1_ACTIONTEXT,献上祈祷
QUEST_ROT_2_3_QUESTINFODATA_ACTIONS_1_DEFAULTOUTCOME_JOURNALTEXT,这种力量连你坟墓周围的土地都为之堕落。我们的英雄深受打动，并致以敬意。
QUEST_ROT_2_3_QUESTINFODATA_ACTIONS_1_DEFAULTOUTCOME_OUTCOMETEXT,尊敬对于堕落者而言有些勉强。你知道这个野兽所具有的力量，并承诺不会犯和她同样的错误。
QUEST_ROT_2_3_QUESTINFODATA_ACTIONS_2_ACTIONTEXT,"""让我讲给你有关这个女王的故事。"""
QUEST_ROT_2_3_QUESTINFODATA_ACTIONS_2_DEFAULTOUTCOME_JOURNALTEXT,当我们的英雄坐在地穴前时，吟游诗人讲起黑暗女王的故事。他们从有关她死亡的故事中吸取了许多教训。
QUEST_ROT_2_3_QUESTINFODATA_ACTIONS_2_DEFAULTOUTCOME_OUTCOMETEXT,你坐在古墓前。吟游诗人温和的声音把你带到一个不同的时代。吸取过去的教训，你决定为未来做好计划。
QUEST_ROT_2_3_QUESTINFODATA_ACTIONS_3_ACTIONTEXT,"""让我画一画这片土地的地图。"""
QUEST_ROT_2_3_QUESTINFODATA_ACTIONS_3_DEFAULTOUTCOME_JOURNALTEXT,未开化之地——比如传奇古墓——的地图能卖出好价钱。我们英雄的探险家绘制了一张，并与我们的英雄分了钱。
QUEST_ROT_2_3_QUESTINFODATA_ACTIONS_3_DEFAULTOUTCOME_OUTCOMETEXT,探险家盯着地穴，满脸惊叹。他们取出图纸，开始绘制这一带的地图。卖图所得你分了一半。
QUEST_ROT_2_3_QUESTINFODATA_ACTIONS_4_ACTIONTEXT,"""我在半秒内就能把它挖出来！"""
QUEST_ROT_2_3_QUESTINFODATA_ACTIONS_4_DEFAULTOUTCOME_JOURNALTEXT,古墓突然释放出他的魔法，击中了我们英雄的狂战士。幸运的是，<hero_name>只吸收了一些打偏的魔法。
QUEST_ROT_2_3_QUESTINFODATA_ACTIONS_4_DEFAULTOUTCOME_OUTCOMETEXT,狂战士挥动着粗壮的手臂疯狂挖掘。古墓释放出一股魔法冲击击中了他，但你汲取了其中一部分。
QUEST_ROT_2_3_QUESTINFODATA_ENCOUNTERTEXT,沼泽散发着难闻的气味，但你还是进去了。腐化从一个古老的狼族女王的古墓中流出来。地穴中散发出力量。\n
QUEST_ROT_2_3_QUESTINFODATA_JOURNALENCOUNTERTEXT,在臭气熏天的泥潭深处，我们的英雄发现了腐化污点的源头。一个黑暗女王的古墓。这个废弃的古墓已经长时间被遗忘了。
QUEST_ROT_2_3_QUESTINFODATA_JOURNALRUMOURTEXT,<hero_name>知道<quest_tile>被腐化诅咒。如果可以找到里面的黑暗之源，就可以利用它的力量了。
QUEST_ROT_2_3_QUESTINFODATA_RUMOURTEXT,腐化永远不会从阿门罗消逝。它是固有的。某些土地被腐化污染了。在这些地方，可以找到强大的力量。
QUEST_ROT_2_3_QUESTINFODATA_TITLE,腐化的支柱
QUEST_ROT_2_4_QUESTINFODATA_ACTIONS_0_ACTIONTEXT,寻找国王的鲜血
QUEST_ROT_2_4_QUESTINFODATA_ACTIONS_0_DEFAULTOUTCOME_JOURNALTEXT,我们的英雄无意中吐露，他们正在寻找一两滴王室之血。不幸的是，这话被不该听到的生物听到了，而且还告诉了国王。
QUEST_ROT_2_4_QUESTINFODATA_ACTIONS_0_DEFAULTOUTCOME_OUTCOMETEXT,你没有能力让搜寻保密。消息如怀尔德之火般传开。国王的特工听到了，他们集结起来要给你点教训。
QUEST_ROT_2_4_QUESTINFODATA_ACTIONS_0_TESTSUCCESSOUTCOME_JOURNALTEXT,血液很容易就得到了。在喝血的时候，我们的英雄感觉体内的黑暗变得更强了。他们的时机即将来临。
QUEST_ROT_2_4_QUESTINFODATA_ACTIONS_0_TESTSUCCESSOUTCOME_OUTCOMETEXT,你很小心你所信赖的对象。你和你的一名仆人进行密谋，不知怎么的，他们弄到了一滴血。你杀了他们。没有证人。
QUEST_ROT_2_4_QUESTINFODATA_ACTIONS_1_ACTIONTEXT,收集贝恩的血
QUEST_ROT_2_4_QUESTINFODATA_ACTIONS_1_DEFAULTOUTCOME_JOURNALTEXT,我们的英雄收集了贝恩的血，完成了仪式并一阵痛饮。可悲的是，收集的黑暗的力量似乎不够强。
QUEST_ROT_2_4_QUESTINFODATA_ACTIONS_1_DEFAULTOUTCOME_OUTCOMETEXT,你对付的贝恩可以说不计其数。打伤几个贝恩，收集点他们的血并没有什么，但法术似乎没什么效果。
QUEST_ROT_2_4_QUESTINFODATA_ACTIONS_2_ACTIONTEXT,"""我可以得到你需要的东西。"""
QUEST_ROT_2_4_QUESTINFODATA_ACTIONS_2_DEFAULTOUTCOME_JOURNALTEXT,间谍大师的爪子可以伸向任何东西。他们试图用魔法召唤一滴稀释过的国王的血。只有怀尔德知道方法。
QUEST_ROT_2_4_QUESTINFODATA_ACTIONS_2_DEFAULTOUTCOME_OUTCOMETEXT,间谍大师与她的接头人交谈。她很快就获得了一滴国王的血，尽管这滴血经过稀释，流失了一些力量。
QUEST_ROT_2_4_QUESTINFODATA_ACTIONS_3_ACTIONTEXT,"""我可以找到买血的方法。"""
QUEST_ROT_2_4_QUESTINFODATA_ACTIONS_3_DEFAULTOUTCOME_JOURNALTEXT,只要金币够多，什么都能弄到。<hero_name>的商人安排了一场灰色市场交易。血到手了，但它的魔法很弱。
QUEST_ROT_2_4_QUESTINFODATA_ACTIONS_3_DEFAULTOUTCOME_OUTCOMETEXT,"你的贸易者点点头。""任何东西都能以一定的价格买下来。""他不知何故要买血，但购买这种行为削弱了黑暗魔法。"
QUEST_ROT_2_4_QUESTINFODATA_ACTIONS_4_ACTIONTEXT,"""我可以单手炼制出更好的药。"""
QUEST_ROT_2_4_QUESTINFODATA_ACTIONS_4_DEFAULTOUTCOME_JOURNALTEXT,我们英雄的炼金术士无法忍受信徒们业余的炼金术。他们插手干预，炼制出更有效的药水。
QUEST_ROT_2_4_QUESTINFODATA_ACTIONS_4_DEFAULTOUTCOME_OUTCOMETEXT,炼金术士对信徒的方法嗤之以鼻。使用他们的配材（你为他所借），他炼制出可以强化你的魔法的药水。
QUEST_ROT_2_4_QUESTINFODATA_ENCOUNTERTEXT,传言是真的。<quest_tile>的信徒解释了他们的法术背后的魔法。生物越堕落，效果就越好。
QUEST_ROT_2_4_QUESTINFODATA_JOURNALENCOUNTERTEXT,喝另一个野兽的血并不奇怪。野蛮的野兽会捕猎旅行者为食。但当与仪式相结合时，这种行为就会具有邪恶的力量。
QUEST_ROT_2_4_QUESTINFODATA_JOURNALRUMOURTEXT,<hero_name>听到传言，一群信徒正在喝贝恩的血，以深化他们与腐化的联系。
QUEST_ROT_2_4_QUESTINFODATA_RUMOURTEXT,据说，一群腐化信徒一直在喝堕落者的血，以增强他们的力量。
QUEST_ROT_2_4_QUESTINFODATA_TITLE,贝恩的血
QUEST_ROT_3_1_QUESTINFODATA_ACTIONS_0_ACTIONTEXT,穿越迷雾。
QUEST_ROT_3_1_QUESTINFODATA_ACTIONS_0_DEFAULTOUTCOME_JOURNALTEXT,缭绕的烟雾缠住我们英雄的脖子。<hero_name>好不容易才拖着身体来到安全的地方，他身负重伤，但还活着。
QUEST_ROT_3_1_QUESTINFODATA_ACTIONS_0_DEFAULTOUTCOME_OUTCOMETEXT,你的生命在烟雾缭绕中窒息。你跪倒在地。你好不容易才爬到安全的地方。
QUEST_ROT_3_1_QUESTINFODATA_ACTIONS_0_TESTSUCCESSOUTCOME_JOURNALTEXT,<hero_name>艰难前进，拔出武器，逼近科学家的巢穴。他们的研究派上了用场，他们的尖叫令人心安。
QUEST_ROT_3_1_QUESTINFODATA_ACTIONS_0_TESTSUCCESSOUTCOME_OUTCOMETEXT,你吐出一句咒言。你不会倒下！但你终究突破了。迷雾散去，露出科学家的巢穴。你咆哮着逼近。
QUEST_ROT_3_1_QUESTINFODATA_ACTIONS_1_ACTIONTEXT,撤退并计划进攻
QUEST_ROT_3_1_QUESTINFODATA_ACTIONS_1_DEFAULTOUTCOME_JOURNALTEXT,<hero_name>撤退进行观察，试图找到冲出迷雾的道路。最终，他们找到一个出路，但那时科学家已经逃跑了。
QUEST_ROT_3_1_QUESTINFODATA_ACTIONS_1_DEFAULTOUTCOME_OUTCOMETEXT,你逃离迷雾，在附近找了处藏身之地。你最终发现一条安全通路并借以通过，但这番延误让科学家逃走了。
QUEST_ROT_3_1_QUESTINFODATA_ACTIONS_2_ACTIONTEXT,跳！快跳！”
QUEST_ROT_3_1_QUESTINFODATA_ACTIONS_2_DEFAULTOUTCOME_JOURNALTEXT,当飞翼靴跃起时，迷雾可恶的指头终于散开。可悲的是，他们射偏标记，让科学家趁机逃离了。
QUEST_ROT_3_1_QUESTINFODATA_ACTIONS_2_DEFAULTOUTCOME_OUTCOMETEXT,飞翼靴带你脱离迷雾的包围，离开了山谷。但返回需要时间。这时，科学家趁机逃跑了。
QUEST_ROT_3_1_QUESTINFODATA_ACTIONS_3_ACTIONTEXT,穿越迷雾。
QUEST_ROT_3_1_QUESTINFODATA_ACTIONS_3_DEFAULTOUTCOME_JOURNALTEXT,我们英雄的月亮镰刀就是答案。它穿过薄雾，但是科学家趁机逃跑了。
QUEST_ROT_3_1_QUESTINFODATA_ACTIONS_3_DEFAULTOUTCOME_OUTCOMETEXT,月亮镰刀用亮闪闪的剑驱散了令人窒息的迷雾。但这需要时间。科学家趁机逃走了。
QUEST_ROT_3_1_QUESTINFODATA_ACTIONS_4_ACTIONTEXT,戴上英雄头盔。
QUEST_ROT_3_1_QUESTINFODATA_ACTIONS_4_DEFAULTOUTCOME_JOURNALTEXT,我们的英雄有英雄头盔的保护，但是他们的寻找却是徒劳的。他们穿越迷雾时，科学家趁机逃走了。
QUEST_ROT_3_1_QUESTINFODATA_ACTIONS_4_DEFAULTOUTCOME_OUTCOMETEXT,英雄头盔护住了你的眼睛和脖颈，使迷雾无法侵袭。虽然它撕扯着你，你还是强行前进，却发现科学家的巢穴已经空了。
QUEST_ROT_3_1_QUESTINFODATA_ENCOUNTERTEXT,山谷被邪恶的迷雾笼罩着。当你经过时，它紧紧缠住你的脖子。有埋伏！巫师控制了迷雾！
QUEST_ROT_3_1_QUESTINFODATA_JOURNALENCOUNTERTEXT,当我们的英雄接近科学家的巢穴时，他们穿过闪闪的迷雾形成的障碍。它复活了！攻击！
QUEST_ROT_3_1_QUESTINFODATA_JOURNALRUMOURTEXT,"我们的英雄听到有关疯狂腐化科学家的传言，他们隐藏在<quest_tile>南部的深爪谷。他们的""研究""可能是有用的。"
QUEST_ROT_3_1_QUESTINFODATA_RUMOURTEXT,"远离深爪谷。某个腐化巫师已埋伏在那里，企图诱拐旅行者推动他的""研究""。"
QUEST_ROT_3_1_QUESTINFODATA_TITLE,烟雾缭绕的山谷
QUEST_ROT_3_2_QUESTINFODATA_ACTIONS_0_ACTIONTEXT,独自凭技艺战斗
QUEST_ROT_3_2_QUESTINFODATA_ACTIONS_0_DEFAULTOUTCOME_JOURNALTEXT,经过数小时的战斗，我们的英雄怀疑这已然成了一场僵局，不过，她随后显露了自己真正的力量。我们的英雄好不容易才逃离了。
QUEST_ROT_3_2_QUESTINFODATA_ACTIONS_0_DEFAULTOUTCOME_OUTCOMETEXT,"你们决斗了几个小时。战斗激烈而迅疾。她忽然冷笑道：""真是无聊。""她轻而易举地缴了你的械并将你打伤。""你太弱了。"""
QUEST_ROT_3_2_QUESTINFODATA_ACTIONS_0_TESTSUCCESSOUTCOME_JOURNALTEXT,两个野兽拼命挣扎着，直到<hero_name>刺穿对手的内脏，大获全胜。熊的腐化从伤口渗出。我们的英雄偷走了它。
QUEST_ROT_3_2_QUESTINFODATA_ACTIONS_0_TESTSUCCESSOUTCOME_OUTCOMETEXT,在你爪中的刀刃猛撞向对方时，她的刀刃闪着光。决斗持续了数个小时，但是你的技艺更胜一筹。你将她的剑敲倒在一旁，杀了她。
QUEST_ROT_3_2_QUESTINFODATA_ACTIONS_1_ACTIONTEXT,使用腐化支撑自己的力量。
QUEST_ROT_3_2_QUESTINFODATA_ACTIONS_1_DEFAULTOUTCOME_JOURNALTEXT,我们的英雄吸走了母熊体内的腐化之力。当她单膝跪倒时，<hero_name>释放了她的力量。一击便已足够。
QUEST_ROT_3_2_QUESTINFODATA_ACTIONS_1_DEFAULTOUTCOME_OUTCOMETEXT,尽管她武艺不凡，但你才是腐化的主人。你吸收了她体内的力量，她最终在你的猛击后倒下了。
QUEST_ROT_3_2_QUESTINFODATA_ACTIONS_2_ACTIONTEXT,开火。
QUEST_ROT_3_2_QUESTINFODATA_ACTIONS_2_DEFAULTOUTCOME_JOURNALTEXT,骄傲和胜利将腐化注入笨蛋体内，但大师知道实用的重要性。<hero_name>使用手炮将利亚娜击倒了。
QUEST_ROT_3_2_QUESTINFODATA_ACTIONS_2_DEFAULTOUTCOME_OUTCOMETEXT,没有时间进行琐碎的决斗。一阵弹雨过后，母熊倒下了。她的尸体留下了一件有用的宝物。
QUEST_ROT_3_2_QUESTINFODATA_ACTIONS_3_ACTIONTEXT,小心靠近。
QUEST_ROT_3_2_QUESTINFODATA_ACTIONS_3_DEFAULTOUTCOME_JOURNALTEXT,利亚娜的攻击如雨点般密集，但是都被皇家盾牌挡了回去。我们的英雄杀了她。胜利了。
QUEST_ROT_3_2_QUESTINFODATA_ACTIONS_3_DEFAULTOUTCOME_OUTCOMETEXT,你在皇家盾牌的掩护下小心靠近。每次击中你的盾牌时，母熊的攻击都会发出声响，但没有一次伤害到你。你杀了她。
QUEST_ROT_3_2_QUESTINFODATA_ACTIONS_4_ACTIONTEXT,抓住怀尔德弗赖依棒。
QUEST_ROT_3_2_QUESTINFODATA_ACTIONS_4_DEFAULTOUTCOME_JOURNALTEXT,我们的英雄和怀尔德的联系非常紧密，但怀尔德弗赖依棒仍然是打击利亚娜的有效武器。
QUEST_ROT_3_2_QUESTINFODATA_ACTIONS_4_DEFAULTOUTCOME_OUTCOMETEXT,你不能再依赖怀尔德弗赖依棒的魔法，但它仍是一件有效的武器。它的攻击范围可以保护你。母熊逃走了，诅咒着你的名字。
QUEST_ROT_3_2_QUESTINFODATA_ENCOUNTERTEXT,"你发现母熊正站着观察一座小山的山顶。她的眼睛里闪着腐化力量的黑暗光芒。""我要挑战你。""她咆哮道。"
QUEST_ROT_3_2_QUESTINFODATA_JOURNALENCOUNTERTEXT,利亚娜曾经是名勇猛的战士。<hero_name>听说过有关她的故事。眼前这具空壳只剩她当年的一半，杀伤力却翻了倍。
QUEST_ROT_3_2_QUESTINFODATA_JOURNALRUMOURTEXT,<hero_name>听说一名堕落的战士在大批杀害<quest_tile>的旅行者。我们的英雄前去那里，目的是偷走她的力量。
QUEST_ROT_3_2_QUESTINFODATA_RUMOURTEXT,一名因腐化而堕落的勇猛战士一直在为难过往的旅行者。如果你可以杀了她，她的力量必然会归你所有。
QUEST_ROT_3_2_QUESTINFODATA_TITLE,腐化的决斗者
QUEST_ROT_3_3_QUESTINFODATA_ACTIONS_0_ACTIONTEXT,种下不和的种子
QUEST_ROT_3_3_QUESTINFODATA_ACTIONS_0_DEFAULTOUTCOME_JOURNALTEXT,但是，我们的英雄没有洞悉微妙事情的智慧。他们的话被当成了耳旁风。农民不会提供腐化。真是傻瓜。
QUEST_ROT_3_3_QUESTINFODATA_ACTIONS_0_DEFAULTOUTCOME_OUTCOMETEXT,你低声说谎，试图让野兽相互敌对，但是这些被诅咒的生物太友好了。你没好气地离开了。真是愚蠢而快乐的农民。
QUEST_ROT_3_3_QUESTINFODATA_ACTIONS_0_TESTSUCCESSOUTCOME_JOURNALTEXT,我们的英雄已经掌握了说谎的方法。他们沉浸于村庄遭遇的悲惨经历，离开时将其转变成对国王的愤怒。
QUEST_ROT_3_3_QUESTINFODATA_ACTIONS_0_TESTSUCCESSOUTCOME_OUTCOMETEXT,在你的低声细语的控制下，邻居们反目成仇。小小的争吵变得具有毁灭性。你待在村子里，沉浸于悲伤之中。
QUEST_ROT_3_3_QUESTINFODATA_ACTIONS_1_ACTIONTEXT,威胁村民
QUEST_ROT_3_3_QUESTINFODATA_ACTIONS_1_DEFAULTOUTCOME_JOURNALTEXT,或许并非如此……<hero_name>威胁了村民，希望他们的恐惧能为我们的英雄注入力量。但还没等到那一刻，他们就逃走了。
QUEST_ROT_3_3_QUESTINFODATA_ACTIONS_1_DEFAULTOUTCOME_OUTCOMETEXT,村民们看到你后很害怕，当你威胁他们的生命时，他们更是如此。你还没来得及陶醉于他们的悲惨遭遇，他们就收拾好东西逃走了。
QUEST_ROT_3_3_QUESTINFODATA_ACTIONS_2_ACTIONTEXT,使用伪装的面具
QUEST_ROT_3_3_QUESTINFODATA_ACTIONS_2_DEFAULTOUTCOME_JOURNALTEXT,伪装的面具的奇怪外观足以吓坏那些村民。这种恐惧将腐化注入我们的英雄体内。
QUEST_ROT_3_3_QUESTINFODATA_ACTIONS_2_DEFAULTOUTCOME_OUTCOMETEXT,你的话像幽灵一般。你吓唬那些村民，但大多数村民因害怕而逃走了。恐惧依然为你注入了点力量。
QUEST_ROT_3_3_QUESTINFODATA_ACTIONS_2_TESTSUCCESSOUTCOME_JOURNALTEXT,我们的英雄已经掌握了说谎的方法。他们沉浸于村庄遭受的悲惨经历中，离开时将其转变成对国王的愤怒。
QUEST_ROT_3_3_QUESTINFODATA_ACTIONS_2_TESTSUCCESSOUTCOME_OUTCOMETEXT,在你的低声细语的控制下，邻居们反目成仇。小小的争吵变得具有毁灭性。你待在村子里，沉浸于悲伤之中。
QUEST_ROT_3_3_QUESTINFODATA_ACTIONS_3_ACTIONTEXT,"""我可以制造恐怖。"""
QUEST_ROT_3_3_QUESTINFODATA_ACTIONS_3_DEFAULTOUTCOME_JOURNALTEXT,我们英雄的咒法师承担起制造恐怖的任务。他们的沙龙魔法为<hero_name>提供了许多可以吸收的力量。
QUEST_ROT_3_3_QUESTINFODATA_ACTIONS_3_DEFAULTOUTCOME_OUTCOMETEXT,咒法师创造出扭曲的影子和黑暗生物的幻象。村民们被吓跑了。他们的尖叫声为你注入了力量。
QUEST_ROT_3_3_QUESTINFODATA_ACTIONS_4_ACTIONTEXT,创造幻象
QUEST_ROT_3_3_QUESTINFODATA_ACTIONS_4_DEFAULTOUTCOME_JOURNALTEXT,"""舞动的灯""的故事如今仍在<quest_tile>周围流传。但只是我们的英雄以及他们的明镜披风制造着恐怖。"
QUEST_ROT_3_3_QUESTINFODATA_ACTIONS_4_DEFAULTOUTCOME_OUTCOMETEXT,平民就像傻瓜一样害怕魔法。你用明镜披风变出奇怪的闪光。他们的恐惧让你的力量增强了。
QUEST_ROT_3_3_QUESTINFODATA_ENCOUNTERTEXT,<quest_tile>静谧的村庄在你的面前铺开。这里不需要暴力。欺骗和谎言将制造出你寻找的黑暗。
QUEST_ROT_3_3_QUESTINFODATA_JOURNALENCOUNTERTEXT,我们的英雄带着不确定来到<quest_tile>。他们知道他们需要制造恐怖，但是通过强盗行为还是攻击呢？不，要用点细腻的东西……
QUEST_ROT_3_3_QUESTINFODATA_JOURNALRUMOURTEXT,我们的英雄刚刚堕落，知道一些增强力量的方法。他们被混乱所吸引，因此决定制造一些混乱。
QUEST_ROT_3_3_QUESTINFODATA_RUMOURTEXT,你体内的力量充满不满和不信任。让一个聚居地堕落就会创造出腐化。你可以从腐化中吸取力量。
QUEST_ROT_3_3_QUESTINFODATA_TITLE,令人不安的想法
QUEST_ROT_3_4_QUESTINFODATA_ACTIONS_0_ACTIONTEXT,帮助召集贝恩
QUEST_ROT_3_4_QUESTINFODATA_ACTIONS_0_DEFAULTOUTCOME_JOURNALTEXT,我们的英雄高估了自己与腐化的联系。当他们试图召集贝恩时，却被魔法击倒。
QUEST_ROT_3_4_QUESTINFODATA_ACTIONS_0_DEFAULTOUTCOME_OUTCOMETEXT,你向腐化的中心伸出爪子。尖叫声萦绕于空中。腐化借助一道魔法进行回击。你失败了，而且身负重伤。
QUEST_ROT_3_4_QUESTINFODATA_ACTIONS_0_TESTSUCCESSOUTCOME_JOURNALTEXT,地面到处是肮脏的黑色的灵液。贝恩从纯粹的腐化中涌出。美丽而辉煌的罪恶。
QUEST_ROT_3_4_QUESTINFODATA_ACTIONS_0_TESTSUCCESSOUTCOME_OUTCOMETEXT,黑暗在生长。一股腐化在空中爆炸，巨大的贝恩出现了。它尖叫着，然后飞起来逃走了。
QUEST_ROT_3_4_QUESTINFODATA_ACTIONS_1_ACTIONTEXT,耗尽腐化力量
QUEST_ROT_3_4_QUESTINFODATA_ACTIONS_1_DEFAULTOUTCOME_JOURNALTEXT,空中的原生魔法诱惑力太大而无法抵抗。我们的英雄将原生魔法吸收到自己的灵力中，为自己获取力量。
QUEST_ROT_3_4_QUESTINFODATA_ACTIONS_1_DEFAULTOUTCOME_OUTCOMETEXT,你并没有兴趣创造一个贝恩。这种力量会产生作用。你将它排尽，增强自身的魔法。
QUEST_ROT_3_4_QUESTINFODATA_ACTIONS_2_ACTIONTEXT,"""我们可以一起召集它！"""
QUEST_ROT_3_4_QUESTINFODATA_ACTIONS_2_DEFAULTOUTCOME_JOURNALTEXT,我们的英雄事实上是一名术士。他和同伴一起召集了可怕的贝恩。
QUEST_ROT_3_4_QUESTINFODATA_ACTIONS_2_DEFAULTOUTCOME_OUTCOMETEXT,术士的眼里满是兴奋。你们一起创造出贝恩。它的力量在你们两人之间涌动。
QUEST_ROT_3_4_QUESTINFODATA_ENCOUNTERTEXT,大山若隐若现。疾病弥漫在空中。山顶上，空中闪烁着紫光。有点不对劲。
QUEST_ROT_3_4_QUESTINFODATA_JOURNALENCOUNTERTEXT,虽然魔法已经开始，但贝恩还没有出现。有点不对劲。这个生物还没有形成。
QUEST_ROT_3_4_QUESTINFODATA_JOURNALRUMOURTEXT,我们的英雄听到传言说，<quest_tile>的山顶上有一个贝恩正在形成。观看它的产生可能会了解许多有关腐化的事情。
QUEST_ROT_3_4_QUESTINFODATA_RUMOURTEXT,看到那些乌云了吗？你听我说。贝恩正在那里形成。它随时都有可能形成。
QUEST_ROT_3_4_QUESTINFODATA_TITLE,生命奇迹
QUEST_ROT_4_1_QUESTINFODATA_ACTIONS_0_ACTIONTEXT,命令野兽跪下
QUEST_ROT_4_1_QUESTINFODATA_ACTIONS_0_DEFAULTOUTCOME_JOURNALTEXT,我们的英雄对付腐化的力量还未达到顶峰。他们无法控制贝恩的忠诚，它在他们身上留下可怕的伤口。
QUEST_ROT_4_1_QUESTINFODATA_ACTIONS_0_DEFAULTOUTCOME_OUTCOMETEXT,逃走吗？也许吧！但贝恩不会向<hero_name>下跪。它假装投降，然后发起攻击，严重伤害了我们的英雄。
QUEST_ROT_4_1_QUESTINFODATA_ACTIONS_0_TESTSUCCESSOUTCOME_JOURNALTEXT,我们的英雄制服了贝恩，让它跪倒在面前。首次胜利很伟大，但却让英雄疲惫不堪。需要多多训练技能。
QUEST_ROT_4_1_QUESTINFODATA_ACTIONS_0_TESTSUCCESSOUTCOME_OUTCOMETEXT,贝恩发出尖叫声。一次、两次，然后终于不做声了。它折起羽翼，然后跪下。你笑了。你确实是腐化的主人。
QUEST_ROT_4_1_QUESTINFODATA_ACTIONS_1_ACTIONTEXT,命令野兽逃跑。
QUEST_ROT_4_1_QUESTINFODATA_ACTIONS_1_DEFAULTOUTCOME_JOURNALTEXT,我们的英雄利用腐化力量攻击野兽。它逃跑了，尽管是因为恐惧还是被迫，<hero_name>不得而知。
QUEST_ROT_4_1_QUESTINFODATA_ACTIONS_1_DEFAULTOUTCOME_OUTCOMETEXT,腐化在你的体内汹涌澎湃，你咆哮着将野兽逼退。最终，它逃走了，但是你不确定，它是因为害怕还是被迫才逃走的。
QUEST_ROT_4_1_QUESTINFODATA_ACTIONS_2_ACTIONTEXT,未雨绸缪
QUEST_ROT_4_1_QUESTINFODATA_ACTIONS_2_DEFAULTOUTCOME_JOURNALTEXT,我们英雄的法术失败了，贝恩发起攻击。幸运的是，<hero_name>未雨绸缪。攻击擦过狮心胸甲。
QUEST_ROT_4_1_QUESTINFODATA_ACTIONS_2_DEFAULTOUTCOME_OUTCOMETEXT,意识到自己的危险后，你穿上了狮心胸甲。你的法术失败了，但是躲过了野兽的攻击。你很快就逃走了。
QUEST_ROT_4_1_QUESTINFODATA_ACTIONS_3_ACTIONTEXT,"""我……将……效力！"""
QUEST_ROT_4_1_QUESTINFODATA_ACTIONS_3_DEFAULTOUTCOME_JOURNALTEXT,尽管贝恩未受任何影响，但<hero_name>的意志影响了他们的护卫。看来奉献和忠诚也能与魔法结合。
QUEST_ROT_4_1_QUESTINFODATA_ACTIONS_3_DEFAULTOUTCOME_OUTCOMETEXT,你睁大眼睛。旁边的护卫似乎有些茫然。看来，腐化还可以控制未腐败的东西。
QUEST_ROT_4_1_QUESTINFODATA_ACTIONS_4_ACTIONTEXT,贝恩跃起攻击！
QUEST_ROT_4_1_QUESTINFODATA_ACTIONS_4_DEFAULTOUTCOME_JOURNALTEXT,我们的英雄还没来得及念动法术就遭到攻击，但是贝恩的利剑跃起挡住了他们的攻击。非常及时。
QUEST_ROT_4_1_QUESTINFODATA_ACTIONS_4_DEFAULTOUTCOME_OUTCOMETEXT,你的贝恩利剑及时挡住了它的攻击。你将其逼退并砍倒。非常幸运。你似乎需要更多练习。
QUEST_ROT_4_1_QUESTINFODATA_ENCOUNTERTEXT,当地居民告诉你，在河边的废弃兔窝里藏着一个贝恩。你进入兔窝。野兽看到你后发出尖叫声。
QUEST_ROT_4_1_QUESTINFODATA_JOURNALENCOUNTERTEXT,我们的英雄追踪贝恩，来到河边一个兔窝的深处。现在是证明传言真假的时候了，野兽可以被控制。
QUEST_ROT_4_1_QUESTINFODATA_JOURNALRUMOURTEXT,腐化领主可以控制贝恩，而国王正试图这样做。我们的英雄发誓要先学会方法，于是前往<quest_tile>寻找一个贝恩。
QUEST_ROT_4_1_QUESTINFODATA_RUMOURTEXT,国王似乎正在研究如何控制贝恩的忠诚。强大的腐化领主可能已经控制了那些野兽。\n
QUEST_ROT_4_1_QUESTINFODATA_TITLE,黑暗首领
QUEST_ROT_4_2_QUESTINFODATA_ACTIONS_0_ACTIONTEXT,戴上皇冠。
QUEST_ROT_4_2_QUESTINFODATA_ACTIONS_0_DEFAULTOUTCOME_JOURNALTEXT,伤者身体所承受的负担太大，<hero_name>已经无法抵挡。仪式失败了。我们的英雄受伤了。
QUEST_ROT_4_2_QUESTINFODATA_ACTIONS_0_DEFAULTOUTCOME_OUTCOMETEXT,你没有做好迎战这种力量的准备。你瞬间开始尖叫。你的眼睛流血了。你扯下皇冠幽咽着逃离了。
QUEST_ROT_4_2_QUESTINFODATA_ACTIONS_0_TESTSUCCESSOUTCOME_JOURNALTEXT,我们的英雄抵挡着黑暗皇冠的魔法。他们体内的腐化增强了。当<hero_name>登上王位后，他们将保护这顶皇冠。
QUEST_ROT_4_2_QUESTINFODATA_ACTIONS_0_TESTSUCCESSOUTCOME_OUTCOMETEXT,皇冠在你的额头上犹如燃烧的铁一般。你嚎叫着，但愤怒让你强忍着疼痛。很快，疼痛消退了。你的力量增强了。
QUEST_ROT_4_2_QUESTINFODATA_ACTIONS_1_ACTIONTEXT,吸收皇冠的力量
QUEST_ROT_4_2_QUESTINFODATA_ACTIONS_1_DEFAULTOUTCOME_JOURNALTEXT,我们的英雄无法冒着比赛受伤的风险。他们粉碎了文物，然后将它内部的力量吸收到自己体内。
QUEST_ROT_4_2_QUESTINFODATA_ACTIONS_1_DEFAULTOUTCOME_OUTCOMETEXT,粉碎精美的文物后，它的魔法泄露了。你抓住它，将它的力量吸收到自己体内。
QUEST_ROT_4_2_QUESTINFODATA_ACTIONS_2_ACTIONTEXT,"""让我来执行这个程序。"""
QUEST_ROT_4_2_QUESTINFODATA_ACTIONS_2_DEFAULTOUTCOME_JOURNALTEXT,我们的英雄让药剂师对自己执行仪式。这为他们的任务换来了微薄的力量。
QUEST_ROT_4_2_QUESTINFODATA_ACTIONS_2_DEFAULTOUTCOME_OUTCOMETEXT,药剂师像做外科手术一样执行仪式。完美主义削弱了魔法，但降低了风险。
QUEST_ROT_4_2_QUESTINFODATA_ACTIONS_3_ACTIONTEXT,利用皇冠内部的腐化。
QUEST_ROT_4_2_QUESTINFODATA_ACTIONS_3_DEFAULTOUTCOME_JOURNALTEXT,我们的英雄借助贝恩之爪来利用文物内部的腐化。贝恩之爪是善与恶的工具。我们的英雄也同样如此。
QUEST_ROT_4_2_QUESTINFODATA_ACTIONS_3_DEFAULTOUTCOME_OUTCOMETEXT,贝恩之爪让皇冠闪闪发光。邪恶力量消失于贝恩之爪中。你将好好利用一番。
QUEST_ROT_4_2_QUESTINFODATA_ENCOUNTERTEXT,"你顺利地""重新得到""皇冠。仔细查看伊登笔记后，你发现那些能够忍受戴上皇冠的痛苦的，他们的力量增强了。"
QUEST_ROT_4_2_QUESTINFODATA_JOURNALENCOUNTERTEXT,有关这件奇怪的黑色皇冠工艺品的伊登笔记非常简单。皇冠所造成的伤害能够让佩戴者的腐化激增。
QUEST_ROT_4_2_QUESTINFODATA_JOURNALRUMOURTEXT,一名传说中的鼠族探险家伊登发现了一个古老的腐化皇冠，它位于地牢的深处。我们的英雄来到<quest_tile>找到他。
QUEST_ROT_4_2_QUESTINFODATA_RUMOURTEXT,一名寻宝猎人在附近的一个地牢深处发现了一个腐化诅咒的宝藏。它的力量可能有用。
QUEST_ROT_4_2_QUESTINFODATA_TITLE,腐化思想的皇冠
QUEST_ROT_4_3_QUESTINFODATA_ACTIONS_0_ACTIONTEXT,伸出你的爪子
QUEST_ROT_4_3_QUESTINFODATA_ACTIONS_0_DEFAULTOUTCOME_JOURNALTEXT,我们的英雄试图与占卜者作战，但被他们的怀尔德自我的力量战胜了。
QUEST_ROT_4_3_QUESTINFODATA_ACTIONS_0_DEFAULTOUTCOME_OUTCOMETEXT,你缺乏与你的怀尔德自我相同的联系。占卜者将你狠狠砍倒，你带着伤逃走了，十分羞愧。
QUEST_ROT_4_3_QUESTINFODATA_ACTIONS_0_TESTSUCCESSOUTCOME_JOURNALTEXT,我们的英雄不需要怀尔德自我，他们带有腐化。他们引导着它的混乱力量，并战胜了占卜者。
QUEST_ROT_4_3_QUESTINFODATA_ACTIONS_0_TESTSUCCESSOUTCOME_OUTCOMETEXT,占卜者或许以怀尔德利爪相搏，但你以腐化撕裂对手。你们原始而野蛮地互相撕打。你咬开他的喉咙，饮下鲜血。
QUEST_ROT_4_3_QUESTINFODATA_ACTIONS_1_ACTIONTEXT,砍倒他
QUEST_ROT_4_3_QUESTINFODATA_ACTIONS_1_DEFAULTOUTCOME_JOURNALTEXT,我们的英雄没有力量对抗他们的怀尔德自我。相反，他们粉碎了镜湖。让怀尔德的力量消退了。
QUEST_ROT_4_3_QUESTINFODATA_ACTIONS_1_DEFAULTOUTCOME_OUTCOMETEXT,野兽之道敌不过一件好武器。你不会自降身份按他的规矩来。你杀掉了占卜者。腐化将不受阻碍地蔓延。
QUEST_ROT_4_3_QUESTINFODATA_ACTIONS_2_ACTIONTEXT,举起怀尔德护身符
QUEST_ROT_4_3_QUESTINFODATA_ACTIONS_2_DEFAULTOUTCOME_JOURNALTEXT,我们的英雄使用怀尔德护身符的干扰掩饰他们的攻击。怀尔德生命体是多么愚蠢。
QUEST_ROT_4_3_QUESTINFODATA_ACTIONS_2_DEFAULTOUTCOME_OUTCOMETEXT,在看到护身符后，灵魂的眼睛变得柔和。这就是你需要的干扰。你开始攻击。灵魂重新跌回湖中。
QUEST_ROT_4_3_QUESTINFODATA_ACTIONS_3_ACTIONTEXT,让你的怀尔德自我堕落
QUEST_ROT_4_3_QUESTINFODATA_ACTIONS_3_DEFAULTOUTCOME_JOURNALTEXT,我们的英雄无法战胜他们的怀尔德自我，但是他们可以进行破坏，他们使用乌鸦嘴匕首让灵魂堕落了。
QUEST_ROT_4_3_QUESTINFODATA_ACTIONS_3_DEFAULTOUTCOME_OUTCOMETEXT,你不能杀死自己的灵魂，但可以削弱它！你使用乌鸦嘴匕首攻击，当腐化让灵魂堕落时，它发出尖叫声。
QUEST_ROT_4_3_QUESTINFODATA_ACTIONS_4_ACTIONTEXT,展示皇家旗帜
QUEST_ROT_4_3_QUESTINFODATA_ACTIONS_4_DEFAULTOUTCOME_JOURNALTEXT,我们的英雄说服灵魂与他们合作，提醒他们真正的敌人是谁。疯狂国王和他的卑鄙行径。
QUEST_ROT_4_3_QUESTINFODATA_ACTIONS_4_DEFAULTOUTCOME_OUTCOMETEXT,"你放下旗帜。""我们不要忘记真正的敌人。在阿门罗安全之前，不要管我。""你的怀尔德自我点头说道。"
QUEST_ROT_4_3_QUESTINFODATA_ENCOUNTERTEXT,"你到达时，一名占卜者站在那里。""我不需要知道你的意图。""他跪下，然后释放了他的怀尔德自我，大声咆哮着。"
QUEST_ROT_4_3_QUESTINFODATA_JOURNALENCOUNTERTEXT,占卜者感觉到<hero_name>的到来。他们伸出爪子。就像野兽们曾经做的那样，为战斗做好准备。
QUEST_ROT_4_3_QUESTINFODATA_JOURNALRUMOURTEXT,怀尔德自我是一种古老的艺术，生物会触摸他们最初的自我。这样做可以治愈腐化，而这是我们的英雄不允许的。
QUEST_ROT_4_3_QUESTINFODATA_RUMOURTEXT,"盲僧曾经一直使用一种名为""怀尔德自我""的古老督伊德教技术治愈堕落者。阻止他正在进行的破坏。"
QUEST_ROT_4_3_QUESTINFODATA_TITLE,怀尔德自我
QUEST_ROT_4_4_QUESTINFODATA_ACTIONS_0_ACTIONTEXT,寻找空地的位置
QUEST_ROT_4_4_QUESTINFODATA_ACTIONS_0_DEFAULTOUTCOME_JOURNALTEXT,我们的英雄在书籍中寻找了数个小时，但一无所获。僧侣们散漫的笔记只是个小小的干扰。
QUEST_ROT_4_4_QUESTINFODATA_ACTIONS_0_DEFAULTOUTCOME_OUTCOMETEXT,你苦苦研究着，直到蜡烛快要烧完，你的眼睑下垂。最后，沮丧的你猛地合起书离开了。真是浪费时间。
QUEST_ROT_4_4_QUESTINFODATA_ACTIONS_0_TESTSUCCESSOUTCOME_JOURNALTEXT,我们的英雄放弃了书籍，他们感觉到魔法带来的刺痛感。不久，他们发现了腐化空地，它就藏在寺庙的下面。
QUEST_ROT_4_4_QUESTINFODATA_ACTIONS_0_TESTSUCCESSOUTCOME_OUTCOMETEXT,书毫无用处，但你感觉到某些东西。你搜索神庙，找到一个通往地下花园的楼梯。你笑了。
QUEST_ROT_4_4_QUESTINFODATA_ACTIONS_1_ACTIONTEXT,掌握更多有关腐化的内容
QUEST_ROT_4_4_QUESTINFODATA_ACTIONS_1_DEFAULTOUTCOME_JOURNALTEXT,对腐化的研究已经有上亿万年的历史。它一直是阿门罗不可或缺的一部分。我们的英雄通过僧侣的书籍了解到许多有关腐化的事情。
QUEST_ROT_4_4_QUESTINFODATA_ACTIONS_1_DEFAULTOUTCOME_OUTCOMETEXT,你没有时间去追逐童话故事。你搜寻了寺院有关对付腐化的书籍。你了解到许多有关它在古代的用途的事情。
QUEST_ROT_4_4_QUESTINFODATA_ACTIONS_2_ACTIONTEXT,"""宝藏太多了，我无法抗拒。"""
QUEST_ROT_4_4_QUESTINFODATA_ACTIONS_2_DEFAULTOUTCOME_JOURNALTEXT,我们的英雄很快放弃了搜索。他们的矿工正在撬动寺院的宝石，声音特别大。至少他们会卖个好价钱。
QUEST_ROT_4_4_QUESTINFODATA_ACTIONS_2_DEFAULTOUTCOME_OUTCOMETEXT,你的矿工举起他们的鹤嘴锄，开始敲击零散镶嵌于墙壁里的宝石。持续的敲击声让你无法集中注意力。
QUEST_ROT_4_4_QUESTINFODATA_ACTIONS_3_ACTIONTEXT,"""你知道，我可以帮忙……"""
QUEST_ROT_4_4_QUESTINFODATA_ACTIONS_3_DEFAULTOUTCOME_JOURNALTEXT,我们英雄的硬币大师穷尽一生都在处理着各种账簿。他们帮助我们的英雄寻找有价值的信息。
QUEST_ROT_4_4_QUESTINFODATA_ACTIONS_3_DEFAULTOUTCOME_OUTCOMETEXT,数年来，硬币大师不断在数千笔交易中寻找一笔交易，因此，他是这项工作的最佳选择。他们找到许多有关腐化的有用趣闻。
QUEST_ROT_4_4_QUESTINFODATA_ENCOUNTERTEXT,位于<quest_tile>的神庙里藏有许多有关腐化艺术的书籍。你闯进寺庙，开始研究那些布满了灰尘的书卷。
QUEST_ROT_4_4_QUESTINFODATA_JOURNALENCOUNTERTEXT,<quest_tile>中的僧侣们不是问题。我们的英雄砍倒那些阻止他们进入的僧侣。然后开始寻找有关空地的种种。\n
QUEST_ROT_4_4_QUESTINFODATA_JOURNALRUMOURTEXT,"我们的英雄听到有关""腐化林间空地""的传言。这是一个古老的地方，充满了力量。他们来到位于<quest_tile>的图书馆了解更多的内容。"
QUEST_ROT_4_4_QUESTINFODATA_RUMOURTEXT,一个僧会的传说讲述了一个古老的地方，那里充满腐化。它包含的力量一定不可思议。
QUEST_ROT_4_4_QUESTINFODATA_TITLE,腐化林间空地
QUEST_ROT_5_1_QUESTINFODATA_ACTIONS_0_ACTIONTEXT,接受宫殿的邀请。
QUEST_ROT_5_1_QUESTINFODATA_ACTIONS_0_DEFAULTOUTCOME_JOURNALTEXT,我们的英雄沿路而行。阿门罗的腐化核心引诱着他们。宫殿外荆棘丛生。它们为<hero_name>的到来分开了。
QUEST_ROT_5_1_QUESTINFODATA_ACTIONS_0_DEFAULTOUTCOME_OUTCOMETEXT,你已经在旅途中发生了变化，黑暗拥抱着你。现在……你准备好带领所有阿门罗生灵经历同样的变化。
QUEST_ROT_5_1_QUESTINFODATA_ENCOUNTERTEXT,荆棘扯开宫殿的墙壁，为你打开通路。当你通过喷泉时，里面的水变成了黑色的灵液。宫殿欢迎你回家。
QUEST_ROT_5_1_QUESTINFODATA_JOURNALENCOUNTERTEXT,寒风习习，抽打着宫殿。黑色的灵液为<hero_name>烧出一条道路。一个黑色地毯通往国王所在的地方。
QUEST_ROT_5_1_QUESTINFODATA_JOURNALRUMOURTEXT,腐化选择了新的冠军。<hero_name>将击倒伪王。腐化的真正门徒将开启新时代。
QUEST_ROT_5_1_QUESTINFODATA_RUMOURTEXT,草地在你践踏后枯萎而死。怀尔德不会接近你。你将变成腐化。你准备好了。宫殿在等待。
QUEST_ROT_5_1_QUESTINFODATA_TITLE,国王的死期
QUEST_STORY_BONUS,故事奖励
QUEST_TEST,挑战奖赏
QUEST_WOLF_1_1_QUESTINFODATA_ACTIONS_0_ACTIONTEXT,证明自己。攻击！
QUEST_WOLF_1_1_QUESTINFODATA_ACTIONS_0_DEFAULTOUTCOME_JOURNALTEXT,我们的英雄尝试了第一次挑战，但却被击败了。旅程的开端并不顺利。但是<hero_name>已经下定决心。
QUEST_WOLF_1_1_QUESTINFODATA_ACTIONS_0_DEFAULTOUTCOME_OUTCOMETEXT,"你甚至没有时间拔出武器。敌人从你身边一跃而起，将你殴打出血并扔到了外面。""你永远无法获得王位。"" "
QUEST_WOLF_1_1_QUESTINFODATA_ACTIONS_0_TESTSUCCESSOUTCOME_JOURNALTEXT,正当<hero_name>准备投入战斗时，攻击者跪下了。这次攻击是一场考验。我们的英雄证明了自己。
QUEST_WOLF_1_1_QUESTINFODATA_ACTIONS_0_TESTSUCCESSOUTCOME_OUTCOMETEXT,"你冲上去。战斗途中，你的对手投降了。""我没有恶意！我需要确定你是否值得我效忠。让我加入你的任务！"""
QUEST_WOLF_1_1_QUESTINFODATA_ACTIONS_1_ACTIONTEXT,逃离酒店
QUEST_WOLF_1_1_QUESTINFODATA_ACTIONS_1_DEFAULTOUTCOME_JOURNALTEXT,<hero_name>像一只受惊的小狗惊慌逃离。逃跑期间，我们英雄的脸被烧了。这肯定不行。他们不能再逃下去了。\n
QUEST_WOLF_1_1_QUESTINFODATA_ACTIONS_1_DEFAULTOUTCOME_OUTCOMETEXT,你掉过头。快速穿过城市街道。这个身影开始紧追。你进入曲折的小巷，甩掉了他。你躲藏着度过了一夜。担心又害怕。
QUEST_WOLF_1_1_QUESTINFODATA_ENCOUNTERTEXT,酒店漆黑一片。空无一物。你走进时，从隐蔽处跨出来一个身影。响起刀剑的回声。有陷阱！
QUEST_WOLF_1_1_QUESTINFODATA_JOURNALENCOUNTERTEXT,<hero_name>知道阿门罗的王位肯定充满危险，但却没有料到会面地点会有埋伏。
QUEST_WOLF_1_1_QUESTINFODATA_JOURNALRUMOURTEXT,<hero_name>临近的消息传得比预想的快。据说，有人希望与我们的英雄在<quest_tile>的酒店会面。
QUEST_WOLF_1_1_QUESTINFODATA_RUMOURTEXT,"""你是<hero_name>!就是他们一直说的那个。有个人一直在找你。"""
QUEST_WOLF_1_1_QUESTINFODATA_TITLE,首次考验
QUEST_WOLF_1_2_QUESTINFODATA_ACTIONS_0_ACTIONTEXT,一举拿下
QUEST_WOLF_1_2_QUESTINFODATA_ACTIONS_0_DEFAULTOUTCOME_JOURNALTEXT,<hero_name> 对付了整个森林的盗贼。他们因为骄傲自大反而吃了亏。他们在战斗中受伤，好不容易才险胜。
QUEST_WOLF_1_2_QUESTINFODATA_ACTIONS_0_DEFAULTOUTCOME_OUTCOMETEXT,匪徒从各个方向朝着你蜂拥而至。他们人数众多，超出你的想象。你发现高估了自己的技能，被迫逃离。
QUEST_WOLF_1_2_QUESTINFODATA_ACTIONS_0_TESTSUCCESSOUTCOME_JOURNALTEXT,<hero_name>冲进森林，赶走了强盗，但是，除非结束疯狂国王的统治，否则，这片土地不会得到真正的安宁。
QUEST_WOLF_1_2_QUESTINFODATA_ACTIONS_0_TESTSUCCESSOUTCOME_OUTCOMETEXT,不管尝试多少次，卑贱的小偷都无法战胜你。你对森林进行了大扫荡，小偷藏匿的宝藏任由你拿取。
QUEST_WOLF_1_2_QUESTINFODATA_ACTIONS_1_ACTIONTEXT,潜行消灭小偷
QUEST_WOLF_1_2_QUESTINFODATA_ACTIONS_1_DEFAULTOUTCOME_JOURNALTEXT,<hero_name>悄悄爬过灌木丛，把小偷一个一个都杀死了。阿门罗无法容忍残酷和强盗行为。
QUEST_WOLF_1_2_QUESTINFODATA_ACTIONS_1_DEFAULTOUTCOME_OUTCOMETEXT,你爬行着穿过森林，捣毁了小偷的营地。森林再次安宁了。
QUEST_WOLF_1_2_QUESTINFODATA_ENCOUNTERTEXT,<quest_tile>已经变成了一处贼窝。他们的营地蔓延到了森林的各个角落。
QUEST_WOLF_1_2_QUESTINFODATA_JOURNALENCOUNTERTEXT,小偷们已经霸占了整个森林。如果没有英雄去除掉他们，周围的城镇将面临非常可怕的危险。
QUEST_WOLF_1_2_QUESTINFODATA_JOURNALRUMOURTEXT,阿门罗已经变成了一个黑暗又危险的地方。<hero_name>同意帮助寻找躲在<quest_tile>的小偷，以恢复安宁。
QUEST_WOLF_1_2_QUESTINFODATA_RUMOURTEXT,国王守卫失职，未能保卫好这片土地，使其遭受强盗和小偷的侵扰。需要有人拿起武器。
QUEST_WOLF_1_2_QUESTINFODATA_TITLE,修剪杂草
QUEST_WOLF_1_3_QUESTINFODATA_ACTIONS_0_ACTIONTEXT,攻击巨魔
QUEST_WOLF_1_3_QUESTINFODATA_ACTIONS_0_DEFAULTOUTCOME_JOURNALTEXT,<hero_name>没有那家伙与恶臭泥沼天然亲和的本领。野兽打伤了我们的英雄并逃走了。
QUEST_WOLF_1_3_QUESTINFODATA_ACTIONS_0_DEFAULTOUTCOME_OUTCOMETEXT,当你向野兽进攻时，不慎滑倒在泥泞的岸边。对沼泽一清二楚的巨魔打伤了你并逃跑了。
QUEST_WOLF_1_3_QUESTINFODATA_ACTIONS_0_TESTSUCCESSOUTCOME_JOURNALTEXT,巨魔更大更强，但<hero_name>的战斗能力却更强。野兽被杀死了，我们的英雄夺得了它的灵石。
QUEST_WOLF_1_3_QUESTINFODATA_ACTIONS_0_TESTSUCCESSOUTCOME_OUTCOMETEXT,你一声大吼，弄醒了巨魔，然后一个箭步飞跃而起，朝它进攻起来。战斗很激烈，但是你却获得了胜利，夺走了野兽的灵石。
QUEST_WOLF_1_3_QUESTINFODATA_ACTIONS_1_ACTIONTEXT,抢劫生物
QUEST_WOLF_1_3_QUESTINFODATA_ACTIONS_1_DEFAULTOUTCOME_JOURNALTEXT,<hero_name>小心地走近并偷走灵石，而巨魔完全不知晓。
QUEST_WOLF_1_3_QUESTINFODATA_ACTIONS_1_DEFAULTOUTCOME_OUTCOMETEXT,这个巨魔可能会把灵石紧紧攥着，但它的其他物品随意散落在四周。你顺手拿走了几件，笑嘻嘻地离开了。
QUEST_WOLF_1_3_QUESTINFODATA_ENCOUNTERTEXT,你不知道<quest_tile>中是什么味道这么难闻，泥土还是巨魔。这只动物正在睡觉，半个身子泡在肮脏的污水中。
QUEST_WOLF_1_3_QUESTINFODATA_JOURNALENCOUNTERTEXT,巨魔在其中一处水质不断恶化的水池中打着瞌睡。<hero_name>可以看到它肮脏的爪子紧紧地攥着灵石。
QUEST_WOLF_1_3_QUESTINFODATA_JOURNALRUMOURTEXT,巨魔是一种罕见又十分危险的动物，它们喜爱闪闪发光的商品。其中一只非常大的巨魔偷走了灵石并将它藏在了<quest_tile>。
QUEST_WOLF_1_3_QUESTINFODATA_RUMOURTEXT,一只邪恶的巨魔从附近一间寺院偷走了灵石。凡杀死野兽者将能够获得灵石。
QUEST_WOLF_1_3_QUESTINFODATA_TITLE,巨魔宝藏
QUEST_WOLF_1_4_QUESTINFODATA_ACTIONS_0_ACTIONTEXT,利用怀尔德的力量治愈井池
QUEST_WOLF_1_4_QUESTINFODATA_ACTIONS_0_DEFAULTOUTCOME_JOURNALTEXT,<hero_name>试图利用怀尔德的力量治愈腐化感染。但没有效果。这个任务超出了我们勇士的能力范围。
QUEST_WOLF_1_4_QUESTINFODATA_ACTIONS_0_DEFAULTOUTCOME_OUTCOMETEXT,你对怀尔德行事方式的了解上还是个新手。井池无法治愈。尝试只会削弱你的力量。村子无可挽救。
QUEST_WOLF_1_4_QUESTINFODATA_ACTIONS_0_TESTSUCCESSOUTCOME_JOURNALTEXT,<hero_name>治愈了井池的水，怀尔德将灵石奖励给了他。随着时间的推移，村民们可能也会逐渐痊愈。
QUEST_WOLF_1_4_QUESTINFODATA_ACTIONS_0_TESTSUCCESSOUTCOME_OUTCOMETEXT,雾从井里升起来了，沸腾着溢出来，充满了街道。村民们似乎都镇静下来了。灵石突然浮出水面。
QUEST_WOLF_1_4_QUESTINFODATA_ACTIONS_1_ACTIONTEXT,烧毁村庄
QUEST_WOLF_1_4_QUESTINFODATA_ACTIONS_1_DEFAULTOUTCOME_JOURNALTEXT,我们的英雄被迫走上黑暗的道路。<hero_name>清除聚落。这个做法邪恶但却必要。
QUEST_WOLF_1_4_QUESTINFODATA_ACTIONS_1_DEFAULTOUTCOME_OUTCOMETEXT,有时会要求英雄走黑暗的路线。没有其他道路可走了。你摧毁了腐化和这个小镇。
QUEST_WOLF_1_4_QUESTINFODATA_ENCOUNTERTEXT,在村子里，你发现了腐化疯狂的来源。村井被腐化厚厚的紫色水脉污染了。
QUEST_WOLF_1_4_QUESTINFODATA_JOURNALENCOUNTERTEXT,<quest_tile>的人们都被从污染的井池中发出来的腐化魔力控制了。它们不仅会危害自己，也会伤害它人。
QUEST_WOLF_1_4_QUESTINFODATA_JOURNALRUMOURTEXT,另一个聚落陷入了腐化的黑暗中。周围的阿门罗人正受到威胁。必须清除它。
QUEST_WOLF_1_4_QUESTINFODATA_RUMOURTEXT,腐化已经掌握了附近的一处聚落。里面的民众已经疯掉了。没有希望拯救他们。
QUEST_WOLF_1_4_QUESTINFODATA_TITLE,腐化之地
QUEST_WOLF_1_5_QUESTINFODATA_ACTIONS_0_ACTIONTEXT,法律之辩
QUEST_WOLF_1_5_QUESTINFODATA_ACTIONS_0_DEFAULTOUTCOME_JOURNALTEXT,阴险狡诈的硬币大师利用法律游戏拖延<hero_name>的任务。这确实是一个挫折，但我们的英雄不会因此而停止任务。
QUEST_WOLF_1_5_QUESTINFODATA_ACTIONS_0_DEFAULTOUTCOME_OUTCOMETEXT,你结结巴巴地要求进行辩护。谄媚虚伪的律师嘲笑你说出的话。他们曲解法律，耗尽你用于完成任务的资源。
QUEST_WOLF_1_5_QUESTINFODATA_ACTIONS_0_TESTSUCCESSOUTCOME_JOURNALTEXT,凡认为狼族没有智力展开语言之争者，将在那天晚上看守他们的钱包。<hero_name>赢了并获得了一位盟友。
QUEST_WOLF_1_5_QUESTINFODATA_ACTIONS_0_TESTSUCCESSOUTCOME_OUTCOMETEXT,你想办法让硬币大师进入法律术语的陷阱，让他们回到宫殿。村长为了对你表示感谢，要求加入你的事业中。
QUEST_WOLF_1_5_QUESTINFODATA_ACTIONS_1_ACTIONTEXT,恐吓税收大师
QUEST_WOLF_1_5_QUESTINFODATA_ACTIONS_1_DEFAULTOUTCOME_JOURNALTEXT,<hero_name>不会让自己的任务被国王的代表拖延。国王很快就会亲自会一会他。
QUEST_WOLF_1_5_QUESTINFODATA_ACTIONS_1_DEFAULTOUTCOME_OUTCOMETEXT,你一拳狠砸在桌子上。桌子的一条腿断了。税收大师匆匆逃走了。你高声大笑。就那样吧。这些游戏一个也不行。
QUEST_WOLF_1_5_QUESTINFODATA_ENCOUNTERTEXT,<quest_tile>里的氛围很沉闷。国王的硬币大师在村广场上，正在数着他们非法获得的金币。
QUEST_WOLF_1_5_QUESTINFODATA_JOURNALENCOUNTERTEXT,疯狂国王的收税员让他们自己舒服了。却将<quest_tile>的狼的血吸干了。
QUEST_WOLF_1_5_QUESTINFODATA_JOURNALRUMOURTEXT,国王的仆人在向狼族征税。血与钢十分危险，但法律游戏也同样轻易地拖延了<hero_name>的任务。
QUEST_WOLF_1_5_QUESTINFODATA_RUMOURTEXT,他们对狼族征收了额外的税收。巨大的成本可能会阻止<hero_name>获得任何支持。
QUEST_WOLF_1_5_QUESTINFODATA_TITLE,利于笔锋
QUEST_WOLF_1_6_QUESTINFODATA_ACTIONS_0_ACTIONTEXT,悄悄潜入，偷走宝藏！
QUEST_WOLF_1_6_QUESTINFODATA_ACTIONS_0_DEFAULTOUTCOME_JOURNALTEXT,我们的英雄迅速投入行动，但却没有他们最开始想象的速度。他们被发现了，而后被迫蒙耻逃离。
QUEST_WOLF_1_6_QUESTINFODATA_ACTIONS_0_DEFAULTOUTCOME_OUTCOMETEXT,你爬上博物馆的墙壁。爬到半中间的时候，你的手松了。掉入了人群中间。你伤的不重，倒是感到羞耻到了极点，便快速逃走了。
QUEST_WOLF_1_6_QUESTINFODATA_ACTIONS_0_TESTSUCCESSOUTCOME_JOURNALTEXT,<hero_name>偷偷潜入博物馆，拿走了宝藏。我们的英雄迅速逃离，比以前面临的情况更加危险。
QUEST_WOLF_1_6_QUESTINFODATA_ACTIONS_0_TESTSUCCESSOUTCOME_OUTCOMETEXT,穿过隐蔽处，翻过墙壁，潜入了博物馆。在守卫意识到宝藏不见之后，你已经逃到了很远很远的地方。
QUEST_WOLF_1_6_QUESTINFODATA_ACTIONS_1_ACTIONTEXT,从人群中获得支持
QUEST_WOLF_1_6_QUESTINFODATA_ACTIONS_1_DEFAULTOUTCOME_JOURNALTEXT,这件工艺品守卫森严。<hero_name>并未冒着被抓住的危险，而是趁此机会寻求支持者。
QUEST_WOLF_1_6_QUESTINFODATA_ACTIONS_1_DEFAULTOUTCOME_OUTCOMETEXT,你并没有偷走宝藏，而是利用这段时间从在场的显要人物中寻求支持。你学到了很多有关家族政治的东西。
QUEST_WOLF_1_6_QUESTINFODATA_ENCOUNTERTEXT,宾客们喝着热腾腾的腐化酒，在入口处讨论艺术。大门还没有打开，大楼由守卫包围着。
QUEST_WOLF_1_6_QUESTINFODATA_JOURNALENCOUNTERTEXT,开幕式晚会正如火如荼地进行着。<hero_name>连大楼都无法靠近，更不用说工艺品了。
QUEST_WOLF_1_6_QUESTINFODATA_JOURNALRUMOURTEXT,<hero_name>听到消息称<quest_tile>博物馆将展出一件伟大的宝藏。我们的英雄决定解放它。为了大业。
QUEST_WOLF_1_6_QUESTINFODATA_RUMOURTEXT,一座新开放的博物馆正在为一件宝贵的文物举行揭幕仪式。
QUEST_WOLF_1_6_QUESTINFODATA_TITLE,狼族窃贼
QUEST_WOLF_1_7_QUESTINFODATA_ACTIONS_0_ACTIONTEXT,靠你的准备行事。继续
QUEST_WOLF_1_7_QUESTINFODATA_ACTIONS_0_DEFAULTOUTCOME_JOURNALTEXT,智慧只能带你走这么远了。我们的英雄吸取了<hero_name>的教训，决心更加留心周围环境。
QUEST_WOLF_1_7_QUESTINFODATA_ACTIONS_0_DEFAULTOUTCOME_OUTCOMETEXT,依靠你准备装备所花的时间，你鼓起勇气冒险前进。几小时后，又冷又累的你发现自己回到了山脚下。
QUEST_WOLF_1_7_QUESTINFODATA_ACTIONS_0_TESTSUCCESSOUTCOME_JOURNALTEXT,我们的英雄顶着暴怒的风暴，虽然什么都看不清楚，自己又冻得半死，却仍然坚持找到了灵石，结束了对山的控制。
QUEST_WOLF_1_7_QUESTINFODATA_ACTIONS_0_TESTSUCCESSOUTCOME_OUTCOMETEXT,暴雪对于有准备的人而言毫无任何危险。你紧紧地裹着厚厚的斗篷，继续上路，寻找灵石。
QUEST_WOLF_1_7_QUESTINFODATA_ACTIONS_1_ACTIONTEXT,沉潜待发。挺过风暴。
QUEST_WOLF_1_7_QUESTINFODATA_ACTIONS_1_DEFAULTOUTCOME_JOURNALTEXT,风暴太猛烈，难以继续上路。<hero_name>逃走了，摆脱了严冬的怒火，撤到了山脚下的安全地带。
QUEST_WOLF_1_7_QUESTINFODATA_ACTIONS_1_DEFAULTOUTCOME_OUTCOMETEXT,狼知道如何应对寒冷。你造了一个雪洞，蜷缩在被窝里。第二天，你趁着雪停下来的时候逃离了这里。
QUEST_WOLF_1_7_QUESTINFODATA_ENCOUNTERTEXT,你开始攀爬时，天空变黑了。很快，风暴开始肆虐，这是你见过的最严重的一次。雪和冻雨阻挡了你的视线。
QUEST_WOLF_1_7_QUESTINFODATA_JOURNALENCOUNTERTEXT,灵石的魔力渗进山里。一场暴风雨就要来临，<hero_name>被困住了！
QUEST_WOLF_1_7_QUESTINFODATA_JOURNALRUMOURTEXT,旅馆里和篝火周围流传着一个故事，说<quest_tile>高高的山峰上有一块古老的灵石。
QUEST_WOLF_1_7_QUESTINFODATA_RUMOURTEXT,我听到山上有隆隆的响声。我敢打赌，这肯定是其中一块灵石在跟天气搞破坏。
QUEST_WOLF_1_7_QUESTINFODATA_TITLE,盲视
QUEST_WOLF_1_8_QUESTINFODATA_ACTIONS_0_ACTIONTEXT,询问谜语
QUEST_WOLF_1_8_QUESTINFODATA_ACTIONS_0_DEFAULTOUTCOME_JOURNALTEXT,这个谜语和提出它的生物一样愚蠢。<hero_name>莫名其妙地被这场严酷的考验削弱了力量，因此不开心地离开。
QUEST_WOLF_1_8_QUESTINFODATA_ACTIONS_0_DEFAULTOUTCOME_OUTCOMETEXT,山羊张开了嘴，没有说话，只是发出了奇怪的声音。山羊看出了你的困惑并摇了摇头。你失败了。
QUEST_WOLF_1_8_QUESTINFODATA_ACTIONS_0_TESTSUCCESSOUTCOME_JOURNALTEXT,山羊说的是怀尔德古语，我们的英雄能够破译。山羊给了他们一个宝藏作为奖励。
QUEST_WOLF_1_8_QUESTINFODATA_ACTIONS_0_TESTSUCCESSOUTCOME_OUTCOMETEXT,你说怀尔德语吗?山羊说起话来深沉而可怕。你回答说是。山羊笑了。他把宝藏递给了你。
QUEST_WOLF_1_8_QUESTINFODATA_ACTIONS_1_ACTIONTEXT,寻求庇佑
QUEST_WOLF_1_8_QUESTINFODATA_ACTIONS_1_DEFAULTOUTCOME_JOURNALTEXT,<hero_name>寻求庇佑。山羊在我们勇士的耳畔低语，怀尔德恢复了他的力量。
QUEST_WOLF_1_8_QUESTINFODATA_ACTIONS_1_DEFAULTOUTCOME_OUTCOMETEXT,山羊点点头。谨慎就是智慧，我的朋友。他的身子往前一倾，在你的耳畔低语。你感觉自己的力量恢复了。
QUEST_WOLF_1_8_QUESTINFODATA_ENCOUNTERTEXT,在<quest_tile>草地中间蹲坐着一只失明的山羊。我可以给你两样东西。谜语或庇佑。
QUEST_WOLF_1_8_QUESTINFODATA_JOURNALENCOUNTERTEXT,失明的山羊独自坐在<quest_tile>波浪起伏的草丛中间。他可以给我们的英雄提供两样东西，一个是谜语，一个是庇佑。
QUEST_WOLF_1_8_QUESTINFODATA_JOURNALRUMOURTEXT,阿门罗的一个异乡人设计了这个终极谜语。他承诺，凡解开谜语者，将获得一个神秘的宝藏作为奖励。
QUEST_WOLF_1_8_QUESTINFODATA_RUMOURTEXT,疯狂的流浪者将为解开他的谜语的人提供一个强大的宝藏作为奖励。
QUEST_WOLF_1_8_QUESTINFODATA_TITLE,老游戏
QUEST_WOLF_1_9_QUESTINFODATA_ACTIONS_0_ACTIONTEXT,使用怀尔德对抗他的魔力
QUEST_WOLF_1_9_QUESTINFODATA_ACTIONS_0_DEFAULTOUTCOME_JOURNALTEXT,<hero_name>召唤怀尔德，但它不会回应。恶毒的术士诅咒了我们的英雄，用腐化给他下毒。
QUEST_WOLF_1_9_QUESTINFODATA_ACTIONS_0_DEFAULTOUTCOME_OUTCOMETEXT,你哭着向怀尔德求援，但却无人应答。正当你犹豫不决，困惑不知所措之时，术士将他的咒语传到了你身上。你感觉全身的静脉被腐化淹没。
QUEST_WOLF_1_9_QUESTINFODATA_ACTIONS_0_TESTSUCCESSOUTCOME_JOURNALTEXT,在怀尔德的帮助下，<hero_name>成功地从术士手中拯救了那个异乡人。为表示感谢，他们发誓效忠我们的英雄。
QUEST_WOLF_1_9_QUESTINFODATA_ACTIONS_0_TESTSUCCESSOUTCOME_OUTCOMETEXT,狂风席卷整个村庄。术士在怀尔德的作用下颤抖不已。他逃走了。从他的魔爪下逃离的异乡人发誓效忠于你。
QUEST_WOLF_1_9_QUESTINFODATA_ACTIONS_1_ACTIONTEXT,提醒村民
QUEST_WOLF_1_9_QUESTINFODATA_ACTIONS_1_DEFAULTOUTCOME_JOURNALTEXT,<hero_name>召集村民们共同对抗术士。术士被吓得夹着尾巴逃走了。聚落再次恢复了安宁。
QUEST_WOLF_1_9_QUESTINFODATA_ACTIONS_1_DEFAULTOUTCOME_OUTCOMETEXT,你指出术士并召集村民们采取行动。你们一起将术士赶出村子，阻挠了他的阴谋。
QUEST_WOLF_1_9_QUESTINFODATA_ENCOUNTERTEXT,庆祝活动场面盛大。你正要放松的时候，突然发现了国王的一位魔法师。他们对路过的一位陌生人轻声说了一句腐化的法术。
QUEST_WOLF_1_9_QUESTINFODATA_JOURNALENCOUNTERTEXT,节日活动确实被黑暗魔法扰乱了。一名腐化术士朝着一位路过的陌生人的耳旁低语了一句腐化咒语。
QUEST_WOLF_1_9_QUESTINFODATA_JOURNALRUMOURTEXT,疯狂国王的法师正渗入公共节日，用腐化侵蚀阿门罗居民。<hero_name>被迫介入。
QUEST_WOLF_1_9_QUESTINFODATA_RUMOURTEXT,疯狂国王一直在举办奢华的节日庆祝活动。他的法师正利用聚会让无辜者感染腐化。
QUEST_WOLF_1_9_QUESTINFODATA_TITLE,狼族没有休息
QUEST_WOLF_2_10_QUESTINFODATA_ACTIONS_0_ACTIONTEXT,向这个傻瓜发起挑战，进行一场喝蜂蜜酒比赛。
QUEST_WOLF_2_10_QUESTINFODATA_ACTIONS_0_DEFAULTOUTCOME_JOURNALTEXT,唉，没人能在喝蜂蜜酒比赛中打败那头野猪！我们的传奇英雄在第二天早上醒来时会感到一阵传说中的头痛！
QUEST_WOLF_2_10_QUESTINFODATA_ACTIONS_0_DEFAULTOUTCOME_OUTCOMETEXT,"你喝完了两杯甜葡萄酒，却没有毅力继续喝下去。""再给我来一杯！""你大吼一声后昏倒在地。"
QUEST_WOLF_2_10_QUESTINFODATA_ACTIONS_0_TESTSUCCESSOUTCOME_JOURNALTEXT,"当狼在野猪自己的蜂蜜酒堂打败他时，他非常震惊！""你值得我尊重，""他说。""走之前再喝一杯！"""
QUEST_WOLF_2_10_QUESTINFODATA_ACTIONS_0_TESTSUCCESSOUTCOME_OUTCOMETEXT,虽然你的体能训练并不是为了这种事情，但你还是在野猪的蜂蜜酒堂打败了他，赢得了他的高度赞赏。
QUEST_WOLF_2_10_QUESTINFODATA_ACTIONS_1_ACTIONTEXT,刀剑比拼是唯一的解决方案。
QUEST_WOLF_2_10_QUESTINFODATA_ACTIONS_1_DEFAULTOUTCOME_JOURNALTEXT,但是我们的英雄没有时间玩这些游戏！刀光一闪，这个蠢货连忙收回了前言。他是真心还是假意，我们就无从知晓了。
QUEST_WOLF_2_10_QUESTINFODATA_ACTIONS_1_DEFAULTOUTCOME_OUTCOMETEXT,你不会玩这个傻瓜的游戏的。刹那间，你利剑一闪，野猪便变得温和了起来——不过你怀疑他是否绝对忠诚。
QUEST_WOLF_2_10_QUESTINFODATA_ACTIONS_2_ACTIONTEXT,"""作为你的医生，我不建议这么做。不过话说回来……"""
QUEST_WOLF_2_10_QUESTINFODATA_ACTIONS_2_DEFAULTOUTCOME_JOURNALTEXT,<hero_name>忠实的医生给的简单的补剂帮助确保成功，以及野猪的尊重，并引发了离奇的头痛！
QUEST_WOLF_2_10_QUESTINFODATA_ACTIONS_2_DEFAULTOUTCOME_OUTCOMETEXT,医生提供了简单的冲剂，以帮助防止蜂蜜酒让你变得驽钝。你赢得了野猪的尊重，也患上了严重的头痛！
QUEST_WOLF_2_10_QUESTINFODATA_ACTIONS_3_ACTIONTEXT,我敢肯定，我们可以制定出一个更有利可图的计划。
QUEST_WOLF_2_10_QUESTINFODATA_ACTIONS_3_DEFAULTOUTCOME_JOURNALTEXT,<hero_name>的硬币大师深谙贵族的迂回手段。他一边啜饮蜂蜜酒，一边获得了男爵的支持。
QUEST_WOLF_2_10_QUESTINFODATA_ACTIONS_3_DEFAULTOUTCOME_OUTCOMETEXT,"在提到硬币时，男爵的眼睛放出了光芒。你的硬币大师拽出一把椅子坐下。""大家都有利可图。"""
QUEST_WOLF_2_10_QUESTINFODATA_ACTIONS_4_ACTIONTEXT,使用傀儡作弊
QUEST_WOLF_2_10_QUESTINFODATA_ACTIONS_4_DEFAULTOUTCOME_JOURNALTEXT,我们的英雄使用傀儡让获胜的几率向自己倾斜。男爵在几分钟之内昏倒了。<hero_name>获胜。
QUEST_WOLF_2_10_QUESTINFODATA_ACTIONS_4_DEFAULTOUTCOME_OUTCOMETEXT,傀儡娃娃精于此道。你将蜂蜜酒泼在它上面。不久，男爵鼾声大作，而你离开了，你的智力依旧犀利。
QUEST_WOLF_2_10_QUESTINFODATA_ENCOUNTERTEXT,"这只巨大的野猪邀请你到他珍贵的蜂蜜酒堂一坐。""如果你能证明你有实力领导，我就停止侮辱你！会是什么呢？"""
QUEST_WOLF_2_10_QUESTINFODATA_JOURNALENCOUNTERTEXT,野猪的蜂蜜酒堂将成为狼族的试验场。野猪男爵占据优势，但<hero_name>已经下定决心要赢得胜利！
QUEST_WOLF_2_10_QUESTINFODATA_JOURNALRUMOURTEXT,有传言很恶毒：附近一个小镇上的一名野猪男爵在叫嚣<hero_name>是一个胆小鬼，说他懦弱无能。显然不能让他继续这样说！
QUEST_WOLF_2_10_QUESTINFODATA_RUMOURTEXT,狼族荣誉可能岌岌可危！有消息称附近一个村庄的男爵叫嚣说你是胆小鬼，懦弱无能。最好制止它！
QUEST_WOLF_2_10_QUESTINFODATA_TITLE,蜂蜜酒堂
QUEST_WOLF_2_11_QUESTINFODATA_ACTIONS_0_ACTIONTEXT,拉出四轮马车。
QUEST_WOLF_2_11_QUESTINFODATA_ACTIONS_0_DEFAULTOUTCOME_JOURNALTEXT,我们的英雄试图将马车拉出来，却是徒劳，因为所需的力量超出了<hero_name>的能力范围。狗商和马车永远都不会离开沼泽。
QUEST_WOLF_2_11_QUESTINFODATA_ACTIONS_0_DEFAULTOUTCOME_OUTCOMETEXT,你一个劲地拉啊拉，还是缺乏力量。狗商及其马车很快就陷在了淤泥之下，再也看不见了。
QUEST_WOLF_2_11_QUESTINFODATA_ACTIONS_0_TESTSUCCESSOUTCOME_JOURNALTEXT,凭借狼族的传奇力量，<hero_name>单爪将马车从污泥中拉了出来！商队得救了！
QUEST_WOLF_2_11_QUESTINFODATA_ACTIONS_0_TESTSUCCESSOUTCOME_OUTCOMETEXT,当你成功地将马车拖到坚实的地面上时，狗商都不能相信自己的眼睛。他提供的奖品非常值得付出这样的努力！
QUEST_WOLF_2_11_QUESTINFODATA_ACTIONS_1_ACTIONTEXT,帮助狗商，丢下商队。
QUEST_WOLF_2_11_QUESTINFODATA_ACTIONS_1_DEFAULTOUTCOME_JOURNALTEXT,我们的英雄无法同时救下狗商及其宝藏。这条狗接受了<hero_name>的帮助，但却在瞬间失去了他的财富。
QUEST_WOLF_2_11_QUESTINFODATA_ACTIONS_1_DEFAULTOUTCOME_OUTCOMETEXT,"""丢下马车，""你大喊道。""我不能同时救下你们！""这条狗接受了你的帮助，但仍然十分沮丧，他永远地失去了自己的财富。"
QUEST_WOLF_2_11_QUESTINFODATA_ACTIONS_2_ACTIONTEXT,既有一双翅靴可飞，何必绝望？
QUEST_WOLF_2_11_QUESTINFODATA_ACTIONS_2_DEFAULTOUTCOME_JOURNALTEXT,不过，即使选择有限，一对翅靴将可以应付自如！我们的英雄轻松地拯救了商人和商队。
QUEST_WOLF_2_11_QUESTINFODATA_ACTIONS_2_DEFAULTOUTCOME_OUTCOMETEXT,翅靴针对这个问题为你提供了一个简单的解决方案。商人和他的货物安然无恙，而你甚至不费吹灰之力！
QUEST_WOLF_2_11_QUESTINFODATA_ACTIONS_3_ACTIONTEXT,"""使点劲！加油！"""
QUEST_WOLF_2_11_QUESTINFODATA_ACTIONS_3_DEFAULTOUTCOME_JOURNALTEXT,臭泥和重型货车比铁匠的锻锤要轻些。他将货车拖出泥潭。狗得救了。
QUEST_WOLF_2_11_QUESTINFODATA_ACTIONS_3_DEFAULTOUTCOME_OUTCOMETEXT,你的铁匠跳进臭泥。他用强大的蛮力，将货车拖了出来。狗为你们俩提供了礼物作为感谢。
QUEST_WOLF_2_11_QUESTINFODATA_ENCOUNTERTEXT,你发现马车陷在了沼泽深处，而且还在往下沉没。狗商恳求你的帮忙，但可悲的是，你的选择很有限。
QUEST_WOLF_2_11_QUESTINFODATA_JOURNALENCOUNTERTEXT,"在那里，就在泥潭深处，马车半个车体深陷淤泥中。""救命啊！""狗商恳求道。但是能够做些什么呢？"
QUEST_WOLF_2_11_QUESTINFODATA_JOURNALRUMOURTEXT,商队迟到了，我们大概已经知道发生了什么。我们的英雄怀疑商队试图愚蠢地穿过<quest_tile>。
QUEST_WOLF_2_11_QUESTINFODATA_RUMOURTEXT,我们本来预计昨天会有一支商队经过这里，但到现在它还没到。我担心他们可能被困在<quest_tile>!
QUEST_WOLF_2_11_QUESTINFODATA_TITLE,下沉的商队
QUEST_WOLF_2_12_QUESTINFODATA_ACTIONS_0_ACTIONTEXT,你足够强大！挺过严寒。
QUEST_WOLF_2_12_QUESTINFODATA_ACTIONS_0_DEFAULTOUTCOME_JOURNALTEXT,<hero_name>继续前进，但邪恶的魔法太强大，寒冷也太残酷。我们的英雄逃走了，留下其他人任由命运摆布。
QUEST_WOLF_2_12_QUESTINFODATA_ACTIONS_0_DEFAULTOUTCOME_OUTCOMETEXT,你继续往前走，但严寒在一瞬间削弱了你的力量。你半意识地逃离山峰，留下其他人任由命运摆布。
QUEST_WOLF_2_12_QUESTINFODATA_ACTIONS_0_TESTSUCCESSOUTCOME_JOURNALTEXT,<hero_name>与风暴抗争，最终与术士展开刀剑交锋。她被打倒了，旅行者得救了！
QUEST_WOLF_2_12_QUESTINFODATA_ACTIONS_0_TESTSUCCESSOUTCOME_OUTCOMETEXT,"你仅依靠力量继续往前走。""你怎么—!""术士还没说完自己有多惊讶——你的剑已经结束了她的性命。"
QUEST_WOLF_2_12_QUESTINFODATA_ACTIONS_1_ACTIONTEXT,躲避术士的魔法。
QUEST_WOLF_2_12_QUESTINFODATA_ACTIONS_1_DEFAULTOUTCOME_JOURNALTEXT,我们的英雄等待法师耗尽魔法之后，轻松将其打倒。可悲的是，山上的其他探险者却在风暴中丧生。
QUEST_WOLF_2_12_QUESTINFODATA_ACTIONS_1_DEFAULTOUTCOME_OUTCOMETEXT,你在附近一个山洞里等待术士的魔法消失，使她成为一个好对付的敌人。不幸的是，其他探险者们就没那么幸运了。
QUEST_WOLF_2_12_QUESTINFODATA_ACTIONS_2_ACTIONTEXT,用腐化对抗腐化
QUEST_WOLF_2_12_QUESTINFODATA_ACTIONS_2_DEFAULTOUTCOME_JOURNALTEXT,永远不能信任腐化，它经常抛弃自己的信徒。乌鸦嘴匕首带领我们的英雄找到术士。她很快就倒下了。
QUEST_WOLF_2_12_QUESTINFODATA_ACTIONS_2_DEFAULTOUTCOME_OUTCOMETEXT,当指向北方时，乌鸦嘴匕首嗡嗡作响。你遵循它的召唤穿过迷茫大雪。不久，你找到术士。她很容易被干掉。
QUEST_WOLF_2_12_QUESTINFODATA_ACTIONS_3_ACTIONTEXT,用伪装面具愚弄术士
QUEST_WOLF_2_12_QUESTINFODATA_ACTIONS_3_DEFAULTOUTCOME_JOURNALTEXT,狡猾的伪装面具欺骗了愚蠢的术士。她认为对自己有把握，停止了冲击，让<hero_name>攻击！
QUEST_WOLF_2_12_QUESTINFODATA_ACTIONS_3_DEFAULTOUTCOME_OUTCOMETEXT,戴上面具后，你看上去像一个腐化崇拜者。术士为你减缓了风暴，让你得以接近并杀死她。
QUEST_WOLF_2_12_QUESTINFODATA_ACTIONS_4_ACTIONTEXT,使用御盾保护自己
QUEST_WOLF_2_12_QUESTINFODATA_ACTIONS_4_DEFAULTOUTCOME_JOURNALTEXT,但是，什么邪恶魔法能抵挡传说中的御盾？<hero_name>杀出一条血路直达术士，结束了她的恐怖统治。
QUEST_WOLF_2_12_QUESTINFODATA_ACTIONS_4_DEFAULTOUTCOME_OUTCOMETEXT,你举起强大的御盾并挡住了冲击，推向了术士，一挥武器结束了她的生命。
QUEST_WOLF_2_12_QUESTINFODATA_ENCOUNTERTEXT,这座山本身就是一个强大的敌人，但是术士的邪恶魔法朝着你扫来一阵冰冷的空气和严寒。
QUEST_WOLF_2_12_QUESTINFODATA_JOURNALENCOUNTERTEXT,但是天气残酷无比，几乎不合乎自然规律，轻松贯穿了<hero_name>的皮毛。术士就要来了，但我们的英雄能够战胜她吗？
QUEST_WOLF_2_12_QUESTINFODATA_JOURNALRUMOURTEXT,一位邪恶的术士封锁了附近一个山口，将无数无辜者滞留在了无休止的暴雪之中。必须制止她！
QUEST_WOLF_2_12_QUESTINFODATA_RUMOURTEXT,一位流氓术士封锁了进山的关口，将我的很多朋友滞留在了严寒之中。请去拯救他们!
QUEST_WOLF_2_12_QUESTINFODATA_TITLE,仇恨的暴雪
QUEST_WOLF_2_1_QUESTINFODATA_ACTIONS_0_ACTIONTEXT,转过身来，拿起武器，准备立即行动。
QUEST_WOLF_2_1_QUESTINFODATA_ACTIONS_0_DEFAULTOUTCOME_JOURNALTEXT,唉，我们的英雄没有准备好应对从灌木中挥过来的斧头！我们的英雄痛苦地嚎叫起来，狐狸强盗带着胜利逃走了。
QUEST_WOLF_2_1_QUESTINFODATA_ACTIONS_0_DEFAULTOUTCOME_OUTCOMETEXT,你转过身，但你的追赶者留下的唯一踪迹就是这把砍入你的腿的斧头。她的主人疯狂地笑着，逃进了森林里。
QUEST_WOLF_2_1_QUESTINFODATA_ACTIONS_0_TESTSUCCESSOUTCOME_JOURNALTEXT,我们的英雄在路上伏击，做好了万全准备挡开刺客的斧头。黑狐狸逃走了，留下了一块灵石。
QUEST_WOLF_2_1_QUESTINFODATA_ACTIONS_0_TESTSUCCESSOUTCOME_OUTCOMETEXT,你一个转身，敏捷地击中了传过来的斧子！她的主人黑狐狸逃得很快，但却是在扔掉了自己的小包之后才逃走的。
QUEST_WOLF_2_1_QUESTINFODATA_ACTIONS_1_ACTIONTEXT,在森林里甩掉你的追赶者。
QUEST_WOLF_2_1_QUESTINFODATA_ACTIONS_1_DEFAULTOUTCOME_JOURNALTEXT,黑森林是甩掉讨厌的追赶者的完美之地。我们的英雄经过数小时的躲藏和迂回前进，很快便甩掉了跟着他的尾巴。
QUEST_WOLF_2_1_QUESTINFODATA_ACTIONS_1_DEFAULTOUTCOME_OUTCOMETEXT,整个追赶过程的持续时间比你预期的要长，但是最后你还是甩掉了他们。你比你所知道的更强大。
QUEST_WOLF_2_1_QUESTINFODATA_ACTIONS_2_ACTIONTEXT,戴上英雄头盔获得额外的保护。
QUEST_WOLF_2_1_QUESTINFODATA_ACTIONS_2_DEFAULTOUTCOME_JOURNALTEXT,我们的英雄戴上传说中的头盔不久就挨了一记投掷的斧头！强盗狐狸恳求饶命，并给出奖励作为交换。
QUEST_WOLF_2_1_QUESTINFODATA_ACTIONS_2_DEFAULTOUTCOME_OUTCOMETEXT,你戴上头盔的那一刻，斧头从其坚硬的外壳反弹开，毫发无损。强盗恳求饶命，并给出奖励作为交换。
QUEST_WOLF_2_1_QUESTINFODATA_ACTIONS_3_ACTIONTEXT,利用侍从作为诱饵
QUEST_WOLF_2_1_QUESTINFODATA_ACTIONS_3_DEFAULTOUTCOME_JOURNALTEXT,侍从出色地分散了注意力，让<hero_name>战胜了刺客。侍从幸运地活了下来。
QUEST_WOLF_2_1_QUESTINFODATA_ACTIONS_3_DEFAULTOUTCOME_OUTCOMETEXT,你将斗篷披在侍从的肩膀上。当刺客攻击时，你冲向她。她用宝藏换自己的命。
QUEST_WOLF_2_1_QUESTINFODATA_ACTIONS_4_ACTIONTEXT,愚弄你的攻击者
QUEST_WOLF_2_1_QUESTINFODATA_ACTIONS_4_DEFAULTOUTCOME_JOURNALTEXT,利用镜子斗篷使他们的追击者迷失方向，我们的英雄战胜了刺客。他们将不得不更努力地愚弄<hero_name>。\n
QUEST_WOLF_2_1_QUESTINFODATA_ACTIONS_4_DEFAULTOUTCOME_OUTCOMETEXT,利用镜子斗篷使你的追击者迷失方向，并溜到他们身后。在匕首刀尖下，他们用宝藏求饶。
QUEST_WOLF_2_1_QUESTINFODATA_ENCOUNTERTEXT,你强行向前行进着并深入森林，然后循着你的脚印原路折回，在路上伏击着。突然，灌木丛中发出了沙沙声……
QUEST_WOLF_2_1_QUESTINFODATA_JOURNALENCOUNTERTEXT,尽管我们的英雄努力尝试了，但他们还是无法甩掉跟随者。在附近的一个森林里，<hero_name>制定了一个计划。
QUEST_WOLF_2_1_QUESTINFODATA_JOURNALRUMOURTEXT,正当<hero_name>开始寻找王座时，突然不知道从哪里冒出来一个奇怪的跟随者……
QUEST_WOLF_2_1_QUESTINFODATA_RUMOURTEXT,先别回头，你的行踪后面似乎跟着一个不受欢迎的尾随者。也许该试着在附近森林里甩掉他们。
QUEST_WOLF_2_1_QUESTINFODATA_TITLE,黑曜石狐狸
QUEST_WOLF_2_2_QUESTINFODATA_ACTIONS_0_ACTIONTEXT,先杀死守卫，再杀死猫暴君。
QUEST_WOLF_2_2_QUESTINFODATA_ACTIONS_0_DEFAULTOUTCOME_JOURNALTEXT,我们的英雄试图杀死压迫者，却是徒劳，因为他们人数众多。我们的英雄被暴打了一顿，然后被扔出了镇子。
QUEST_WOLF_2_2_QUESTINFODATA_ACTIONS_0_DEFAULTOUTCOME_OUTCOMETEXT,你拔出剑，但却被猫守卫快速制服了。他们对你大打出手，然后将你被打瘫的身体扔出城门外。
QUEST_WOLF_2_2_QUESTINFODATA_ACTIONS_0_TESTSUCCESSOUTCOME_JOURNALTEXT,我们的英雄出剑迅速而稳定，轻松杀死了猫压迫者。这个聚落终于摆脱了专制统治者。
QUEST_WOLF_2_2_QUESTINFODATA_ACTIONS_0_TESTSUCCESSOUTCOME_OUTCOMETEXT,你的剑从你侧边忽地一闪，穿过守卫时几乎难以察觉。暴君也很快被打倒，你成了一名英雄，潇洒地离开了。
QUEST_WOLF_2_2_QUESTINFODATA_ACTIONS_1_ACTIONTEXT,与守卫一起行动，然后杀死暴君。
QUEST_WOLF_2_2_QUESTINFODATA_ACTIONS_1_DEFAULTOUTCOME_JOURNALTEXT,"我们的英雄决定采取""擒贼只擒王""的方法，仅杀死了猫暴君。守卫们四散而走，聚落终于被解放了。"
QUEST_WOLF_2_2_QUESTINFODATA_ACTIONS_1_DEFAULTOUTCOME_OUTCOMETEXT,你冲到猫暴君面前时，说明了你的意图，并轻松地杀死了他。守卫逃跑了，但这座城镇却解放了。
QUEST_WOLF_2_2_QUESTINFODATA_ACTIONS_2_ACTIONTEXT,抽出月亮镰刀。快刀斩乱麻般地击倒这些傻瓜。
QUEST_WOLF_2_2_QUESTINFODATA_ACTIONS_2_DEFAULTOUTCOME_JOURNALTEXT,月亮镰刀足以在猫的队伍中引起恐慌，而我们的英雄充分发挥了他的作用，经过血战解救了这个聚落。
QUEST_WOLF_2_2_QUESTINFODATA_ACTIONS_2_DEFAULTOUTCOME_OUTCOMETEXT,你在自己面前举起传说中的镰刀。无人可挡。在恐慌中，守卫四下逃窜，但许多都无法逃避刀刃的攻击范围。
QUEST_WOLF_2_2_QUESTINFODATA_ACTIONS_3_ACTIONTEXT,"""有很多种方法来推翻统治者……""\n"
QUEST_WOLF_2_2_QUESTINFODATA_ACTIONS_3_DEFAULTOUTCOME_JOURNALTEXT,多亏王牌间谍在谎言和诽谤方面的经验，暴君的统治得以终结。聚落再次恢复了安全。
QUEST_WOLF_2_2_QUESTINFODATA_ACTIONS_3_DEFAULTOUTCOME_OUTCOMETEXT,你的王牌间谍将你带到郊外的聚落。这需要一段时间，但很快传言四起，暴君的统治将被终结，这是铁板钉钉的。
QUEST_WOLF_2_2_QUESTINFODATA_ACTIONS_4_ACTIONTEXT,"""战斗？出发吧！"""
QUEST_WOLF_2_2_QUESTINFODATA_ACTIONS_4_DEFAULTOUTCOME_JOURNALTEXT,守卫们的武器技能不是狂战士威力的对手。瞬间，守卫溃逃，而暴君被推翻。
QUEST_WOLF_2_2_QUESTINFODATA_ACTIONS_4_DEFAULTOUTCOME_OUTCOMETEXT,你的狂战士一跃而起投入战斗。守卫们四下逃窜。当狂战士在追逐时，你对付了猫暴君，干得漂亮而自如。
QUEST_WOLF_2_2_QUESTINFODATA_ENCOUNTERTEXT,你进城时，守卫要求你跪在小镇残暴的统治者面前，并承诺你的忠诚。
QUEST_WOLF_2_2_QUESTINFODATA_JOURNALENCOUNTERTEXT,进入聚落时，我们的英雄立刻被猫守卫包围了，要求他跪在他们的大人面前。
QUEST_WOLF_2_2_QUESTINFODATA_JOURNALRUMOURTEXT,<hero_name>听说过狼聚落的故事——还有他们邪恶的猫压迫者。但我们的英雄可以提供什么帮助呢？
QUEST_WOLF_2_2_QUESTINFODATA_RUMOURTEXT,在这个小镇上，狼族成员正遭受着猫暴君的压迫。拯救他们，你将得到他们的忠诚。
QUEST_WOLF_2_2_QUESTINFODATA_TITLE,法官、陪审团、刽子手
QUEST_WOLF_2_3_QUESTINFODATA_ACTIONS_0_ACTIONTEXT,抽出你的剑，杀死野兽！
QUEST_WOLF_2_3_QUESTINFODATA_ACTIONS_0_DEFAULTOUTCOME_JOURNALTEXT,我们的英雄出剑很快，但仍不足以击倒这只受腐化侵染的野猪。我们的英雄身负重伤，被迫逃离。
QUEST_WOLF_2_3_QUESTINFODATA_ACTIONS_0_DEFAULTOUTCOME_OUTCOMETEXT,你伸手要拿武器，却犹豫了一下。这个生物——某种受腐化侵染的野猪——将你重伤。你被迫逃离。
QUEST_WOLF_2_3_QUESTINFODATA_ACTIONS_0_TESTSUCCESSOUTCOME_JOURNALTEXT,我们的英雄在一瞬间抽出剑，这个邪恶的生物都没有机会还击。<hero_name>因为他们的勇气而获得了丰厚的回报。
QUEST_WOLF_2_3_QUESTINFODATA_ACTIONS_0_TESTSUCCESSOUTCOME_OUTCOMETEXT,这只野兽是某种受腐化侵染的野猪，拼死抵抗，最终还是倒在你的猛攻之下。定居者给了你丰厚的奖励。
QUEST_WOLF_2_3_QUESTINFODATA_ACTIONS_1_ACTIONTEXT,跳到一边——闪避邪恶的野兽。
QUEST_WOLF_2_3_QUESTINFODATA_ACTIONS_1_DEFAULTOUTCOME_JOURNALTEXT,我们的英雄闪避了野兽的攻击，然后追赶着这个邪恶的生物，穿过平原，将他从这片土地上永远地赶了出去。
QUEST_WOLF_2_3_QUESTINFODATA_ACTIONS_1_DEFAULTOUTCOME_OUTCOMETEXT,正当这只奇怪的生物出击时，你飞跃到一边，闪避他的魔口，以便有足够长的时间将它永远地赶出平原。
QUEST_WOLF_2_3_QUESTINFODATA_ACTIONS_2_ACTIONTEXT,贝恩之爪闪烁光芒
QUEST_WOLF_2_3_QUESTINFODATA_ACTIONS_2_DEFAULTOUTCOME_JOURNALTEXT,贝恩之爪感觉到动物的邪恶。它吸走野猪的力量，杀死了它。确实是一个强大的工具。\n
QUEST_WOLF_2_3_QUESTINFODATA_ACTIONS_2_DEFAULTOUTCOME_OUTCOMETEXT,一只可怕的腐化野猪从草丛中蹿出来。它一看到贝恩之爪就开始嚎叫。突然，它爆炸了，喷得你浑身都是腐化。
QUEST_WOLF_2_3_QUESTINFODATA_ACTIONS_3_ACTIONTEXT,用怀尔德的力量轰击这只野兽！
QUEST_WOLF_2_3_QUESTINFODATA_ACTIONS_3_DEFAULTOUTCOME_JOURNALTEXT,怀尔德法杖中蕴含的魔法净化了这只冲锋的野兽，一头已被腐化的野猪。
QUEST_WOLF_2_3_QUESTINFODATA_ACTIONS_3_DEFAULTOUTCOME_OUTCOMETEXT,你高举法杖。它的尖端发亮伴随着神秘的力量。野兽退缩了。你施放魔力，在白色火焰中将野兽清除掉。
QUEST_WOLF_2_3_QUESTINFODATA_ACTIONS_4_ACTIONTEXT,赶快！穿上狮心胸甲。
QUEST_WOLF_2_3_QUESTINFODATA_ACTIONS_4_DEFAULTOUTCOME_JOURNALTEXT,脚步声来自一头冲锋的强大腐化野猪。虽然它十分致命，却无法刺穿狮心胸甲，最终被击败。
QUEST_WOLF_2_3_QUESTINFODATA_ACTIONS_4_DEFAULTOUTCOME_OUTCOMETEXT,正当你系最后的带子时，动物发起了攻击。它的獠牙扫过，但擦过你的盔甲。你干掉了野兽。
QUEST_WOLF_2_3_QUESTINFODATA_ENCOUNTERTEXT,你的任务带你来到了平原中心地带，那里小麦长得茂密如森林一般，田地一片金黄色。忽然你听到了他们的声音：异乎寻常的脚步声……
QUEST_WOLF_2_3_QUESTINFODATA_JOURNALENCOUNTERTEXT,我们英雄的任务将他们带到了平原的心脏地带，他们迷失在一片金色的小麦林中。忽然，你不知道从哪里听到了异乎寻常的脚步声！
QUEST_WOLF_2_3_QUESTINFODATA_JOURNALRUMOURTEXT,我们的英雄听说附近的平原常出现离奇失踪事件。在这些巨大的翠绿色海洋里可能潜伏着怎样的邪恶呢？
QUEST_WOLF_2_3_QUESTINFODATA_RUMOURTEXT,有些平原定居者已经无故消失了。他们正请求一名勇士帮助他们调查这其中的原因。
QUEST_WOLF_2_3_QUESTINFODATA_TITLE,失踪者
QUEST_WOLF_2_4_QUESTINFODATA_ACTIONS_0_ACTIONTEXT,出动猎犬。让他和你一起行动。
QUEST_WOLF_2_4_QUESTINFODATA_ACTIONS_0_DEFAULTOUTCOME_JOURNALTEXT,我们的英雄试图说服猎犬走出安全的石头阵，介入这起事件。猎犬非常生气，一语不发，气冲冲地走了。
QUEST_WOLF_2_4_QUESTINFODATA_ACTIONS_0_DEFAULTOUTCOME_OUTCOMETEXT,"你的语气激怒了猎犬。""我不是你的仆人，小崽子。我不知道你自以为是谁，但在阿门罗，你还什么都不是。"""
QUEST_WOLF_2_4_QUESTINFODATA_ACTIONS_0_TESTSUCCESSOUTCOME_JOURNALTEXT,我们的英雄待在石头阵外，从远处召唤猎人。猎人不但没有生气，反而因为他们的谨慎而奖励了他们。
QUEST_WOLF_2_4_QUESTINFODATA_ACTIONS_0_TESTSUCCESSOUTCOME_OUTCOMETEXT,"你向老猎犬打招呼。他笑了起来，在你们中间将一个小包裹放在了地上。""保持警惕很明智。别忘了。"""
QUEST_WOLF_2_4_QUESTINFODATA_ACTIONS_1_ACTIONTEXT,走进石头阵，面对猎人。
QUEST_WOLF_2_4_QUESTINFODATA_ACTIONS_1_DEFAULTOUTCOME_JOURNALTEXT,然而，我们的英雄却毫不战栗。猎人被<hero_name>的故作勇敢逗乐了，但还是警告他们以后要更加小心。
QUEST_WOLF_2_4_QUESTINFODATA_ACTIONS_1_DEFAULTOUTCOME_OUTCOMETEXT,"你径直走进石环。""走进一个像这样的潜在陷阱是不明智的做法，""猎犬说道。""你还有很多东西要学。"""
QUEST_WOLF_2_4_QUESTINFODATA_ACTIONS_2_ACTIONTEXT,证明你的怀尔德力量
QUEST_WOLF_2_4_QUESTINFODATA_ACTIONS_2_DEFAULTOUTCOME_JOURNALTEXT,石阵中的身影被<hero_name>怀尔德护身符的威力震慑。他慌忙道歉，生怕遭到攻击。
QUEST_WOLF_2_4_QUESTINFODATA_ACTIONS_2_DEFAULTOUTCOME_OUTCOMETEXT,"你举起护身符。狼会看到你的实力。他迅速道歉。""你比我想象的更强大。"""
QUEST_WOLF_2_4_QUESTINFODATA_ACTIONS_3_ACTIONTEXT,出示皇家旗帜
QUEST_WOLF_2_4_QUESTINFODATA_ACTIONS_3_DEFAULTOUTCOME_JOURNALTEXT,这个人在皇家旗帜授予的国王权威下羞愧地露面。权力赢得尊重。
QUEST_WOLF_2_4_QUESTINFODATA_ACTIONS_3_DEFAULTOUTCOME_OUTCOMETEXT,"你举起皇家旗帜。""陌生人出来！国王有令。""狼不情愿地退出去。""你的影响力超出了我的认知范围。"""
QUEST_WOLF_2_4_QUESTINFODATA_ACTIONS_4_ACTIONTEXT,"""我认识这个猎人。"""
QUEST_WOLF_2_4_QUESTINFODATA_ACTIONS_4_DEFAULTOUTCOME_JOURNALTEXT,医生和猎人似乎是老战友！猎人承诺对我们的英雄效忠，并赠予小令牌以示尊重。
QUEST_WOLF_2_4_QUESTINFODATA_ACTIONS_4_DEFAULTOUTCOME_OUTCOMETEXT,"""迪根。出来！""陌生人耳语道。猎人低着头走上前。""如果你保证效忠，那么我也会。"""
QUEST_WOLF_2_4_QUESTINFODATA_ENCOUNTERTEXT,"猎犬靠着一块立起的石头。""进来吧！""他笑着说。但是他在说这话的时候有点不对劲……"
QUEST_WOLF_2_4_QUESTINFODATA_JOURNALENCOUNTERTEXT,猎人确实在他说自己会在的地方，虽然整件事情就是有点不对劲。<hero_name>不安极了。
QUEST_WOLF_2_4_QUESTINFODATA_JOURNALRUMOURTEXT,狼族一位传奇猎人要求会见<hero_name>。然而这次会面的目的确是一个谜。
QUEST_WOLF_2_4_QUESTINFODATA_RUMOURTEXT,我听说有一位狼族猎人潜伏在附近那些奇怪的石头阵里，他正在打听你叫什么。
QUEST_WOLF_2_4_QUESTINFODATA_TITLE,石头阵中的猎人
QUEST_WOLF_2_5_QUESTINFODATA_ACTIONS_0_ACTIONTEXT,冲进营地，把他们统统杀掉。
QUEST_WOLF_2_5_QUESTINFODATA_ACTIONS_0_DEFAULTOUTCOME_JOURNALTEXT,我们的英雄豁出去了，一个箭步猛冲进去——但那一天不会因为胆魄而得到奖励，因此，<hero_name>身负重伤逃走了。
QUEST_WOLF_2_5_QUESTINFODATA_ACTIONS_0_DEFAULTOUTCOME_OUTCOMETEXT,你砍倒了最近的强盗，但他们很快又重组了一队。你身上多处负伤之后逃跑了，这名法官就再没有出现过了。
QUEST_WOLF_2_5_QUESTINFODATA_ACTIONS_0_TESTSUCCESSOUTCOME_JOURNALTEXT,但是令人难以置信的困难并没有阻止我们的英雄，他利用狼族刀剑砍倒了强盗。法官得救了，强盗被杀死了。
QUEST_WOLF_2_5_QUESTINFODATA_ACTIONS_0_TESTSUCCESSOUTCOME_OUTCOMETEXT,你抽出剑，冲进营地，将他们统统杀死了。这名法官为表感恩，安排了一名忠诚的部族随从帮助你。
QUEST_WOLF_2_5_QUESTINFODATA_ACTIONS_1_ACTIONTEXT,杀出一条潜行道路，营救法官。
QUEST_WOLF_2_5_QUESTINFODATA_ACTIONS_1_DEFAULTOUTCOME_JOURNALTEXT,只有通过潜行的方法，我们的英雄才能在这一天营救成功。虽然只打倒了几名强盗，但还是很快将法官放走了。
QUEST_WOLF_2_5_QUESTINFODATA_ACTIONS_1_DEFAULTOUTCOME_OUTCOMETEXT,你决定不开战，便沿着洞穴周边缓慢爬行，放低法官的牢笼，然后偷偷安全地离开了。
QUEST_WOLF_2_5_QUESTINFODATA_ACTIONS_2_ACTIONTEXT,磨快贝恩之剑
QUEST_WOLF_2_5_QUESTINFODATA_ACTIONS_2_DEFAULTOUTCOME_JOURNALTEXT,贝恩之剑的力量赐予了<hero_name>打败每一个强盗的力量。治安官眼中的恐惧却出奇地令人满足。
QUEST_WOLF_2_5_QUESTINFODATA_ACTIONS_2_DEFAULTOUTCOME_OUTCOMETEXT,强盗们兔子尾巴长不了。你走进他们的营地，将傻瓜们击倒。治安官向你求饶。这让你不得安宁。
QUEST_WOLF_2_5_QUESTINFODATA_ACTIONS_3_ACTIONTEXT,"""他们绝不会发现我们。"""
QUEST_WOLF_2_5_QUESTINFODATA_ACTIONS_3_DEFAULTOUTCOME_JOURNALTEXT,术士的魔法足以一个接一个地消灭强盗。治安官逃走了，被<hero_name>使用的腐化吓坏了。
QUEST_WOLF_2_5_QUESTINFODATA_ACTIONS_3_DEFAULTOUTCOME_OUTCOMETEXT,术士的爪子滴淌着腐化魔法。强盗们一个接一个地惨叫倒下。治安官获释了，却因惧怕你们二人而逃走。
QUEST_WOLF_2_5_QUESTINFODATA_ACTIONS_4_ACTIONTEXT,"""让我去分散注意力。我很擅长这个！"""
QUEST_WOLF_2_5_QUESTINFODATA_ACTIONS_4_DEFAULTOUTCOME_JOURNALTEXT,依靠忠诚的傻瓜分散注意力，<hero_name>悄悄靠近笼子并释放治安官。三个人都会逃过一劫。
QUEST_WOLF_2_5_QUESTINFODATA_ACTIONS_4_DEFAULTOUTCOME_OUTCOMETEXT,你忠实的傻瓜径直走向蜂窝，闪避打击并激怒整个强盗部族，而你和治安官逃脱了。
QUEST_WOLF_2_5_QUESTINFODATA_ENCOUNTERTEXT,在营地里，你发现法官被吊在一个悬挂在洞穴天花板上的柳条笼中。现在该如何对付土匪呢？
QUEST_WOLF_2_5_QUESTINFODATA_JOURNALENCOUNTERTEXT,营地很容易找到，就在一个小山洞里，但从吊起的牢笼里救走法官却更加困难。
QUEST_WOLF_2_5_QUESTINFODATA_JOURNALRUMOURTEXT,毫无疑问，在疯狂国王的命令下，一名意志坚强的狼族法官被强盗俘虏了！我们的英雄火速赶去拯救他们。
QUEST_WOLF_2_5_QUESTINFODATA_RUMOURTEXT,当地一名忠于狼族的法官被土匪俘获了！有传言说他们在附近的平原上建了一个营地……
QUEST_WOLF_2_5_QUESTINFODATA_TITLE,被吊挂的法官
QUEST_WOLF_2_6_QUESTINFODATA_ACTIONS_0_ACTIONTEXT,昂首挺胸，站起来！挑战影子，让它显现出真实的自己。
QUEST_WOLF_2_6_QUESTINFODATA_ACTIONS_0_DEFAULTOUTCOME_JOURNALTEXT,我们的英雄虽然在努力尝试召唤神秘的身影，却被严寒夺走了知觉。<hero_name>勉强活着逃出了山。
QUEST_WOLF_2_6_QUESTINFODATA_ACTIONS_0_DEFAULTOUTCOME_OUTCOMETEXT,你试着强迫自己保持清醒，却仍然因为严寒而暂时失去了知觉。你醒来后发现自己在一个洞里，旁边生着一堆小火。你获救了……但你永远都不会知道是谁救了你。
QUEST_WOLF_2_6_QUESTINFODATA_ACTIONS_0_TESTSUCCESSOUTCOME_JOURNALTEXT,是维客尔斯！老战狼尽全力帮助<hero_name>完成任务，然后独自回到荒僻的山上。
QUEST_WOLF_2_6_QUESTINFODATA_ACTIONS_0_TESTSUCCESSOUTCOME_OUTCOMETEXT,透过白色的面纱，你看到一名老狼正走近你。维客尔斯！他向你传授了许多智慧，然后才送你上路。
QUEST_WOLF_2_6_QUESTINFODATA_ACTIONS_1_ACTIONTEXT,警告身影保持距离。
QUEST_WOLF_2_6_QUESTINFODATA_ACTIONS_1_DEFAULTOUTCOME_JOURNALTEXT,"""离远点！我手上有剑！""<hero_name>对影子发出了警告之后，他匆忙地消失了。山会保守他们的秘密。"
QUEST_WOLF_2_6_QUESTINFODATA_ACTIONS_1_DEFAULTOUTCOME_OUTCOMETEXT,在山上，安全第一，千万不要冒险。你抽出剑，然后对着身影大吼，以免它靠近。影子逐渐消退了。
QUEST_WOLF_2_6_QUESTINFODATA_ACTIONS_2_ACTIONTEXT,"""这不是恐惧的阴影，我的朋友。让我来。"""
QUEST_WOLF_2_6_QUESTINFODATA_ACTIONS_2_DEFAULTOUTCOME_JOURNALTEXT,探险者更熟悉 - 这是维客尔斯，狼族的战争英雄！三人联手抵挡住了暴风雪。
QUEST_WOLF_2_6_QUESTINFODATA_ACTIONS_2_DEFAULTOUTCOME_OUTCOMETEXT,你同意了探险者的提议，看着他们召唤阴影现身。这是维客尔斯，狼族的战争英雄！
QUEST_WOLF_2_6_QUESTINFODATA_ACTIONS_3_ACTIONTEXT,"""遮住你的眼睛！"""
QUEST_WOLF_2_6_QUESTINFODATA_ACTIONS_3_DEFAULTOUTCOME_JOURNALTEXT,寒冷是更为迫切的威胁。<hero_name>的炼金术士制造出化学之火，拯救了他们，但将阴影赶走了。
QUEST_WOLF_2_6_QUESTINFODATA_ACTIONS_3_DEFAULTOUTCOME_OUTCOMETEXT,一品脱发泡的红色粘性物质洒在雪上。烈火喷了出来。身影震惊地退后，但至少你现在感到了温暖。
QUEST_WOLF_2_6_QUESTINFODATA_ACTIONS_4_ACTIONTEXT,"""冲向掩体！跟我来！"""
QUEST_WOLF_2_6_QUESTINFODATA_ACTIONS_4_DEFAULTOUTCOME_JOURNALTEXT,风暴太猛烈。<hero_name>没有在雪中对抗身影，而是跟着自己的矿工到达一个安全的山洞。
QUEST_WOLF_2_6_QUESTINFODATA_ACTIONS_4_DEFAULTOUTCOME_OUTCOMETEXT,你的矿工不再理会那不祥的影子，带你来到附近一个安全的山洞。在里面，一具骷髅紧抓着珍贵的宝藏。
QUEST_WOLF_2_6_QUESTINFODATA_ENCOUNTERTEXT,不久，你就注意到在雪的面纱以外出现了一个奇怪的影子。可能是维客尔斯，但也可能是一个山丘巨魔。
QUEST_WOLF_2_6_QUESTINFODATA_JOURNALENCOUNTERTEXT,<hero_name>被厚厚的雪墙包围着，几个小时之后，他们便迷路了。死神似乎就要来临，但就在这时，一个影子出现了……
QUEST_WOLF_2_6_QUESTINFODATA_JOURNALRUMOURTEXT,半代人的时间以前，狼族战争英雄维客尔斯一言不发地消失了。说他就住在山上的传言是真的吗？
QUEST_WOLF_2_6_QUESTINFODATA_RUMOURTEXT,我可能是眼花了，但我发誓在探索附近山脉时看到了维客尔斯！你知道的，狼族那位老战争英雄？
QUEST_WOLF_2_6_QUESTINFODATA_TITLE,隐士
QUEST_WOLF_2_7_QUESTINFODATA_ACTIONS_0_ACTIONTEXT,征求怀尔德的建议。
QUEST_WOLF_2_7_QUESTINFODATA_ACTIONS_0_DEFAULTOUTCOME_JOURNALTEXT,我们的英雄尝试与怀尔德沟通，却似乎激怒了德鲁伊！会面以失败告终，<hero_name>逃走了。
QUEST_WOLF_2_7_QUESTINFODATA_ACTIONS_0_DEFAULTOUTCOME_OUTCOMETEXT,穿着长袍的身影被你召唤怀尔德的无力尝试激怒了。你感觉虚弱无比。你了解了怀尔德，但却付出了巨大的代价。
QUEST_WOLF_2_7_QUESTINFODATA_ACTIONS_0_TESTSUCCESSOUTCOME_JOURNALTEXT,知道这些生物与怀尔德融为一体，我们的英雄召唤了它的援助。德鲁伊消失了，却留下了一件蕴含巨力的礼物。
QUEST_WOLF_2_7_QUESTINFODATA_ACTIONS_0_TESTSUCCESSOUTCOME_OUTCOMETEXT,怀尔德的歌声回响着——你闭上双眼。但是当你睁开眼睛的时候，这些身影已经走了，之前它们所在的地方出现了一块灵石。
QUEST_WOLF_2_7_QUESTINFODATA_ACTIONS_1_ACTIONTEXT,保持距离。观察。
QUEST_WOLF_2_7_QUESTINFODATA_ACTIONS_1_DEFAULTOUTCOME_JOURNALTEXT,我们的英雄保持着安全距离，从远处观察。德鲁伊完成了它们的仪式，传授了更多关于怀尔德的知识。
QUEST_WOLF_2_7_QUESTINFODATA_ACTIONS_1_DEFAULTOUTCOME_OUTCOMETEXT,你站在石阵外，观察着这些身影和它们奇怪的仪式。它们离开时，你感觉与怀尔德的联系更强了。
QUEST_WOLF_2_7_QUESTINFODATA_ACTIONS_2_ACTIONTEXT,"""我听说过这些德鲁伊的故事。我知道该怎么做。"""
QUEST_WOLF_2_7_QUESTINFODATA_ACTIONS_2_DEFAULTOUTCOME_JOURNALTEXT,正是学徒关于魔法的知识帮助我们的英雄与德鲁伊交流，为此获得了精致的奖励。
QUEST_WOLF_2_7_QUESTINFODATA_ACTIONS_2_DEFAULTOUTCOME_OUTCOMETEXT,学徒跪倒在德鲁伊面前，嘴里说着奇怪的话语。三人向他点头，然后消失了，在身后留下一件小宝藏。
QUEST_WOLF_2_7_QUESTINFODATA_ENCOUNTERTEXT,在立石中，三个穿着长袍的身影在你面前若隐若现，他们正在举行受觐礼。这些是古时上帝般的德鲁伊吗？
QUEST_WOLF_2_7_QUESTINFODATA_JOURNALENCOUNTERTEXT,<hero_name>走近石环，世界突然融成一片阴霾。在那里，就在石头阵中间，德鲁伊正在举行受觐礼。
QUEST_WOLF_2_7_QUESTINFODATA_JOURNALRUMOURTEXT,我们的英雄正在寻找传说——人们在附近发现了古老的德鲁伊，他们古老的知识可能十分有用。
QUEST_WOLF_2_7_QUESTINFODATA_RUMOURTEXT,我不是爱八卦的人，但我听说古代德鲁伊频现阿门罗其中一个奇怪的石头阵。
QUEST_WOLF_2_7_QUESTINFODATA_TITLE,力量之环
QUEST_WOLF_2_8_QUESTINFODATA_ACTIONS_0_ACTIONTEXT,请求怀尔德停止商队。
QUEST_WOLF_2_8_QUESTINFODATA_ACTIONS_0_DEFAULTOUTCOME_JOURNALTEXT,我们的英雄试图控制怀尔德，却不料以其原始狂暴、无法驯服的力量摧毁了商队。所有人都丧命于这场毁灭中。
QUEST_WOLF_2_8_QUESTINFODATA_ACTIONS_0_DEFAULTOUTCOME_OUTCOMETEXT,一阵风吹过平原——风势如此之大，以至于将商队吹过了路堤，变得遥不可及。吉普赛人迷失了方向。
QUEST_WOLF_2_8_QUESTINFODATA_ACTIONS_0_TESTSUCCESSOUTCOME_JOURNALTEXT,怀尔德感知到我们英雄的困境，吹起一阵劲风减缓了商队的速度。先知深受打动，承诺对狼族效忠。
QUEST_WOLF_2_8_QUESTINFODATA_ACTIONS_0_TESTSUCCESSOUTCOME_OUTCOMETEXT,一阵狂风袭来；风势如此之大，以至于将商队又吹了回来。先知者说这就是命中注定，并赠予你一张随从卡牌。
QUEST_WOLF_2_8_QUESTINFODATA_ACTIONS_1_ACTIONTEXT,大声嚎叫，引起商队的注意。
QUEST_WOLF_2_8_QUESTINFODATA_ACTIONS_1_DEFAULTOUTCOME_JOURNALTEXT,我们的英雄嚎叫起来比记忆中的任何一只狼都大声，但是商队却将它当作威胁而未理会！他们匆匆离开了，再也没有出现过。
QUEST_WOLF_2_8_QUESTINFODATA_ACTIONS_1_DEFAULTOUTCOME_OUTCOMETEXT,你嚎叫得比任何同类都要大声。商队暂时停顿下来，然后又以两倍的速度全速前进，永远地从阿门罗消失了。
QUEST_WOLF_2_8_QUESTINFODATA_ACTIONS_2_ACTIONTEXT,"""来点闪光粉末……好了！"""
QUEST_WOLF_2_8_QUESTINFODATA_ACTIONS_2_DEFAULTOUTCOME_JOURNALTEXT,魔法师工具的小魔法被证明是有用的，并且<hero_name>能够吸引商队的注意。
QUEST_WOLF_2_8_QUESTINFODATA_ACTIONS_2_DEFAULTOUTCOME_OUTCOMETEXT,一些奇怪的粉末发出明亮的闪光。其中一个是魔法师的小把戏。商队看到了并掉头往回。
QUEST_WOLF_2_8_QUESTINFODATA_ACTIONS_3_ACTIONTEXT,"""商队将很快停下来！"""
QUEST_WOLF_2_8_QUESTINFODATA_ACTIONS_3_DEFAULTOUTCOME_JOURNALTEXT,与商队一起行走了一辈子意味着商人可以预计到吉普赛人将很快扎营。扎营后，我们的英雄靠近了他们。
QUEST_WOLF_2_8_QUESTINFODATA_ACTIONS_3_DEFAULTOUTCOME_OUTCOMETEXT,商人认出了商队的货物，意识到它很快就要扎营了。扎营后，你靠了过去。你的运气就等在那里。
QUEST_WOLF_2_8_QUESTINFODATA_ACTIONS_4_ACTIONTEXT,吸引商队的注意
QUEST_WOLF_2_8_QUESTINFODATA_ACTIONS_4_DEFAULTOUTCOME_JOURNALTEXT,从强大的手炮射出一枪就足以引起商队的注意。先知向<hero_name>揭示了许多事情。
QUEST_WOLF_2_8_QUESTINFODATA_ACTIONS_4_DEFAULTOUTCOME_OUTCOMETEXT,你的手炮开了火，响声响彻平原。商队停了下来。当你到达时，吉普赛人同意给你算算命。
QUEST_WOLF_2_8_QUESTINFODATA_ENCOUNTERTEXT,你发现你一直在远处以某种方式暗中监视的老吉普赛商队正加速甩开你的跟踪。你将如何及时到达呢?
QUEST_WOLF_2_8_QUESTINFODATA_JOURNALENCOUNTERTEXT,吉普赛商队十分匆忙地越过平原。如果<hero_name>要赶到先知那里，就需要有一个奇迹。
QUEST_WOLF_2_8_QUESTINFODATA_JOURNALRUMOURTEXT,我们的英雄听说有一位能预知未来的古老马戏团先知，认为也许值得一见。
QUEST_WOLF_2_8_QUESTINFODATA_RUMOURTEXT,有一个古老的吉普赛先知者和她的商队正路过附近。你可能想要见她，也许还能对未来了解个一二。
QUEST_WOLF_2_8_QUESTINFODATA_TITLE,吉普赛商队
QUEST_WOLF_2_9_QUESTINFODATA_ACTIONS_0_ACTIONTEXT,请求怀尔德制造干扰。
QUEST_WOLF_2_9_QUESTINFODATA_ACTIONS_0_DEFAULTOUTCOME_JOURNALTEXT,怀尔德是位反复无常、怨怼苛刻的主人，径直把国王守卫引到了<hero_name>面前。魔法师丧命，我们的英雄被迫逃离。
QUEST_WOLF_2_9_QUESTINFODATA_ACTIONS_0_DEFAULTOUTCOME_OUTCOMETEXT,一阵寒风吹过来——但它只是带来了国王守卫。经过一场激烈的战斗后，魔法师倒在了死亡的血泊里，你身负重伤，也逃离了现场。
QUEST_WOLF_2_9_QUESTINFODATA_ACTIONS_0_TESTSUCCESSOUTCOME_JOURNALTEXT,那天国王守卫遇上了<hero_name>这位难缠的对手，正是他拖延了追击，救下了皇家魔法师。
QUEST_WOLF_2_9_QUESTINFODATA_ACTIONS_0_TESTSUCCESSOUTCOME_OUTCOMETEXT,你召唤怀尔德在远方制造魔法师的幻影，以甩开国王守卫。魔法师安全逃离前奖励了你。
QUEST_WOLF_2_9_QUESTINFODATA_ACTIONS_1_ACTIONTEXT,拯救书卷。
QUEST_WOLF_2_9_QUESTINFODATA_ACTIONS_1_DEFAULTOUTCOME_JOURNALTEXT,在魔法师泪眼朦胧的庇佑下，我们的英雄从国王守卫手中拯救了书卷……虽然魔法师倒在了他们的利刃之下。
QUEST_WOLF_2_9_QUESTINFODATA_ACTIONS_1_DEFAULTOUTCOME_OUTCOMETEXT,魔法师将一叠书堆到你的手臂上，将自己交由命运摆布。魔法师虽然死了，但他的书卷却能够提供非常不错的洞见。
QUEST_WOLF_2_9_QUESTINFODATA_ACTIONS_2_ACTIONTEXT,用皇家赦令愚弄国王守卫。
QUEST_WOLF_2_9_QUESTINFODATA_ACTIONS_2_DEFAULTOUTCOME_JOURNALTEXT,并且帮助会以一份伪造的皇家赦令的形式提供！我们思维敏捷的英雄和魔法师毫发无损地逃出了森林。
QUEST_WOLF_2_9_QUESTINFODATA_ACTIONS_2_DEFAULTOUTCOME_OUTCOMETEXT,"""我带来了国王陛下的宽赦，""你用最威严的声音说着，同时递上伪造的文书。真是好险！"
QUEST_WOLF_2_9_QUESTINFODATA_ACTIONS_3_ACTIONTEXT,"""等等！让我分散他们的注意力。"""
QUEST_WOLF_2_9_QUESTINFODATA_ACTIONS_3_DEFAULTOUTCOME_JOURNALTEXT,多亏了出色的干扰，魔法师才得以脱身。我们英雄的诗人被证明是一位机敏而狡猾的谋士。
QUEST_WOLF_2_9_QUESTINFODATA_ACTIONS_3_DEFAULTOUTCOME_OUTCOMETEXT,诗人在树林间奔跑呼喊、手舞足蹈，为魔法师争取了逃出森林的时间。
QUEST_WOLF_2_9_QUESTINFODATA_ENCOUNTERTEXT,你看到魔法师挣扎着穿过狭窄的树木，手臂里塞满了书卷。国王守卫紧随其后。
QUEST_WOLF_2_9_QUESTINFODATA_JOURNALENCOUNTERTEXT,在森林深处，皇家魔法师努力在追赶他的国王守卫前面奔跑着。<hero_name>及时到达，帮助了他。
QUEST_WOLF_2_9_QUESTINFODATA_JOURNALRUMOURTEXT,我们的英雄听说一名不幸的皇家魔法师被迫逃离国王守卫的追赶。也许这个异教徒可以提供一些有用的信息呢？
QUEST_WOLF_2_9_QUESTINFODATA_RUMOURTEXT,一名皇家魔法师正带着他的书卷穿过附近一片森林。他的能力似乎激怒了国王守卫。可能是一个有用的盟友。
QUEST_WOLF_2_9_QUESTINFODATA_TITLE,法师和书卷
QUEST_WOLF_3_10_QUESTINFODATA_ACTIONS_0_ACTIONTEXT,扔出飞刀！割断绳子！
QUEST_WOLF_3_10_QUESTINFODATA_ACTIONS_0_DEFAULTOUTCOME_JOURNALTEXT,我们的英雄未能救下这个贵族。直到今天，远处的绞刑架发出的嘎吱嘎吱声还一直萦绕在<hero_name>耳边，挥之不去。
QUEST_WOLF_3_10_QUESTINFODATA_ACTIONS_0_DEFAULTOUTCOME_OUTCOMETEXT,你的投掷精准命中，但力道太弱，割不断绳子。守卫冲了过来，你被迫逃离。贵族的命运已定。
QUEST_WOLF_3_10_QUESTINFODATA_ACTIONS_0_TESTSUCCESSOUTCOME_JOURNALTEXT,<hero_name>展开了一场精彩的救援行动，救走了劫数难逃的贵族。为表示感谢，她给了你一个宝藏，是从宫殿里偷来的。
QUEST_WOLF_3_10_QUESTINFODATA_ACTIONS_0_TESTSUCCESSOUTCOME_OUTCOMETEXT,你抽回手。扔过去！绳子被割断了。贵族逃走了。确保安全之后，她交给你一个宝藏，是从宫殿偷来的。
QUEST_WOLF_3_10_QUESTINFODATA_ACTIONS_1_ACTIONTEXT,攻击！
QUEST_WOLF_3_10_QUESTINFODATA_ACTIONS_1_DEFAULTOUTCOME_JOURNALTEXT,我们的英雄击退了刽子手。贵族安全了，但为救她而流的血让<hero_name>心绪难安。
QUEST_WOLF_3_10_QUESTINFODATA_ACTIONS_1_DEFAULTOUTCOME_OUTCOMETEXT,<quest_tile>挑选的自卫队并不是训练有素的战士的对手。你放走了贵族，但却被迫打伤了许多惊慌失措的守卫。
QUEST_WOLF_3_10_QUESTINFODATA_ACTIONS_2_ACTIONTEXT,赶快！翅靴！
QUEST_WOLF_3_10_QUESTINFODATA_ACTIONS_2_DEFAULTOUTCOME_JOURNALTEXT,翅靴赐予我们的英雄风一般的速度。<hero_name>从绞刑架劫走了贵族，并把她带到安全地带。
QUEST_WOLF_3_10_QUESTINFODATA_ACTIONS_2_DEFAULTOUTCOME_OUTCOMETEXT,借助翅靴，你跳过守卫并从绞刑架劫走贵族。守卫们追了过来，但你速度太快。
QUEST_WOLF_3_10_QUESTINFODATA_ACTIONS_3_ACTIONTEXT,举起皇家赦令
QUEST_WOLF_3_10_QUESTINFODATA_ACTIONS_3_DEFAULTOUTCOME_JOURNALTEXT,凭着出示的皇家赦令，我们的英雄把贵族从绞刑架上救了下来。疯狂国王的残忍达到了新的顶点。
QUEST_WOLF_3_10_QUESTINFODATA_ACTIONS_3_DEFAULTOUTCOME_OUTCOMETEXT,你吠叫抗议，向前一步。守卫们迫于无奈，释放了贵族。看来法律也能为你所用，成为你的优势。
QUEST_WOLF_3_10_QUESTINFODATA_ACTIONS_4_ACTIONTEXT,使用伪装面具来接近。
QUEST_WOLF_3_10_QUESTINFODATA_ACTIONS_4_DEFAULTOUTCOME_JOURNALTEXT,没有时间计划了，并且不可能从这么远的地方采取行动。幸运的是，我们英雄的伪装面具让他们可以靠近过去，并释放贵族。
QUEST_WOLF_3_10_QUESTINFODATA_ACTIONS_4_DEFAULTOUTCOME_OUTCOMETEXT,戴上伪装面具，你轻松混过守卫并及时到达绞刑架跟前。切断绳子，然后拖走了贵族。
QUEST_WOLF_3_10_QUESTINFODATA_ENCOUNTERTEXT,城市守卫被迫执行这一残忍的差事，显得极不情愿，她们将贵族带到了绞刑架下面。绳索已经绕在脖子上了。没有时间了！
QUEST_WOLF_3_10_QUESTINFODATA_JOURNALENCOUNTERTEXT,这一凄凉的场景将发生在<quest_tile>。<hero_name>到达后只有一点时间可以利用！
QUEST_WOLF_3_10_QUESTINFODATA_JOURNALRUMOURTEXT,一名忠实的皇室顾问被宣判处以死刑。她掌握的有关疯狂国王处事方式的知识可能是无价的。
QUEST_WOLF_3_10_QUESTINFODATA_RUMOURTEXT,"""行刑！国王的顾问被判处死刑。她将被用绳子挂在脖子上吊起来，直到勒死为止！"""
QUEST_WOLF_3_10_QUESTINFODATA_TITLE,仇敌当前
QUEST_WOLF_3_11_QUESTINFODATA_ACTIONS_0_ACTIONTEXT,冲过风暴
QUEST_WOLF_3_11_QUESTINFODATA_ACTIONS_0_DEFAULTOUTCOME_JOURNALTEXT,"风暴感觉受到威胁，因而释放了所有的愤怒，打倒了我们的英雄。<hero_name>醒来时发现自己受了伤,躺在冰面上。"
QUEST_WOLF_3_11_QUESTINFODATA_ACTIONS_0_DEFAULTOUTCOME_OUTCOMETEXT,你向前冲去。风暴开始反击。世界一点点地变黑了。当你醒来时，风暴消失了，你也失去了力量。
QUEST_WOLF_3_11_QUESTINFODATA_ACTIONS_0_TESTSUCCESSOUTCOME_JOURNALTEXT,<hero_name>勇敢地抵抗着风暴的力量。它用魔法进行反击。这场混乱因一块灵石而起。
QUEST_WOLF_3_11_QUESTINFODATA_ACTIONS_0_TESTSUCCESSOUTCOME_OUTCOMETEXT,你朝前硬冲。风暴肆虐，把怒火尽数砸向你。最后它逐渐消退。在地牢里，一块灵石幽幽发光。
QUEST_WOLF_3_11_QUESTINFODATA_ACTIONS_1_ACTIONTEXT,疏散周边区域
QUEST_WOLF_3_11_QUESTINFODATA_ACTIONS_1_DEFAULTOUTCOME_JOURNALTEXT,<hero_name>带领身处危险中的人进入安全场所。虽然家园被毁了，但他们却保住了性命。
QUEST_WOLF_3_11_QUESTINFODATA_ACTIONS_1_DEFAULTOUTCOME_OUTCOMETEXT,你嚎叫着发出警告，集结所有掉队者一同逃离。风暴肆虐。托怀尔德之福，无一人丧命。
QUEST_WOLF_3_11_QUESTINFODATA_ACTIONS_2_ACTIONTEXT,“退后！”
QUEST_WOLF_3_11_QUESTINFODATA_ACTIONS_2_DEFAULTOUTCOME_JOURNALTEXT,学徒成功压制了从地下涌出的失控魔法。风暴平息，阿门罗恢复了安全。
QUEST_WOLF_3_11_QUESTINFODATA_ACTIONS_2_DEFAULTOUTCOME_OUTCOMETEXT,你的学徒举着两只爪子嗥叫着。当魔法冲向他们时，他们的眼中闪过白光。怀尔德平静下来了，但它的鸣响回荡在空中。
QUEST_WOLF_3_11_QUESTINFODATA_ACTIONS_3_ACTIONTEXT,用你的护身符让怀尔德冷静下来
QUEST_WOLF_3_11_QUESTINFODATA_ACTIONS_3_DEFAULTOUTCOME_JOURNALTEXT,凭着惊天动地的意志，我们的英雄借助怀尔德护身符让魔法恢复平静。扭曲的魔法消散了。暂时而已。
QUEST_WOLF_3_11_QUESTINFODATA_ACTIONS_3_DEFAULTOUTCOME_OUTCOMETEXT,护身符在手，你用心灵的力量逼退了风暴。随着它的消失，你感受到它的能量仍然在你体内燃烧。
QUEST_WOLF_3_11_QUESTINFODATA_ACTIONS_4_ACTIONTEXT,"""<hero_name>！救我！"""
QUEST_WOLF_3_11_QUESTINFODATA_ACTIONS_4_DEFAULTOUTCOME_JOURNALTEXT,多亏了矿工思维敏捷，她和<hero_name>封锁了矿井的入口。保护周围的土地免受内部魔法之害。
QUEST_WOLF_3_11_QUESTINFODATA_ACTIONS_4_DEFAULTOUTCOME_OUTCOMETEXT,到你了。矿工举起一块巨大的石头放到地牢的入口，你跳过去帮忙。你们一起封住了<quest_tile>的入口……
QUEST_WOLF_3_11_QUESTINFODATA_ENCOUNTERTEXT,冒着风暴，你一路抗争到地牢入口。从地牢喷出风雨交加的迷雾，汇成一股无穷无尽的洪流。
QUEST_WOLF_3_11_QUESTINFODATA_JOURNALENCOUNTERTEXT,被施了魔法的风暴从地牢的入口涌出。如果不加干预，它肯定会造成非常严重的破坏。
QUEST_WOLF_3_11_QUESTINFODATA_JOURNALRUMOURTEXT,在我们家附近回响着可怕风暴的巨响。它的怒火似乎来自<quest_tile>深处。
QUEST_WOLF_3_11_QUESTINFODATA_RUMOURTEXT,"""明晃晃的爆裂声！从地下升起！"""
QUEST_WOLF_3_11_QUESTINFODATA_TITLE,地下风暴
QUEST_WOLF_3_12_QUESTINFODATA_ACTIONS_0_ACTIONTEXT,加入搜查行动
QUEST_WOLF_3_12_QUESTINFODATA_ACTIONS_0_DEFAULTOUTCOME_JOURNALTEXT,搜查行动徒劳无果。被削弱了力量的<hero_name>被迫放弃蝙蝠，独自去完成自己的任务。
QUEST_WOLF_3_12_QUESTINFODATA_ACTIONS_0_DEFAULTOUTCOME_OUTCOMETEXT,山的意志太强大了。经过几天的搜查，为了寻找食物和取暖，你被迫撤退。
QUEST_WOLF_3_12_QUESTINFODATA_ACTIONS_0_TESTSUCCESSOUTCOME_JOURNALTEXT,<hero_name>呆在山上，协助搜查。我们的英雄放走了旅行者，旅途中多了一个同伴。
QUEST_WOLF_3_12_QUESTINFODATA_ACTIONS_0_TESTSUCCESSOUTCOME_OUTCOMETEXT,你发现旅行者被大雪困在了一个山洞里。你将他们救了出来。为表示感谢，他们其中一个承诺对你忠诚。
QUEST_WOLF_3_12_QUESTINFODATA_ACTIONS_1_ACTIONTEXT,将蝙蝠带到安全的地方
QUEST_WOLF_3_12_QUESTINFODATA_ACTIONS_1_DEFAULTOUTCOME_JOURNALTEXT,<hero_name>迫使蝙蝠回到安全的地方。蝙蝠因为失败而抛弃任务，逃走了。
QUEST_WOLF_3_12_QUESTINFODATA_ACTIONS_1_DEFAULTOUTCOME_OUTCOMETEXT,这座山太危险了。你强迫蝙蝠陪你上路。他心力交瘁，于是在三更半夜的时候动身往回走。耻辱。
QUEST_WOLF_3_12_QUESTINFODATA_ACTIONS_2_ACTIONTEXT,"""这座山对我没有秘密可言！"""
QUEST_WOLF_3_12_QUESTINFODATA_ACTIONS_2_DEFAULTOUTCOME_JOURNALTEXT,在探险者的帮助下，我们的英雄征服了大山。准备工作似乎是成功的关键。
QUEST_WOLF_3_12_QUESTINFODATA_ACTIONS_2_DEFAULTOUTCOME_OUTCOMETEXT,在探险者的帮助下，大山畅通无阻。你发现了被困在一个山洞里的旅行者。经验似乎是有用的。
QUEST_WOLF_3_12_QUESTINFODATA_ACTIONS_3_ACTIONTEXT,点燃信号弹
QUEST_WOLF_3_12_QUESTINFODATA_ACTIONS_3_DEFAULTOUTCOME_JOURNALTEXT,<quest_tile>笼罩在手炮的信号灯之下。迷路的旅行者发现了火光，并迅速靠上前来。
QUEST_WOLF_3_12_QUESTINFODATA_ACTIONS_3_DEFAULTOUTCOME_OUTCOMETEXT,手炮的声响震耳。你装上一发特制弹丸，射出一道炽热的红色信号。旅行者很快赶到。
QUEST_WOLF_3_12_QUESTINFODATA_ACTIONS_4_ACTIONTEXT,"""让我来生一堆篝火作信号！"""
QUEST_WOLF_3_12_QUESTINFODATA_ACTIONS_4_DEFAULTOUTCOME_JOURNALTEXT,铁匠给出了答案。他们利用照看锻炉的经验点起了信号火，把旅行者吸引了过来。
QUEST_WOLF_3_12_QUESTINFODATA_ACTIONS_4_DEFAULTOUTCOME_OUTCOMETEXT,铁匠在雪地里蹲了下来。很快，熊熊烈火照亮天空。旅行者循着烟找到了你们，并向你们两个道谢。
QUEST_WOLF_3_12_QUESTINFODATA_ENCOUNTERTEXT,通过搜查发现了传言的来源。一只孤独的蝙蝠，他在寻找穿越山脉时消失的同伴的踪迹。
QUEST_WOLF_3_12_QUESTINFODATA_JOURNALENCOUNTERTEXT,这个生物，也就是一只蝙蝠，正在山上搜寻他朋友留下的任何踪迹，他的朋友被山上致命的严寒夺走了性命。
QUEST_WOLF_3_12_QUESTINFODATA_JOURNALRUMOURTEXT,有人目击一头可怕的野兽在阿门罗的山峰间游荡。
QUEST_WOLF_3_12_QUESTINFODATA_RUMOURTEXT,"""怪兽！在<quest_tile>！救命啊！"""
QUEST_WOLF_3_12_QUESTINFODATA_TITLE,异乡陌客
QUEST_WOLF_3_1_QUESTINFODATA_ACTIONS_0_ACTIONTEXT,拔剑相对！战斗！
QUEST_WOLF_3_1_QUESTINFODATA_ACTIONS_0_DEFAULTOUTCOME_JOURNALTEXT,我们的英雄准备好要出击了，但敌人为数众多。虽然饰章被损毁了，但<hero_name>却在战斗中受伤了。
QUEST_WOLF_3_1_QUESTINFODATA_ACTIONS_0_DEFAULTOUTCOME_OUTCOMETEXT,强盗们是有组织的，而且，虽然你击溃了他们并损坏了饰章，但你却在这个过程中受了伤。
QUEST_WOLF_3_1_QUESTINFODATA_ACTIONS_0_TESTSUCCESSOUTCOME_JOURNALTEXT,我们的英雄纵身一跃，投入战斗中。由于已经恢复了家族的荣誉，<hero_name>拿走了他们以不正当手段获取的宝藏并离开了。
QUEST_WOLF_3_1_QUESTINFODATA_ACTIONS_0_TESTSUCCESSOUTCOME_OUTCOMETEXT,你飞身进入战斗，撕开强盗的防御。在战争的战利品中，你找到了一个伟大的宝藏。
QUEST_WOLF_3_1_QUESTINFODATA_ACTIONS_1_ACTIONTEXT,假装投降。稍后出击。
QUEST_WOLF_3_1_QUESTINFODATA_ACTIONS_1_DEFAULTOUTCOME_JOURNALTEXT,我们的英雄发现没有希望展开战斗，于是假装虚弱。夜幕降临时，<hero_name>偷回饰章并逃进了隐蔽处。
QUEST_WOLF_3_1_QUESTINFODATA_ACTIONS_1_DEFAULTOUTCOME_OUTCOMETEXT,寡不敌众，你束手就擒。夜幕降临时，你趁着强盗睡下时悄悄偷走了饰章。
QUEST_WOLF_3_1_QUESTINFODATA_ACTIONS_2_ACTIONTEXT,"""窃贼只是想要钱。这事交给我！"""
QUEST_WOLF_3_1_QUESTINFODATA_ACTIONS_2_DEFAULTOUTCOME_JOURNALTEXT,在金币大师的帮助下，<hero_name>确保了和平投降，还额外得到一些好处。
QUEST_WOLF_3_1_QUESTINFODATA_ACTIONS_2_DEFAULTOUTCOME_OUTCOMETEXT,多亏金币大师的智谋，你谈妥了强盗的投降事宜。这番狡黠的表现给了你一些日后的灵感。
QUEST_WOLF_3_1_QUESTINFODATA_ACTIONS_3_ACTIONTEXT,用手炮开火
QUEST_WOLF_3_1_QUESTINFODATA_ACTIONS_3_DEFAULTOUTCOME_JOURNALTEXT,威风凛凛的手炮把强盗们打得东倒西歪。他们的冲锋被挡住，纷纷逃窜，<quest_tile>重归安全。
QUEST_WOLF_3_1_QUESTINFODATA_ACTIONS_3_DEFAULTOUTCOME_OUTCOMETEXT,土匪们正在寻找一场简单的战斗。当枪林弹雨和死亡降临到他们身上时，他们四下逃窜，永远地离开了<quest_tile>。
QUEST_WOLF_3_1_QUESTINFODATA_ENCOUNTERTEXT,你扮上农民的装束，进入了<quest_tile>。当盗贼展开埋伏时，你并不惊讶自己看到了一群危险的老鼠！
QUEST_WOLF_3_1_QUESTINFODATA_JOURNALENCOUNTERTEXT,<hero_name> 将盗贼引进来，伪装成一个无助的旅行者。事实上，所谓的狼是一群残酷的老鼠。
QUEST_WOLF_3_1_QUESTINFODATA_JOURNALRUMOURTEXT,<hero_name>听说一伙强盗在疯狂的谋杀和盗窃活动中悬挂着家族的饰章。
QUEST_WOLF_3_1_QUESTINFODATA_RUMOURTEXT,狼族是纯粹的暴君和小偷！凶手在抢劫过程中挥舞着你的旗帜。你为什么允许他们这样做？
QUEST_WOLF_3_1_QUESTINFODATA_TITLE,恢复家族荣誉
QUEST_WOLF_3_2_QUESTINFODATA_ACTIONS_0_ACTIONTEXT,攻击！放走幼崽！
QUEST_WOLF_3_2_QUESTINFODATA_ACTIONS_0_DEFAULTOUTCOME_JOURNALTEXT,<hero_name>中了老鼠卑劣的诡计而被击败了，幼崽也被偷走了，再也没有出现过。
QUEST_WOLF_3_2_QUESTINFODATA_ACTIONS_0_DEFAULTOUTCOME_OUTCOMETEXT,老鼠做好了十足的准备。冲进营地，你却中了狡猾的圈套。老鼠四散开来，带着幼崽。
QUEST_WOLF_3_2_QUESTINFODATA_ACTIONS_0_TESTSUCCESSOUTCOME_JOURNALTEXT,<hero_name>传奇的力量将绑匪打倒了。幼崽所在的村庄将他奉为救世主。也许很快，所有阿门罗公民都会这样做。
QUEST_WOLF_3_2_QUESTINFODATA_ACTIONS_0_TESTSUCCESSOUTCOME_OUTCOMETEXT,老鼠对付不了你。他们逃走了。小狗安全了。在你英勇事迹的感召下，幼崽所在村庄的一名成员加入了你的事业。
QUEST_WOLF_3_2_QUESTINFODATA_ACTIONS_1_ACTIONTEXT,等待夜幕降临
QUEST_WOLF_3_2_QUESTINFODATA_ACTIONS_1_DEFAULTOUTCOME_JOURNALTEXT,<hero_name>退回去隐藏了起来。强盗终于渐渐入睡之后，我们的英雄悄悄溜进了营地，放走了受惊的幼崽。
QUEST_WOLF_3_2_QUESTINFODATA_ACTIONS_1_DEFAULTOUTCOME_OUTCOMETEXT,强盗睡着的时候，你潜行穿过他们的营地。你割断绑绳放出幼崽，悄然隐入泥潭弥漫的雾气。
QUEST_WOLF_3_2_QUESTINFODATA_ACTIONS_2_ACTIONTEXT,用镜子斗篷制造混乱
QUEST_WOLF_3_2_QUESTINFODATA_ACTIONS_2_DEFAULTOUTCOME_JOURNALTEXT,愚蠢的强盗被镜子斗篷的荧灯引入歧途。<hero_name>能悄悄爬回来，并解救幼崽。
QUEST_WOLF_3_2_QUESTINFODATA_ACTIONS_2_DEFAULTOUTCOME_OUTCOMETEXT,你闪动斗篷的光芒，引得老鼠一路追赶。等他们散开，你便悄悄潜回，解救了幼崽。
QUEST_WOLF_3_2_QUESTINFODATA_ACTIONS_3_ACTIONTEXT,"""让我来。他们将坠入黑暗。"""
QUEST_WOLF_3_2_QUESTINFODATA_ACTIONS_3_DEFAULTOUTCOME_JOURNALTEXT,召唤忠实术士的力量。<hero_name>在淤泥中诱捕强盗。他们永远无法离开<quest_tile>
QUEST_WOLF_3_2_QUESTINFODATA_ACTIONS_3_DEFAULTOUTCOME_OUTCOMETEXT,你的术士召唤沼泽的黑暗力量。泥淖将强盗吸下来。作为感谢，幼崽将她在征途中发现的一个装饰品给你。
QUEST_WOLF_3_2_QUESTINFODATA_ACTIONS_4_ACTIONTEXT,"""退后。我要让他们跑起来。"""
QUEST_WOLF_3_2_QUESTINFODATA_ACTIONS_4_DEFAULTOUTCOME_JOURNALTEXT,放置好的粉末和水晶石引发了一次爆炸，这让强盗们四下逃窜。炼金术士的工作完成了，我们的英雄跑过去解救幼崽。
QUEST_WOLF_3_2_QUESTINFODATA_ACTIONS_4_DEFAULTOUTCOME_OUTCOMETEXT,炼金术士蹲下来。粉末从他的衣袖滑出来。巨大的爆炸声让强盗们豕突狼奔。你赶紧解救幼崽。
QUEST_WOLF_3_2_QUESTINFODATA_ENCOUNTERTEXT,穿过扭曲的树木搜查时，你发现了一堆篝火发出的光。小狗被绑到了一根柱子上，周围有鼠族歹徒看守着。
QUEST_WOLF_3_2_QUESTINFODATA_JOURNALENCOUNTERTEXT,穿过厚厚的森林，<hero_name>发现了她。她被绑在了一根柱子上，被一群邪恶的老鼠当作俘虏。
QUEST_WOLF_3_2_QUESTINFODATA_JOURNALRUMOURTEXT,狼族幼崽为探险不慎从家族领地走失。自从她进入<quest_tile>之后，就再没有提到过她的消息。
QUEST_WOLF_3_2_QUESTINFODATA_RUMOURTEXT,"""狼族的幼崽被绑架了！你必须救她！"""
QUEST_WOLF_3_2_QUESTINFODATA_TITLE,幼崽的勇气
QUEST_WOLF_3_3_QUESTINFODATA_ACTIONS_0_ACTIONTEXT,以挑战者的身份进入
QUEST_WOLF_3_3_QUESTINFODATA_ACTIONS_0_DEFAULTOUTCOME_JOURNALTEXT,<hero_name>勇敢地展开战斗，但敌方恬不知耻！他们使用卑劣手段偷走了他的胜利。
QUEST_WOLF_3_3_QUESTINFODATA_ACTIONS_0_DEFAULTOUTCOME_OUTCOMETEXT,战士们凶猛无比，到最后一战时，你已筋疲力尽。你的对手邪恶地将你绊倒，并夺走了胜利。
QUEST_WOLF_3_3_QUESTINFODATA_ACTIONS_0_TESTSUCCESSOUTCOME_JOURNALTEXT,<hero_name>勇敢地展开战斗，从其他的挑战者手中抢夺胜利和奖品。
QUEST_WOLF_3_3_QUESTINFODATA_ACTIONS_0_TESTSUCCESSOUTCOME_OUTCOMETEXT,只有最后一名战士是个挑战。经过一个小时的打斗，你从他手中赢得了胜利并获得了一个奖品。
QUEST_WOLF_3_3_QUESTINFODATA_ACTIONS_1_ACTIONTEXT,观察战斗
QUEST_WOLF_3_3_QUESTINFODATA_ACTIONS_1_DEFAULTOUTCOME_JOURNALTEXT,我们的英雄不能冒受伤的风险，因而站在远处观看战斗。<hero_name>亟待测试自己的技能。
QUEST_WOLF_3_3_QUESTINFODATA_ACTIONS_1_DEFAULTOUTCOME_OUTCOMETEXT,你从远处观看战斗，记起已经忘记的大部分训练。你离开时没得到任何宝藏，但却已经做好充分的准备投入战斗。
QUEST_WOLF_3_3_QUESTINFODATA_ACTIONS_2_ACTIONTEXT,"""你不能冒险，但我能！"""
QUEST_WOLF_3_3_QUESTINFODATA_ACTIONS_2_DEFAULTOUTCOME_JOURNALTEXT,侍从准备证明自己，参加了比赛。我们的英雄指导他们取得了第二名。<hero_name>很自豪。
QUEST_WOLF_3_3_QUESTINFODATA_ACTIONS_2_DEFAULTOUTCOME_OUTCOMETEXT,你的侍从乞求你允许参加。你同意了，并指导他们取得了不错的第二名。侍从已经做得很好了。
QUEST_WOLF_3_3_QUESTINFODATA_ACTIONS_3_ACTIONTEXT,武装起来，然后参赛
QUEST_WOLF_3_3_QUESTINFODATA_ACTIONS_3_DEFAULTOUTCOME_JOURNALTEXT,在比赛的开始阶段，御盾保护着我们的英雄。<hero_name>进入比赛，并轻松夺取了一个较小的奖品。
QUEST_WOLF_3_3_QUESTINFODATA_ACTIONS_3_DEFAULTOUTCOME_OUTCOMETEXT,在御盾的保护下，你参赛后无惧受伤。你避开最后几轮的风险，但赢得了一个较小的奖品。
QUEST_WOLF_3_3_QUESTINFODATA_ACTIONS_4_ACTIONTEXT,受贝恩之刃的鼓舞，一次挑战他们所有人！
QUEST_WOLF_3_3_QUESTINFODATA_ACTIONS_4_DEFAULTOUTCOME_JOURNALTEXT,<hero_name>一次挑战每个战士。有了贝恩之刃在手，任何敌人都难逃一死。
QUEST_WOLF_3_3_QUESTINFODATA_ACTIONS_4_DEFAULTOUTCOME_OUTCOMETEXT,在出色技​​能的展示中，你化解了他们的猛攻。当你离开的时候，他们在低语你的名字。你使用起剑来得心应手。
QUEST_WOLF_3_3_QUESTINFODATA_ENCOUNTERTEXT,到达战场时，你面对的是一百名表情坚毅的战士。这不是一场容易的考验！
QUEST_WOLF_3_3_QUESTINFODATA_JOURNALENCOUNTERTEXT,比赛中充满了许多有抱负的挑战者，他们都精于战斗。
QUEST_WOLF_3_3_QUESTINFODATA_JOURNALRUMOURTEXT,我们的英雄听说将举行一场比赛，以纪念国王登上王位。
QUEST_WOLF_3_3_QUESTINFODATA_RUMOURTEXT,战士们！来证明你们自己的实力吧！比赛即将在这里展开！
QUEST_WOLF_3_3_QUESTINFODATA_TITLE,冠军之赏
QUEST_WOLF_3_4_QUESTINFODATA_ACTIONS_0_ACTIONTEXT,观察会议
QUEST_WOLF_3_4_QUESTINFODATA_ACTIONS_0_DEFAULTOUTCOME_JOURNALTEXT,当<hero_name>蹑手蹑脚地穿过营地时，一名兴奋的幼崽发现了我们的英雄。狼逃跑了，他们召开会议的原因仍是个未解之谜。
QUEST_WOLF_3_4_QUESTINFODATA_ACTIONS_0_DEFAULTOUTCOME_OUTCOMETEXT,你偷偷靠近篝火。不料，一只幼崽发现了你，开始嚎叫起来，你还没来得及偷听。狼群散开，他们召开会议的原因不明。
QUEST_WOLF_3_4_QUESTINFODATA_ACTIONS_0_TESTSUCCESSOUTCOME_JOURNALTEXT,<hero_name>渗入会议中。在会议进行到高潮时，你从隐蔽处突然冲出来，获得了不知所措的狼群的忠诚。
QUEST_WOLF_3_4_QUESTINFODATA_ACTIONS_0_TESTSUCCESSOUTCOME_OUTCOMETEXT,"狼群实际上在质疑你的智力。为证明你的""精明""，你突然从隐蔽处冲出来。他们的首领很满意，于是加入了你。"
QUEST_WOLF_3_4_QUESTINFODATA_ACTIONS_1_ACTIONTEXT,拔剑相对。让叛国者去死。
QUEST_WOLF_3_4_QUESTINFODATA_ACTIONS_1_DEFAULTOUTCOME_JOURNALTEXT,<hero_name>依靠他们的声誉，利用一把刀平息了任何反抗的想法。
QUEST_WOLF_3_4_QUESTINFODATA_ACTIONS_1_DEFAULTOUTCOME_OUTCOMETEXT,你用狼族的刀剑向背叛发起挑战，提醒你的狼群谁才是最强者。他们不情不愿地跪下了。
QUEST_WOLF_3_4_QUESTINFODATA_ACTIONS_2_ACTIONTEXT,"""微妙？你有没有听说过<hero_name>的精妙之处？"""
QUEST_WOLF_3_4_QUESTINFODATA_ACTIONS_2_DEFAULTOUTCOME_JOURNALTEXT,见此情景，我们英雄的诗人向前一跃，唱起<hero_name>的冒险事迹。这些故事似乎化解了狼群的疑虑。
QUEST_WOLF_3_4_QUESTINFODATA_ACTIONS_2_DEFAULTOUTCOME_OUTCOMETEXT,你的诗人讲到了你每一个英勇事迹的故事。讲完的时候，狼还记得他们为什么首先发誓效忠。
QUEST_WOLF_3_4_QUESTINFODATA_ACTIONS_3_ACTIONTEXT,"""智力？这就是为什么我在这里！"""
QUEST_WOLF_3_4_QUESTINFODATA_ACTIONS_3_DEFAULTOUTCOME_JOURNALTEXT,狼被商人的话羞辱，重申对<hero_name>的效忠。忠诚度是很重要的，而我们的英雄可以指挥它。
QUEST_WOLF_3_4_QUESTINFODATA_ACTIONS_3_DEFAULTOUTCOME_OUTCOMETEXT,"你的商人走上前。""<hero_name>拥有智力去请教。""他瞪着眼。""也有抓住你在暗处密谋的智力。"""
QUEST_WOLF_3_4_QUESTINFODATA_ACTIONS_4_ACTIONTEXT,"""做个榜样"""
QUEST_WOLF_3_4_QUESTINFODATA_ACTIONS_4_DEFAULTOUTCOME_JOURNALTEXT,面对<hero_name>的愤怒，狼重申了他们的忠诚。只需要一条人命，这对乌鸦嘴匕首而言轻而易举。
QUEST_WOLF_3_4_QUESTINFODATA_ACTIONS_4_DEFAULTOUTCOME_OUTCOMETEXT,"你将乌鸦嘴匕首握在手中靠了过去。在狼反应之前，你一跃而起，并干掉了长老。""够微妙？""你咆哮着说。"
QUEST_WOLF_3_4_QUESTINFODATA_ENCOUNTERTEXT,到达会议场地之后，你看到一群狼围在一堆篝火四周。他们似乎正在质疑你是否足够精明可以统治。
QUEST_WOLF_3_4_QUESTINFODATA_JOURNALENCOUNTERTEXT,狼群的秘密被揭开了。他们确实在秘密召开会议。<hero_name>肯定不能让他们得逞。
QUEST_WOLF_3_4_QUESTINFODATA_JOURNALRUMOURTEXT,<hero_name>听说狼族成员计划背着他们召开一次秘密会议。会议将在<quest_tile>举行。
QUEST_WOLF_3_4_QUESTINFODATA_RUMOURTEXT,"""狼族在这里召开了一个会议。你不应该知道的。"""
QUEST_WOLF_3_4_QUESTINFODATA_TITLE,朋友之疑
QUEST_WOLF_3_5_QUESTINFODATA_ACTIONS_0_ACTIONTEXT,说服暴徒放过这个村庄。
QUEST_WOLF_3_5_QUESTINFODATA_ACTIONS_0_DEFAULTOUTCOME_JOURNALTEXT,暴徒的愤怒遏止不住。<hero_name>被迫逃离，将蟾蜍交由可怕的命运摆布。
QUEST_WOLF_3_5_QUESTINFODATA_ACTIONS_0_DEFAULTOUTCOME_OUTCOMETEXT,愤怒的暴徒指责你同情小偷。他们发起攻击。你被迫逃离，蟾蜍的家园在你身后熊熊燃烧起来。
QUEST_WOLF_3_5_QUESTINFODATA_ACTIONS_0_TESTSUCCESSOUTCOME_JOURNALTEXT,只有<hero_name>进行熟练的谈判才能拯救这个村庄。为表示感谢，蟾蜍将宝藏献给了我们的英雄。
QUEST_WOLF_3_5_QUESTINFODATA_ACTIONS_0_TESTSUCCESSOUTCOME_OUTCOMETEXT,暴徒受你的口才左右。他们安然无恙地离开了村子。蟾蜍为了对你表示感谢，将他们隐藏的宝藏之一献给了你。
QUEST_WOLF_3_5_QUESTINFODATA_ACTIONS_1_ACTIONTEXT,捣毁贼窝
QUEST_WOLF_3_5_QUESTINFODATA_ACTIONS_1_DEFAULTOUTCOME_JOURNALTEXT,<hero_name>牵头发起了摧毁蟾蜍村的行动。为了阿门罗的利益，必须做出牺牲。小偷必须受到惩罚。
QUEST_WOLF_3_5_QUESTINFODATA_ACTIONS_1_DEFAULTOUTCOME_OUTCOMETEXT,你将被冤枉村民的愤怒发泄到倒霉的蟾蜍身上。无论有罪与否，他们的村庄被烧毁了。正义得以伸张。
QUEST_WOLF_3_5_QUESTINFODATA_ACTIONS_2_ACTIONTEXT,"""你必须过我这关！"""
QUEST_WOLF_3_5_QUESTINFODATA_ACTIONS_2_DEFAULTOUTCOME_JOURNALTEXT,我们英雄的狂战士不会让无辜者蒙冤倒下。他站在人群前面，用目光压到他们。单枪匹马。
QUEST_WOLF_3_5_QUESTINFODATA_ACTIONS_2_DEFAULTOUTCOME_OUTCOMETEXT,狂战士是蟾蜍和暴徒之间的一堵肉体和钢铁之墙。无人敢触发他无尽的愤怒。
QUEST_WOLF_3_5_QUESTINFODATA_ACTIONS_3_ACTIONTEXT,吓走暴徒
QUEST_WOLF_3_5_QUESTINFODATA_ACTIONS_3_DEFAULTOUTCOME_JOURNALTEXT,暴徒不得不停下来。因为他们不听道理，我们的英雄通过激活诅咒的贝恩之爪使他们在恐慌中逃离。
QUEST_WOLF_3_5_QUESTINFODATA_ACTIONS_3_DEFAULTOUTCOME_OUTCOMETEXT,如果你不能带来希望，就带来恐惧。你从贝恩之爪中放出一些被捕获的腐化。暴徒逃走了。其中一个掉落了一件有用的武器。
QUEST_WOLF_3_5_QUESTINFODATA_ACTIONS_4_ACTIONTEXT,举起皇家旗帜
QUEST_WOLF_3_5_QUESTINFODATA_ACTIONS_4_DEFAULTOUTCOME_JOURNALTEXT,我们的英雄以国王的名义呼吁和平。虽然没有遭到攻击，但让他们却步的是<hero_name>的话，而非国王的话。
QUEST_WOLF_3_5_QUESTINFODATA_ACTIONS_4_DEFAULTOUTCOME_OUTCOMETEXT,国王的话仍然有分量。你介入暴徒和营地之间。没有人当出头鸟。没有流血牺牲。
QUEST_WOLF_3_5_QUESTINFODATA_ENCOUNTERTEXT,在一群愤怒的暴徒前面，你冲进泥潭之中。穿过一片倒胃口的迷雾，蟾蜍村进入了视野之中。暴徒们发出血腥呼唤！
QUEST_WOLF_3_5_QUESTINFODATA_JOURNALENCOUNTERTEXT,在泥潭深处水域，小偷被暴露了出来。一个小小的蟾蜍村庄隐藏在迷雾中。
QUEST_WOLF_3_5_QUESTINFODATA_JOURNALRUMOURTEXT,一群不满的农民请求我们的英雄带领他们袭击躲在<quest_tile>的小偷
QUEST_WOLF_3_5_QUESTINFODATA_RUMOURTEXT,"""污秽的生物潜伏在沼泽中。他们偷我们农场的东西！你愿意带领我们对抗他们吗？"""
QUEST_WOLF_3_5_QUESTINFODATA_TITLE,泥潭蟾蜍
QUEST_WOLF_3_6_QUESTINFODATA_ACTIONS_0_ACTIONTEXT,说服马戏团继续前进
QUEST_WOLF_3_6_QUESTINFODATA_ACTIONS_0_DEFAULTOUTCOME_JOURNALTEXT,戏团虽然在继续前进，但却是牢骚满腹，抱怨声此起彼伏。直到我们的英雄意识到自己的钱包不见了，<hero_name>才感觉任务完成了。
QUEST_WOLF_3_6_QUESTINFODATA_ACTIONS_0_DEFAULTOUTCOME_OUTCOMETEXT,鹿被激怒了，厉声辱骂开来，然后愤然离开。他们走了很久之后，你才意识到自己的口袋被扒了。
QUEST_WOLF_3_6_QUESTINFODATA_ACTIONS_0_TESTSUCCESSOUTCOME_JOURNALTEXT,在<hero_name>的请求下，鹿同意离开。他们留下了一块灵石作为礼物。鹿族确实奇怪。
QUEST_WOLF_3_6_QUESTINFODATA_ACTIONS_0_TESTSUCCESSOUTCOME_OUTCOMETEXT,占卜者困惑不已，便接受了你的请求。她命令她的弟兄们走开。她离开之前，对你低声说了一个神秘的谜语，并将什么东西塞到了你手里。
QUEST_WOLF_3_6_QUESTINFODATA_ACTIONS_1_ACTIONTEXT,威胁鹿
QUEST_WOLF_3_6_QUESTINFODATA_ACTIONS_1_DEFAULTOUTCOME_JOURNALTEXT,鹿来时多快，离开时就有多快。他们离开时，怀尔德似乎受到了扰动。或许鹿族德鲁伊的传说是真的……
QUEST_WOLF_3_6_QUESTINFODATA_ACTIONS_1_DEFAULTOUTCOME_OUTCOMETEXT,鹿悄无声息地收拾行装离开了。当他们在地平线上消失时，你感到有什么不对劲。怀尔德躁动不安。
QUEST_WOLF_3_6_QUESTINFODATA_ACTIONS_2_ACTIONTEXT,"""小心，他们在监视……"""
QUEST_WOLF_3_6_QUESTINFODATA_ACTIONS_2_DEFAULTOUTCOME_JOURNALTEXT,鹿比当初所想的更危险。幸运的是，<hero_name>的王牌间谍很快就提醒我们的英雄，然后他们逃走了。
QUEST_WOLF_3_6_QUESTINFODATA_ACTIONS_2_DEFAULTOUTCOME_OUTCOMETEXT,有个声音在你耳边提醒你鹿的敌视目光。你意识到自己面临的风险然后离开。你的王牌间谍点头表示赞同。
QUEST_WOLF_3_6_QUESTINFODATA_ACTIONS_3_ACTIONTEXT,"""<hero_name>，我们必须离开。现在！"""
QUEST_WOLF_3_6_QUESTINFODATA_ACTIONS_3_DEFAULTOUTCOME_JOURNALTEXT,鹿是王牌盗贼。幸运的是，<hero_name>的同伴们只是好一点。
QUEST_WOLF_3_6_QUESTINFODATA_ACTIONS_3_DEFAULTOUTCOME_OUTCOMETEXT,"你的魔法师将你拖离营地。""他们扒了你的口袋。""他说着，举起一个钱袋。""我又把它扒了回来。"""
QUEST_WOLF_3_6_QUESTINFODATA_ENCOUNTERTEXT,到<quest_tile>之后，你朝着马戏团营地走去。他们确实很奇怪。一名雄鹿占卜者朝你这边走过来。
QUEST_WOLF_3_6_QUESTINFODATA_JOURNALENCOUNTERTEXT,<hero_name>找到了马戏团。里面的鹿族确实非常古怪。也许是他们在幕后操纵着奇怪的魔法。
QUEST_WOLF_3_6_QUESTINFODATA_JOURNALRUMOURTEXT,奇怪的魔法导致<quest_tile>天气发生了变化。据说是一个神秘的鹿族马戏团造成的。
QUEST_WOLF_3_6_QUESTINFODATA_RUMOURTEXT,天空在几秒钟从暴风雨闪变为大晴天！我知道一定是该死的鹿族马戏团在背后操纵着！要给他们一个教训！
QUEST_WOLF_3_6_QUESTINFODATA_TITLE,暴风雨和晴天
QUEST_WOLF_3_7_QUESTINFODATA_ACTIONS_0_ACTIONTEXT,唤起内心的力量。挣脱束缚！
QUEST_WOLF_3_7_QUESTINFODATA_ACTIONS_0_DEFAULTOUTCOME_JOURNALTEXT,<hero_name>成功打败了这头野兽，但却在这个过程中因其有毒的腐化而受伤。
QUEST_WOLF_3_7_QUESTINFODATA_ACTIONS_0_DEFAULTOUTCOME_OUTCOMETEXT,贝恩与你展开抗争。你挣开了它的控制，但仍被这个生物的喙刺入身体，毒害了你的灵魂。
QUEST_WOLF_3_7_QUESTINFODATA_ACTIONS_0_TESTSUCCESSOUTCOME_JOURNALTEXT,贝恩被击败了，它逃到了地牢的深处，留下一个伟大的宝藏。
QUEST_WOLF_3_7_QUESTINFODATA_ACTIONS_0_TESTSUCCESSOUTCOME_OUTCOMETEXT,你感觉你的精神爆发了。怀尔德正在你的体内流淌。贝恩尖叫着。它逃到黑暗之中，在逃跑的过程中丢下了什么东西。
QUEST_WOLF_3_7_QUESTINFODATA_ACTIONS_1_ACTIONTEXT,拔出匕首
QUEST_WOLF_3_7_QUESTINFODATA_ACTIONS_1_DEFAULTOUTCOME_JOURNALTEXT,<hero_name>死里逃生，击败了贝恩。如果月之嚎兽看到了这场战斗，他们定会感到羞耻。
QUEST_WOLF_3_7_QUESTINFODATA_ACTIONS_1_DEFAULTOUTCOME_OUTCOMETEXT,这场斗争混乱无比，毫无威严。尽管今天获胜了，但是如果你对国王犯下这样一个错误，你肯定会被杀死的。
QUEST_WOLF_3_7_QUESTINFODATA_ACTIONS_2_ACTIONTEXT,拿到月之镰刀
QUEST_WOLF_3_7_QUESTINFODATA_ACTIONS_2_DEFAULTOUTCOME_JOURNALTEXT,贝恩见到月之镰刀便畏缩不前。<hero_name>得以击败他，为倒下的狼报仇。
QUEST_WOLF_3_7_QUESTINFODATA_ACTIONS_2_DEFAULTOUTCOME_OUTCOMETEXT,右臂被定住，你用左手夺取月之镰刀。贝恩跳回。你武器一抡，将其击倒。
QUEST_WOLF_3_7_QUESTINFODATA_ACTIONS_3_ACTIONTEXT,头槌！
QUEST_WOLF_3_7_QUESTINFODATA_ACTIONS_3_DEFAULTOUTCOME_JOURNALTEXT,在英雄头盔的保护下，<hero_name>能挫败贝恩的攻击，并迫使其逃走。
QUEST_WOLF_3_7_QUESTINFODATA_ACTIONS_3_DEFAULTOUTCOME_OUTCOMETEXT,英雄头盔会保护你！你猛地将头后仰。咔擦！喙缘到处飞舞。动物发出尖叫，并且逃走了。
QUEST_WOLF_3_7_QUESTINFODATA_ENCOUNTERTEXT,你潜入地牢，抽出刀，准备战斗。狼的尸体扔了一地。你还没来得及伸手拿到你的剑，手腕就被贝恩的魔爪抓住了。
QUEST_WOLF_3_7_QUESTINFODATA_JOURNALENCOUNTERTEXT,<hero_name>潜入<quest_tile>深处。月之嚎兽已经死在了灵石上。当<hero_name>看到他们时，贝恩展开了一场伏击。
QUEST_WOLF_3_7_QUESTINFODATA_JOURNALRUMOURTEXT,月之嚎兽——勇敢的狼族战士——前去追猎逃进<quest_tile>的贝恩，至今未归。
QUEST_WOLF_3_7_QUESTINFODATA_RUMOURTEXT,"月之嚎兽！勇敢的狼族战士。我们家族的冠军消失在了黑暗之中。"""
QUEST_WOLF_3_7_QUESTINFODATA_TITLE,贝恩杀手
QUEST_WOLF_3_8_QUESTINFODATA_ACTIONS_0_ACTIONTEXT,安然度过噩梦
QUEST_WOLF_3_8_QUESTINFODATA_ACTIONS_0_DEFAULTOUTCOME_JOURNALTEXT,不管怀尔德施了什么魔法，造成了这些给我们英雄以沉重打击的噩梦。<hero_name>的力量被削弱了，陷入了困境。
QUEST_WOLF_3_8_QUESTINFODATA_ACTIONS_0_DEFAULTOUTCOME_OUTCOMETEXT,噩梦仍在继续。很快，你无法再忍受它了，便醒来了，像一只小狗一样呜咽着。这场苦难削弱了你的力量。
QUEST_WOLF_3_8_QUESTINFODATA_ACTIONS_0_TESTSUCCESSOUTCOME_JOURNALTEXT,不管是什么奇怪的魔法造成了这些噩梦，似乎都认定<hero_name>配得上这份考验。我们的英雄醒来时变得更强，还获得了一份馈赠。
QUEST_WOLF_3_8_QUESTINFODATA_ACTIONS_0_TESTSUCCESSOUTCOME_OUTCOMETEXT,为了磨练自己，你尽力抑制自己的恐惧。这些噩梦失去了焦点。醒来时，你感觉有块冰冷的石头在你爪上。
QUEST_WOLF_3_8_QUESTINFODATA_ACTIONS_1_ACTIONTEXT,将自己掐醒
QUEST_WOLF_3_8_QUESTINFODATA_ACTIONS_1_DEFAULTOUTCOME_JOURNALTEXT,我们的英雄被噩梦打败，对于怀尔德对阿门罗的奇怪控制一无所知。
QUEST_WOLF_3_8_QUESTINFODATA_ACTIONS_1_DEFAULTOUTCOME_OUTCOMETEXT,你恢复了意识，出汗不止，疲惫不堪。随着你对噩梦的记忆逐渐变淡，你听见了一阵奇怪的笑声，你感到自己的脊背发凉。
QUEST_WOLF_3_8_QUESTINFODATA_ACTIONS_2_ACTIONTEXT,喝了这个。它就不会发作了。
QUEST_WOLF_3_8_QUESTINFODATA_ACTIONS_2_DEFAULTOUTCOME_JOURNALTEXT,<hero_name>的医生指出梦境的伤害，给了他们一剂强心剂以阻止发作。这种药麻木了梦境，停止了任何伤害。
QUEST_WOLF_3_8_QUESTINFODATA_ACTIONS_2_DEFAULTOUTCOME_OUTCOMETEXT,你的医生强制将恶臭的药灌进了你的喉咙。它火烧火辣，但随后一阵愉悦的麻木缓和了疼痛，你承受住了梦境。
QUEST_WOLF_3_8_QUESTINFODATA_ACTIONS_3_ACTIONTEXT,"""睡吧。一切都很好。"""
QUEST_WOLF_3_8_QUESTINFODATA_ACTIONS_3_DEFAULTOUTCOME_JOURNALTEXT,借助聪明傻瓜的奇怪方式，<hero_name>能够抵抗怀尔德魔法，并抢夺其力量的一小部分。
QUEST_WOLF_3_8_QUESTINFODATA_ACTIONS_3_DEFAULTOUTCOME_OUTCOMETEXT,一个声音回响在你脑海。当你睡眠加深时，梦境褪去。醒来后，你的傻瓜俯身看着你，带着招牌式的灿烂微笑。
QUEST_WOLF_3_8_QUESTINFODATA_ACTIONS_4_ACTIONTEXT,吸走魔法
QUEST_WOLF_3_8_QUESTINFODATA_ACTIONS_4_DEFAULTOUTCOME_JOURNALTEXT,扭曲<hero_name>心灵的邪恶魔法被<hero_name>的傀儡抵消。我们的英雄会很好地利用它。
QUEST_WOLF_3_8_QUESTINFODATA_ACTIONS_4_DEFAULTOUTCOME_OUTCOMETEXT,你强迫自己向上摸索傀儡。当你摸到它时，梦境消失了。你发誓傀儡的脸痛苦地扭曲着。
QUEST_WOLF_3_8_QUESTINFODATA_ENCOUNTERTEXT,你在<quest_tile>扎营。当睡意终于来临的时候，你的脑海里却突然浮现出令人难以忘怀的异象。
QUEST_WOLF_3_8_QUESTINFODATA_JOURNALENCOUNTERTEXT,与传言一样，<hero_name>深受各种异象和窃窃私语的声音的折磨。
QUEST_WOLF_3_8_QUESTINFODATA_JOURNALRUMOURTEXT,阿门罗公民被噩梦困扰。那些在石头阵附近的休息者似乎最危险。
QUEST_WOLF_3_8_QUESTINFODATA_RUMOURTEXT,随着腐化对这片土地的控制日益收紧，兜帽身影立于石环之中的怪梦一直困扰着阿门罗的居民。
QUEST_WOLF_3_8_QUESTINFODATA_TITLE,黑暗中的异象
QUEST_WOLF_3_9_QUESTINFODATA_ACTIONS_0_ACTIONTEXT,召唤怀尔德净化腐化野兽
QUEST_WOLF_3_9_QUESTINFODATA_ACTIONS_0_DEFAULTOUTCOME_JOURNALTEXT,怀尔德难以控驭。当<hero_name>召唤它时，有什么地方出了问题。这个生物与幼兔一起逃跑了。
QUEST_WOLF_3_9_QUESTINFODATA_ACTIONS_0_DEFAULTOUTCOME_OUTCOMETEXT,怀尔德正在你的体内流淌。出事儿了。一瞬间的痛苦！你瘫倒下来。当你醒来时，野兽和幼兔都不见了。
QUEST_WOLF_3_9_QUESTINFODATA_ACTIONS_0_TESTSUCCESSOUTCOME_JOURNALTEXT,<hero_name>抑制自己不使用暴力。他召唤怀尔德的力量来治愈野兽。治愈后，野兽宣誓效忠于他。
QUEST_WOLF_3_9_QUESTINFODATA_ACTIONS_0_TESTSUCCESSOUTCOME_OUTCOMETEXT,你引导怀尔德的力量，感受它在你体内奔涌，不禁放声嚎叫。腐化从这生物身上燃尽。它痊愈了，跪在你面前
QUEST_WOLF_3_9_QUESTINFODATA_ACTIONS_1_ACTIONTEXT,杀死那个生物
QUEST_WOLF_3_9_QUESTINFODATA_ACTIONS_1_DEFAULTOUTCOME_JOURNALTEXT,<hero_name>在山顶上与生物展开战斗，最后杀死了它。必须阻止腐化的侵蚀。
QUEST_WOLF_3_9_QUESTINFODATA_ACTIONS_1_DEFAULTOUTCOME_OUTCOMETEXT,野兽没有机会对抗你的力量。你杀死了它，为它曾经可能是多么高贵的生物而唏嘘不已。
QUEST_WOLF_3_9_QUESTINFODATA_ACTIONS_2_ACTIONTEXT,武装自己
QUEST_WOLF_3_9_QUESTINFODATA_ACTIONS_2_DEFAULTOUTCOME_JOURNALTEXT,腐兽的力量不足以刺破我们英雄的狮心胸甲。<hero_name>干掉了这个生物，救出了幼兔。
QUEST_WOLF_3_9_QUESTINFODATA_ACTIONS_2_DEFAULTOUTCOME_OUTCOMETEXT,当你靠近时，野兽开始冲锋。它的爪子从你的狮心胸甲反弹开，毫发无损。你击倒它并解救了幼崽。
QUEST_WOLF_3_9_QUESTINFODATA_ACTIONS_3_ACTIONTEXT,举起怀尔德法杖
QUEST_WOLF_3_9_QUESTINFODATA_ACTIONS_3_DEFAULTOUTCOME_JOURNALTEXT,借助怀尔德焰杖的力量，<hero_name>将阿门罗从这头生物的暴政中解救出来。 
QUEST_WOLF_3_9_QUESTINFODATA_ACTIONS_3_DEFAULTOUTCOME_OUTCOMETEXT,你举起法杖。寒意贯穿全身。它发出光芒。野兽爆炸成碎片。怀尔德的力量在你体内翻腾。
QUEST_WOLF_3_9_QUESTINFODATA_ENCOUNTERTEXT,到达山上之后，你开始在岩石上攀爬，追踪野兽。你发现它正在它的兽穴巡逻。兔群肯定在里面！
QUEST_WOLF_3_9_QUESTINFODATA_JOURNALENCOUNTERTEXT,<hero_name>翻过山追踪生物。在最高的山峰上，我们的英雄发现了他的兽穴，入口处骨头散落了一地。
QUEST_WOLF_3_9_QUESTINFODATA_JOURNALRUMOURTEXT,一只幼兔被一只受致命腐化侵蚀的野兽拖到了<quest_tile>的峭壁上。
QUEST_WOLF_3_9_QUESTINFODATA_RUMOURTEXT,"""我的孩子！我的孩子被腐化的野兽带走了！野兽把他拖上了山！"""
QUEST_WOLF_3_9_QUESTINFODATA_TITLE,净化
QUEST_WOLF_4_10_QUESTINFODATA_ACTIONS_0_ACTIONTEXT,撬开蛇的咽喉，拯救小狗！
QUEST_WOLF_4_10_QUESTINFODATA_ACTIONS_0_DEFAULTOUTCOME_JOURNALTEXT,<hero_name>向前跑去，试图强行掰开蛇的嘴巴！唉，我们的英雄不够强大，无法拯救可怜的小狗，它就这样丧命了。
QUEST_WOLF_4_10_QUESTINFODATA_ACTIONS_0_DEFAULTOUTCOME_OUTCOMETEXT,蛇出击了！你在蛇咬住你的时候抓到了它，但却没有力量迫使它张开嘴巴。你受伤了，小狗也丧命了。
QUEST_WOLF_4_10_QUESTINFODATA_ACTIONS_0_TESTSUCCESSOUTCOME_JOURNALTEXT,<hero_name>向前冲过去，掰开并击碎了它的嘴巴，从而拯救了年幼的小狗，这一英勇的壮举至今仍广为颂传！
QUEST_WOLF_4_10_QUESTINFODATA_ACTIONS_0_TESTSUCCESSOUTCOME_OUTCOMETEXT,蛇出击了，你也出手了！你在它咬住的瞬间抓住它的下巴并用力掰开，把受惊不已但还活着的小狗从它的食道里拉了出来。
QUEST_WOLF_4_10_QUESTINFODATA_ACTIONS_1_ACTIONTEXT,杀掉蛇。
QUEST_WOLF_4_10_QUESTINFODATA_ACTIONS_1_DEFAULTOUTCOME_JOURNALTEXT,<hero_name>对着蛇大肆挥击并刺穿了它的身体，成就了一段史诗之战——但当毒蛇被杀死的时候，年幼无辜的小狗也不幸丧命。
QUEST_WOLF_4_10_QUESTINFODATA_ACTIONS_1_DEFAULTOUTCOME_OUTCOMETEXT,你闪避着蛇的袭击，有条不紊地消耗它的力气。不幸的是，当你杀死它的时候，小狗也早已丧命。
QUEST_WOLF_4_10_QUESTINFODATA_ACTIONS_2_ACTIONTEXT,"""幼崽不会有事！攻击！"""
QUEST_WOLF_4_10_QUESTINFODATA_ACTIONS_2_DEFAULTOUTCOME_JOURNALTEXT,药剂师知道他可以拯救幼崽。他敦促我们的英雄开展攻击。<hero_name>勉强做到了。幼崽的确得救了。
QUEST_WOLF_4_10_QUESTINFODATA_ACTIONS_2_DEFAULTOUTCOME_OUTCOMETEXT,"你咬牙切齿并展开攻击。野兽倒下了，而幼崽从它的下颚翻滚下来。你的医生跳到她身旁。""她会活下来。"""
QUEST_WOLF_4_10_QUESTINFODATA_ACTIONS_3_ACTIONTEXT,"""我知道有首曲子正好能催眠这条蛇！"""
QUEST_WOLF_4_10_QUESTINFODATA_ACTIONS_3_DEFAULTOUTCOME_JOURNALTEXT,但这是<hero_name>忠实的诗人扭转了败局！当他演奏催眠乐曲时，我们的英雄干掉了蛇并解救了小狗！
QUEST_WOLF_4_10_QUESTINFODATA_ACTIONS_3_DEFAULTOUTCOME_OUTCOMETEXT,你忠实的诗人演奏曲调将蛇催眠得恍恍惚惚——降低其防卫足以让你干掉它，并安全地解救小狗。
QUEST_WOLF_4_10_QUESTINFODATA_ACTIONS_4_ACTIONTEXT,提供一份更有趣的餐点
QUEST_WOLF_4_10_QUESTINFODATA_ACTIONS_4_DEFAULTOUTCOME_JOURNALTEXT,蛇的黑眼睛显露出黑暗的饥饿感。我们的英雄让侍从吸引他的注意力。当野兽东张西望时，<hero_name>干掉了它。
QUEST_WOLF_4_10_QUESTINFODATA_ACTIONS_4_DEFAULTOUTCOME_OUTCOMETEXT,你将侍从推向前。蛇吐出幼崽，匆匆吞下这份新的美味。趁着这分神的工夫，你干掉了这个生物。
QUEST_WOLF_4_10_QUESTINFODATA_ENCOUNTERTEXT,你到达的时候发现村民们都陷于极度恐慌之中：蛇开始攻击啦！你看到它抢走了一只年幼的小狗，然后以其黑色的目光注视着你！
QUEST_WOLF_4_10_QUESTINFODATA_JOURNALENCOUNTERTEXT,<hero_name>到达后发现邪恶的野兽正在展开攻击——一只年幼的小狗整个都已经被它吞掉了！我们的英雄迅速采取行动。
QUEST_WOLF_4_10_QUESTINFODATA_JOURNALRUMOURTEXT,一条可怕的毒蛇正控制着平原上一个小狼族村庄——我们的英雄受召前去终结其暴政！
QUEST_WOLF_4_10_QUESTINFODATA_RUMOURTEXT,似乎有一只巨大的蛇一直在对附近一些狼族农民实施恐怖统治。他们说如果你能帮助他们的话，就能得到某种宝藏！
QUEST_WOLF_4_10_QUESTINFODATA_TITLE,血盆大口
QUEST_WOLF_4_11_QUESTINFODATA_ACTIONS_0_ACTIONTEXT,"""你从我这里什么都得不到！"""
QUEST_WOLF_4_11_QUESTINFODATA_ACTIONS_0_DEFAULTOUTCOME_JOURNALTEXT,那天我们的英雄受到了国王残忍酷刑的极大摧残。<hero_name>最后终于逃脱了，但就再也不一样了。
QUEST_WOLF_4_11_QUESTINFODATA_ACTIONS_0_DEFAULTOUTCOME_OUTCOMETEXT,可悲的是，你缺乏对抗刑讯者所需的力量，因痛苦难以忍受而晕了过去。你最后终于逃脱了，但却变成了另外一个生物。
QUEST_WOLF_4_11_QUESTINFODATA_ACTIONS_0_TESTSUCCESSOUTCOME_JOURNALTEXT,但我们的英雄是狼族选中的天命之人！任何酷刑都不会击垮他们，而且他们成功逃脱。在我们的英雄过处，士兵无一幸存！
QUEST_WOLF_4_11_QUESTINFODATA_ACTIONS_0_TESTSUCCESSOUTCOME_OUTCOMETEXT,你咬紧牙关，忍着痛苦继续挣脱，慢慢松开了镣铐，杀死了刑讯者并和一名囚犯同伴一起逃跑了。
QUEST_WOLF_4_11_QUESTINFODATA_ACTIONS_1_ACTIONTEXT,"""狼族的秘密？这个……"""
QUEST_WOLF_4_11_QUESTINFODATA_ACTIONS_1_DEFAULTOUTCOME_JOURNALTEXT,可以肯定的是，这不是我们英雄的光荣时刻。但在泄露了狼族的秘密之后，士兵们都笑了——这个懦夫永远当不了国王！
QUEST_WOLF_4_11_QUESTINFODATA_ACTIONS_1_DEFAULTOUTCOME_OUTCOMETEXT,你在刑讯者面前退缩了，泄露了所有秘密。国王守卫嘲笑你的懦弱，意识到你对王座没有任何威胁。
QUEST_WOLF_4_11_QUESTINFODATA_ACTIONS_2_ACTIONTEXT,"""哦，我设计了这些锁。要我打开它们吗？"""
QUEST_WOLF_4_11_QUESTINFODATA_ACTIONS_2_DEFAULTOUTCOME_JOURNALTEXT,幸运的是，我们英雄忠实的铁匠随从设计的正是困住他们的那些锁！两人毫发无损地逃了出来。
QUEST_WOLF_4_11_QUESTINFODATA_ACTIONS_2_DEFAULTOUTCOME_OUTCOMETEXT,由于正是铁匠设计了这些锁，所以你的忠实随从很快就将你从国王守卫解救了出来。你们都逃过了一劫。
QUEST_WOLF_4_11_QUESTINFODATA_ACTIONS_3_ACTIONTEXT,“业余的锁。”
QUEST_WOLF_4_11_QUESTINFODATA_ACTIONS_3_DEFAULTOUTCOME_JOURNALTEXT,没有锁可以难住一个经验丰富的王牌间谍。一获得自由，我们的英雄就带着她一起逃出了<quest_tile>。
QUEST_WOLF_4_11_QUESTINFODATA_ACTIONS_3_DEFAULTOUTCOME_OUTCOMETEXT,王牌间谍移动他们的手腕，形成一个高难度的角度。她笑着打开了锁。你们一起争得了自由。
QUEST_WOLF_4_11_QUESTINFODATA_ENCOUNTERTEXT,你醒来时发现自己在森林深处一间监狱牢房里，被国王守卫伏击了。一名皇家刑讯者阴森森地走近你，要求你说出狼族的秘密。
QUEST_WOLF_4_11_QUESTINFODATA_JOURNALENCOUNTERTEXT,<hero_name>被国王守卫抓进一间阴森潮湿的古坟——他们以酷刑相逼，要挟他吐露部族的秘密！
QUEST_WOLF_4_11_QUESTINFODATA_JOURNALRUMOURTEXT,国王守卫知道我们的英雄也在争夺王座——他们会不惜一切代价来防止这样的事情发生。设下陷阱……
QUEST_WOLF_4_11_QUESTINFODATA_RUMOURTEXT,我建议在古坟附近走动时小心为好——国王守卫知道你觊觎王座，如果他们抓住你，我担心情况会非常不妙。
QUEST_WOLF_4_11_QUESTINFODATA_TITLE,皇家酷刑
QUEST_WOLF_4_12_QUESTINFODATA_ACTIONS_0_ACTIONTEXT,打翻图腾。
QUEST_WOLF_4_12_QUESTINFODATA_ACTIONS_0_DEFAULTOUTCOME_JOURNALTEXT,我们的英雄勇敢地前去击倒图腾，但事实证明其邪恶的能量过于强大。腐化已经找到了进入我们英雄思想的途径。
QUEST_WOLF_4_12_QUESTINFODATA_ACTIONS_0_DEFAULTOUTCOME_OUTCOMETEXT,你试图将图腾从祭坛上推下去，但不幸的是，你缺乏这样的力量。腐化蔓延开来，侵蚀着你的身心。
QUEST_WOLF_4_12_QUESTINFODATA_ACTIONS_0_TESTSUCCESSOUTCOME_JOURNALTEXT,我们的英雄召唤他们的力量，毫无保留地猛冲进去，粉碎邪恶的图腾，将森林从其邪恶的控制中解放了出来。
QUEST_WOLF_4_12_QUESTINFODATA_ACTIONS_0_TESTSUCCESSOUTCOME_OUTCOMETEXT,你召集力量，用肩膀径直撞向图腾。图腾应声倒地，仪式被永远阻止了。
QUEST_WOLF_4_12_QUESTINFODATA_ACTIONS_1_ACTIONTEXT,试图控制图腾的力量。
QUEST_WOLF_4_12_QUESTINFODATA_ACTIONS_1_DEFAULTOUTCOME_JOURNALTEXT,我们的英雄并没有摧毁这个邪恶之物，而是借助怀尔德控制了它的力量。直到今天，图腾还一直在那里。
QUEST_WOLF_4_12_QUESTINFODATA_ACTIONS_1_DEFAULTOUTCOME_OUTCOMETEXT,你召唤怀尔德切断图腾的力量，而非将其彻底摧毁。然而，它永远都会是一个潜在的威胁……
QUEST_WOLF_4_12_QUESTINFODATA_ACTIONS_2_ACTIONTEXT,怀尔德护身符闪耀着奇怪的能量……
QUEST_WOLF_4_12_QUESTINFODATA_ACTIONS_2_DEFAULTOUTCOME_JOURNALTEXT,但图腾的可怕力量在<hero_name>的怀尔德护身符面前毫无机会！纯净的光芒永远净化了森林中的邪恶。
QUEST_WOLF_4_12_QUESTINFODATA_ACTIONS_2_DEFAULTOUTCOME_OUTCOMETEXT,你的怀尔德护身符散发着纯净的光芒。你高举着它，感到图腾的力量正在消散，被强大的护身符吸收。
QUEST_WOLF_4_12_QUESTINFODATA_ACTIONS_3_ACTIONTEXT,你有自己的图腾……
QUEST_WOLF_4_12_QUESTINFODATA_ACTIONS_3_DEFAULTOUTCOME_JOURNALTEXT,邪恶的腐化魔法散发着力量。虽然令人反感，但我们的英雄认识到了其中蕴含的力量。<hero_name>用傀儡驾驭了它。
QUEST_WOLF_4_12_QUESTINFODATA_ACTIONS_3_DEFAULTOUTCOME_OUTCOMETEXT,祭坛内的魔法被注入图腾。当你将傀儡置于其上时，魔法转移到了傀儡身上。它会派上用场。
QUEST_WOLF_4_12_QUESTINFODATA_ENCOUNTERTEXT,在森林深处，你发现了奇怪事件的来源：一座献给腐化的祭坛！上面摆放着一个邪恶的图腾，向四周辐射着力量。
QUEST_WOLF_4_12_QUESTINFODATA_JOURNALENCOUNTERTEXT,事实证明，这个来源是一座献给腐化的邪恶祭坛，还有一个奇怪的魔法图腾，在向四周辐射邪恶腐败的能量。
QUEST_WOLF_4_12_QUESTINFODATA_JOURNALRUMOURTEXT,一种奇怪的力量在附近的树林里发挥着作用，当地居民曾要求我们勇敢的英雄冒险进去揭示其来源。
QUEST_WOLF_4_12_QUESTINFODATA_RUMOURTEXT,有消息称在那个森林一直发生着一些奇怪的事件。当地居民希望你去一探究竟并制止它们。
QUEST_WOLF_4_12_QUESTINFODATA_TITLE,腐化图腾
QUEST_WOLF_4_1_QUESTINFODATA_ACTIONS_0_ACTIONTEXT,拿起武器开战！
QUEST_WOLF_4_1_QUESTINFODATA_ACTIONS_0_DEFAULTOUTCOME_JOURNALTEXT,整队施法者人多势众，我们的英雄很快落败。魔法师离开时只留下了一句可怕的警告。
QUEST_WOLF_4_1_QUESTINFODATA_ACTIONS_0_DEFAULTOUTCOME_OUTCOMETEXT,"你冲上前去，但魔法师的军队很快就压倒了你。狐猴伸出利爪以示警告。""下次我们国王可不会这么慷慨。"""
QUEST_WOLF_4_1_QUESTINFODATA_ACTIONS_0_TESTSUCCESSOUTCOME_JOURNALTEXT,但是可能需要付出更大的努力，才能打败狼族选中的英雄！这场战斗耗时很长，但是魔法师及其复制品很快就被杀了。
QUEST_WOLF_4_1_QUESTINFODATA_ACTIONS_0_TESTSUCCESSOUTCOME_OUTCOMETEXT,你的状态正值巅峰，轻松解决了他们所有分身。魔法师倒下了，一块灵石从他的爪子中滚了出来。
QUEST_WOLF_4_1_QUESTINFODATA_ACTIONS_1_ACTIONTEXT,穿过森林。
QUEST_WOLF_4_1_QUESTINFODATA_ACTIONS_1_DEFAULTOUTCOME_JOURNALTEXT,但是魔法师和他的军队不会有机会得逞！随着刀剑一闪，镜像倒下了，我们的英雄逃进了森林。
QUEST_WOLF_4_1_QUESTINFODATA_ACTIONS_1_DEFAULTOUTCOME_OUTCOMETEXT,你夹着尾巴逃进了树林，途中顺手砍倒了几个镜像。留得性命，来日再战！
QUEST_WOLF_4_1_QUESTINFODATA_ACTIONS_2_ACTIONTEXT,"""我英勇善战！让我们全歼他们！"""
QUEST_WOLF_4_1_QUESTINFODATA_ACTIONS_2_DEFAULTOUTCOME_JOURNALTEXT,忠诚的狂战士在令人难以置信的战斗中帮助我们的英雄取得成功，但真正的战斗还在后头：国王的宝座翘首以待！
QUEST_WOLF_4_1_QUESTINFODATA_ACTIONS_2_DEFAULTOUTCOME_OUTCOMETEXT,抽出你的武器，与狂战士并肩作战。你们两人发现魔法师的军队轻易得难以置信。魔法师逃走了。
QUEST_WOLF_4_1_QUESTINFODATA_ACTIONS_3_ACTIONTEXT,使用你自己的花招
QUEST_WOLF_4_1_QUESTINFODATA_ACTIONS_3_DEFAULTOUTCOME_JOURNALTEXT,镜像是强大的幻术，但镜子斗篷同样诡诈。当胜算再次拉平，我们的英雄让魔法师落荒而逃。
QUEST_WOLF_4_1_QUESTINFODATA_ACTIONS_3_DEFAULTOUTCOME_OUTCOMETEXT,你也有花招。你闪动镜子斗篷，穿过迷失方向的分身行列。你伤了魔法师，他逃走了。
QUEST_WOLF_4_1_QUESTINFODATA_ACTIONS_4_ACTIONTEXT,"""我可以反击法术！"""
QUEST_WOLF_4_1_QUESTINFODATA_ACTIONS_4_DEFAULTOUTCOME_JOURNALTEXT,在<hero_name>学徒的略微帮助下，魔法师的魔法被破解了。失去了花招，他成了一个容易对付的敌人。
QUEST_WOLF_4_1_QUESTINFODATA_ACTIONS_4_DEFAULTOUTCOME_OUTCOMETEXT,魔法师睁大了眼睛。你的学徒向前一跃。爪子一挥，幻术消散了。你微笑着抽出武器。
QUEST_WOLF_4_1_QUESTINFODATA_ENCOUNTERTEXT,你走近的时候，狐猴冷笑道，然后举起他的爪子，似乎要分裂成十几个完美的分身。这可能很糟糕。
QUEST_WOLF_4_1_QUESTINFODATA_JOURNALENCOUNTERTEXT,这片空地就是设陷阱的完美之地，而魔法师恰好知道这一点。他的计划是在十二个镜像的帮助下，杀死我们的英雄！
QUEST_WOLF_4_1_QUESTINFODATA_JOURNALRUMOURTEXT,有传言称国王的皇家魔法师是一个奇怪、刻薄的家伙。当他要求见面时，我们的英雄当然也十分谨慎。
QUEST_WOLF_4_1_QUESTINFODATA_RUMOURTEXT,我听说国王的私人宫廷魔法师想和我见面。如果我是你，我会做好万全准备——不能信任魔法师。
QUEST_WOLF_4_1_QUESTINFODATA_TITLE,双重人格
QUEST_WOLF_4_2_QUESTINFODATA_ACTIONS_0_ACTIONTEXT,攻入堡垒，杀死奴隶贩子。
QUEST_WOLF_4_2_QUESTINFODATA_ACTIONS_0_DEFAULTOUTCOME_JOURNALTEXT,出于一片好心，我们的英雄猛冲入堡垒，不料很快就被制服而被迫逃离。永远都无法解放这些奴隶。
QUEST_WOLF_4_2_QUESTINFODATA_ACTIONS_0_DEFAULTOUTCOME_OUTCOMETEXT,你冲破大门，但很快就被制服。在主广场被处刑之前，你在最后一刻大胆逃走了。
QUEST_WOLF_4_2_QUESTINFODATA_ACTIONS_0_TESTSUCCESSOUTCOME_JOURNALTEXT,不能允许继续这样疯狂下去！我们的英雄怒气冲冲地攻入堡垒，杀死了守卫并释放了每一个奴隶。
QUEST_WOLF_4_2_QUESTINFODATA_ACTIONS_0_TESTSUCCESSOUTCOME_OUTCOMETEXT,你砸开前门，在奴隶贩子中杀出了一条血路。奴隶解放了，你从他们的队伍中获得了一名随从。
QUEST_WOLF_4_2_QUESTINFODATA_ACTIONS_1_ACTIONTEXT,在不战斗的情况下尽力解救奴隶。
QUEST_WOLF_4_2_QUESTINFODATA_ACTIONS_1_DEFAULTOUTCOME_JOURNALTEXT,我们的英雄知道奴隶贩子是很难对付的对手，因此悄悄穿过堡垒，一举解放了奴隶。
QUEST_WOLF_4_2_QUESTINFODATA_ACTIONS_1_DEFAULTOUTCOME_OUTCOMETEXT,你悄悄溜进去杀死了几个守卫，解放了奴隶。堡垒还在，但是当你成为统治者时，便决心要摧毁它。
QUEST_WOLF_4_2_QUESTINFODATA_ACTIONS_2_ACTIONTEXT,"""那里肯定有补给隧道。"""
QUEST_WOLF_4_2_QUESTINFODATA_ACTIONS_2_DEFAULTOUTCOME_JOURNALTEXT,意识到山地堡垒需要地下补给线，矿工发现了一个秘密入口。将奴隶解救出来很容易。
QUEST_WOLF_4_2_QUESTINFODATA_ACTIONS_2_DEFAULTOUTCOME_OUTCOMETEXT,相信你的矿工的智力，你跟在她后面。搜寻一会儿之后，她发现了一个地下入口。
QUEST_WOLF_4_2_QUESTINFODATA_ACTIONS_3_ACTIONTEXT,在你的攻击中使用御盾。
QUEST_WOLF_4_2_QUESTINFODATA_ACTIONS_3_DEFAULTOUTCOME_JOURNALTEXT,挥舞着古老的御盾，没有一片奴隶贩子的刀刃能伤到我们的英雄，堡垒也迅速清除了他们邪恶的势力。
QUEST_WOLF_4_2_QUESTINFODATA_ACTIONS_3_DEFAULTOUTCOME_OUTCOMETEXT,强攻大门，你高举御盾，阻挡了奴隶所有的打击。你获胜了，而奴隶被解救。
QUEST_WOLF_4_2_QUESTINFODATA_ENCOUNTERTEXT,经过艰苦的攀爬，你站在了奴隶的堡垒前。在这些墙以外，能够清楚地听到疼痛与痛苦的呻吟声。
QUEST_WOLF_4_2_QUESTINFODATA_JOURNALENCOUNTERTEXT,循着这串线索，我们的英雄走到了一处山顶堡垒，里面发出极度痛苦的哭声随着严酷、刺骨的寒风传到了远处。
QUEST_WOLF_4_2_QUESTINFODATA_JOURNALRUMOURTEXT,一个十分邪恶的传言传遍了这片土地：国王在奴役自己的臣民！我们的英雄决定弄清事情真相。
QUEST_WOLF_4_2_QUESTINFODATA_RUMOURTEXT,我不想相信，但是有传言称我们的国王在奴役他自己的臣民！也许你能够了解更多……
QUEST_WOLF_4_2_QUESTINFODATA_TITLE,高处堡垒
QUEST_WOLF_4_3_QUESTINFODATA_ACTIONS_0_ACTIONTEXT,拿起你的武器，与贝恩一战。
QUEST_WOLF_4_3_QUESTINFODATA_ACTIONS_0_DEFAULTOUTCOME_JOURNALTEXT,当我们的英雄与邪恶的野兽交战时，大量腐蚀性腐化几乎杀死了<hero_name>，迫使他们落荒而逃。
QUEST_WOLF_4_3_QUESTINFODATA_ACTIONS_0_DEFAULTOUTCOME_OUTCOMETEXT,与贝恩交战成为了你的败因。你被纯粹的邪恶卷须刺穿，几乎被腐化吞噬。
QUEST_WOLF_4_3_QUESTINFODATA_ACTIONS_0_TESTSUCCESSOUTCOME_JOURNALTEXT,随之而来的战斗将载入阿门罗史册，成为这片土地上发生的最伟大的事件之一。贝恩的邪恶被净化了。
QUEST_WOLF_4_3_QUESTINFODATA_ACTIONS_0_TESTSUCCESSOUTCOME_OUTCOMETEXT,你拥有几经锤炼的战斗技能，值得与北方狼群最勇猛的狼交手，你夺得了胜利，解放了这座城镇。
QUEST_WOLF_4_3_QUESTINFODATA_ACTIONS_1_ACTIONTEXT,带领镇民来到安全的地方。
QUEST_WOLF_4_3_QUESTINFODATA_ACTIONS_1_DEFAULTOUTCOME_JOURNALTEXT,<hero_name>知道贝恩的邪恶之触无所不腐，便帮助镇民逃离了劫数难逃的村庄。
QUEST_WOLF_4_3_QUESTINFODATA_ACTIONS_1_DEFAULTOUTCOME_OUTCOMETEXT,村庄落到了贝恩的爪中，因此，你坚持要求镇民离开他们的村庄并转移到更安全的地方。
QUEST_WOLF_4_3_QUESTINFODATA_ACTIONS_2_ACTIONTEXT,用贝恩之刃杀回去
QUEST_WOLF_4_3_QUESTINFODATA_ACTIONS_2_DEFAULTOUTCOME_JOURNALTEXT,我们的英雄了解腐化。他们的刀刃滴淌着腐化。他们正面迎上冲锋，干掉了贝恩。村民们没有出来。
QUEST_WOLF_4_3_QUESTINFODATA_ACTIONS_2_DEFAULTOUTCOME_OUTCOMETEXT,你一跃而起，迎面冲向冲锋。腐化之刃与腐化之刃相击，但你更强大。你击倒了野兽。
QUEST_WOLF_4_3_QUESTINFODATA_ACTIONS_3_ACTIONTEXT,挥舞月之镰刀
QUEST_WOLF_4_3_QUESTINFODATA_ACTIONS_3_DEFAULTOUTCOME_JOURNALTEXT,贝恩不再是像曾经那样可怕的危险。我们英雄的征途到达了终点。<our_hero>一击制胜。
QUEST_WOLF_4_3_QUESTINFODATA_ACTIONS_3_DEFAULTOUTCOME_OUTCOMETEXT,在强大的一击之下，你将贝恩一刀两断。它四分五裂。怀尔德笼罩在你身边，让你充满魔法。
QUEST_WOLF_4_3_QUESTINFODATA_ENCOUNTERTEXT,村庄被遗弃！或者更确切地说，镇民都躲在室内。当致命的贝恩从屋顶上降落下来时，你很快明白了原因！
QUEST_WOLF_4_3_QUESTINFODATA_JOURNALENCOUNTERTEXT,村庄空无一物，或者说看起来是这样。<hero_name>很快发现镇民生活在致命的恐惧之中——贝恩在附近潜伏着。
QUEST_WOLF_4_3_QUESTINFODATA_JOURNALRUMOURTEXT,最近几周，附近的这座小村庄一直都没有消息。我们的英雄知道这种情况下可能很不妙，于是开始朝这个村庄赶去。
QUEST_WOLF_4_3_QUESTINFODATA_RUMOURTEXT,几周都没有听到有关附近一个聚落的消息了。我有朋友在那儿……也许你可以去看看？
QUEST_WOLF_4_3_QUESTINFODATA_TITLE,黑暗之眼
QUEST_WOLF_4_4_QUESTINFODATA_ACTIONS_0_ACTIONTEXT,说服队长加入你。
QUEST_WOLF_4_4_QUESTINFODATA_ACTIONS_0_DEFAULTOUTCOME_JOURNALTEXT,不幸的是，我们的英雄无法转变队长的忠诚。遭遇了失败的尴尬之后，<hero_name>空爪而归。
QUEST_WOLF_4_4_QUESTINFODATA_ACTIONS_0_DEFAULTOUTCOME_OUTCOMETEXT,不幸的是，队长对国王的盲目忠诚使得你无法转变他。你离开酒馆，这次行动以失败告终。
QUEST_WOLF_4_4_QUESTINFODATA_ACTIONS_0_TESTSUCCESSOUTCOME_JOURNALTEXT,幸运的是，我们的英雄极具说服力。队长很快就开始歌颂狼族并为他们提供援助。
QUEST_WOLF_4_4_QUESTINFODATA_ACTIONS_0_TESTSUCCESSOUTCOME_OUTCOMETEXT,队长怀疑他的国王的动机。你说服他，如果他真的关心阿门罗，他将支持你完成你的任务。
QUEST_WOLF_4_4_QUESTINFODATA_ACTIONS_1_ACTIONTEXT,威胁队长
QUEST_WOLF_4_4_QUESTINFODATA_ACTIONS_1_DEFAULTOUTCOME_JOURNALTEXT,威胁足以帮助我们的英雄与队长达成临时联盟。有一点帮助肯定比没有强。
QUEST_WOLF_4_4_QUESTINFODATA_ACTIONS_1_DEFAULTOUTCOME_OUTCOMETEXT,队长不想把你惹毛了，于是通过他的间谍网络提供信息，但再不可能获得更多的任何帮助了。
QUEST_WOLF_4_4_QUESTINFODATA_ACTIONS_2_ACTIONTEXT,先发制人。干掉队长。
QUEST_WOLF_4_4_QUESTINFODATA_ACTIONS_2_DEFAULTOUTCOME_JOURNALTEXT,我们的英雄被迫杀掉队长。<hero_name>承受不起再多一个敌人。宝座如此之近，真不凑巧！
QUEST_WOLF_4_4_QUESTINFODATA_ACTIONS_2_DEFAULTOUTCOME_OUTCOMETEXT,戴上英雄头盔，你跃入战斗。队长在惊讶中被战胜了，而你逃脱了。这是必要的。终点就在眼前！
QUEST_WOLF_4_4_QUESTINFODATA_ACTIONS_3_ACTIONTEXT,举起皇家旗帜
QUEST_WOLF_4_4_QUESTINFODATA_ACTIONS_3_DEFAULTOUTCOME_JOURNALTEXT,皇家旗帜提醒队长真相所在。国王早就死了。剩下的影子是腐化。<hero_name>将净化它。
QUEST_WOLF_4_4_QUESTINFODATA_ACTIONS_3_DEFAULTOUTCOME_OUTCOMETEXT,你撑起大旗。“国王死了。宝座上的野兽是腐化的傀儡。”你放下旗帜。沉默。队长点点头。
QUEST_WOLF_4_4_QUESTINFODATA_ACTIONS_4_ACTIONTEXT,"""这名队长外强中干。让我来。"""
QUEST_WOLF_4_4_QUESTINFODATA_ACTIONS_4_DEFAULTOUTCOME_JOURNALTEXT,硬币大师走了出来，向队长提供了别人没有的东西：准时付钱。用这个说服他绰绰有余。
QUEST_WOLF_4_4_QUESTINFODATA_ACTIONS_4_DEFAULTOUTCOME_OUTCOMETEXT,"""当地的军需官欠你很多金币军饷。""獾微笑着说。""而狼族会准时付钱。""确实奏效。"
QUEST_WOLF_4_4_QUESTINFODATA_ENCOUNTERTEXT,你进来的时候，酒馆安静了下来，只听得见窸窸窣窣的低语声。房间里四处弥漫着滚滚浓烟，穿过浓烟，队长向你投来威胁的目光。
QUEST_WOLF_4_4_QUESTINFODATA_JOURNALENCOUNTERTEXT,当地酒馆里四处都是此起彼伏的谈话声……直到我们的英雄走进来，直面队长。众客的目光很快都转向了他们。
QUEST_WOLF_4_4_QUESTINFODATA_JOURNALRUMOURTEXT,我们的英雄听说在附近的一个小聚落有一名高级队长。也许他们可以转而效忠狼族？
QUEST_WOLF_4_4_QUESTINFODATA_RUMOURTEXT,当地一支士兵队伍的队长在<quest_tile>。可能是一位很有价值的盟友……或者是一个要除掉的障碍。
QUEST_WOLF_4_4_QUESTINFODATA_TITLE,彻底改变
QUEST_WOLF_4_5_QUESTINFODATA_ACTIONS_0_ACTIONTEXT,用你的智力挣脱镣铐。
QUEST_WOLF_4_5_QUESTINFODATA_ACTIONS_0_DEFAULTOUTCOME_JOURNALTEXT,我们的英雄试图逃离强盗的镣铐，但却是徒劳，因为绳结系得太牢了！我们的英雄被抢走了金币，便离开了古墓，这次行动以失败告终。
QUEST_WOLF_4_5_QUESTINFODATA_ACTIONS_0_DEFAULTOUTCOME_OUTCOMETEXT,不幸的是，你缺乏智力解开绳结。强盗很快抢走了你的金币，将你丢在古坟的黑暗之中。
QUEST_WOLF_4_5_QUESTINFODATA_ACTIONS_0_TESTSUCCESSOUTCOME_JOURNALTEXT,但<hero_name>迅速挣脱强盗的镣铐，将他们统统杀死！他们的宝藏可以帮助我们的英雄夺得王座。
QUEST_WOLF_4_5_QUESTINFODATA_ACTIONS_0_TESTSUCCESSOUTCOME_OUTCOMETEXT,随着声音逐渐消失，你单凭感觉解开了绳结。强盗对你成功逃脱而感到十分惊讶，他们的宝藏很快就会成为你的。
QUEST_WOLF_4_5_QUESTINFODATA_ACTIONS_1_ACTIONTEXT,等待，然后偷偷溜走。
QUEST_WOLF_4_5_QUESTINFODATA_ACTIONS_1_DEFAULTOUTCOME_JOURNALTEXT,虽然被绑住并蒙上了眼睛，我们的英雄却依靠潜行在强盗的眼皮底下逃离了古坟！
QUEST_WOLF_4_5_QUESTINFODATA_ACTIONS_1_DEFAULTOUTCOME_OUTCOMETEXT,凭借你对古坟布局的记忆，你等待土匪走开之后，取下眼罩，逃离了古墓。
QUEST_WOLF_4_5_QUESTINFODATA_ACTIONS_2_ACTIONTEXT,"""嘿！土匪！好恶心！"""
QUEST_WOLF_4_5_QUESTINFODATA_ACTIONS_2_DEFAULTOUTCOME_JOURNALTEXT,那个傻瓜讨厌被抓获，并制造这样的事端来分散土匪的注意力。在这段时间里，<hero_name>挣脱并干掉了他们。
QUEST_WOLF_4_5_QUESTINFODATA_ACTIONS_2_DEFAULTOUTCOME_OUTCOMETEXT,你的傻瓜制造出了这么大的动静，以致于土匪走过来要教训教训他。在他们分散注意力的时候，你挣脱了绳索并展开攻击！
QUEST_WOLF_4_5_QUESTINFODATA_ACTIONS_3_ACTIONTEXT,乌鸦嘴匕首召唤你
QUEST_WOLF_4_5_QUESTINFODATA_ACTIONS_3_DEFAULTOUTCOME_JOURNALTEXT,乌鸦嘴匕首感到其有机会嗜血，设法进入到<hero_name>的手中。我们的英雄被迫……使用它。
QUEST_WOLF_4_5_QUESTINFODATA_ACTIONS_3_DEFAULTOUTCOME_OUTCOMETEXT,你以为土匪拿走了你的武器，但借着某种阴森的魔法，你感到匕首被按进你的爪中。你割断绳索并干掉他们。
QUEST_WOLF_4_5_QUESTINFODATA_ACTIONS_4_ACTIONTEXT,“嗯，我已经解开了绳索。需要帮忙吗？”
QUEST_WOLF_4_5_QUESTINFODATA_ACTIONS_4_DEFAULTOUTCOME_JOURNALTEXT,魔法师是逃生艺术家，很快从捆绑中释放了我们的英雄。土匪们在两人面前毫无生机！
QUEST_WOLF_4_5_QUESTINFODATA_ACTIONS_4_DEFAULTOUTCOME_OUTCOMETEXT,从捆绑中解脱出来，你跟魔法师联手拿下藏在墓中的土匪，在这个过程中获得了一件有价值的物品。
QUEST_WOLF_4_5_QUESTINFODATA_ENCOUNTERTEXT,在旅途中的某个时刻，一名强盗打败了你，将你绑了起来。低语声在石头间回荡。
QUEST_WOLF_4_5_QUESTINFODATA_JOURNALENCOUNTERTEXT,这次旅途却远非我们英雄想象得那么简单！一群强盗迅速对<hero_name>展开了伏击！
QUEST_WOLF_4_5_QUESTINFODATA_JOURNALRUMOURTEXT,我们的英雄几乎准备好登上王座了，但他还要进行最后一次寻宝游戏。也许这个道具将在即将发生的战斗中为其提供帮助？
QUEST_WOLF_4_5_QUESTINFODATA_RUMOURTEXT,附近有一座古坟，里面藏满了各种各样的宝藏！强盗喜欢在附近扎营，所以你最好小心点。
QUEST_WOLF_4_5_QUESTINFODATA_TITLE,切断镣铐
QUEST_WOLF_4_6_QUESTINFODATA_ACTIONS_0_ACTIONTEXT,找到一种方法穿过沙地。
QUEST_WOLF_4_6_QUESTINFODATA_ACTIONS_0_DEFAULTOUTCOME_JOURNALTEXT,<hero_name>试图涉水穿过沙地，却差点被永远吞没！他们明智地放弃了沼泽，也放弃了灵石。
QUEST_WOLF_4_6_QUESTINFODATA_ACTIONS_0_DEFAULTOUTCOME_OUTCOMETEXT,不确定最好采用什么方法，你试着涉水穿过流沙。你差点窒息在深处，幸好抓出了一条退路！
QUEST_WOLF_4_6_QUESTINFODATA_ACTIONS_0_TESTSUCCESSOUTCOME_JOURNALTEXT,我们的英雄使用长藤和几根强大的树枝做成了一根绳子和抓钩——足以从远处安全勾住灵石！
QUEST_WOLF_4_6_QUESTINFODATA_ACTIONS_0_TESTSUCCESSOUTCOME_OUTCOMETEXT,你草草地用一根长藤和沼泽里散落的强大的树枝做了一根简易的绳子和抓钩。灵石很快成为你的东西！
QUEST_WOLF_4_6_QUESTINFODATA_ACTIONS_1_ACTIONTEXT,寻找更安全的宝藏。
QUEST_WOLF_4_6_QUESTINFODATA_ACTIONS_1_DEFAULTOUTCOME_JOURNALTEXT,然而，我们的英雄非常聪明，躲过了明显至极的陷阱。在阿门罗，有时最明智的道路恰恰也是最安全的。
QUEST_WOLF_4_6_QUESTINFODATA_ACTIONS_1_DEFAULTOUTCOME_OUTCOMETEXT,你知道这片沙地夺走了许多生命，于是你加快穿过沼泽。你什么也没找到，但在你离开时却增长了智慧。
QUEST_WOLF_4_6_QUESTINFODATA_ACTIONS_2_ACTIONTEXT,"""我知道这些沼泽的秘密。跟我来。"""
QUEST_WOLF_4_6_QUESTINFODATA_ACTIONS_2_DEFAULTOUTCOME_JOURNALTEXT,探险者知道得更清楚。完全忽略石头，他指引我们的英雄直奔当地土匪藏匿宝藏的地方！
QUEST_WOLF_4_6_QUESTINFODATA_ACTIONS_2_DEFAULTOUTCOME_OUTCOMETEXT,"探险者转向附近的树干。伸进一个树洞内，他翻出一张卡牌。""当地窃贼的小玩意。有总比没有好。"""
QUEST_WOLF_4_6_QUESTINFODATA_ACTIONS_3_ACTIONTEXT,用翅靴跳过流沙
QUEST_WOLF_4_6_QUESTINFODATA_ACTIONS_3_DEFAULTOUTCOME_JOURNALTEXT,我们的英雄在征途中收集的圣物是把双刃剑。<hero_name>的翅靴将他们带入歧途。灵石丢失了。
QUEST_WOLF_4_6_QUESTINFODATA_ACTIONS_3_DEFAULTOUTCOME_OUTCOMETEXT,你助跑起跳。不幸的是，靴子的力量太强。你落在了数里格之外，迷了路。所幸你还是逃出了泥潭。
QUEST_WOLF_4_6_QUESTINFODATA_ACTIONS_4_ACTIONTEXT,用怀尔德焰杖分开流沙
QUEST_WOLF_4_6_QUESTINFODATA_ACTIONS_4_DEFAULTOUTCOME_JOURNALTEXT,<quest_tile>的流沙已静静沉积数百年，无法通行。幸运的是，我们的英雄在其中有了一个有用的发现。\n
QUEST_WOLF_4_6_QUESTINFODATA_ACTIONS_4_DEFAULTOUTCOME_OUTCOMETEXT,流沙缓慢移动，但还不足以让你过去。你垂头丧气，直到你在沙子下面发现了闪闪发光的东西。
QUEST_WOLF_4_6_QUESTINFODATA_ENCOUNTERTEXT,在肮脏的泥潭中心地带的深处，你看到了想要的灵石，就在一片看起来十分可怕的流沙地中间的一个小山顶上。
QUEST_WOLF_4_6_QUESTINFODATA_JOURNALENCOUNTERTEXT,我们的英雄很快找到了肮脏泥潭的中心地带，以及他们想要的灵石。不幸的是，灵石被流沙包围着。
QUEST_WOLF_4_6_QUESTINFODATA_JOURNALRUMOURTEXT,这片沼泽因夺走性命而臭名昭著，最近连一块灵石也被卷走。我们的英雄想要的正是那块灵石……
QUEST_WOLF_4_6_QUESTINFODATA_RUMOURTEXT,一些旅行者试图穿过附近的沼泽……但无一幸存。我发誓他们当中有一人带着灵石。
QUEST_WOLF_4_6_QUESTINFODATA_TITLE,闪电之沙
QUEST_WOLF_4_7_QUESTINFODATA_ACTIONS_0_ACTIONTEXT,与怀尔德沟通。
QUEST_WOLF_4_7_QUESTINFODATA_ACTIONS_0_DEFAULTOUTCOME_JOURNALTEXT,事实上，即使是怀尔德，也不会屈尊帮助这个可怜的野兽。我们的英雄被迫杀死了它，心情沉重地离开了城堡主楼。
QUEST_WOLF_4_7_QUESTINFODATA_ACTIONS_0_DEFAULTOUTCOME_OUTCOMETEXT,怀尔德忽略了你——可怕的安静。被腐化感染的狼几乎将你撕成了碎片，但你的训练却帮助你成为了胜利者。
QUEST_WOLF_4_7_QUESTINFODATA_ACTIONS_0_TESTSUCCESSOUTCOME_JOURNALTEXT,但我们的英雄不愿放弃。狼战士乞求怀尔德的援助，被解除了诅咒，并给<hero_name>提供了丰厚奖励。
QUEST_WOLF_4_7_QUESTINFODATA_ACTIONS_0_TESTSUCCESSOUTCOME_OUTCOMETEXT,巢穴里充满闪光，狼摆脱了她的诅咒。她感激不尽，送给你她最宝贵的宝藏作为感谢。
QUEST_WOLF_4_7_QUESTINFODATA_ACTIONS_1_ACTIONTEXT,杀死野兽。摆脱痛苦。
QUEST_WOLF_4_7_QUESTINFODATA_ACTIONS_1_DEFAULTOUTCOME_JOURNALTEXT,接受这个可怕的事实后，我们的英雄与被腐化逼疯的狼交战，杀死了它，挽回了狼族在阿门罗的声誉。
QUEST_WOLF_4_7_QUESTINFODATA_ACTIONS_1_DEFAULTOUTCOME_OUTCOMETEXT,野兽展开殊死战斗，但仍然没有机会对抗你的猛攻。狼族的声誉不再受到玷污。
QUEST_WOLF_4_7_QUESTINFODATA_ACTIONS_2_ACTIONTEXT,结束野兽的痛苦
QUEST_WOLF_4_7_QUESTINFODATA_ACTIONS_2_DEFAULTOUTCOME_JOURNALTEXT,这个动物没救了。抽出手炮，<hero_named>闭上了眼睛并进行射击。至今他们仍为此困扰。
QUEST_WOLF_4_7_QUESTINFODATA_ACTIONS_2_DEFAULTOUTCOME_OUTCOMETEXT,一发就够了。你低头看着这生物。腐化扭曲这片土地太久了。疯狂国王必须倒台。
QUEST_WOLF_4_7_QUESTINFODATA_ACTIONS_3_ACTIONTEXT,"""让他喝了这个！"""
QUEST_WOLF_4_7_QUESTINFODATA_ACTIONS_3_DEFAULTOUTCOME_JOURNALTEXT,炼金术士用一瓶纯白的东西化险为夷，那是治腐化的解药。我们的英雄将其灌进狼的喉咙，拯救了他。
QUEST_WOLF_4_7_QUESTINFODATA_ACTIONS_3_DEFAULTOUTCOME_OUTCOMETEXT,这次不是冒泡的药水，而是一瓶纯白的东西。你发起攻击，将药水灌进这生物的喉咙。腐化被烧尽了。
QUEST_WOLF_4_7_QUESTINFODATA_ACTIONS_4_ACTIONTEXT,抽干野兽的腐化
QUEST_WOLF_4_7_QUESTINFODATA_ACTIONS_4_DEFAULTOUTCOME_JOURNALTEXT,贝恩之爪的力量足以清除腐化。它治好了动物，虽然这个过程造成了严重的伤害。
QUEST_WOLF_4_7_QUESTINFODATA_ACTIONS_4_DEFAULTOUTCOME_OUTCOMETEXT,你举起贝恩之爪。动物的皮肤起了泡。当疾病被祛除时它嚎叫了起来。最后，狼昏迷倒下了，但还活着。
QUEST_WOLF_4_7_QUESTINFODATA_ENCOUNTERTEXT,你跟踪着这个生物来到了它那堆满骨头的巢穴。曾经骄傲的狼战士因为腐化而变得扭曲和畸形。
QUEST_WOLF_4_7_QUESTINFODATA_JOURNALENCOUNTERTEXT,<hero_name>跟踪着这个生物来到了它那堆满骨头的巢穴，就在那个古老的城堡主楼里。曾经骄傲的战士似乎难以拯救。
QUEST_WOLF_4_7_QUESTINFODATA_JOURNALRUMOURTEXT,狼族一员被腐化的侵蚀力量所同化。是时候让我们的英雄帮他们摆脱疯狂了。
QUEST_WOLF_4_7_QUESTINFODATA_RUMOURTEXT,我不想传播狼族的坏消息，但据说你们的一个同类被腐化扭曲，正在附近一座城堡主楼里杀害无辜生灵。
QUEST_WOLF_4_7_QUESTINFODATA_TITLE,被腐化的那位
QUEST_WOLF_4_8_QUESTINFODATA_ACTIONS_0_ACTIONTEXT,呼唤怀尔德帮助你。
QUEST_WOLF_4_8_QUESTINFODATA_ACTIONS_0_DEFAULTOUTCOME_JOURNALTEXT,我们的英雄向怀尔德求援，但它忽视了他们的请求。一大批蜘蛛开始降下来，<hero_name>逃离了沼泽。
QUEST_WOLF_4_8_QUESTINFODATA_ACTIONS_0_DEFAULTOUTCOME_OUTCOMETEXT,你恳求怀尔德相助，却毫无回应。你感到胸口剧痛，知道腐化的邪恶正在这片泥潭里横行。
QUEST_WOLF_4_8_QUESTINFODATA_ACTIONS_0_TESTSUCCESSOUTCOME_JOURNALTEXT,厚厚的蛛网很快被怀尔德撕裂，通往熊萨满的道路畅通了。深受触动的她将一件宝藏赠予<hero_name>。
QUEST_WOLF_4_8_QUESTINFODATA_ACTIONS_0_TESTSUCCESSOUTCOME_OUTCOMETEXT,不一会儿，蜘蛛网被从沼泽喷发出来的藤蔓撕开。熊萨满深受折服，因此给你了一个宝藏。
QUEST_WOLF_4_8_QUESTINFODATA_ACTIONS_1_ACTIONTEXT,让熊前来与你交谈。
QUEST_WOLF_4_8_QUESTINFODATA_ACTIONS_1_DEFAULTOUTCOME_JOURNALTEXT,老熊萨满走近我们的英雄，智慧而谨慎地与他交谈，愿引导愿意倾听者与怀尔德更深地共鸣。
QUEST_WOLF_4_8_QUESTINFODATA_ACTIONS_1_DEFAULTOUTCOME_OUTCOMETEXT,熊的话语向你飘来：“国王很快就会倒台。狼族必须准备好取而代之。”你离开了，感觉自己更有智慧了。
QUEST_WOLF_4_8_QUESTINFODATA_ACTIONS_2_ACTIONTEXT,“这些是腐化的造物。我会解决他们。”
QUEST_WOLF_4_8_QUESTINFODATA_ACTIONS_2_DEFAULTOUTCOME_JOURNALTEXT,术士的付出扫清了通往萨满的一切障碍，让我们的英雄可以从熊那里拿到宝贵的文物。
QUEST_WOLF_4_8_QUESTINFODATA_ACTIONS_2_DEFAULTOUTCOME_OUTCOMETEXT,一团紫色雾气充满沼泽，杀死了蜘蛛。萨满被激怒，拿出一件遗物换取你赶紧离开。
QUEST_WOLF_4_8_QUESTINFODATA_ACTIONS_3_ACTIONTEXT,"""奥斯温！出来！你欠我的。"""
QUEST_WOLF_4_8_QUESTINFODATA_ACTIONS_3_DEFAULTOUTCOME_JOURNALTEXT,陌生人认识树林里的熊。他叫她的名字，而熊离开了保护蛛网与<hero_name>进行对话。
QUEST_WOLF_4_8_QUESTINFODATA_ACTIONS_3_DEFAULTOUTCOME_OUTCOMETEXT,陌生人走上前，大声呵斥熊。沉默一会儿之后，动物勉强出现，并且走向了你。
QUEST_WOLF_4_8_QUESTINFODATA_ACTIONS_4_ACTIONTEXT,穿上狮心胸甲
QUEST_WOLF_4_8_QUESTINFODATA_ACTIONS_4_DEFAULTOUTCOME_JOURNALTEXT,蜘蛛无法穿透狮心胸甲。我们的英雄与预言家交谈，对方授予了他们一张法术卡。
QUEST_WOLF_4_8_QUESTINFODATA_ACTIONS_4_DEFAULTOUTCOME_OUTCOMETEXT,你穿上狮心胸甲，冲过蛛网。蜘蛛进行攻击，但从你的盔甲滑了出去。你毫发无损地到达了房子。
QUEST_WOLF_4_8_QUESTINFODATA_ENCOUNTERTEXT,你偶然发现了一个被巨大的蜘蛛网保护着的摇摇欲坠的小屋。一阵低语声将你召唤到了明显感觉像是一个陷阱的地方。
QUEST_WOLF_4_8_QUESTINFODATA_JOURNALENCOUNTERTEXT,潮湿的沼泽似乎像是被大批厚厚的蜘蛛网连在一起的，将我们的英雄直接汇集到了熊的摇摇欲坠的小屋。
QUEST_WOLF_4_8_QUESTINFODATA_JOURNALRUMOURTEXT,传闻说沼泽里有一只老熊与腐化融为一体。她会帮助对抗国王吗？我们的英雄需要了解更多。
QUEST_WOLF_4_8_QUESTINFODATA_RUMOURTEXT,有传言称，附近一片被诅咒的沼泽里有一只老熊深谙腐化之道。或许值得一见。
QUEST_WOLF_4_8_QUESTINFODATA_TITLE,网之屋
QUEST_WOLF_4_9_QUESTINFODATA_ACTIONS_0_ACTIONTEXT,召唤怀尔德来保护村庄。
QUEST_WOLF_4_9_QUESTINFODATA_ACTIONS_0_DEFAULTOUTCOME_JOURNALTEXT,无法召唤怀尔德帮助村庄，即将到来的洪水畅通无阻。我们的英雄败退，村庄被洪水抹去。
QUEST_WOLF_4_9_QUESTINFODATA_ACTIONS_0_DEFAULTOUTCOME_OUTCOMETEXT,虽然怀尔德在这里很强大，但你却不适应它的存在，而且它忽略了你的召唤。洪水将村庄永远地冲刷走了。
QUEST_WOLF_4_9_QUESTINFODATA_ACTIONS_0_TESTSUCCESSOUTCOME_JOURNALTEXT,当然！召唤怀尔德！一堵令人难以置信的土块和石头墙从地表升上来，拯救了村庄和整个森林盆地。
QUEST_WOLF_4_9_QUESTINFODATA_ACTIONS_0_TESTSUCCESSOUTCOME_OUTCOMETEXT,当洪水来袭时，一堵土块和石头墙从地面升起，使洪水转向别处，永久地拯救了村庄。你是一名英雄！
QUEST_WOLF_4_9_QUESTINFODATA_ACTIONS_1_ACTIONTEXT,帮助各位撤离山谷。
QUEST_WOLF_4_9_QUESTINFODATA_ACTIONS_1_DEFAULTOUTCOME_JOURNALTEXT,我们的英雄知道拯救村子的唯一途径是拯救村民，因而不知疲倦地帮助所有民众转移到安全的地方。
QUEST_WOLF_4_9_QUESTINFODATA_ACTIONS_1_DEFAULTOUTCOME_OUTCOMETEXT,在洪水来临之前，你不知疲倦地将每个村民都转移到了安全地方。当村民们安全的时候，森林的魔法也消失了。
QUEST_WOLF_4_9_QUESTINFODATA_ACTIONS_2_ACTIONTEXT,用皇家赦令宽恕山谷民众
QUEST_WOLF_4_9_QUESTINFODATA_ACTIONS_2_DEFAULTOUTCOME_JOURNALTEXT,\n使用法律和皇家赦令作为武器，我们的英雄阻止了洪水。村里的动物获得了安全！\n
QUEST_WOLF_4_9_QUESTINFODATA_ACTIONS_2_DEFAULTOUTCOME_OUTCOMETEXT,当海狸到达时，你向他们出示了皇家赦令。他们勉强接受他们的工作无法继续的事实。
QUEST_WOLF_4_9_QUESTINFODATA_ACTIONS_3_ACTIONTEXT,用化妆舞会面具愚弄獾
QUEST_WOLF_4_9_QUESTINFODATA_ACTIONS_3_DEFAULTOUTCOME_JOURNALTEXT,我们的英雄使用化妆舞会面具，以说服獾他们的工作被推迟了。征途几乎是结束了！
QUEST_WOLF_4_9_QUESTINFODATA_ACTIONS_3_DEFAULTOUTCOME_OUTCOMETEXT,带上面具，你让獾相信你是国王的使者。你设法说服他们离开……至少暂时如此。
QUEST_WOLF_4_9_QUESTINFODATA_ACTIONS_4_ACTIONTEXT,"""这些海狸为钱效力。让他们为我们效劳。"""
QUEST_WOLF_4_9_QUESTINFODATA_ACTIONS_4_DEFAULTOUTCOME_JOURNALTEXT,商人用非法获得的黄金贿赂了愚蠢的海狸，送他们远离森林。村子得救了！
QUEST_WOLF_4_9_QUESTINFODATA_ACTIONS_4_DEFAULTOUTCOME_OUTCOMETEXT,商人带着一个简单的诡术接近皇家建筑师海狸：用不是你的金币贿赂，或供他花销。管用！
QUEST_WOLF_4_9_QUESTINFODATA_ENCOUNTERTEXT,国王的海狸建筑师计划淹没整个山谷，让所有村民葬身于此！不幸的是，你的选择很有限……
QUEST_WOLF_4_9_QUESTINFODATA_JOURNALENCOUNTERTEXT,国王的海狸建筑师计划淹没整个森林盆地，杀死里面的每个民众。可以做些什么来阻止这样疯狂的行为呢？
QUEST_WOLF_4_9_QUESTINFODATA_JOURNALRUMOURTEXT,在森林深处，一个村庄正受到国王疯狂计划的威胁。我们的英雄着手拯救他的居民，帮助他们逃离注定的死亡。
QUEST_WOLF_4_9_QUESTINFODATA_RUMOURTEXT,我听说国王计划淹没附近的森林盆地——但我的很多朋友都住在那里！请去阻止这种疯狂的行为！
QUEST_WOLF_4_9_QUESTINFODATA_TITLE,即将到来的洪水
QUEST_WOLF_5_1_QUESTINFODATA_ACTIONS_0_ACTIONTEXT,打开门。进入王宫。
QUEST_WOLF_5_1_QUESTINFODATA_ACTIONS_0_DEFAULTOUTCOME_JOURNALTEXT,<hero_name>打开门走进去，随时做好攻击准备。疯狂国王正在某个黑暗的角落等待着。
QUEST_WOLF_5_1_QUESTINFODATA_ACTIONS_0_DEFAULTOUTCOME_OUTCOMETEXT,门打开了。王宫里空无一人，仆人早已无影无踪。你跨过门槛。疯狂国王和他的王座就在前方等着你。
QUEST_WOLF_5_1_QUESTINFODATA_ENCOUNTERTEXT,你手里拿着一把王宫钥匙。你不知道得到它付出了什么代价，但深深的刮痕表明它绝非轻易得来。
QUEST_WOLF_5_1_QUESTINFODATA_JOURNALENCOUNTERTEXT,我们的英雄拿着进入仆人住处的钥匙。通过这个不容易发现的小门，就能看到王宫和疯狂国王。
QUEST_WOLF_5_1_QUESTINFODATA_JOURNALRUMOURTEXT,由于<hero_name>的功绩，狼族的探子发现了一个进入王宫的隐藏入口。时机已到。
QUEST_WOLF_5_1_QUESTINFODATA_RUMOURTEXT,狼族已经等候了足够长的时间。你必须迎战自己的命运，彻底夺取王座！
QUEST_WOLF_5_1_QUESTINFODATA_TITLE,最后的战役
QUEST_WOLF_PROLOGUE_1_QUESTINFODATA_ACTIONS_0_ACTIONTEXT,阻止这个家伙！
QUEST_WOLF_PROLOGUE_1_QUESTINFODATA_ACTIONS_0_DEFAULTOUTCOME_OUTCOMETEXT,不能失败
QUEST_WOLF_PROLOGUE_1_QUESTINFODATA_ACTIONS_0_TESTSUCCESSOUTCOME_JOURNALTEXT,塞恩伤害了这个家伙，并抢夺了他们的物品，但是他们已经杀掉了骑士。这一行为无法得到原谅。
QUEST_WOLF_PROLOGUE_1_QUESTINFODATA_ACTIONS_0_TESTSUCCESSOUTCOME_OUTCOMETEXT,你站在这家伙的前面，阻挡他们笨拙的攻击。你抓住他们的背包，让他们在劫难逃。一本写着笔记的日志掉了出来。
QUEST_WOLF_PROLOGUE_1_QUESTINFODATA_ACTIONS_1_ACTIONTEXT,让他们走吧。
QUEST_WOLF_PROLOGUE_1_QUESTINFODATA_ACTIONS_1_DEFAULTOUTCOME_OUTCOMETEXT,无法选择这么做
QUEST_WOLF_PROLOGUE_1_QUESTINFODATA_ENCOUNTERTEXT,一个身穿长袍的身影突然从南岸的大门冲出。他们拿着一把沾血的刀。一名侍从正在追赶。“塞恩！拦住他！”她喊道。
QUEST_WOLF_PROLOGUE_1_QUESTINFODATA_JOURNALENCOUNTERTEXT,我们的英雄来到南岸，发现这里一片混乱！一个穿长袍的身影正拿着一把血腥的刀子从城里逃走！
QUEST_WOLF_PROLOGUE_1_QUESTINFODATA_RUMOURTEXT,不需要谣言文本
QUEST_WOLF_PROLOGUE_1_QUESTINFODATA_TITLE,南岸的谋杀行为！
QUEST_WOLF_PROLOGUE_2_QUESTINFODATA_ACTIONS_0_ACTIONTEXT,快追！
QUEST_WOLF_PROLOGUE_2_QUESTINFODATA_ACTIONS_0_DEFAULTOUTCOME_JOURNALTEXT,我们的英雄的速度足以追上杀手，但却没有料到还有另一场攻击。<hero_name>受伤了，杀害骑士的凶手再次悄悄逃跑了。
QUEST_WOLF_PROLOGUE_2_QUESTINFODATA_ACTIONS_0_DEFAULTOUTCOME_OUTCOMETEXT,你四肢着地，冲过石环。在最后一刻，那个身影突然转身，在你脸上划了一道。你嚎叫一声，他逃跑了。
QUEST_WOLF_PROLOGUE_2_QUESTINFODATA_ACTIONS_0_TESTSUCCESSOUTCOME_JOURNALTEXT,无法成功
QUEST_WOLF_PROLOGUE_2_QUESTINFODATA_ACTIONS_0_TESTSUCCESSOUTCOME_OUTCOMETEXT,无法成功
QUEST_WOLF_PROLOGUE_2_QUESTINFODATA_ACTIONS_1_ACTIONTEXT,抓住黑暗装备。
QUEST_WOLF_PROLOGUE_2_QUESTINFODATA_ACTIONS_1_DEFAULTOUTCOME_JOURNALTEXT,我们的英雄举起利剑，开始一个接一个地破坏这些工具，尽管他注意到，那个身影似乎已经带走一些关键的工具。
QUEST_WOLF_PROLOGUE_2_QUESTINFODATA_ACTIONS_1_DEFAULTOUTCOME_OUTCOMETEXT,没有时间复仇了。必须摧毁这些腐化工具。它们威胁着所有阿门罗民众的安全！
QUEST_WOLF_PROLOGUE_2_QUESTINFODATA_ENCOUNTERTEXT,石头阵到处散落着有关黑暗力量的符号。在中心位置，穿长袍的身影正在疯狂地收拾东西！他发现了你。然后冲进石头阵边上的树林里
QUEST_WOLF_PROLOGUE_2_QUESTINFODATA_JOURNALENCOUNTERTEXT,凶手实际上就在石头阵里。他们看到<hero_name>后就逃跑了，躲进附近的树林里。
QUEST_WOLF_PROLOGUE_2_QUESTINFODATA_JOURNALRUMOURTEXT,我们的英雄冒险向北走，挺进<quest_tile>。杀害<hero_name>的骑士的黑暗生物要为他们的罪行接受惩罚！
QUEST_WOLF_PROLOGUE_2_QUESTINFODATA_RUMOURTEXT,你扫了扫从那个穿长袍的身影身上获得的日志。他的笔记显示，他已经在北部安营扎寨。
QUEST_WOLF_PROLOGUE_2_QUESTINFODATA_TITLE,黑暗四起
QUEST_WOLF_PROLOGUE_AI_2_QUESTINFODATA_ACTIONS_0_ACTIONTEXT,QUEST_WOLF_PROLOGUE_AI_1_QUESTINFODATA_ACTIONS_0_ACTIONTEXT
QUEST_WOLF_PROLOGUE_AI_2_QUESTINFODATA_ACTIONS_0_DEFAULTOUTCOME_JOURNALTEXT,QUEST_WOLF_PROLOGUE_AI_1_QUESTINFODATA_ACTIONS_0_DEFAULTOUTCOME_JOURNALTEXT
QUEST_WOLF_PROLOGUE_AI_2_QUESTINFODATA_ACTIONS_0_DEFAULTOUTCOME_OUTCOMETEXT,QUEST_WOLF_PROLOGUE_AI_1_QUESTINFODATA_ACTIONS_0_DEFAULTOUTCOME_OUTCOMETEXT
QUEST_WOLF_PROLOGUE_AI_2_QUESTINFODATA_ACTIONS_0_TESTSUCCESSOUTCOME_JOURNALTEXT,QUEST_WOLF_PROLOGUE_AI_1_QUESTINFODATA_ACTIONS_0_TESTSUCCESSOUTCOME_JOURNALTEXT
QUEST_WOLF_PROLOGUE_AI_2_QUESTINFODATA_ACTIONS_0_TESTSUCCESSOUTCOME_OUTCOMETEXT,QUEST_WOLF_PROLOGUE_AI_1_QUESTINFODATA_ACTIONS_0_TESTSUCCESSOUTCOME_OUTCOMETEXT
QUEST_WOLF_PROLOGUE_AI_2_QUESTINFODATA_ENCOUNTERTEXT,QUEST_WOLF_PROLOGUE_AI_1_QUESTINFODATA_ENCOUNTERTEXT
QUEST_WOLF_PROLOGUE_AI_2_QUESTINFODATA_JOURNALENCOUNTERTEXT,QUEST_WOLF_PROLOGUE_AI_1_QUESTINFODATA_JOURNALENCOUNTERTEXT
QUEST_WOLF_PROLOGUE_AI_2_QUESTINFODATA_JOURNALRUMOURTEXT,QUEST_WOLF_PROLOGUE_AI_1_QUESTINFODATA_JOURNALRUMOURTEXT
QUEST_WOLF_PROLOGUE_AI_2_QUESTINFODATA_RUMOURTEXT,QUEST_WOLF_PROLOGUE_AI_1_QUESTINFODATA_RUMOURTEXT
QUEST_WOLF_PROLOGUE_AI_2_QUESTINFODATA_TITLE,QUEST_WOLF_PROLOGUE_AI_1_QUESTINFODATA_TITLE
RANK_10_TITLE,国王
RANK_1_TITLE,倒霉侍从
RANK_2_TITLE,征召兵
RANK_3_TITLE,村民
RANK_4_TITLE,学者
RANK_5_TITLE,长老
RANK_6_TITLE,皇家顾问
RANK_7_TITLE,代理人
RANK_8_TITLE,间谍大师
RANK_9_TITLE,黑暗委员会
RATE_CONFIRM,好啊。
RATE_DECLINE,不了，谢谢。
RATE_LATER,以后吧。
RATE_MESSAGE,玩得开心吗？我们很希望你能够留下评论。<3
RATE_MESSAGE_1,请给我们评分，拜托了！
RATE_TITLE,为阿门罗评分
REPORT_BUG_ATTACH_LOG,附加日志文件
REPORT_BUG_AUTOMATED_DESCRIPTION,你愿意报告游戏的问题吗？如果你发现了一个漏洞，最好连同问题描述的截图一起发送，你可以将问题发布在 leagueofgeeks.com/forums 上。
REPORT_BUG_CATEGORY,类别
REPORT_BUG_CATEGORY_BUG,错误
REPORT_BUG_CATEGORY_DESIGN,设计
REPORT_BUG_CATEGORY_TYPO,错字
REPORT_BUG_CATEGORY_USER,用户
REPORT_BUG_DESCRIPTION_INSTRUCTIONS,在此输入错误描述
REPORT_BUG_EMAIL_INSTRUCTIONS,输入电邮地址（可选）
REPORT_BUG_REPRODUCTION_INSTRUCTIONS,在此输入错误再现步骤
REPORT_BUG_SCREENSHOT,如果加上截图能更好地报告你发现的错误，你可以将其张贴到日志论坛，网址：[u][url=http://leagueofgeeks.com/forums/index.php?board=19.0]HERE[/url][/u]。\n\n
REPORT_BUG_SUBJECT_INSTRUCTIONS,在此输入主题
REPORT_BUG_TAKE_SCREENSHOT_INSTRUCTIONS,在 Steam 中按 F12 进行截图。然后，你可以在 Steam 覆盖层（Shift-Tab 键）查看。
REPORT_USER_REASON,举报的原因
REPORT_USER_USERNAME,玩家
SENTENCE_COLON,：
SENTENCE_ENDING,。
SENTENCE_SEPARATOR,，
SKEEVE_FREE_DAILYCHEST_01,朋友！这儿有你的免费宝箱。
SKEEVE_FREE_DAILYCHEST_02,有个免费宝箱，你得签收一下。
SKEEVE_FREE_DAILYCHEST_03,这儿还有一个给你的免费宝箱！
SKEEVE_FREE_DAILYCHEST_04,每一天，都有一个免费宝箱等着你！
SKEEVE_FREE_DAILYCHEST_05,快递到啦！免费宝箱就在这里。
SKEEVE_FREE_DAILYCHEST_06,你回来啦！一个免费宝箱！快来拿！
SKEEVE_FREE_GENERIC_01,嘿！想来个赠品吗？
SKEEVE_FREE_GENERIC_02,是你！有个给你的小礼物，朋友！
SKEEVE_FREE_GENERIC_03,免费的哟！快来拿啊！
SKEEVE_NEWGOODS_01,还想要吗？我还有！刚到的新玩意！
SKEEVE_NEWGOODS_02,新货刚到！快来看看！
SKEEVE_NEWGOODS_03,最新上架，港口独家！
SKEEVE_NEWGOODS_04,这儿有些好货，朋友。如假包换。
SKEEVE_NEWGOODS_05,我要先告诉你……新货刚到。
SKEEVE_NOVELLA_01,书和你的其它东西放在一起。
SKEEVE_NOVELLA_02,读书时间？中篇小说已加入你的库存。
SKEEVE_NOVELLA_03,如果到读书会的时间了，就看看你的库存吧。
SKIN_BANDIT_01_0_NAME,经典
SKIN_BANDIT_01_1_NAME,黑色佣兵
SKIN_BANDIT_02_0_NAME,经典
SKIN_BANDIT_02_1_NAME,黑色佣兵
SKIN_BANDIT_03_0_NAME,经典
SKIN_BANDIT_03_1_NAME,黑色佣兵
SKIN_BANDIT_04_0_NAME,经典
SKIN_BANDIT_04_1_NAME,黑色佣兵
SKIN_BANE_01_0_NAME,经典
SKIN_BEAR_01_0_NAME,经典
SKIN_BEAR_01_1_NAME,怀尔德歌者
SKIN_BEAR_02_0_NAME,经典
SKIN_BEAR_02_1_NAME,军阀
SKIN_BEAR_03_0_NAME,经典
SKIN_BEAR_03_1_NAME,强力者
SKIN_BEAR_04_0_NAME,经典
SKIN_DRAGON_01_0_NAME,经典
SKIN_DRAGON_02_0_NAME,经典
SKIN_DRAGON_03_0_NAME,经典
SKIN_DRAGON_04_0_NAME,经典
SKIN_KINGSGUARD_01_0_NAME,经典
SKIN_KING_01_0_NAME,经典
SKIN_RABBIT_01_0_NAME,经典
SKIN_RABBIT_01_1_NAME,远寻者
SKIN_RABBIT_02_0_NAME,经典
SKIN_RABBIT_02_1_NAME,先驱
SKIN_RABBIT_03_0_NAME,经典
SKIN_RABBIT_03_1_NAME,建筑大师
SKIN_RABBIT_04_0_NAME,经典
SKIN_RAT_01_0_NAME,经典
SKIN_RAT_01_1_NAME,大胡子
SKIN_RAT_02_0_NAME,经典
SKIN_RAT_02_1_NAME,夜之姐妹
SKIN_RAT_03_0_NAME,经典
SKIN_RAT_03_1_NAME,面纱领主
SKIN_RAT_04_0_NAME,经典
SKIN_WOLF_01_0_NAME,经典
SKIN_WOLF_01_1_NAME,哈肯斯守卫
SKIN_WOLF_02_0_NAME,经典
SKIN_WOLF_02_1_NAME,荒野
SKIN_WOLF_03_0_NAME,经典
SKIN_WOLF_03_1_NAME,护盾狂怒
SKIN_WOLF_04_0_NAME,经典
SPECIALSTATUSBOUNTY_NAME,悬赏中
SPECIALSTATUSCANNONEER_NAME,炮手
SPECIALSTATUSCAULDRONCRONE_NAME,坩埚老妪
SPECIALSTATUSCORRUPTED_NAME,已堕落
SPECIALSTATUSEVADE_NAME,闪避中
SPECIALSTATUSHIGHERGROUND_NAME,设防
SPECIALSTATUSINFECTED_NAME,已感染
SPECIALSTATUSINTIMIDATED_NAME,威慑中
SPECIALSTATUSPERILVISION_NAME,陷阱视界中
SPECIALSTATUSPOISONED_NAME,中毒
SPECIALSTATUSPOISONED_OVERHEAD_ICON_NAME,中毒！
SPECIALSTATUSQUESTVISION_NAME,任务视界中
SPECIALSTATUSSCARCASTING_NAME,疤痕施法
SPECIALSTATUSSCOUT_NAME,侦察
SPECIALSTATUSSPIRITWALKER_NAME,灵界行者
SPECIALSTATUSSTEALTH_NAME,潜行
SPECIALSTATUSSTREETQUEEN_NAME,街头女皇
SPECIALSTATUSTREEARMOUR_NAME,守护者
SPECIALSTATUSWORMSBLESSING_NAME,蠕虫之赐福
SPELLCARDTYPE_NAME,法术
SPELLCARDTYPE_STATUSFEEDRECEIVEDMESSAGE,<hero>已经收到一张法术卡。
SPLASH_SPONSOR_INTRO,在下列各位的帮助下开发而成
STATCHANGE_HEALTH,生命
STATCHANGE_WOUND,伤害
STATUSFEED_AITAKEOVERHERO,<hero> 现在已被 AI 玩家所控制。
STATUSFEED_AWOKENBANE,<hero>唤醒了沉睡的恐怖之物。
STATUSFEED_A_BANE,贝恩
STATUSFEED_A_KINGSGUARD,国王守卫
STATUSFEED_BANESPAWNED,贝恩已在地牢诞生。
STATUSFEED_BANISHED,<from_creature>净化了<to_creature>。
STATUSFEED_BOUNTYCLAIMED_FUGITIVE,<bounty_claimer>已领取缉拿 <tooltip_BuffIconFugitive>亡命徒</tooltip_BuffIconFugitive> <bounty_target>的悬赏。
STATUSFEED_BOUNTYCLAIMED_KINGSGUARD,<bounty_target>已经因他们的罪行而受到惩罚！
STATUSFEED_BOUNTYCLAIMED_TRAITOR,<bounty_claimer>已领取缉拿 <tooltip_BuffIconTraitor>叛国者</tooltip_BuffIconTraitor> <bounty_target>的悬赏。
STATUSFEED_BOUNTYCLAIMED_WANTED,<bounty_claimer>已领取缉拿<tooltip_BuffIconWanted>通缉犯</tooltip_BuffIconWanted><bounty_target>的悬赏。
STATUSFEED_BOUNTYCLEARED_FUGITIVE,<bounty_target>不再是 <tooltip_BuffIconFugitive>亡命徒</tooltip_BuffIconFugitive>了。
STATUSFEED_BOUNTYCLEARED_TRAITOR,<bounty_target>不再被视为 <tooltip_BuffIconTraitor>叛国者</tooltip_BuffIconTraitor>。
STATUSFEED_BOUNTYCLEARED_WANTED,<bounty_target>不再是<tooltip_BuffIconWanted>通缉犯</tooltip_BuffIconWanted>。
STATUSFEED_BOUNTYSTARTED_FUGITIVE,国王已宣布<bounty_target>现在是<tooltip_BuffIconFugitive>亡命徒</tooltip_BuffIconFugitive>！
STATUSFEED_BOUNTYSTARTED_TRAITOR,国王已将<bounty_target>宣布为<tooltip_BuffIconTraitor>叛国者</tooltip_BuffIconTraitor>！
STATUSFEED_BOUNTYSTARTED_WANTED,国王已将<bounty_target>列为<tooltip_BuffIconWanted>通缉犯</tooltip_BuffIconWanted>！
STATUSFEED_CAPTUREDSETTLEMENT,<hero>占领了一个聚落。
STATUSFEED_CAPTUREDSETTLEMENTFROM,<to_hero>占领了一个<from_hero>的聚落。
STATUSFEED_COMBATDRAW,<from_creature> 和 <to_creature> 的战斗<encounter_url>胜负未分</encounter_url>。
STATUSFEED_COMBATMUTUALDEATH,<from_creature> 和 <to_creature> 已<encounter_url>同归于尽</encounter_url>。
STATUSFEED_CREATURECORRUPTED,<creature>已经被腐化<specialstatus_corrupted>堕落</specialstatus_corrupted>。
STATUSFEED_CREATURENOLONGERCORRUPTED,<creature>已摆脱腐化的<specialstatus_corrupted>堕落</specialstatus_corrupted>。
STATUSFEED_DAWNINCOME,所有英雄都已获得来自聚落的黎明收入。
STATUSFEED_DAWNKINGMESSAGE,我们的国王慢慢接近死亡。
STATUSFEED_DAWNROT,腐化让<hero>更接近死亡。
STATUSFEED_DAY_HEADING,白天 <round_number>
STATUSFEED_DECKSHUFFLED_FOLLOWER,随从弃牌堆已洗牌并重新归入随从卡组。
STATUSFEED_DECKSHUFFLED_ITEM,道具弃牌堆已洗牌并重新归入道具卡组。
STATUSFEED_DECKSHUFFLED_SPELL,法术弃牌堆已洗牌并重新归入法术卡组。
STATUSFEED_DECKSHUFFLED_TREASURE,宝藏弃牌堆已洗牌并重新归入宝藏卡组。
STATUSFEED_DECKSHUFFLED_TRICKERY,诡术弃牌堆已洗牌并重新归入诡术卡组。
STATUSFEED_DISCONNECT_AFK,国王已将<player>踢出游戏，因为其已经离开游戏很久了。A.I.玩家已经替代了他的位置。
STATUSFEED_DISCONNECT_LEFT,<player>已离开游戏。A.I.玩家已经替代了他的位置。
STATUSFEED_DISCONNECT_TIMEOUT,与<player>联络的通信已经中断，而且无法重新连接。A.I.玩家已经替代了他的位置。
STATUSFEED_DRAWINGCARDS,<hero>在抓牌。
STATUSFEED_DRAWINGCARDSCOMPLETE,<hero>已完成抓牌。
STATUSFEED_DUSKINCOME,所有英雄的魔法由怀尔德平衡。
STATUSFEED_DUSKKINGMESSAGE,腐化扭曲我们的国王，使其更深地陷入疯狂。
STATUSFEED_ENCOUNTEREDARMS,<hero> 已拜访西米恩之臂 。
STATUSFEED_ENCOUNTEREDBROKER,<hero> 已拜访比夫黑市 。
STATUSFEED_ENCOUNTEREDDOCTOR,药剂师已经前来拯救<hero>！
STATUSFEED_ENCOUNTEREDDRUIDS,<hero> 已经看到古老的生物。
STATUSFEED_ENCOUNTEREDGOBLINS,<hero> 已经玩过小妖的游戏！
STATUSFEED_ENCOUNTEREDPOTIONS,<hero> 已拜访贝蒂的廉价酿造。
STATUSFEED_ENCOUNTEREDRECRUITER,<hero>已拜访罗克西的招募处。
STATUSFEED_ENCOUNTEREDSHADE,怀特阴影
STATUSFEED_ENOUGHSPIRITSTONESBANISH,<hero>现在是一位<specialstatus_spiritwalker>灵界行者</specialstatus_spiritwalker>，持有足以净化国王的灵石。
STATUSFEED_ENTEREDPALACE,<hero>已进入王宫花园。
STATUSFEED_ENTRALLED,<hero>魅惑了一个贝恩。
STATUSFEED_EQUIPCARD,<hero>已装备<card>。
STATUSFEED_EXPLOREFOUNDNOTHING,<hero>什么也没发现。
STATUSFEED_EXPLORING,<hero>正在探索。
STATUSFEED_FICKLECARDLEFT_FOL07,<card>在国王严厉的注视下溜走了。
STATUSFEED_FORTIFIEDSETTLEMENT,<creature>已经在<tile_name>设防。
STATUSFEED_HASDEFEATED,<from_creature> 已<encounter_url>打败</encounter_url> <to_creature>。
STATUSFEED_HASENCOUNTEREDPERIL,<peril_challenger>遇到了<peril_owner>的<perilcard_url>陷阱</perilcard_url>。
STATUSFEED_HASESCAPEDPERIL,<peril_challenger> 已<encounter_url>逃离</encounter_url> <peril_owner> 的陷阱。
STATUSFEED_HASFAILEDPERIL,<peril_challenger> 在 <peril_owner> 的陷阱中<encounter_url>失败</encounter_url>。
STATUSFEED_HASROUTED,<to_creature> 已被 <from_creature> <encounter_url>击溃</encounter_url>。
STATUSFEED_HASSLAIN,<from_creature> 已<encounter_url>击杀</encounter_url> <to_creature>。
STATUSFEED_HASTRIGGEREDPERIL,<peril_challenger>触发了<peril_owner>的陷阱。
STATUSFEED_HERODEATH,<hero>已阵亡。
STATUSFEED_HEROSPAWNEDSPIRITSTONE,<hero>已在<tile_name>晶化了一块灵石。
STATUSFEED_ISATTACKING,<from_creature>正在攻击<to_creature>。
STATUSFEED_KINGHASCALLED,国王已召唤君主总管<hero>到他的身边。
STATUSFEED_KINGSGUARDRESCUEDSETTLEMENT,国王守卫已救援<tile_name>。
STATUSFEED_NEWKINGSDECLARATION,国王诏令<declaration_name>现已生效。
STATUSFEED_NIGHT_HEADING,黑夜 <round_number>
STATUSFEED_PERILVISION,陷阱视界
STATUSFEED_PICKPOCKET,<from_creature>摸了<to_creature>的口袋，偷走了一张牌。
STATUSFEED_PLAYEDPERIL,<peril_owner>已在<tile_name>上设置了一个陷阱。
STATUSFEED_PLAYERDISCONNECTED,<player>已断开连接。
STATUSFEED_POISONED,<specialstatus_poisoned>毒素</specialstatus_poisoned>在<hero>的血管中蔓延。
STATUSFEED_PORTAL,<hero>穿过了一道隐秘的传送门。
STATUSFEED_PRESTIGELOSSONDEATH,<hero>已因死亡而失去声望。
STATUSFEED_PRESTIGEPENALTYFORKINGSGUARD,<hero>已经因杀死国王守卫而失去声望。
STATUSFEED_QUESTCOMPLETE,<hero>已经完成了任务。
STATUSFEED_QUESTING,<hero>正在<tile_name>做任务。
STATUSFEED_RECEIVEDSOMETHING,<hero>已收到 <stat_amount> <stat_type>。
STATUSFEED_RECRUITCARD,<hero>已经招募了<card>。
STATUSFEED_SPIRITSTONEDESTROYEDBYKINGSGUARD,国王守卫已摧毁一块灵石。
STATUSFEED_SPIRITSTONEGAINED,<hero>已获得一块灵石。
STATUSFEED_SPIRITSTONESPAWNED,灵石已在<tile_name>晶化。
STATUSFEED_SQUIREACTIVATED,<card>英勇牺牲，拯救了<hero>。
STATUSFEED_STARTGAME,王座之争已经开始。
STATUSFEED_STOLESOMETHING,<stealer_creature>从<victim_creature>那偷走了 <stat_amount> <stat_type>。
STATUSFEED_TERRORIZEDSETTLEMENT,<creature>已恐吓<tile_name>聚落。
STATUSFEED_THE_KING,国王
STATUSFEED_TRANSFERREDSOMETHING,<stealer_creature>从<victim_creature>那获得了 <stat_amount> <stat_type>。
STATUSFEED_WASDEFEATEDBY,<from_creature> 已被 <to_creature> <encounter_url>打败</encounter_url>。
STATUSFEED_WASSLAINBY,<from_creature> 已被 <to_creature> <encounter_url>击杀</encounter_url>。
STAT_BODY,体力
STAT_FIGHT,战力
STAT_GOLD,金币
STAT_HEALTH,生命
STAT_MAGIC,魔法
STAT_NONE,无
STAT_PRESTIGE,声望
STAT_ROT,腐化
STAT_SPIRIT,灵力
STAT_SPIRITSTONES,灵石
STAT_SPIRITSTONE_SINGULAR,灵石
STAT_STARTTURNACTIONPOINTS,开始回合行动点数
STAT_WITS,智力
STORE_ARMELLO_DESCRIPTION,在你最爱的数字桌游中已经没有人可以背叛了吗？献上弑君之礼，为你的朋友购买一份阿门罗。
STORE_ARMELLO_TITLE,阿门罗
STORE_BANDITCLAN_DESCRIPTION,在阿门罗的首个部族 DLC 中扮演臭名昭著的强盗族争夺荣耀！强盗族 DLC 内含四位全新可游玩英雄、超过 50 个独一无二的强盗任务、强盗骰子、一枚全新的强盗族戒指和许多其他好东西！
STORE_BANDITCLAN_TITLE,强盗族
STORE_CATEGORY_BOOKS_TITLE,中篇小说
STORE_CATEGORY_COLLECTORS_EDITION,收藏版
STORE_CATEGORY_CURRENCY_TITLE,碎片
STORE_CATEGORY_DICE_TITLE,战利品
STORE_CATEGORY_FEATURED_TITLE,精选
STORE_CATEGORY_HEROES_TITLE,英雄
STORE_CATEGORY_HERO_SKINS_TITLE,皮肤
STORE_CATEGORY_LOADOUTITEMS_TITLE,首饰
STORE_CATEGORY_OTHER_TITLE,DLC
STORE_CATEGORY_SUBSCRIPTION_TITLE,订阅
STORE_COLLECTORS_BUNDLE_DESCRIPTION,购买下方所列的全部阿门罗 DLC，可享 10% 的批量折扣。注意：Steam 捆绑包只会对你尚未拥有的 DLC 收费。
STORE_COLLECTORS_BUNDLE_TITLE,收藏版捆绑包
STORE_DICE_ROT_TITLE,腐化骰子
STORE_DICE_ROYAL_TITLE,皇家骰子
STORE_DRAGONCLAN_DESCRIPTION,与阴险的龙鳞英雄们一起踏上旅途，夺回他们与生俱来的权利——阿门罗的王座。《龙之部落》是阿门罗的第二款部族 DLC，内含四位可游玩英雄、一个全新的巨龙专属任务系统、巨龙骰子、六枚全新图章，还有一款新护身符！
STORE_DRAGONCLAN_TITLE,龙之部落
STORE_FIRSTTIMEOFFER_DESCRIPTION,在这次限时欢迎特惠中，用极低的价格获取狼族里弗和小把碎片！
STORE_FIRSTTIMEOFFER_TITLE,欢迎特惠！
STORE_MANAGE_SUBSCRIPTIONS,管理订阅
STORE_MAP_SEASONS_DESCRIPTION,在两个全新、惊艳的阿门罗季节中踏上王座之旅！季节 DLC 推出了两款全新的棋盘皮肤——秋与春！
STORE_MAP_SEASONS_MOBILE_DESCRIPTION,在三个极美的阿门罗季节中开始王座之旅，在季节棋盘皮肤包中体验阿门罗王国的全部荣耀。\n\n这个皮肤包包含：\n- 秋季棋盘皮肤\n- 冬季棋盘皮肤\n- 春季棋盘皮肤
STORE_MAP_SEASONS_TITLE,季度桌面皮肤
STORE_RESTORE_PURCHASES,恢复购买
STORE_RIVALS_DESCRIPTION,率领大部落中的格格不入者，与阿门罗本篇的英雄们一较高下！此英雄包包含四位全新可游玩英雄、一枚新护身符与四枚新戒指！
STORE_RIVALS_DESCRIPTION_MOBILE,率领大部落中的格格不入者，与阿门罗本篇的英雄们一较高下！四位全新可游玩英雄即将推出！
STORE_RIVALS_TITLE,对手英雄包
STORE_RIVALS_TITLE_MOBILE,宿敌英雄
STORE_SOUNDTRACK_DESCRIPTION,体验由才华横溢的 Michael Allen 与国际知名歌手/词曲作者 Lisa Gerrard 创作的阿门罗震撼原声音乐。伴随阿门罗原声音乐《怀尔德之唤》，沉浸于阿门罗的世界之中。
STORE_SOUNDTRACK_TITLE,原声音乐——怀尔德之唤
STORE_SUBSCRIPTION_MONTH_01_DESCRIPTION,订阅可访问所有高级内容：\n- 全部英雄\n- 全部英雄皮肤\n- 强盗族\n- 季节棋盘皮肤\n- 全部高级骰子\n- 全部中篇小说\n\n订阅者还可获得：\n- 宝箱 9 折优惠！\n- 一枚专属且不断进化的订阅者徽章。\n- 能反映订阅时长的专属订阅者骰子！
STORE_SUBSCRIPTION_MONTH_01_LINE2,解锁阿门罗的一切内容与更多惊喜
STORE_SUBSCRIPTION_MONTH_01_LINE4,每月
STORE_SUBSCRIPTION_MONTH_01_TITLE,月度订阅
STORE_SUBSCRIPTION_MONTH_03_DESCRIPTION,订阅可访问所有高级内容：\n- 全部英雄\n- 全部英雄皮肤\n- 强盗族\n- 季节棋盘皮肤\n- 全部高级骰子\n- 全部中篇小说\n\n订阅者还可获得：\n- 宝箱 9 折优惠！\n- 一枚专属且不断进化的订阅者徽章。\n- 能反映订阅时长的专属订阅者骰子！
STORE_SUBSCRIPTION_MONTH_03_LINE2,预付可享 20% 折扣。
STORE_SUBSCRIPTION_MONTH_03_LINE4,每 3 个月
STORE_SUBSCRIPTION_MONTH_03_TITLE,订阅 3 个月
STORE_SUBSCRIPTION_MONTH_12_DESCRIPTION,订阅可访问所有高级内容：\n- 全部英雄\n- 全部英雄皮肤\n- 强盗族\n- 季节棋盘皮肤\n- 全部高级骰子\n- 全部中篇小说\n\n订阅者还可获得：\n- 宝箱 9 折优惠！\n- 一枚专属且不断进化的订阅者徽章。\n- 能反映订阅时长的专属订阅者骰子！
STORE_SUBSCRIPTION_MONTH_12_LINE2,预付可享 50% 折扣。
STORE_SUBSCRIPTION_MONTH_12_LINE4,每 12 个月
STORE_SUBSCRIPTION_MONTH_12_TITLE,订阅 12 个月
STORE_SUBSCRIPTION_TERMS,订阅条款
STORE_SUBSCRIPTION_TERMS_DESCRIPTION,请注意：新订阅已不再提供购买。如果你的付款中断或取消订阅，将无法通过任何方式重新订阅。\n订阅可访问高级内容，包括全部英雄、全部英雄皮肤、强盗族、季节棋盘皮肤、全部高级骰子和全部中篇小说。订阅者还可获得专属且不断进化的订阅者徽章和骰子，以及宝箱 9 折优惠！请注意，在阿门罗中订阅后将从你的 iTunes 账户收费。若未在续订日期前至少 24 小时取消，你的会员身份或订阅将自动续订。购买后可前往账户设置管理订阅或关闭自动续订。如果订阅中断，已购买的内容将保留，但通过订阅授予的所有内容在续订前将无法访问。
STORE_TYPE_BUNDLE,捆绑包
STORE_TYPE_DLC,DLC
STORE_TYPE_GAME,游戏
STORE_USURPERS_DESCRIPTION,加入阿门罗王座之争！阿门罗首个大型 DLC 包内含四位全新可游玩英雄与四枚全新戒指——每个部族一枚！
STORE_USURPERS_TITLE,篡位英雄包
SUBTITLE_VO_KING_2DCOMBAT_1,这太愚蠢了，英雄。
SUBTITLE_VO_KING_2DCOMBAT_10,我要取你的项上人头。
SUBTITLE_VO_KING_2DCOMBAT_2,哈哈！你一定会后悔的。
SUBTITLE_VO_KING_2DCOMBAT_3,一个挑战者，哈哈！
SUBTITLE_VO_KING_2DCOMBAT_4,你敢对抗我吗？
SUBTITLE_VO_KING_2DCOMBAT_5,你就尝尝傲之刃的厉害吧。
SUBTITLE_VO_KING_2DCOMBAT_6,你的生命就此结束。
SUBTITLE_VO_KING_2DCOMBAT_7,一切都结束了，英雄。
SUBTITLE_VO_KING_2DCOMBAT_8,这将是你的终点。
SUBTITLE_VO_KING_2DCOMBAT_9,你的旅程到此结束，英雄。
SUBTITLE_VO_KING_BOAST_1,我才是唯一的、真正的国王。
SUBTITLE_VO_KING_BOAST_10,这是我的王国。
SUBTITLE_VO_KING_BOAST_2,是我为阿门罗带来了和平。
SUBTITLE_VO_KING_BOAST_3,你竟敢篡夺我的王位？
SUBTITLE_VO_KING_BOAST_4,跪下。
SUBTITLE_VO_KING_BOAST_5,再加把劲啊，英雄们。
SUBTITLE_VO_KING_BOAST_6,可悲。
SUBTITLE_VO_KING_BOAST_7,你永远都不会统治这里。
SUBTITLE_VO_KING_BOAST_8,我要把这王国一同带走。
SUBTITLE_VO_KING_BOAST_9,哈哈，我才是国王。
SUBTITLE_VO_KING_DAYSTART_1,诅咒这种疾病。
SUBTITLE_VO_KING_DAYSTART_10,你们的任务毫无希望。
SUBTITLE_VO_KING_DAYSTART_2,新的黎明。
SUBTITLE_VO_KING_DAYSTART_3,我的王国，苏醒吧。
SUBTITLE_VO_KING_DAYSTART_4,啊，它烧起来了！
SUBTITLE_VO_KING_DAYSTART_5,怀尔德苏醒了，黎明已至。
SUBTITLE_VO_KING_DAYSTART_6,今天就是你们所有人的死期。
SUBTITLE_VO_KING_DAYSTART_7,叛国者，你们全部都是叛国者。
SUBTITLE_VO_KING_DAYSTART_8,朕的王权依旧名正言顺。
SUBTITLE_VO_KING_DAYSTART_9,我又多活了一天。
SUBTITLE_VO_KING_GAMESTART_1,想要夺取我的宝座的英雄们，哈哈！
SUBTITLE_VO_KING_GAMESTART_10,你们谁都无法统治这里。
SUBTITLE_VO_KING_GAMESTART_2,那么，这就是背叛。宝座仍然是我的。
SUBTITLE_VO_KING_GAMESTART_3,你们竟敢夺取我的皇冠。
SUBTITLE_VO_KING_GAMESTART_4,哈哈，祝你们好运，英雄们。
SUBTITLE_VO_KING_GAMESTART_5,部族宠物似乎到这里来扮演英雄的角色了。
SUBTITLE_VO_KING_GAMESTART_6,阿门罗永远都是我的。
SUBTITLE_VO_KING_GAMESTART_7,我造就了这个王国，我要亲手毁了它。
SUBTITLE_VO_KING_GAMESTART_8,笨蛋，你们所有人都必须死。
SUBTITLE_VO_KING_GAMESTART_9,刺客想要夺取我的宝座？
SUBTITLE_VO_KING_KDANNOUNCE_1,事实就是这样。
SUBTITLE_VO_KING_KDANNOUNCE_10,非常好，就是这样。
SUBTITLE_VO_KING_KDANNOUNCE_2,王国应当了解我的王法。
SUBTITLE_VO_KING_KDANNOUNCE_3,是的，选的非常好。
SUBTITLE_VO_KING_KDANNOUNCE_4,以我之名，就要当心。
SUBTITLE_VO_KING_KDANNOUNCE_5,在我名下，就是王法。
SUBTITLE_VO_KING_KDANNOUNCE_6,是的，今天，就是这样。
SUBTITLE_VO_KING_KDANNOUNCE_7,这一定很有趣啊。
SUBTITLE_VO_KING_KDANNOUNCE_8,是的，这样正合适，非常不错。
SUBTITLE_VO_KING_KDANNOUNCE_9,让大家都听到，这里我做主。
SUBTITLE_VO_KING_KDSTEWARD_1,上前一步，英雄。
SUBTITLE_VO_KING_KDSTEWARD_2,今天该依什么法则呢？
SUBTITLE_VO_KING_KDSTEWARD_3,英雄，是不是想给点建议？
SUBTITLE_VO_KING_KDSTEWARD_4,今天，该依什么法则呢？
SUBTITLE_VO_KING_KDSTEWARD_5,我已经厌倦了旧的宣言。
SUBTITLE_VO_KING_KDSTEWARD_6,新的宣言，说点什么合适呢？
SUBTITLE_VO_KING_KDSTEWARD_7,今天呢？
SUBTITLE_VO_KING_KDSTEWARD_8,让我们玩点新花样吧。
SUBTITLE_VO_KING_KDSTEWARD_9,新的法则，是吧。
SUBTITLE_VO_KING_NIGHTSTART_1,赐予我黑暗。
SUBTITLE_VO_KING_NIGHTSTART_10,他们将出现在夜空下。
SUBTITLE_VO_KING_NIGHTSTART_2,恐惧夜晚。
SUBTITLE_VO_KING_NIGHTSTART_3,黑色野兽，出现吧。
SUBTITLE_VO_KING_NIGHTSTART_4,这个前夕会出现什么呢？
SUBTITLE_VO_KING_NIGHTSTART_5,腐化，我感觉到它的召唤了。
SUBTITLE_VO_KING_NIGHTSTART_6,让黑暗蔓延。
SUBTITLE_VO_KING_NIGHTSTART_7,腐化将慢慢潜入。
SUBTITLE_VO_KING_NIGHTSTART_8,拥抱黑暗吧，英雄们。
SUBTITLE_VO_KING_NIGHTSTART_9,在黑暗中，我们将茁壮成长。
SUBTITLE_VO_KING_PRESTIGEVICTORY_1,不！不，这不可能！我的统治会 -
SUBTITLE_VO_KING_PRESTIGEVICTORY_2,阿门罗永远都 -
SUBTITLE_VO_KING_PRESTIGEVICTORY_3,不！我是你们的国王！
SUBTITLE_VO_KING_ROTVICTORY_1,就是你！怎么办？！回来！你赢了！别管我…
SUBTITLE_VO_KING_ROTVICTORY_2,什么？！黑暗，它 - 躲远点！不要！啊啊啊啊！
SUBTITLE_VO_KING_ROTVICTORY_3,不！不！不是这样的！不-不-不不不不！
SUBTITLE_VO_KING_SPIRITVICTORY_1,这是什么魔法？！停下来！啊啊！
SUBTITLE_VO_KING_SPIRITVICTORY_2,那些石头！走开！啊啊啊 -
SUBTITLE_VO_KING_SPIRITVICTORY_3,怀尔德永远都不会繁荣兴旺！啊啊啊啊！
TILEEFFECT_CLANCASTLE,英雄们在他们的部落领地是安全的。
TILEEFFECT_DUNGEON,自动探索。
TILEEFFECT_FOREST,提供夜间潜行。
TILEEFFECT_KINGSPALACEEAST,失去剩余行动点数。
TILEEFFECT_KINGSPALACENORTH,失去剩余行动点数。
TILEEFFECT_KINGSPALACESOUTH,失去剩余行动点数。
TILEEFFECT_KINGSPALACEWEST,失去剩余行动点数。
TILEEFFECT_MOUNTAINS,已设防。攀登消耗 2 点行动点数，战斗中 +1 盾牌。
TILEEFFECT_PLAINS,基本地形。无效果。
TILEEFFECT_SANCTIFIEDWARDS,石阵结界。已堕落的生物每有 1 点腐化，生命便 -1。
TILEEFFECT_SETTLEMENT,每个黎明 +1 金币。
TILEEFFECT_SETTLEMENT_BONUS_GOLD_PRESTIGE_INCOME,每个黎明 +2 金币和 +1 声望。
TILEEFFECT_SETTLEMENT_FORTIFIED,已设防。进入消耗 2 点行动点数，战斗中 +1 盾牌。
TILEEFFECT_SETTLEMENT_TERRORISED,被恐吓。领取时 +1 声望。
TILEEFFECT_STONECIRCLE,重新获得 1 点生命。
TILEEFFECT_SWAMP,-1 生命。
TILENAME_CLANCASTLE_BANDIT,强盗领地
TILENAME_CLANCASTLE_BEAR,熊族领地
TILENAME_CLANCASTLE_RABBIT,兔族领地
TILENAME_CLANCASTLE_RAT,鼠族领地
TILENAME_CLANCASTLE_WOLF,狼族领地
TILENAME_DUNGEON_0,贝恩深渊
TILENAME_DUNGEON_1,幽幕谷
TILENAME_DUNGEON_10,黑刺塔
TILENAME_DUNGEON_11,残破兽穴
TILENAME_DUNGEON_12,迷径
TILENAME_DUNGEON_13,死狗之墓
TILENAME_DUNGEON_14,冒险者之墓
TILENAME_DUNGEON_15,咆哮宝库
TILENAME_DUNGEON_16,贝莱林城堡
TILENAME_DUNGEON_17,尖啸洞窟
TILENAME_DUNGEON_18,巫术坑
TILENAME_DUNGEON_19,腐化峡谷
TILENAME_DUNGEON_2,影落渊
TILENAME_DUNGEON_20,希望之终
TILENAME_DUNGEON_21,冠落崖
TILENAME_DUNGEON_3,渡鸦冢
TILENAME_DUNGEON_4,血冢深渊
TILENAME_DUNGEON_5,蠕虫之喉
TILENAME_DUNGEON_6,亨德兰要塞
TILENAME_DUNGEON_7,邪熊堡
TILENAME_DUNGEON_8,悲恸深渊
TILENAME_DUNGEON_9,陨落墓窟
TILENAME_FOREST_0,荆棘林
TILENAME_FOREST_1,迷雾森林
TILENAME_FOREST_10,黑松林
TILENAME_FOREST_11,叛国者庇护所
TILENAME_FOREST_12,遗忘之林
TILENAME_FOREST_13,猎人之殇
TILENAME_FOREST_14,翡翠尖塔
TILENAME_FOREST_15,死径密丛
TILENAME_FOREST_16,黑橡树林
TILENAME_FOREST_17,静谧丘林
TILENAME_FOREST_18,移影林海
TILENAME_FOREST_19,玄石幽谷
TILENAME_FOREST_2,弧谷林地
TILENAME_FOREST_20,石化森林
TILENAME_FOREST_21,怖林
TILENAME_FOREST_22,生命毛毯
TILENAME_FOREST_23,鹿角松林
TILENAME_FOREST_24,烬叶林
TILENAME_FOREST_25,燃爪森林
TILENAME_FOREST_26,遗失橡果灌木林
TILENAME_FOREST_27,狐火幽谷
TILENAME_FOREST_28,暮飞林冠
TILENAME_FOREST_29,冬花林
TILENAME_FOREST_3,费尔登树林
TILENAME_FOREST_30,雪松谷
TILENAME_FOREST_31,幽影谷
TILENAME_FOREST_4,薄雾树林
TILENAME_FOREST_5,苔落森林
TILENAME_FOREST_6,匪徒幽谷
TILENAME_FOREST_7,盘曲之林
TILENAME_FOREST_8,吱嘎幽谷
TILENAME_FOREST_9,失落树林
TILENAME_KING,王宫
TILENAME_KINGSPALACEEAST,欺骗之路
TILENAME_KINGSPALACENORTH,母亲迷宫
TILENAME_KINGSPALACESOUTH,看不见的死亡
TILENAME_KINGSPALACEWEST,愚者喷泉
TILENAME_MOUNTAINS_0,利爪峰
TILENAME_MOUNTAINS_1,黑岩峰
TILENAME_MOUNTAINS_10,空谷山脉
TILENAME_MOUNTAINS_11,呼啸山
TILENAME_MOUNTAINS_12,龙巢
TILENAME_MOUNTAINS_13,冬角山脉
TILENAME_MOUNTAINS_14,灰谷山脉
TILENAME_MOUNTAINS_15,乞丐悬崖
TILENAME_MOUNTAINS_16,凛冬之灾
TILENAME_MOUNTAINS_17,灰鬃山
TILENAME_MOUNTAINS_18,阴哨峰
TILENAME_MOUNTAINS_19,破云崖
TILENAME_MOUNTAINS_2,高谷峰
TILENAME_MOUNTAINS_20,黑石尖塔
TILENAME_MOUNTAINS_21,西部悬崖
TILENAME_MOUNTAINS_3,庇护岩
TILENAME_MOUNTAINS_4,王山高地
TILENAME_MOUNTAINS_5,翁布里亚山
TILENAME_MOUNTAINS_6,顺风尖塔
TILENAME_MOUNTAINS_7,峭蹄平地
TILENAME_MOUNTAINS_8,铁针
TILENAME_MOUNTAINS_9,雄鹿悬崖
TILENAME_PLAINS_0,绿影平原
TILENAME_PLAINS_1,疾足丘陵
TILENAME_PLAINS_10,三叶草田野
TILENAME_PLAINS_11,春之草原
TILENAME_PLAINS_12,夏日原野
TILENAME_PLAINS_13,懦夫山谷
TILENAME_PLAINS_14,深红旷野
TILENAME_PLAINS_15,天空之吻平原
TILENAME_PLAINS_16,狮王隘口
TILENAME_PLAINS_17,箭雨原
TILENAME_PLAINS_18,风地
TILENAME_PLAINS_19,平地围场
TILENAME_PLAINS_2,丹恩边境平原
TILENAME_PLAINS_20,疾生谷
TILENAME_PLAINS_21,踏兔原
TILENAME_PLAINS_22,伯罗帽苔原
TILENAME_PLAINS_23,月光旷野
TILENAME_PLAINS_24,苔藓草甸
TILENAME_PLAINS_25,怀尔德之花牧场
TILENAME_PLAINS_26,河湾草原
TILENAME_PLAINS_27,金色草原
TILENAME_PLAINS_28,水豚岭
TILENAME_PLAINS_29,兔河航程
TILENAME_PLAINS_3,绿沼谷
TILENAME_PLAINS_30,蓟丘
TILENAME_PLAINS_31,翡翠园
TILENAME_PLAINS_4,天穹平原
TILENAME_PLAINS_5,荒冢谷
TILENAME_PLAINS_6,红角草甸
TILENAME_PLAINS_7,丝绸绿地
TILENAME_PLAINS_8,雷蹄草原
TILENAME_PLAINS_9,陌客草坪
TILENAME_SETTLEMENT_0,蓝莓镇
TILENAME_SETTLEMENT_1,埃斯特谷
TILENAME_SETTLEMENT_10,乌木溪
TILENAME_SETTLEMENT_11,绿卫
TILENAME_SETTLEMENT_12,暗沼
TILENAME_SETTLEMENT_13,水手藏身处
TILENAME_SETTLEMENT_14,橡落
TILENAME_SETTLEMENT_15,雄鹿渡
TILENAME_SETTLEMENT_16,灰风
TILENAME_SETTLEMENT_17,猎犬山口
TILENAME_SETTLEMENT_18,箭枕
TILENAME_SETTLEMENT_19,狮群
TILENAME_SETTLEMENT_2,云杉谷
TILENAME_SETTLEMENT_20,双橡园
TILENAME_SETTLEMENT_21,河冠
TILENAME_SETTLEMENT_3,橡树港
TILENAME_SETTLEMENT_4,黎明的召唤
TILENAME_SETTLEMENT_5,渡鸦溪
TILENAME_SETTLEMENT_6,邓堡
TILENAME_SETTLEMENT_7,布雷溪郡
TILENAME_SETTLEMENT_8,布伦瑞克
TILENAME_SETTLEMENT_9,南岸
TILENAME_STONECIRCLE_0,寂静林地
TILENAME_STONECIRCLE_1,先古之环
TILENAME_STONECIRCLE_10,星陨石阵
TILENAME_STONECIRCLE_11,流放者之环
TILENAME_STONECIRCLE_12,瓦恩黑尔登
TILENAME_STONECIRCLE_13,魔化树林
TILENAME_STONECIRCLE_14,索尔石环
TILENAME_STONECIRCLE_15,怀尔德守护者
TILENAME_STONECIRCLE_16,歌唱岩
TILENAME_STONECIRCLE_17,德鲁伊之歌
TILENAME_STONECIRCLE_18,怀尔德之火保护区
TILENAME_STONECIRCLE_19,熊憩石环
TILENAME_STONECIRCLE_2,石冢石环
TILENAME_STONECIRCLE_20,石港石环
TILENAME_STONECIRCLE_21,夜眼石环
TILENAME_STONECIRCLE_3,沉睡的巨人
TILENAME_STONECIRCLE_4,灵唤石环
TILENAME_STONECIRCLE_5,低语者石环
TILENAME_STONECIRCLE_6,先知安息地
TILENAME_STONECIRCLE_7,德鲁伊息地
TILENAME_STONECIRCLE_8,高咒石环
TILENAME_STONECIRCLE_9,跳跃之门
TILENAME_SWAMP_0,格雷兰沼泽
TILENAME_SWAMP_1,绿泥潭
TILENAME_SWAMP_10,耙沼
TILENAME_SWAMP_11,刺鼻林地
TILENAME_SWAMP_12,死亡沼泽
TILENAME_SWAMP_13,威斯汀泥沼
TILENAME_SWAMP_14,沉没湿地
TILENAME_SWAMP_15,亡魂沼泽
TILENAME_SWAMP_16,蟒蛇泥沼
TILENAME_SWAMP_17,腐化平地
TILENAME_SWAMP_18,伯格泥潭
TILENAME_SWAMP_19,窒息沼泽
TILENAME_SWAMP_2,牙溪沼泽
TILENAME_SWAMP_20,枯萎沼泽
TILENAME_SWAMP_21,石楠木溪
TILENAME_SWAMP_3,低地沼泽
TILENAME_SWAMP_4,藤条树林沼泽
TILENAME_SWAMP_5,盐沼
TILENAME_SWAMP_6,墓腐湿地
TILENAME_SWAMP_7,阴影泥沼
TILENAME_SWAMP_8,红树林地
TILENAME_SWAMP_9,腐化沼泽
TILETYPE_ALL,所有
TILETYPE_CLANCASTLE,部族领地
TILETYPE_DUNGEON,地牢
TILETYPE_FOREST,森林
TILETYPE_KINGSPALACEEAST,王宫花园（东）
TILETYPE_KINGSPALACENORTH,王宫花园（北）
TILETYPE_KINGSPALACESOUTH,王宫花园（南）
TILETYPE_KINGSPALACEWEST,王宫花园（西）
TILETYPE_MOUNTAINS,山脉
TILETYPE_NONE,无
TILETYPE_PLAINS,平原
TILETYPE_SETTLEMENT,聚落
TILETYPE_STONECIRCLE,石环
TILETYPE_SWAMP,沼泽
TIMER_OUTCOME_BURNDOWN,投掷骰子
TIMER_OUTCOME_CARDDRAW,抽牌
TIMER_OUTCOME_CHOOSERUMOUR,选择
TIMER_OUTCOME_ENCOUNTERQUEST,选择
TIMER_OUTCOME_KINGSDEC,选择
TIMER_OUTCOME_QUESTOUTCOME,继续
TIMER_OUTCOME_TURN,回合结束
TOOLTIP_ACTIONPOINTS_BODYTEXT,在棋盘上移动需要行动点数。
TOOLTIP_ACTIONPOINTS_HEADINGTEXT,行动点数
TOOLTIP_AFKWARNING,你离开游戏很久了，在 {0} {1} 后将被踢出游戏。
TOOLTIP_AFKWARNING_HEADINGTEXT,离开游戏过久警告
TOOLTIP_AFKWARNING_TURN,回合
TOOLTIP_AFKWARNING_TURNS,回合
TOOLTIP_AMULET01_BODYTEXT,+1 战力。
TOOLTIP_AMULET01_HEADINGTEXT,抓刮
TOOLTIP_AMULET02_BODYTEXT,+1 体力。
TOOLTIP_AMULET02_HEADINGTEXT,吸收
TOOLTIP_AMULET03_BODYTEXT,+1 智力。
TOOLTIP_AMULET03_HEADINGTEXT,思考
TOOLTIP_AMULET04_BODYTEXT,+1 灵力。
TOOLTIP_AMULET04_HEADINGTEXT,感知
TOOLTIP_AMULET05_BODYTEXT,每个黄昏 +1 生命。
TOOLTIP_AMULET05_HEADINGTEXT,生长
TOOLTIP_AMULET06_BODYTEXT,保证陷阱中的首个符号匹配。
TOOLTIP_AMULET06_HEADINGTEXT,守望
TOOLTIP_AMULET07_BODYTEXT,以 2 点声望开始，且声望不会被减至 2 点以下。
TOOLTIP_AMULET07_HEADINGTEXT,恩泽
TOOLTIP_AMULET08_BODYTEXT,以 2 点腐化开始。（你将在黎明被感染并失去 1 点生命值。）
TOOLTIP_AMULET08_HEADINGTEXT,掠夺
TOOLTIP_AMULET09_BODYTEXT,多人比赛结束后获得一颗奖励星星！
TOOLTIP_AMULET09_HEADINGTEXT,倾听者
TOOLTIP_AMULET10_BODYTEXT,每获得 1 颗灵石，获得 +3 金币。
TOOLTIP_AMULET10_HEADINGTEXT,挖掘
TOOLTIP_AMULET11_BODYTEXT,回合结束时若有 1 点或更多未使用的行动点数，下回合获得 +1 行动点数。
TOOLTIP_AMULET11_HEADINGTEXT,冲刺
TOOLTIP_AMULET12_BODYTEXT,+2 部族亲和骰子加成。
TOOLTIP_AMULET12_HEADINGTEXT,训练
TOOLTIP_AMULET13_BODYTEXT,在战斗和陷阱中 +1 盾牌。
TOOLTIP_AMULET13_HEADINGTEXT,抵抗
TOOLTIP_AMULET14_BODYTEXT,在一个生物旁结束你的回合，会使其在战斗中 -2 骰子，直到下一回合结束。
TOOLTIP_AMULET14_HEADINGTEXT,恐吓
TOOLTIP_AMULET15_BODYTEXT,未堕落时，战斗中你手牌中的所有腐化符号变为怀尔德符号。
TOOLTIP_AMULET15_HEADINGTEXT,调和
TOOLTIP_AMULET16_BODYTEXT,每获得 1 点腐化回复 2 点生命，腐化石环伤害上限为 3。
TOOLTIP_AMULET16_HEADINGTEXT,腐败
TOOLTIP_AMULET21_BODYTEXT,造访聚落会恐吓它们，并获得 +1 金币、+1 腐化与 -1 声望。
TOOLTIP_AMULET21_HEADINGTEXT,废墟
TOOLTIP_BANE_HEADINGTEXT,贝恩
TOOLTIP_BANE_LURED,被引诱向
TOOLTIP_BUFFICONBOUNTY_BODYTEXT,"悬赏共分三级——通缉犯、亡命徒、叛国者。

只能通过缓刑或死亡来清除。

其他英雄可以领取你的悬赏。"
TOOLTIP_BUFFICONBOUNTY_HEADINGTEXT,悬赏中
TOOLTIP_BUFFICONCANNONEER_BODYTEXT,在平原或山地上结束回合时，哈格雷夫会向所有进入相邻地块的生物开火。
TOOLTIP_BUFFICONCANNONEER_HEADINGTEXT,炮手
TOOLTIP_BUFFICONCAULDRONCRONE_BODYTEXT,在尤尔达娜的回合内，对她施放的法术会被她的坩埚吞噬，消耗 -1 魔法，并在回合结束时给予她一张契约法术。
TOOLTIP_BUFFICONCAULDRONCRONE_HEADINGTEXT,坩埚老妪
TOOLTIP_BUFFICONCLANGROUNDS_BODYTEXT,"身处部族领地时，你不会被攻击，也不会被他人施放卡牌。

你可以对自己施放卡牌，但不能对领地外的目标施放。"
TOOLTIP_BUFFICONCLANGROUNDS_HEADINGTEXT,部族领地
TOOLTIP_BUFFICONCORRUPTED_BODYTEXT,"被腐化堕落。

进入有石护符的地块会损失等同于自身腐化的生命，但可通过战斗击杀回复生命。

贝恩不再攻击你。

你的英雄每个黎明失去 1 点生命。

战斗中，当你的腐化超过对手时，获得等同于对手腐化的奖励骰子。"
TOOLTIP_BUFFICONCORRUPTED_HEADINGTEXT,已堕落
TOOLTIP_BUFFICONDAY_BODYTEXT,白天部族\n在白天 +1 个骰子
TOOLTIP_BUFFICONDAY_HEADINGTEXT,部族亲和生效中（白天）
TOOLTIP_BUFFICONEVADE_BODYTEXT,"受到攻击时，掷智力而非战力，且所有攻击均视为防御。

闪避角色总是撤退。"
TOOLTIP_BUFFICONEVADE_HEADINGTEXT,闪避中
TOOLTIP_BUFFICONFUGITIVE_BODYTEXT,"你是王室逃犯，人头悬赏价值 4 金币和 2 声望。国王守卫会优先追捕你，其他英雄可领取你的悬赏。

只能通过缓刑或死亡清除。黎明时你将变为叛国者。"
TOOLTIP_BUFFICONFUGITIVE_HEADINGTEXT,亡命徒
TOOLTIP_BUFFICONINFECTED_BODYTEXT,"你的英雄已感染腐化，每个黎明失去 1 点生命。

战斗中，当你的腐化超过对手时，获得等同于对手腐化的奖励骰子。"
TOOLTIP_BUFFICONINFECTED_HEADINGTEXT,已感染
TOOLTIP_BUFFICONINTIMIDATED_BODYTEXT,你的英雄在战斗中 -2 骰子。
TOOLTIP_BUFFICONINTIMIDATED_HEADINGTEXT,被威吓中
TOOLTIP_BUFFICONITEM_BODYTEXT,当前有效的道具卡牌：
TOOLTIP_BUFFICONITEM_HEADINGTEXT,道具卡牌
TOOLTIP_BUFFICONNIGHT_BODYTEXT,夜晚部族\n在夜晚 +1 个骰子
TOOLTIP_BUFFICONNIGHT_HEADINGTEXT,部族亲和生效中（黑夜）
TOOLTIP_BUFFICONPACTS_BODYTEXT,当前有效的契约：
TOOLTIP_BUFFICONPACTS_HEADINGTEXT,契约
TOOLTIP_BUFFICONPERILVISION_BODYTEXT,可以查看相邻地块中的危险。
TOOLTIP_BUFFICONPERILVISION_HEADINGTEXT,陷阱预览
TOOLTIP_BUFFICONPOISONED_BODYTEXT,每消耗 1 个行动点数，损失 1 点生命。
TOOLTIP_BUFFICONPOISONED_HEADINGTEXT,中毒
TOOLTIP_BUFFICONQUESTVISION_BODYTEXT,允许你查看其它英雄的任务所在的位置。
TOOLTIP_BUFFICONQUESTVISION_HEADINGTEXT,任务预览
TOOLTIP_BUFFICONROTCLAN_BODYTEXT,免疫腐化黎明伤害，且你的对手获得 -2 腐化骰子。
TOOLTIP_BUFFICONROTCLAN_HEADINGTEXT,腐化亲和
TOOLTIP_BUFFICONSCARCASTING_BODYTEXT,每次施用法术会 +1 战力，直到你的下一次战斗或下一回合结束
TOOLTIP_BUFFICONSCARCASTING_HEADINGTEXT,疤痕施法
TOOLTIP_BUFFICONSCOUT_BODYTEXT,阻止生物闪避，并揭示被侦察地块上隐藏的任务、潜行生物和陷阱信息。
TOOLTIP_BUFFICONSCOUT_HEADINGTEXT,侦察中
TOOLTIP_BUFFICONSHIELD_BODYTEXT,设防地块上的防御者在战斗中 +1 盾牌。
TOOLTIP_BUFFICONSHIELD_HEADINGTEXT,设防
TOOLTIP_BUFFICONSPELL_BODYTEXT,当前有效的法术卡：
TOOLTIP_BUFFICONSPELL_HEADINGTEXT,法术卡
TOOLTIP_BUFFICONSPIRITWALKER_BODYTEXT,"英雄拥有四颗或更多灵石。

灵界行者不再获得腐化，而是每将获得 1 点腐化时改为失去 1 点生命。

灵界行者可净化相邻地块上带黑心的生物（国王、贝恩），清除其腐化并立即将其杀死。消耗 1 点行动点数，英雄原地不动。

贝恩会主动避开灵界行者。"
TOOLTIP_BUFFICONSPIRITWALKER_HEADINGTEXT,灵界行者
TOOLTIP_BUFFICONSTEALTH_BODYTEXT,当前对其他角色不可见。任何攻击或防御潜行角色的角色都会遭到伏击。
TOOLTIP_BUFFICONSTEALTH_HEADINGTEXT,潜行中
TOOLTIP_BUFFICONSTREETQUEENCLANBONUS_BODYTEXT,夜晚部族在夜晚 +{0} 骰子
TOOLTIP_BUFFICONSTREETQUEENCLANBONUS_HEADINGTEXT,部族亲和生效中（黑夜）
TOOLTIP_BUFFICONSTREETQUEEN_BODYTEXT,格莱奥特的部族亲和骰子加成与前一日中诡术卡牌的施展数相等（当前：{0}）。
TOOLTIP_BUFFICONSTREETQUEEN_HEADINGTEXT,街头女皇
TOOLTIP_BUFFICONTRAITOR_BODYTEXT,"你是背叛王室者，人头悬赏价值 6 金币和 3 声望。国王守卫会更无情地追捕你，其他英雄可领取你的悬赏。

只能通过缓刑或死亡清除。"
TOOLTIP_BUFFICONTRAITOR_HEADINGTEXT,叛国者
TOOLTIP_BUFFICONTREEARMOUR_BODYTEXT,免疫下一次伤害（腐化导致的黎明生命流失仍会发生）。
TOOLTIP_BUFFICONTREEARMOUR_HEADINGTEXT,守护者
TOOLTIP_BUFFICONTRICKERYDISCOUNT_BODYTEXT,除首个聚落外，每占领一个聚落，诡术卡牌费用 -1 金币。
TOOLTIP_BUFFICONTRICKERYDISCOUNT_HEADINGTEXT,土地拥有者
TOOLTIP_BUFFICONTRICKERY_BODYTEXT,当前有效的诡术卡牌：
TOOLTIP_BUFFICONTRICKERY_HEADINGTEXT,诡术卡牌
TOOLTIP_BUFFICONWANTED_BODYTEXT,"你被王室通缉，人头悬赏价值 2 金币和 1 声望。黎明时附近国王守卫见你即攻击，其他英雄可领取你的悬赏。

只能通过缓刑或死亡清除。黎明时你将变为亡命徒。"
TOOLTIP_BUFFICONWANTED_HEADINGTEXT,通缉中
TOOLTIP_BUFFICONWORMSBLESSING_BODYTEXT,每在战斗中击杀一个动物，雅戈尼娅即可在接下来 2 回合中每回合 +1 生命。\n\n 本回合治疗：+{0}\n 下一回合: +{1}。
TOOLTIP_BUFFICONWORMSBLESSING_HEADINGTEXT,蠕虫之赐福
TOOLTIP_BURNDOWNCIRCLE_BODYTEXT,将卡牌拖到此处烧毁。烧牌可保证你的一颗骰子结果为该卡的阿门罗符号（卡牌右上角）。
TOOLTIP_BURNDOWNCIRCLE_HEADINGTEXT,烧毁计时器
TOOLTIP_BUYHEROSKIN_BODYTEXT,单击左键，购买该英雄皮肤。
TOOLTIP_BUYHEROSKIN_HEADINGTEXT,英雄皮肤
TOOLTIP_CAMERADISENGAGED_BODYTEXT,摄像机当前未跟随接受回合者。\n\n（左击接受回合者的角色头像，重新接入。）
TOOLTIP_CAMERADISENGAGED_HEADINGTEXT,摄像机脱离
TOOLTIP_CAMERAENGAGED_BODYTEXT,摄像机设置为跟随当前接受回合者。
TOOLTIP_CAMERAENGAGED_HEADINGTEXT,摄像机连接
TOOLTIP_CARDACTION_BODYTEXT,卡牌上的动作文本说明了施放卡牌的地点和方法。
TOOLTIP_CARDACTION_HEADINGTEXT,动作
TOOLTIP_CARDANIMATION_HEADINGTEXT,动画
TOOLTIP_CARDARMELLOSYMBOL_BODYTEXT,阿门罗符号与阿门罗骰子各面相对应。在战斗或陷阱中烧毁此牌，可保证你的一颗骰子出现该结果。
TOOLTIP_CARDARMELLOSYMBOL_HEADINGTEXT,符号
TOOLTIP_CARDARTANDANIMATION_HEADINGTEXT,艺术和动画
TOOLTIP_CARDARTIST_BODYTEXT,阿门罗艺术家
TOOLTIP_CARDART_HEADINGTEXT,艺术
TOOLTIP_CARDCOST_BODYTEXT,这是施放这张卡牌所需的费用。
TOOLTIP_CARDCOST_HEADINGTEXT,费用
TOOLTIP_CARDDRAWITEM_BODYTEXT,道具是英雄最好的朋友！在这个卡组中，你可以找到可装备和可消耗的道具，在你的王位争夺过程中帮助你！
TOOLTIP_CARDDRAWITEM_HEADINGTEXT,物品卡组
TOOLTIP_CARDDRAWSPELL_BODYTEXT,无论是引导怀尔德还是腐化，此法术卡组中的卡牌对灵力强大的英雄都是无价之宝。
TOOLTIP_CARDDRAWSPELL_HEADINGTEXT,法术卡组
TOOLTIP_CARDDRAWTRICKERY_BODYTEXT,能在阿门罗政治舞台这一社交雷区中游刃有余的人，会喜爱这堆招数、陷阱和捣乱鬼的大杂烩。
TOOLTIP_CARDDRAWTRICKERY_HEADINGTEXT,诡计卡组
TOOLTIP_CARDFOLLOWERSLOT_BODYTEXT,在此拖动随从卡牌，并将他们放在这个槽位中，以便将其招募到你的队伍中。
TOOLTIP_CARDFOLLOWERSLOT_HEADINGTEXT,随从卡片槽
TOOLTIP_CARDITEMSLOT_BODYTEXT,在此拖动可装备的道具或宝藏卡牌，并将它们放在这个槽位中，以便进行装备。
TOOLTIP_CARDITEMSLOT_HEADINGTEXT,卡牌道具槽
TOOLTIP_CARDPERILRATING_BODYTEXT,陷阱等级决定了玩家在试图抵抗陷阱时必须匹配的符号数量。
TOOLTIP_CARDPERILRATING_HEADINGTEXT,陷阱等级
TOOLTIP_CARDRANGE_BODYTEXT,距离可应用这张卡牌的英雄的地块数量。
TOOLTIP_CARDRANGE_HEADINGTEXT,范围
TOOLTIP_CARDSLOCKED_BODYTEXT,由于你遭到潜行英雄的伏击，因而你的卡牌被锁定。
TOOLTIP_CARDSLOCKED_HEADINGTEXT,遭遇伏击！
TOOLTIP_CARDSPIRITRANGE_BODYTEXT,你可以施用法术（灵力范围）的范围取决于你的灵力属性。你的灵力越高，你在桌面上施用法术的距离越远。
TOOLTIP_CARDSPIRITRANGE_HEADINGTEXT,灵力范围
TOOLTIP_CARDTITLE_BODYTEXT,"黄色边框 = 道具卡
红色边框 = 诡术卡
绿色边框 = 法术卡
蓝色边框 = 随从卡"
TOOLTIP_CARDTITLE_HEADINGTEXT,称号
TOOLTIP_CARDTYPEEQUIP_BODYTEXT,要装备此道具，可将其应用到你的库存中的道具槽中。
TOOLTIP_CARDTYPEEQUIP_HEADINGTEXT,可装备
TOOLTIP_CARDTYPEFOLLOWER_BODYTEXT,要将彩色的角色招募到你的队伍，可将其应用到你队伍中的随从槽位中。
TOOLTIP_CARDTYPEFOLLOWER_HEADINGTEXT,随从
TOOLTIP_CARDTYPEINSTANT_BODYTEXT,当应用到卡牌上显示的地块或角色后，此卡牌的效果将立即产生。
TOOLTIP_CARDTYPEINSTANT_HEADINGTEXT,即时
TOOLTIP_CARDTYPEPERIL_BODYTEXT,当将此卡应用到卡上所示的地块后，此卡将作为陷阱打出。任何在棋盘上遭遇该陷阱的英雄，都必须掷出与该卡陷阱等级相同数量的骰子，才能摆脱该卡的效果。
TOOLTIP_CARDTYPEPERIL_HEADINGTEXT,陷阱
TOOLTIP_CHARHEART_BODYTEXT,"红心代表角色的当前生命和最大生命。当所有红心变空时，角色死亡。

英雄会在各自的部族领地上重生。"
TOOLTIP_CHARHEART_HEADINGTEXT,角色生命
TOOLTIP_CHARPORTRAIT_BODYTEXT,显示角色的当前状态。左击鼠标，重新接入摄像机，并对准此角色。
TOOLTIP_CHARPORTRAIT_HEADINGTEXT,角色头像
TOOLTIP_CHARSTATGOLD_BODYTEXT,金币是阿门罗土地上的主要资源。大多数卡牌都有相应的金币费用。在黎明时，控制聚落以增加你的金币收入，或通过探索地牢或完成任务获得更多金币。
TOOLTIP_CHARSTATGOLD_HEADINGTEXT,金币
TOOLTIP_CHARSTATMAGIC_BODYTEXT,魔法是施法者最重要的资源。大多数法术卡需要消耗魔法来施放。每个夜晚，每位英雄的魔法都会与其灵力重新对齐。
TOOLTIP_CHARSTATMAGIC_HEADINGTEXT,魔法
TOOLTIP_CHARSTATPRESTIGE_BODYTEXT,声望是在阿门罗王国掌控政治影响力的关键。每个黎明，国王都会请声望领先者就当天的国王宣告献策。\n\n此外，若国王病逝，声望领先者将被指定为王位的合法继承人（赢得游戏）。\n\n通过完成英勇事迹获得声望。
TOOLTIP_CHARSTATPRESTIGE_HEADINGTEXT,声望
TOOLTIP_CHARSTATROT_BODYTEXT,腐化是终极的堕落。亲近黑暗法术或过着不检点的生活，你也可能落入腐化的黑暗魔掌。\n\n拥有腐化的英雄会先变为已感染。继续投身这条黑暗之路，他们将变为已堕落。
TOOLTIP_CHARSTATROT_HEADINGTEXT,腐化
TOOLTIP_CREATURE_HEADINGTEXT,生物
TOOLTIP_DESC,"这是""占位符""工具提示说明"
TOOLTIP_DUNGEON_BANE_SPAWNING,沉睡的恐怖已被唤醒。
TOOLTIP_ENDTURNBUTTON_BODYTEXT,点击此处，结束你的回合，让其他角色接受自己的回合。\n\n你仍然可以玩卡牌和聊天。
TOOLTIP_ENDTURNBUTTON_HEADINGTEXT,结束回合
TOOLTIP_FASTFORWARDBUTTON_BODYTEXT,激活期间，回合快进会使你和国王以外的所有回合速度提高为普通的 2 倍。
TOOLTIP_FASTFORWARDBUTTON_HEADINGTEXT,回合快进
TOOLTIP_FORTIFIED_BODYTEXT,进入设防地块需要 2 点行动点数。设防地块上的防御者在战斗中获得 +1 盾。
TOOLTIP_FORTIFIED_HEADINGTEXT,设防
TOOLTIP_GAMEGUIDEBUTTON_BODYTEXT,点击，以访问暂停菜单。
TOOLTIP_GAMEGUIDEBUTTON_HEADINGTEXT,游戏指南
TOOLTIP_HARDWARECURSOR_BODYTEXT,建议在使用双显示器时关闭硬件光标，因为这会将鼠标光标锁定到游戏窗口。
TOOLTIP_HARDWARECURSOR_HEADINGTEXT,硬件光标
TOOLTIP_HEROCORRUPTED_BODYTEXT,被腐化所堕落。\n\n现在进入石环必死无疑，但可通过战斗击杀获得生命。\n\n腐化与怀尔德符号的效果现已互换。\n\n贝恩不再攻击你。
TOOLTIP_HEROCORRUPTED_HEADINGTEXT,已堕落
TOOLTIP_HEROEXPLODEPOOL_BODYTEXT,单场遭遇中你能达成的爆炸次数上限。等于你的灵力；若已堕落，则等于你的腐化。
TOOLTIP_HEROEXPLODEPOOL_HEADINGTEXT,爆发池
TOOLTIP_HEROPOWERAGNIYA_BODYTEXT,阿格尼亚在战斗中击杀一个生物后，获得蠕虫赐福：在接下来 2 回合中，每回合开始时 +1 生命。
TOOLTIP_HEROPOWERAGNIYA_HEADINGTEXT,祝圣
TOOLTIP_HEROPOWERAMBER_BODYTEXT,提高在探索地牢时获得奖励的几率
TOOLTIP_HEROPOWERAMBER_HEADINGTEXT,盗墓者
TOOLTIP_HEROPOWERBARNABY_BODYTEXT,用新物品覆盖物品栏中的装备时，被覆盖的装备会回到你的手牌，并移除其费用/收益。
TOOLTIP_HEROPOWERBARNABY_HEADINGTEXT,修补者
TOOLTIP_HEROPOWERBRUN_ALT2_BODYTEXT,布朗每施放一个法术，都会在其下个回合结束前，为他的下次战斗获得一个该卡牌符号的锁定骰子。
TOOLTIP_HEROPOWERBRUN_ALT2_HEADINGTEXT,疤痕施法者
TOOLTIP_HEROPOWERBRUN_ALT_BODYTEXT,每次在战斗中造成过度杀伤伤害，可 +1 点魔法。
TOOLTIP_HEROPOWERBRUN_ALT_HEADINGTEXT,疤痕施法者
TOOLTIP_HEROPOWERBRUN_BODYTEXT,每施放一个法术 +1 战力，持续到你下次战斗结束或下个回合结束。
TOOLTIP_HEROPOWERBRUN_HEADINGTEXT,疤痕施法者
TOOLTIP_HEROPOWERELYSSIA_BODYTEXT,在聚落上结束回合即可使其永久设防。伊莱莎无视已设防聚落的移动惩罚。
TOOLTIP_HEROPOWERELYSSIA_HEADINGTEXT,建筑师
TOOLTIP_HEROPOWERFANG_ALT_BODYTEXT,尖牙攻击时若造成至少 5 点伤害，战斗将在对手反击前结束。
TOOLTIP_HEROPOWERFANG_ALT_HEADINGTEXT,狂战士
TOOLTIP_HEROPOWERFANG_BODYTEXT,开局拥有 1 点腐化。尖牙攻击时若屠杀对手，战斗将在对手反击前结束。
TOOLTIP_HEROPOWERFANG_BODYTEXT_01,开局拥有 1 点腐化。尖牙攻击时若对对手造成五点伤害，战斗将在对手反击前结束。
TOOLTIP_HEROPOWERFANG_HEADINGTEXT,狂战士
TOOLTIP_HEROPOWERGHOR_BODYTEXT,戈尔在森林上结束回合后，将免疫下一次伤害（腐化导致的黎明生命损失仍会发生）。
TOOLTIP_HEROPOWERGHOR_HEADINGTEXT,后盾
TOOLTIP_HEROPOWERGRIOTTE_BODYTEXT,格莉奥特的部族亲和骰子加成等于前一天打出的诡术卡牌数量。
TOOLTIP_HEROPOWERGRIOTTE_HEADINGTEXT,街头女王
TOOLTIP_HEROPOWERHARGRAVE_BODYTEXT,在平原或山地上结束回合时，哈格雷夫会向所有进入相邻地块的生物开火。
TOOLTIP_HEROPOWERHARGRAVE_HEADINGTEXT,炮手
TOOLTIP_HEROPOWERHORACE_BODYTEXT,霍拉斯移动到国王守卫的地块时，除非他带有悬赏，否则国王守卫会与他交换地块。
TOOLTIP_HEROPOWERHORACE_HEADINGTEXT,第 9 位骑士
TOOLTIP_HEROPOWERKING_BODYTEXT,国王永远处于已堕落状态，且每个黄昏 +1 腐化。
TOOLTIP_HEROPOWERKING_HEADINGTEXT,黑心
TOOLTIP_HEROPOWERMAGNA_BODYTEXT,战斗中燃烧掉的盾牌卡能反弹对手的攻击。
TOOLTIP_HEROPOWERMAGNA_HEADINGTEXT,盾卫
TOOLTIP_HEROPOWERMERCURIO_BODYTEXT,在拿下聚落后，从聚落所有者那里偷 1 点金币。
TOOLTIP_HEROPOWERMERCURIO_HEADINGTEXT,恶棍
TOOLTIP_HEROPOWERNAZAR_BODYTEXT,纳扎尔开始回合、抽取卡牌后，获得一张幻象可消耗卡牌，使其可以将自己的幻象送至相邻的地块。此卡牌将在他的回合结束时丢弃。
TOOLTIP_HEROPOWERNAZAR_HEADINGTEXT,骗术师
TOOLTIP_HEROPOWEROXANA_BODYTEXT,攻击另一名英雄时，奥克萨娜会摧毁其手牌中的一张随机法术牌，将该符号锁入她的战斗架，并将该牌的魔法消耗加入她的爆发池。
TOOLTIP_HEROPOWEROXANA_HEADINGTEXT,苦行僧
TOOLTIP_HEROPOWERRIVER_BODYTEXT,里弗在发起战斗前先射箭造成 1 点伤害。若目标被击杀，她原地不动（仍消耗行动点数）。
TOOLTIP_HEROPOWERRIVER_HEADINGTEXT,弓射手
TOOLTIP_HEROPOWERSANA_BODYTEXT,与已堕落的生物战斗时，以灵力代替战力。
TOOLTIP_HEROPOWERSANA_HEADINGTEXT,女祭司
TOOLTIP_HEROPOWERSCARLET_BODYTEXT,斯卡蕾特每拯救一个被摧毁的聚落，就会抽一张随从牌。
TOOLTIP_HEROPOWERSCARLET_HEADINGTEXT,革命家
TOOLTIP_HEROPOWERSYLAS_BODYTEXT,塞拉斯每拥有 1 级悬赏，便在战斗中获得 +1 剑。对抗国王守卫时，这些剑具有贯穿效果。
TOOLTIP_HEROPOWERSYLAS_HEADINGTEXT,屠夫
TOOLTIP_HEROPOWERTHANE_BODYTEXT,战斗中燃用的剑牌可贯穿对手的防御。
TOOLTIP_HEROPOWERTHANE_HEADINGTEXT,盾牌破坏者
TOOLTIP_HEROPOWERTWISS_BODYTEXT,在王宫以外的地方拥有闪避。逃脱时，特维斯会从对手处偷取 1 张牌。
TOOLTIP_HEROPOWERTWISS_HEADINGTEXT,扒手
TOOLTIP_HEROPOWERTYSHAN_BODYTEXT,抽牌时，可以看到每组牌的最上面一张牌
TOOLTIP_HEROPOWERTYSHAN_HEADINGTEXT,面纱眼魔
TOOLTIP_HEROPOWERVOLODAR_BODYTEXT,在贝恩身旁结束回合，即可将其魅惑。受到魅惑的贝恩在其回合中不会采取动作，但会对进入相邻地块的任意其他英雄或国王卫队发起攻击。
TOOLTIP_HEROPOWERVOLODAR_HEADINGTEXT,魅惑
TOOLTIP_HEROPOWERYORDANA_BODYTEXT,在尤尔达娜的回合内对她施放的法术，会以 -1 魔法的代价被她的坩埚吞噬，并在她的回合结束时给予一张契约法术。
TOOLTIP_HEROPOWERYORDANA_HEADINGTEXT,坩埚老妪
TOOLTIP_HEROPOWERZOSHA_BODYTEXT,夜间，佐沙可在任何地方潜行。
TOOLTIP_HEROPOWERZOSHA_HEADINGTEXT,隐形者
TOOLTIP_HEROSTATBODY_BODYTEXT,这是你的生命值。左边是你的当前生命值。右边是你的最大生命值。
TOOLTIP_HEROSTATBODY_HEADINGTEXT,体力
TOOLTIP_HEROSTATCLANBONUS_BODYTEXT,所有部族要么与白天有密切的关系，要么与夜晚有密切的关系。在每天的这个时候掷骰子可获得 1 个骰子。
TOOLTIP_HEROSTATCLANBONUS_HEADINGTEXT,部族加成
TOOLTIP_HEROSTATFIGHT_BODYTEXT,这是你的战力，决定了战斗中的剑骰数量。
TOOLTIP_HEROSTATFIGHT_HEADINGTEXT,战力
TOOLTIP_HEROSTATSETTLEMENTS_BODYTEXT,当前为你的部族荣耀而拿下的聚落的数量。
TOOLTIP_HEROSTATSETTLEMENTS_HEADINGTEXT,聚落
TOOLTIP_HEROSTATSPIRITSTONES_BODYTEXT,这些古老神器是阿门罗得以存续的关键之一。\n\n任何集齐四件神秘神器的英雄都将晋升为灵界行者，能够净化国王的暗疾。\n\n灵石可通过探索地牢获得，完成任务可获奖励，石环中也会不时出现。
TOOLTIP_HEROSTATSPIRITSTONES_HEADINGTEXT,灵石
TOOLTIP_HEROSTATSPIRIT_BODYTEXT,灵力是你与怀尔德的亲和，也是你驾驭阿门罗原始魔法的能力。\n\n你每个黄昏拥有的魔法数量由灵力决定。\n\n灵力还决定你法术的范围。\n\n此外，所有法术陷阱都通过投掷灵力骰来抵抗。
TOOLTIP_HEROSTATSPIRIT_HEADINGTEXT,灵力
TOOLTIP_HEROSTATWITS_BODYTEXT,"智力反映了英雄的机敏与狡黠。智力较高的英雄可持有更多手牌。

此外，所有诡术陷阱通过投掷智力骰来抵抗。"
TOOLTIP_HEROSTATWITS_HEADINGTEXT,智力
TOOLTIP_HERO_BODYTEXT,属性
TOOLTIP_HERO_HEADINGTEXT,英雄
TOOLTIP_KEYBINDING_BODYTEXT,按任意键，更改此绑定设置。
TOOLTIP_KEYBINDING_HEADINGTEXT,绑定键
TOOLTIP_KG_DEFENDINGPALACE,保卫王宫
TOOLTIP_KG_HOSTILE,敌对
TOOLTIP_KG_MARTIALLAW,强制执行戒严令
TOOLTIP_KG_NEUTRAL,中立
TOOLTIP_KG_NIGHTMANEUVERS,夜间行动
TOOLTIP_KINGSGUARD_HEADINGTEXT,国王守卫
TOOLTIP_KINGTAB_HEADINGTEXT,国王
TOOLTIP_KING_HEADINGTEXT,国王
TOOLTIP_LOWGRAPHICSMEMORY_BODYTEXT,我们检测到你的视频内存未达到建议的数量。由于游戏当前的发展阶段，我们尽力设置为极低的图形选项，以确保你获得最佳游戏体验。
TOOLTIP_LOWGRAPHICSMEMORY_HEADINGTEXT,警告！
TOOLTIP_MERCHANT_BODYTEXT,商人会在下一个黎明或黄昏出现，并停留整个白天/黑夜。商人在场时，任何拜访商人地块的英雄都可免费从数张卡牌中挑选一张。每位英雄拜访同一位商人不可超过一次。
TOOLTIP_MERCHANT_HEADINGTEXT,商人
TOOLTIP_MULTIPLAYERQUEUE_BODYTEXT,左击，以离开队列
TOOLTIP_MULTIPLAYERQUEUE_HEADINGTEXT,匹配队列
TOOLTIP_OFFLINE_BODYTEXT,此功能需要网络连接方可使用。你当前处于离线状态。
TOOLTIP_OFFLINE_HEADINGTEXT,离线
TOOLTIP_OFFTURNTIMESCALEENGAGED_BODYTEXT,非玩家回合时间流动速度翻倍。
TOOLTIP_OFFTURNTIMESCALEENGAGED_HEADINGTEXT,非玩家回合快进已启用
TOOLTIP_PACT_BODYTEXT,契约由卡牌玩家和目标签订，将一直持续到任一成员死去为止，除非另有明确规定。
TOOLTIP_PACT_HEADINGTEXT,契约
TOOLTIP_PIERCINGATTACK_BODYTEXT,刺穿攻击能够穿过防御，即使受到阻挡也能造成伤害。
TOOLTIP_PIERCINGATTACK_HEADINGTEXT,贯穿攻击
TOOLTIP_POISONATTACK_BODYTEXT,如果毒性攻击造成伤害，在下一轮结束之前，会一直产生毒性。
TOOLTIP_POISONATTACK_HEADINGTEXT,中毒攻击
TOOLTIP_QUEST1,女巫！啊啊啊！
TOOLTIP_QUEST2,一名强盗站在路上，挡住了你的路。
TOOLTIP_QUICKGAMEPLAYMODE_BODYTEXT,"对于有经验的玩家，启用""快速 AI 回合""将加速 AI 回合和遭遇战。"
TOOLTIP_QUICKGAMEPLAYMODE_HEADINGTEXT,快速 AI 回合
TOOLTIP_REFLECTINGDEFENCE_BODYTEXT,反射防御能够阻挡攻击，并将它反射到你的对手身上
TOOLTIP_REFLECTINGDEFENCE_HEADINGTEXT,反射防御
TOOLTIP_REPORTBUGCATEGORY_BODYTEXT,请选择最适合你的问题的类别。
TOOLTIP_REPORTBUGCATEGORY_HEADINGTEXT,类别
TOOLTIP_REPORTBUGDESCRIPTION_BODYTEXT,你必须在此说明你遇到的错误。尽量具体详细。有时候，通过看似无关紧要的细节可以找到错误的解决方案。
TOOLTIP_REPORTBUGDESCRIPTION_HEADINGTEXT,说明
TOOLTIP_REPORTBUGREPROSTEPS_BODYTEXT,这可能是最重要的一点。如果可以，请提供我们如何重现你遇到的错误的步骤。\n\n同样，请尽可能详细。就当作要引导不在场的我们一步步走过游戏流程，因为事实正是如此。
TOOLTIP_REPORTBUGREPROSTEPS_HEADINGTEXT,再现步骤
TOOLTIP_REPORTBUGSUBJECT_BODYTEXT,"在发布错误时，请不要说应该发生什么。不要将它作为问题发布。只需要说哪里出问题了。\n\n 好的示例：""玩家英雄正在游戏场景中奔跑，游戏突然锁定了。""\n\n 不好的示例：""英雄应该可以自由移动。""\n\n 不好的示例：""嗯，这应该发生吗？我没法玩游戏了。"""
TOOLTIP_REPORTBUGSUBJECT_HEADINGTEXT,主题
TOOLTIP_REPORTBUG_BODYTEXT,点击，以报告游戏的问题。
TOOLTIP_REPORTBUG_HEADINGTEXT,错误发送
TOOLTIP_REPORTUSERNAME_BODYTEXT,请选择你想举报的玩家。
TOOLTIP_REPORTUSERNAME_HEADINGTEXT,玩家名称
TOOLTIP_REPORTUSERREASON_BODYTEXT,你应在此处提供举报此玩家的原因。请尽量明确具体。
TOOLTIP_REPORTUSERREASON_HEADINGTEXT,原因
TOOLTIP_ROTBATTLE_BODYTEXT,英雄们的腐化正在较量！
TOOLTIP_ROTBATTLE_HEADINGTEXT,腐化之战
TOOLTIP_RUMOURSBUTTON_BODYTEXT,点击此处，查看你当前可用的谣言。在下一回合开始前选择一个谣言，以查看你的下一个追寻目标。\n\n如果你不选择谣言，将在下一回合开始时随机选择一个谣言。
TOOLTIP_RUMOURSBUTTON_HEADINGTEXT,谣言
TOOLTIP_SANCTIFIEDWARDS_BODYTEXT,已堕落的生物每拥有 1 点腐化，便 -1 生命。
TOOLTIP_SANCTIFIEDWARDS_HEADINGTEXT,石阵结界
TOOLTIP_SECRETENCOUNTERPENDING_ARMSDEALER_DAY,西米恩之臂黎明时开业。
TOOLTIP_SECRETENCOUNTERPENDING_ARMSDEALER_NIGHT,西米恩之臂黄昏时开业。
TOOLTIP_SECRETENCOUNTERPENDING_BLACKMARKETBROKER_DAY,比夫黑市黎明时开业。
TOOLTIP_SECRETENCOUNTERPENDING_BLACKMARKETBROKER_NIGHT,比夫黑市黄昏时开业。
TOOLTIP_SECRETENCOUNTERPENDING_POTIONRESELLER_DAY,贝蒂的廉价酿造黎明时开业。
TOOLTIP_SECRETENCOUNTERPENDING_POTIONRESELLER_NIGHT,贝蒂的廉价酿造黄昏时开业。
TOOLTIP_SECRETENCOUNTERPENDING_SHADOWRECRUITER_DAY,罗克西招募所黎明时开业。
TOOLTIP_SECRETENCOUNTERPENDING_SHADOWRECRUITER_NIGHT,罗克西招募所黄昏时开业。
TOOLTIP_SECRETENCOUNTER_VISITED,（已拜访）
TOOLTIP_SETTLEMENT_CLAIMED_BY,被 <hero_name>领取。
TOOLTIP_SHELFCHARACTERBUTTON_BODYTEXT,每个英雄的属性（等等）都列于此处。点击展开。
TOOLTIP_SHELFCHARACTERBUTTON_HEADINGTEXT,英雄陈列架
TOOLTIP_SHELFINVENTORYBUTTON_BODYTEXT,此处列出了每位英雄装备的道具和招募的随从。点击展开。
TOOLTIP_SHELFINVENTORYBUTTON_HEADINGTEXT,物品陈列架
TOOLTIP_SHELFJOURNALBUTTON_BODYTEXT,在此查看你的英雄截至目前的故事。点击展开。
TOOLTIP_SHELFJOURNALBUTTON_HEADINGTEXT,英雄日志
TOOLTIP_SIGNET01_BODYTEXT,白天和黑夜在聚落中都获得潜行与 +1 剑。
TOOLTIP_SIGNET01_HEADINGTEXT,黑欧泊
TOOLTIP_SIGNET02_BODYTEXT,你的所有已占领聚落，以及任何从你手中夺取聚落的生物都获得侦察，持续到你的下个回合结束。
TOOLTIP_SIGNET02_HEADINGTEXT,黑曜石
TOOLTIP_SIGNET03_BODYTEXT,在战斗中，首先掷出的剑会爆炸。
TOOLTIP_SIGNET03_HEADINGTEXT,红宝石
TOOLTIP_SIGNET04_BODYTEXT,获得闪避并 +2 爆发池。
TOOLTIP_SIGNET04_HEADINGTEXT,绿松石
TOOLTIP_SIGNET05_BODYTEXT,在战斗和陷阱中，在平原上 +2 盾牌。
TOOLTIP_SIGNET05_HEADINGTEXT,祖母绿
TOOLTIP_SIGNET06_BODYTEXT,从聚落获得的收入翻倍。
TOOLTIP_SIGNET06_HEADINGTEXT,桃色黄宝石
TOOLTIP_SIGNET07_BODYTEXT,每件已装备的宝藏和每个已招募的随从 +1 声望。
TOOLTIP_SIGNET07_HEADINGTEXT,钻石
TOOLTIP_SIGNET08_BODYTEXT,在白天的战斗和陷阱中，+1 太阳。
TOOLTIP_SIGNET08_HEADINGTEXT,日长石
TOOLTIP_SIGNET09_BODYTEXT,无论昼夜，在山脉上都获得潜行。
TOOLTIP_SIGNET09_HEADINGTEXT,蓝宝石
TOOLTIP_SIGNET10_BODYTEXT,在战斗中每杀掉一个对手，+2 魔法。
TOOLTIP_SIGNET10_HEADINGTEXT,月长石
TOOLTIP_SIGNET11_BODYTEXT,战斗中每次击杀 +2 金币。
TOOLTIP_SIGNET11_HEADINGTEXT,缟玛瑙
TOOLTIP_SIGNET12_BODYTEXT,忽略山脉运动惩罚。
TOOLTIP_SIGNET12_HEADINGTEXT,天青石
TOOLTIP_SIGNET13_BODYTEXT,如果在森林中，黎明时 +3 魔法。
TOOLTIP_SIGNET13_HEADINGTEXT,翡翠
TOOLTIP_SIGNET14_BODYTEXT,若身处石环，黎明时 -1 腐化。
TOOLTIP_SIGNET14_HEADINGTEXT,石英
TOOLTIP_SIGNET15_BODYTEXT,每燃用一张法术牌 +1 魔法，每燃用一张腐化法术牌 +2 魔法。
TOOLTIP_SIGNET15_HEADINGTEXT,紫水晶
TOOLTIP_SIGNET16_BODYTEXT,战斗时，战斗中的燃烧太阳和月亮卡牌始终被视为击中，并且其中的第一个爆炸。
TOOLTIP_SIGNET16_HEADINGTEXT,琥珀
TOOLTIP_SIGNET17_BODYTEXT,成功逃离一个陷阱时 +2 金币。
TOOLTIP_SIGNET17_HEADINGTEXT,坦桑石
TOOLTIP_SIGNET18_BODYTEXT,每个黎明 +1 魔法和 +1 黄金。
TOOLTIP_SIGNET18_HEADINGTEXT,彩虹石英
TOOLTIP_SIGNET19_BODYTEXT,生命为 3 或更低时，+3 战力。
TOOLTIP_SIGNET19_HEADINGTEXT,红碧玺
TOOLTIP_SIGNET20_BODYTEXT,在夜晚的战斗和陷阱中，+1 月亮。
TOOLTIP_SIGNET20_HEADINGTEXT,海蓝宝石
TOOLTIP_SIGNET21_BODYTEXT,每击杀一名国王守卫，获得 +1 声望和 +1 金币。
TOOLTIP_SIGNET21_HEADINGTEXT,蓝硅硼钙石
TOOLTIP_SIGNET22_BODYTEXT,每回合打出的第一张诡术牌获得 1 金币折扣。
TOOLTIP_SIGNET22_HEADINGTEXT,猫眼石
TOOLTIP_SIGNET23_BODYTEXT,在所有任务中获得 20%的增益。
TOOLTIP_SIGNET23_HEADINGTEXT,尖晶石
TOOLTIP_SIGNET24_BODYTEXT,在与生命等于或小于 3 的英雄战斗时，可以侦察并 +1 剑。
TOOLTIP_SIGNET24_HEADINGTEXT,硅孔雀石
TOOLTIP_SIGNET25_BODYTEXT,在森林中 +1 盾与 +1 灵力。
TOOLTIP_SIGNET25_HEADINGTEXT,塔菲石
TOOLTIP_SIGNET35_BODYTEXT,抵消沼泽伤害。
TOOLTIP_SIGNET35_HEADINGTEXT,硫磺
TOOLTIP_SIGNET36_BODYTEXT,身处地牢时获得潜行，且战斗中首个掷出的剑变为中毒。
TOOLTIP_SIGNET36_HEADINGTEXT,玄武岩
TOOLTIP_SIGNET37_BODYTEXT,在战斗中击杀生物时，可在战斗与陷阱中获得 +1 骰子，持续至你的下一回合。
TOOLTIP_SIGNET37_HEADINGTEXT,斧石
TOOLTIP_SIGNET38_BODYTEXT,失去任意声望时，将一张随机 1 魔法消耗的法术牌加入你的手牌。
TOOLTIP_SIGNET38_HEADINGTEXT,朱砂
TOOLTIP_SIGNET39_BODYTEXT,+1 腐化。在生物旁边结束回合，使其 +1 腐化，持续到其下个回合结束。
TOOLTIP_SIGNET39_HEADINGTEXT,透闪石
TOOLTIP_SIGNET40_BODYTEXT,在任务完成时，-1 腐化。如果腐化减少，获得 +3 魔法。
TOOLTIP_SIGNET40_HEADINGTEXT,蛇纹石
TOOLTIP_STARTINGGOLD_BODYTEXT,你在游戏开始时拥有的金币数量。
TOOLTIP_STARTINGGOLD_HEADINGTEXT,起始金币
TOOLTIP_STARTINGHANDSIZE_BODYTEXT,你在游戏开始时拥有的卡牌数量。
TOOLTIP_STARTINGHANDSIZE_HEADINGTEXT,起始卡牌
TOOLTIP_STATUSFEED_BODYTEXT,此反馈列出了英雄在追寻王位期间进行的所有活动。
TOOLTIP_STATUSFEED_HEADINGTEXT,状态动态
TOOLTIP_STEAMUSERNAME_BODYTEXT,点击查看此玩家的 Steam 简介。
TOOLTIP_STEAMUSERNAME_HEADINGTEXT,Steam 简介
TOOLTIP_STONECIRCLE_SPIRITSTONE_SPAWNING,怀尔德正在躁动。
TOOLTIP_TILEDEFENSEBONUS_BODYTEXT,你所站的地块为你提供防御加成。
TOOLTIP_TILEDEFENSEBONUS_HEADINGTEXT,地块防御加成
TOOLTIP_TITLE,"""工具提示"""
TOOLTIP_TUTORIALS_BODYTEXT,在此处左击鼠标，启用/禁用游戏教程。
TOOLTIP_TUTORIALS_HEADINGTEXT,教程
TREASURECARDTYPE_NAME,宝藏
TREASURECARDTYPE_STATUSFEEDRECEIVEDMESSAGE,<hero>已经获得宝藏卡牌。
TRICKERYCARDTYPE_NAME,诡术
TRICKERYCARDTYPE_STATUSFEEDRECEIVEDMESSAGE,<hero>已经获得诡术卡牌。
TUTORIAL_QUICK_GAMEPLAY_MODE_INFO,现已启用“快速 AI 回合”。你可以在“游戏偏好”选项菜单中关闭“快速 AI 回合”。
TUTORIAL_QUICK_GAMEPLAY_MODE_INFO_UNLOCKED,已解锁快速 AI 回合！
TUTORIAL_SPEED_UP_INPUT_INFO,现在你可以按“.”键在其他英雄的回合加快游戏速度。\n\n不过请慎用此功能，因为所有阿门罗大师都知道，阿门罗的大部分策略都发生在非回合行动中。
TUTORIAL_SPEED_UP_INPUT_INFO_CONTROLLER,现在你可以按住右摇杆向右，在其他英雄的回合加快游戏速度。\n\n不过请慎用此功能，因为所有阿门罗大师都知道，阿门罗的大部分策略都发生在非回合行动中。
TUTORIAL_SPEED_UP_INPUT_INFO_UNLOCKED,已解锁非玩家回合快进！
UI_ABANDON_MULTIPLAYER_LOCKOUT_MESSAGE,由于多次放弃在线多人对局，你无法访问在线多人模式。你将在 {0} 后恢复访问。
UI_ABANDON_MULTIPLAYER_WARNING_EXTRA,你真的要放弃这场多人对局吗？由于你最近放弃过其他多人对局，现在放弃将在一段时间内无法访问在线多人模式，你还将失去完成本局本可获得的所有进度和奖励。
UI_ABANDON_MULTIPLAYER_WARNING_STANDARD,你真的要放弃这场多人对局吗？放弃将损害其他玩家的体验，你可能受到惩罚，例如暂时无法访问在线多人模式。你还将失去完成本局本可获得的所有进度和奖励。
UI_ACCOUNT_ACCOUNTLOGIN,账号登录
UI_ACCOUNT_BENEFITS_ANDROID,创建账户可享受以下福利：\n\n- 每天免费获得一个宝箱和钥匙。\n- 在多台 Android 设备间共享购买。
UI_ACCOUNT_BENEFITS_IOS,欢迎来到阿门罗！\n\n创建账户即可每天免费领取一个宝箱，为你的购买和进度启用云存档，并在 Apple 设备间共享购买。
UI_ACCOUNT_BENEFITS_STEAM,创建一个账户以领取一份免费的日常宝箱与钥匙！\n\n你可以自由选择是否创建账户。<3
UI_ACCOUNT_CHANGEACCOUNT,更改账户
UI_ACCOUNT_CREATEACCOUNT,创建账户
UI_ACCOUNT_EMAIL,电子邮件
UI_ACCOUNT_ERROR_EMAILINVALID,无效邮箱地址。
UI_ACCOUNT_ERROR_EMAILUSED,邮箱地址不可用。
UI_ACCOUNT_ERROR_FAILED,登录失败。
UI_ACCOUNT_ERROR_LOGIN,邮箱或密码不正确。
UI_ACCOUNT_ERROR_PASSWORDLENGTH,密码长度不得少于 6 个字符。
UI_ACCOUNT_INFO,账户信息
UI_ACCOUNT_INFO_CREATED,创建时间
UI_ACCOUNT_INFO_ID,账户 ID
UI_ACCOUNT_INFO_IDGAMECENTER,Game Center ID
UI_ACCOUNT_INFO_IDGOOGLEPLAY,Google Play ID
UI_ACCOUNT_INFO_IDNINTENDO,任天堂账户 ID
UI_ACCOUNT_INFO_IDSTEAM,Steam ID
UI_ACCOUNT_INFO_NAME,账户名称
UI_ACCOUNT_INFO_TOOLTIP,关于你在线账户的详情
UI_ACCOUNT_LOGIN,登录
UI_ACCOUNT_NEWSLETTER,时刻关注阿门罗的重要更新！（别担心，我们不会给大家发送垃圾邮件的。）<3
UI_ACCOUNT_PASSWORD,密码
UI_ACCOUNT_RESETPASSWORD,重设密码
UI_ACCOUNT_RESETPASSWORDEMAIL,一封密码重设邮件已发送至以下电子邮箱地址：{0}
UI_ACHIEVEMENT_UNLOCKED,成就已解锁！
UI_ACTIVE_HOUSE_RULES,自定义规则生效中，成就与多人进程被阻止。
UI_AFK,长时间离开游戏
UI_AI,AI
UI_AI_PLAYER,AI 玩家
UI_AP,行动点数
UI_ASK_FOR_AI,一局游戏必须有四名玩家。要为空位分配 AI 玩家吗？
UI_ASK_FOR_AI_CANCEL,返回大厅
UI_ASK_FOR_AI_OK,是的，请吧！
UI_ASK_LEAVE_GAME,你确定要离开游戏吗？
UI_ASK_LEAVE_MATCHMAKING,你确定要离开多人匹配吗？
UI_ASK_LEAVE_MATCHMAKING_CANCEL,什么？不要！
UI_ASK_LEAVE_MATCHMAKING_OK,好的。
UI_ASK_LEAVE_MATCHMAKING_PARTY,在排队游戏前离开房间将解散你的队伍。你确定你要退出吗？
UI_ASK_LEAVE_MULTIPLAYER_ABANDON,你即将放弃在线多人对战。这将暂时禁止你加入对战队列。你是否要继续？
UI_ASK_LEAVE_MULTIPLAYER_CANCEL,返回游戏
UI_ASK_LEAVE_MULTIPLAYER_OK,退出游戏
UI_ASK_LEAVE_PROLOGUE_ABANDON,你将失去上次自动保存之后的所有进度——确定要退出吗？
UI_ASK_LEAVE_PROLOGUE_CANCEL,返回章节
UI_ASK_LEAVE_PROLOGUE_OK,退出章节
UI_ASK_NEW_PROLOGUE_CLEAR_SESSION,开始一个新的序章游戏将清除上次存档的记录。你是否要继续？
UI_ASK_NEW_SINGLEPLAYER_CLEAR_SESSION,开始一个新的单人游戏将清除上次存档的记录。你是否要继续？
UI_ASK_RESTART_PROLOGUE,你将失去此序章中的所有进度——确定要重开吗？
UI_ASK_RESTART_PROLOGUE_OK,重开章节
UI_ASSETTYPE_ACHIEVEMENTS,成就
UI_ASSETTYPE_AMULETS,护身符
UI_ASSETTYPE_HEROES,英雄
UI_ASSETTYPE_MAPS,棋盘
UI_ASSETTYPE_SIGNETS,印记
UI_AT_DAWN_EFFECT,+{0} 金币
UI_AVAILABLE,可用的
UI_AVAILABLE_ELLIPSIS,可用……
UI_BACK,返回
UI_BESTVALUE,最优惠
UI_BURN_CARD,烧掉卡牌
UI_BUY_NOW,立即购买
UI_BUY_SHARDS,购买碎片
UI_BUY_SHARDS_PROMPT_HARD,你还需要 {0} 个。
UI_BUY_SHARDS_PROMPT_SOFT,或者，用碎片购买 - 你还需要 {0} 个。
UI_CANCEL,取消
UI_CANCEL_PALACE_ENTRY,不进入
UI_CARD,卡牌
UI_CARDGALLERY_PAGE,页
UI_CARDTYPERARITY_FOLLOWER_UNIQUE,独特的随从卡牌
UI_CARDTYPERARITY_ITEM_COMMON,常见道具卡牌
UI_CARDTYPERARITY_ITEM_RARE,稀有道具卡牌
UI_CARDTYPERARITY_ITEM_UNCOMMON,罕见道具卡牌
UI_CARDTYPERARITY_ITEM_UNIQUE,独特的道具卡牌
UI_CARDTYPERARITY_KINGTREASURE_UNIQUE,独特的国王宝藏卡牌
UI_CARDTYPERARITY_PALACEPERIL_UNIQUE,独特的王宫陷阱卡牌
UI_CARDTYPERARITY_SPELL_COMMON,常见法术卡牌
UI_CARDTYPERARITY_SPELL_RARE,稀有法术卡牌
UI_CARDTYPERARITY_SPELL_UNCOMMON,罕见法术卡牌
UI_CARDTYPERARITY_SPELL_UNIQUE,独特的法术卡牌
UI_CARDTYPERARITY_TREASURE_UNIQUE,独特的宝藏卡牌
UI_CARDTYPERARITY_TRICKERY_COMMON,常见诡术卡牌
UI_CARDTYPERARITY_TRICKERY_RARE,稀有诡术卡牌
UI_CARDTYPERARITY_TRICKERY_UNCOMMON,罕见诡术卡牌
UI_CARDTYPERARITY_TRICKERY_UNIQUE,独特的诡术卡牌
UI_CARD_COSTTYPE_CONSUMEALL,消耗
UI_CARD_COSTTYPE_COST,消耗
UI_CARD_COSTTYPE_GAIN,收益
UI_CARD_DRAW_DRAWING_CARDS,抽牌中
UI_CARD_DRAW_MANY,选择 {0} 张卡牌\n 到你手中
UI_CARD_DRAW_ONE,选择 1 张卡牌\n 到你手中
UI_CARD_GALLERY_CHANGE_SECTION,切换卡组
UI_CARD_GALLERY_CHANGE_SKIN,更换皮肤
UI_CARD_GALLERY_NEW,新
UI_CARD_PERIL,陷阱等级
UI_CARD_PLAY_TO,打出至
UI_CARD_RANGE,范围
UI_CARD_RANGE_SELF,自身
UI_CARD_RANGE_SPIRIT,灵力范围
UI_CARD_RARITY_COMMON,常见
UI_CARD_RARITY_RARE,稀有
UI_CARD_RARITY_UNCOMMON,罕见
UI_CARD_RARITY_UNIQUE,独特
UI_CARD_TARGET_ANYWORLDTILE,地块
UI_CARD_TARGET_BANE,贝恩
UI_CARD_TARGET_CREATURE,生物
UI_CARD_TARGET_DUNGEON,地牢
UI_CARD_TARGET_EMPTY,空地
UI_CARD_TARGET_EQUIP,可装备
UI_CARD_TARGET_FOLLOWER,可招募
UI_CARD_TARGET_FOREST,森林
UI_CARD_TARGET_HERO,英雄
UI_CARD_TARGET_HERONOTSELF,英雄
UI_CARD_TARGET_KINGSGUARD,国王守卫
UI_CARD_TARGET_MOUNTAINS,山脉
UI_CARD_TARGET_NOTSELF,非自身
UI_CARD_TARGET_PALACE,王宫
UI_CARD_TARGET_PERIL,陷阱
UI_CARD_TARGET_PLAINS,平原
UI_CARD_TARGET_SELF,自身
UI_CARD_TARGET_SETTLEMENT,聚落
UI_CARD_TARGET_STONECIRCLE,石环
UI_CARD_TARGET_SWAMP,沼泽
UI_CARD_TYPE_FOLLOWER,随从
UI_CARD_TYPE_INVALID,无效
UI_CARD_TYPE_ITEM,道具
UI_CARD_TYPE_KINGTREASURE,国王的宝藏
UI_CARD_TYPE_PALACEPERIL,王宫陷阱
UI_CARD_TYPE_SPELL,法术
UI_CARD_TYPE_TREASURE,宝藏
UI_CARD_TYPE_TRICKERY,诡术
UI_CHALLENGES,挑战
UI_CHALLENGES_ALL_COMPLETE,全部 {0} 已解锁！
UI_CLAIM,领取！
UI_CLAIMED,已领取！
UI_CLAIMING,领取中……
UI_CLAIM_FAILED,失败
UI_CLAIM_SUCCESS,成功！
UI_CLANGROUNDS_LOADOUT_DEFAULT_HEROSKIN_DESCRIPTION,经典皮肤。
UI_CLANGROUNDS_LOADOUT_EMPTY_DESCRIPTION,未选择任何道具。
UI_CLANGROUNDS_LOADOUT_RANDOM_AMULET_DESCRIPTION,使用一个随机可用的护身符。
UI_CLANGROUNDS_LOADOUT_RANDOM_DICE_DESCRIPTION,使用一个随机可用的骰子。
UI_CLANGROUNDS_LOADOUT_RANDOM_SIGNET_DESCRIPTION,使用一个随机可用的图章。
UI_CLANGROUNDS_LOADOUT_TYPE_AMULET,护身符
UI_CLANGROUNDS_LOADOUT_TYPE_BOAST,自夸
UI_CLANGROUNDS_LOADOUT_TYPE_CHATLINE,聊天
UI_CLANGROUNDS_LOADOUT_TYPE_DICE,骰子
UI_CLANGROUNDS_LOADOUT_TYPE_DICE_BAG,骰子槽
UI_CLANGROUNDS_LOADOUT_TYPE_DICE_BAG_DESCRIPTION,解锁额外的骰子皮肤，在游戏中使用。
UI_CLANGROUNDS_LOADOUT_TYPE_DICE_BONUS1,额外掷骰 1
UI_CLANGROUNDS_LOADOUT_TYPE_DICE_BONUS2,UI_CLANGROUNDS_LOADOUT_TYPE_DICE_BONUS2
UI_CLANGROUNDS_LOADOUT_TYPE_HEROPOWER,UI_CLANGROUNDS_LOADOUT_TYPE_HEROPOWER
UI_CLANGROUNDS_LOADOUT_TYPE_HEROSKIN,皮肤
UI_CLANGROUNDS_LOADOUT_TYPE_SIGNET,戒指
UI_CLANGROUNDS_MASTERY_CURRENTXP,当前经验值
UI_CLANGROUNDS_MASTERY_NEXTUNLOCK,下一个解锁
UI_CLANGROUNDS_MASTERY_OFFLINEMESSAGE,你当前处于离线状态。请注意，离线时无法获得英雄精通经验，显示的进度可能不是最新。
UI_CLANGROUNDS_MASTERY_UNLOCKED,已解锁！
UI_CLANGROUNDS_MASTERY_UNLOCKEDAT,{0} 级解锁
UI_CLANGROUNDS_READNOVELLA,阅读“{0}”小说
UI_CLANGROUNDS_SAVELOADOUT,保存装载
UI_CLANGROUNDS_STORY_HERO_BANDIT_01,特威斯，也就是曾经在窃贼集团中享负盛名的小光爪，在皇家国会大厦开始了她的生活。她出生在贫民窟里，为了生存被迫偷窃。没过多久，她偷窃的天赋便展现出来。很快，入室盗窃成了她的生活方式。\n\n特威斯是有名的小偷。许多阿门罗最富有的市民都生活在恐惧之中，他们害怕收到她在大胆抢劫后留下的泄密橡子召唤卡。特威斯天不怕地不怕，直到有一天国王开始了疯狂的行动，他狂热偏执地下令对城市的小偷进行大清洗。特维斯几乎没能逃过这一劫，于是被迫寻求一个新的庇护——强盗族。\n\n现在，特威斯更野心勃勃的抢劫计划锁定在了阿门罗的权力峰会上。这混战中竞争者如此之多，风险如此之高，如果这曾经没有任何庇护的贫民窟幼童能从所有为王位趋之若鹜的贵族手中将其夺取，那将是何等的乐事。她带着木剑以防危急时刻，带着一颗橡子防止饥饿，同时也带着她几近邪恶调皮的幽默感。特维斯现在宣布了她对王座的所有权。有人能从她手中将其偷走吗？
UI_CLANGROUNDS_STORY_HERO_BANDIT_02,西拉斯已死。当他的家和家人在他眼前被活活烧死时，他心中最重要的那一点点欢乐之光就被扼杀了。以前生活过的地方已成废墟，他已死在这废墟周围泥泞的水中。不管他以前扮演着什么角色——父亲、丈夫、 渔夫——在他漂至黑暗之中时都已死了。\n\n 是谁操控了这一起穷凶极恶的行动？除了国王守卫，别无他人。为了惩罚西拉斯从国王的河流中偷走了一条传说中的彩虹鱼。\n\n 他的身体需要一些时间才能恢复。如果一只无情的水獭杀死了国王忠诚的臣民，这需要相当长的时间才足以被后人传为是一个人将那些臣民杀死。而他的身体恢复所需的时间甚至比这还久。但现在，没有人敢提西拉斯这个名字，人们害怕这收割灵力的渔民会为他们而来，就像他对许多人做过的事情一样。\n\n 野心和复仇不太经常同时出现。但西拉斯已经找到了一种方法，结合两者成为夺取王座的动力，让高尚的激情变得羞耻。他是一位心怀怨恨的国王，愿意不惜一切代价，对他认为有责任的人进行残忍复仇，来弥补他过去的错误。\n\n 手持利矛，心怀怒火，冷血的杀手潜伏在这片土地上，等待时机来夺取本应属于他人的东西。
UI_CLANGROUNDS_STORY_HERO_BANDIT_03,在国王统治的伟大和平时期，为了和平，阿门罗历史上许多更为野蛮的东西被抹除。骑士本是残酷无情的战士，但某种诗意的浪漫主义情怀驱使他们行善并保护无辜的人民，而不是要求财富和名望。作为硬铁诗人，贺拉斯是这个浪漫时代的典范。\n\n贺拉斯把他的青春和他那传奇的力量用来帮助那些需要帮助的人，不惜一切代价保护着高贵的国王。尽管多年努力工作和战斗，但他的眼睛里总是闪耀着一丝光芒。近年来，随着国王越来越冷血，土地越来越荒蛮，国王守卫以及阿门罗其他人心中的欢乐逐渐消失。只有贺拉斯还残留着一线光芒在燃烧着。\n\n由于贺拉斯敢于向国王表达了他的担忧，一天晚上，国王派他的守卫去逮捕他。他们发现他简陋的军营里空无一人。贺拉斯早就走了。眼看着灾难即将来临，他别无选择，只有抛弃过去的生活远走高飞。现在，被认为是强盗的贺拉斯在寻找可以使堕落的王国回到过去的方法，希望再次让其回到真正的爱与和平的道路上。
UI_CLANGROUNDS_STORY_HERO_BANDIT_04,斯卡蕾特的父亲富有但毫无父爱。他酗酒并行为残忍，最终在一场纸牌游戏中输掉了她。她被一个名叫歪牙的达尔马提亚人收养，这人是灰烬森林突袭者（阿门罗七大强盗部族之一）的王。\n\n从上流社会跌落进一群恶棍之中，斯卡蕾特被迫为生存而战。多年来她一直是歪牙嘲笑的对象，但她始终睁大着敏锐的双眼。在她摸清统治一个强盗部族的门道之后，便假死脱身、销声匿迹，多年后倚仗其他六个部族的力量归来，驱逐了歪牙。\n\n作为阿门罗所有被剥夺权利与遭到放逐者的代表，斯卡蕾特为所有被王国辜负的人发声。她为一个更真实、更仁慈的未来而战——在那里，醉酒的父亲、飞来的厄运或邪恶的国王，都无法如此愚蠢地摧毁他们家人的生活。
UI_CLANGROUNDS_STORY_HERO_BEAR_01,在神圣的树林深处坐落着熊族的古老家园，这里生长着一丛圣树。萨娜还是幼崽的时候，在它们温暖的怀抱中送了过来。传说她是德鲁伊抚养长大的，并且预示着一个古老的预言。尽管有这些崇高的开始，但她的生活充满着和平与思考。\n\n对于熊族来说，那些与怀尔德最一致的人肩负着照看其亲属成长的神圣责任。冥想中，他们找到了熊族和整个阿门罗所面临的可怕威胁的答案。于是，萨娜发现自己被迫被置于守护整个种族的境地。\n\n她发现了阿门罗内最大的威胁——国王，曾团结了萨娜噩梦般的种族，现在是腐败的堡垒，驱使着她加入夺取王座的斗争中，熊族的力量是她坚强的后盾。\n\n森林姊妹萨娜爱好和平。她对和平和对怀尔德的天然偏好使她难以在为王位争权夺利的斗争中兴旺发达。不过她还是决心履行种族和怀尔德给她的责任。现在，熊族的伟大守护者将不顾一切保护怀尔德。
UI_CLANGROUNDS_STORY_HERO_BEAR_02,多年的战斗对灵魂和身体都造成了伤害。每一处肉体的伤疤，都将在受伤者的精神上添置一个无可磨灭的创伤。疤痕施法者布朗是阿门罗最有经验的战士。尽管他年事已高，身上还有许多伤痕，但他内心的原始力量现在却不断涌动，挑战黑暗国王坠落的王座。\n\n布朗是远古熊族疤痕施法者团体的成员。这些巨大的战士和其他人给他们身上造成了颇具仪式感的疤痕，而他们从这些疤痕上汲取能量。布朗引导着熊族最原始的一方，为了更纯粹兽性的生活方式，拒绝与阿门罗和平和谐共处。现代的熊族基本上拒绝了这种做法，而布朗由于自己原始的方式被赶出了家园。如果他拥有王位，他将带来更加野蛮的时代，但也许其生活将更自由、更纯粹。\n\n布朗年迈的身体里藏着年轻热烈的灵魂。他的一生都是在一个强大而高贵的国王的阴影下成长的。现在，那个传说中的统治者投身于黑暗，布朗大步向前迈进，与整个阿门罗人分享他野蛮智慧的好处。
UI_CLANGROUNDS_STORY_HERO_BEAR_03,戈尔不太清楚为什么自己加入了王座之争中。他不明白为什么王座如此重要，也不明白为什么有人为他欢呼，也有人嘲笑他。戈尔是爱好和平且简单的熊，但却陷入了超出他理解范围外的事情。不过，戈尔可能是阿门罗下一任国王。\n\n熊族传说指出，每一个时代，阿门罗都会诞生一个怀尔德的中转人。许多人努力想获得这种力量，但盲目的野心将使他们无路可走。怀尔德人选择了那些不滥用力量的人。戈尔就是这个时代的中转人。他对这力量一无所知，却深深惧怕。他不是因为他的能力、智慧或敬业精神而被选中的。他之所以被选中，是因为他的简单。\n\n中转人已被选中。没有人可以阻碍阿门罗最强大的战士。\n\n也许……
UI_CLANGROUNDS_STORY_HERO_BEAR_04,魔法是一种复杂的技能。许多尝试过的人都会发现自己很快就被奇怪的事物所征服。由于你捣鼓的力量变得越来越不稳定、反复无常，所以挖掘得太深的话，你就有可能失去双手或者更多其他的东西。纵观历史，很少有人像尤尔达娜那样完全掌握这门技能。\n\n早在国王到达阿门罗之前，尤尔达娜就出生了，即便是不对外开放的熊族中也是个局外人。她对怀尔德及其多种形式的研究，近乎亵渎。她没有和那些没价值的傻瓜打交道，那些人只会拖后腿。她把自己与其他同类隔离开来，只在大危机时期出现，向当权者灌输智慧和忠告。\n\n她想要王座的驱动力就如同她对魔法的掌握一样高深莫测。虽然没有人知道为什么聪明的熊想要统治权，她夺取皇冠的道路将成为生活这个混合物的最后一味要素，永远改变阿门罗的面貌。
UI_CLANGROUNDS_STORY_HERO_DRAGON_01,沃洛达是龙族中的天选之人。他是蠕虫的高阶先知，也是蠕虫圣意的最高低语者，更是指路的信标，带领他曾无比强大的部落中的剩余部众走向新的辉煌未来。\n\n不过，他的意图也许并没有这么直白。\n\n不过，沃洛达确实会在梦中听到蠕虫的声音，这一点是真的。他也确实能理解它的意志，并将它可怕的力量化作现实。但沃洛达可能更加关心自己的享受，假借自己的神明之名，传播方便自己的寓言，为自己的利益大开绿灯。他为了夺取王座，不惜利用任何工具、任何阴谋、任何灵魂、任何神明，无所不用其极。\n\n这只生来便身居高位、作为神明之使者被抚养长大的科摩多龙，根本毫不关心自己的子民。在他的意志之下，阿门罗大陆只有两个选择，要么屈服，要么尖叫着堕入黑暗。
UI_CLANGROUNDS_STORY_HERO_DRAGON_02,据说在很久以前，各个伟大的部族尚在祖先之地聚居，阿门罗的隐藏之地也尚未显现之时，阿格尼亚就已经在侍奉蠕虫了。她大概是阿门罗最古老的存在了。这位上古之人天赋异禀，具有龙族天生与治疗的亲密关系。这位迟缓而巨大的战士，生存的经历已经远远超出了任何生灵的记忆，连她自己也是一样。\n\n龙族从阿门罗踏上朝圣之路时，阿格尼亚便是这旅程中的先锋。她是唯一一个尚对龙族鼎盛统治拥有记忆的存在，但这记忆的火花，也被世世代代积累的灰尘淹没了。现在，回到出生之地的她却看到，尽管已过了这么多年，仍没有出现一个伟大的统治者、她敬爱的蠕虫的化身，也没有什么和平的使者出现。就算最深沉的耐心，也终有其限度。既然没有更佳的人选，这统治的责任便落到了阿格尼亚的肩上。几个纪元以来被推卸、被躲避、从未揭示的职责，就这样重重落在了这只巨龟坚实的肩膀上。
UI_CLANGROUNDS_STORY_HERO_DRAGON_03,这其中，一定会有平衡点。生与死，始与终。为了其中一极与另一极的存在，必须会在两极之间不断起落、流动，也正是这，让我们变得完整。\n\n这个概念说起来容易，但当我们真的要停止耕作、为了令蠕虫更加衰败而放任怀尔德精妙丰饶的魔法日渐消逝之时，很少有人会有站出来行必须之事的勇气。只有少数人明白这平衡之理，奥克萨娜便是其中之一。她的一生都献给了平衡，也无时无刻不在追寻着平衡中哪怕最极端的手段：狩猎怀尔德的化身——德鲁伊。\n\n奥克萨娜是个极其实际的存在，也只有她看出了怀尔德的力量已经过于强大。和平的意义，并非彻底切除腐化，而是鼓励实现混沌的和谐。在大多数人看来，这根本是个不可能的任务。但奥克萨娜是一名哨兵，作为这个即将消亡的宗派中最后的成员之一，她决定献身于守护平衡。奥克萨娜训练严谨、技巧精熟、威力强劲，一向以最实用的办法完成自己的职责，甚至走上了王座，以求最好地完成前任者们未能完成的任务。
UI_CLANGROUNDS_STORY_HERO_DRAGON_04,几百年过去了，龙族也在阿门罗的记忆中逐渐消逝。他们的故事与传说渐行渐远，陷入了神秘。少数剩下的巨龙，也将他们荣耀的旗帜留在了博物馆，作为一段逐渐逝去的上古时代的见证。\n\n其中一些巨龙，比如纳扎尔，不甘心就这样眼睁睁看着如此的悲剧发生。\n\n纳扎尔出生于阿门罗，一生致力于研究龙族的古老传统。这位狂热分子一向在暗中活动，为失落传统的余烬重新点起了生命的火焰，并因此看到了令人疯狂的蠕虫幻象。而这疯狂，只让他进一步坚定了自己的判断。当狡诈、隐匿与欺骗无法偷得失落的文物、实现古代预言时，他便会用鲜血解决一切问题。敌人的鲜血，他自己的鲜血；对蠕虫来说，这无关紧要。\n\n龙族回归时，从阿门罗的黑暗角落与更远处，出现了预兆。阿门罗的未来已经刻入了纳扎尔的血肉之中；异教徒必须死。
UI_CLANGROUNDS_STORY_HERO_RABBIT_01,安布尔的内心是个冒险家。她出生在一个贵族家庭，但迅速失势，必须自力更生维持生活。在寻找有用的东西上天赋异禀。她很容易就喜欢上了有点不受人尊敬的地下艺术，靠典当古墓里被盗和被掠夺的物品谋生。最终，她在这种生意上的技能使她恢复了家庭的财富，惩罚了打击她家族的种族——邪恶的普劳福特族。\n\n安布尔是个有天赋的兔子。她机智而强壮。怀尔德的平衡暂未给她的冒险带来任何麻烦，她尊敬这个平衡。除了这种健全的技能平衡，她还在政治阴谋上还有过人的天赋。她可以与纨绔子弟一起纺纱，也可以与粗野的强盗一起吃饭。\n\n随着家族的财产得到恢复，安布尔现在把目光投向了整个王国。她敏锐的责任感被刺痛后，冒险感随之而来。她尽情投入到王座争夺战中，准备迎接每一次挑战。
UI_CLANGROUNDS_STORY_HERO_RABBIT_02,"关于巴纳比真实年龄的讨论一直没有停止。这也是他的对手嘲笑他的话题，直到他专门设计的锤子砍入他们的头骨才停止。\n\n从神童、幽默作家、疯狂的发明家到王座继承人，巴纳比获胜的机会取决于他专门设计的盔甲。这只年轻的兔子把挖洞的本能提升到了一个新的高度。他建造了一套坚不可摧的盔甲，使他穿过阿门罗危险的荒野仍安然无恙。\n\n人们对巴纳比的过去所知甚少，因为真正发生了的事情太少。对这只兔子来说，重要的是未来——不仅仅是他自己的，同时也是王国的未来。在积累了足以满足大多数成年人的财富和名望后，巴纳比内心深处的激情去试着他前进。也许是责任感？也许是对挑战的渴望？亦或许只是一种乐趣和冒险感

无论如何，那些听到在树林里传来叮当作响声的阿门罗恶棍应该铭记，不要攻击一个孩子，除非你先遭受攻击。"
UI_CLANGROUNDS_STORY_HERO_RABBIT_03,藏匿在兔族平原古坟之后的是一群工匠和建筑师，他们用自己的知识增强这个伟大王国的力量。艾尔希娅既是阴影中的大师之一，但与之不同的是，在每一个大古坟都有她的身影。她负责抵御所有敌人的进攻。虽然是工程师和建筑师，但这个级别给了她巨大的政治影响力，足以让她大施拳脚而不受惩罚。她辛勤地指引着他人也像她那么做。在她谨慎的监督以及娴熟的实施下，许多兔族最具野心的项目都得以实现。在开发小饰品的工坊里，有孤独的艺术家的一席之地。但艾尔希娅的雄心壮志远非如此，她还有一个尚未实现的梦想。\n\n在争夺王座的混乱中，艾尔希娅成为了一个务实的候选人。她为兔族所做的一切令人震惊。她忠于自己手艺的艺术性，野心也为之削减。她富有创造力的灵魂被无与伦比的职业道德所冲淡。当所有伟大的种族团结在她的旗帜下后，阿门罗的未来不可度量。
UI_CLANGROUNDS_STORY_HERO_RABBIT_04,哈格雷夫·普劳福特是曾经强大的普劳福特族中的一个怪人。他是一位出色的战术家、敬职的士兵和狡猾的发明家。他十分骁勇，技巧熟练，为他的家人能在迷宫般的兔族政治世界中迅速崛起、获得权力奠定了很大的基础。当他白发苍苍，在冬天安顿在火边休息之际，他震惊的发现整个家庭被年轻自负的外孙女背叛。\n\n哈格雷夫发现自己跌落神坛，成为历史长河中无关痛痒的一员。更糟糕的是，对他家族的额外审查导致他最后的努力功亏一篑。他没有制成黑火药手炮。哈格雷夫被迫看着兔族失去家族的指导，为兔族的未来担心。然而王国却陷入混乱。他的孩子、不良少年还有厚脸皮无教养的下流胚子争夺着王座，流下高贵家族的血液。\n\n不行。普劳福特族不能就这样死去。从他尘土飞扬的车间深处，他取回了最致命的发明，一种早就被国王宣布非法的黑火药炮。武器在手，哈格雷夫聚集了仅存的力量和活力，在王座争夺战中投入了自己的名字。也许有更合适、更强大或更幸运的人，但哈格雷夫面对过更大的困难。\n\n战就战吧！一个新的挑战者来了。
UI_CLANGROUNDS_STORY_HERO_RAT_01,"诡异之刃墨丘里奥，是来自下水道的老鼠。和所有的下水道老鼠一样，他出生在泥土里。他艰难地穿过粘液，亲吻着每一个经过他家贫民窟的那些贵族肮脏的灵魂。但墨丘里奥也是贵族。他睡在漂亮的丝绸床单上，与鼠族的精英们并肩而行。和所有贵族一样，他也曾为黄金洒热血。\n\n墨丘里奥是一只极端的老鼠。他一生中赚过不少钱，也失去过不少。一直是鼠族的勇士，也是鼠族最大的通缉犯。他穿梭于阿门罗，看到了王国所能提供的一切。\n\n现在，墨丘里奥只有一个高地需要攻克。\n\n建立一个王国需要各种事物，而头戴皇冠只需一个头。他这头从最低点和令人目瞪口呆的最高点看过这个世界，还有什么比这更好的头呢

刀刃在手，这个打扮体面的流氓现在温文尔雅且极度自信走向王座之战。请保持警惕，因为每当这只老鼠将大步前进，混乱、笑声、大量的阴谋将紧随其后。"
UI_CLANGROUNDS_STORY_HERO_RAT_02,老鼠刺客属于世界上最致命的刺客。老鼠的城市中或者阿门罗偏僻的角落隐藏着无数的秘密团体。每一个团体一直在争吵，互相残杀的数量跟他们的任务目标一样多。\n\n佐沙效命于传说中的“夜之母”。这个奇怪的人物是谁？即使在刺客集团首领中也是个秘密。那些称她是间谍来维护自己声誉的人，消失在夜间。\n\n佐沙是她的杰作。她像液体一样穿梭在阴影之中，用她天生的隐身术来打击目标。她装备着鼠族历史上神圣的双刃杖，实施着谨慎精确的谋杀，确实无法阻挡。\n\n佐沙在王座争夺中的攀升是又一个令人惊讶的事。极少数在她计划开始之前就知道她的人，对于这个暗影生物展开旅程，把自己置于公众的聚光灯下，感到震惊。不管她的黑暗女主人是谁，也许她希望佐沙从某种奇怪的邪恶手段中掌握控制权。当然，除了佐沙之外，没有人可以确定。
UI_CLANGROUNDS_STORY_HERO_RAT_03,面纱行者萨尔贡被诅咒了。面纱就像是悬于生与死之间的虚空，这只冷酷老迈的老鼠一生都在致力于研究它。他的研究持续了几十年。当他为了一个黑暗洞穴而放弃空旷的田地时，他的身体就衰弱了。 他不断地注视着空灵的深渊，永远改变了自己的想法。现在，萨尔贡既可以看到这个世界，也能看到面纱的世界。万物的生与死都在生动清醒的梦境中向他展示。\n\n萨尔贡喜欢这个诅咒。他研究更可恨的奥术，是为了故意引来奇怪力量的愤怒，腐蚀他的心灵，以便更好地理解这些力量。萨尔贡是唯一了解面纱奇怪行为的阿门罗人。几十年来，他一直把邪恶而矛盾的建议带给阿门罗多变的统治者。现在他把黑暗的专业知识带到了王座争夺战中。\n\n萨尔贡拥有奇特而独特的魔力，对戏剧性事物的良好嗅觉和大量胁迫手段，是一位触及过死后世界的统治者。谁又敢冒着生命危险反对拥有异族秘密的面纱步行者呢？
UI_CLANGROUNDS_STORY_HERO_RAT_04,格莉奥特是一只世故的老鼠，她喜欢生活中美好的事物——可口的食物、美好的陪伴，以及分享大餐与故事的朋友。同时她也是只疯狂暴力的老鼠。她喜欢战斗时的冲刺、垂死挣扎的吼叫，以及用大刀撕裂敌人时，流淌出鲜红血液的气味。当然，她杀人的时候总是穿围裙，以免毁了她美丽的衣服。\n\n格莉奥特是鼠族贵族的缩影。在世故和阶级的外表背后，她靠着基本的本能统领着世俗、不洁、暴力的社会。她天生的狡诈、对时机谨慎的掌握，以及快速果断的暴力才能，让她在这一邪恶体系中脱颖而出。现在，她是整个阿门罗最强大的犯罪大亨之一。有些人视王座角逐为责任目标，还有一些人认为这是与生俱来的权利，但格莉奥特视王座争夺为她血腥特征的下一步。除了力量，她没有其他的要求。但这种力量很可能足以让她成为女王。
UI_CLANGROUNDS_STORY_HERO_WOLF_01,塞恩·格雷迈恩是狼族的传奇人物。他是统治的格雷迈恩族的王子、德高望重的剑客，也是神话中哈肯之刃的主人。这位青年狼的天赋和血统是不可否认的，即使是对他的敌人来说也是不可否认的。\n\n塞恩兴致勃勃并超级自负地赢得声誉。他愿意做任何事情来向狼族证明自己的价值。因此，他将手握刀剑，站稳脚跟，反抗任何威胁他那个梦想的事情。\n\n塞恩气势汹汹的背后隐藏着一个受庇护的皇族孩童。他的一生总作为皇家军队尊贵的战士，而他的父亲和哥哥方却背负了部族首领的重担。\n\n但当父亲被杀害，方被驱逐出狼族时，塞恩这种舒适的生活就被剥夺了。突然之间，上千个灵魂的希望和梦想萦绕着塞恩，寻求指引。这个重担对于年轻的幼崽来说，可能太过沉重无法负担。\n\n现在，塞恩要向阿门罗出击。悲剧迫使他承担了危险的责任。他手执刀剑，向所有反对他的人发出挑战。也许你认为他是剑圣、战术家，或者精神上游刃有余，又或是坚定忠诚。但无论你怎么想，冬狼他都在这里，对王国的影响也无法否认。
UI_CLANGROUNDS_STORY_HERO_WOLF_02,护林者曾经是狼族的秘密武器。这是一个神圣的传统角色。只有最有才华的生存专家，才能在阿门罗冰冻的边缘忍受严冬。里弗一直是护林者，她一生都在野外度过，在最致命的狼群狩猎的每一个环节表现得都很出色。\n\n护林者在加入狼群狩猎的行列后，便放弃了他们的血统。里弗不认识她的母亲、父亲或姐妹。但在她的一生中，她会注意到其他护林者的眼睛里某种闪烁着的光。虽然她从来没有得到证实，但她能感受到她的家人一直就在身边。她是为家族而战的。在导致方流亡的悲惨事件中，基本上所有护林者都被屠杀了。只有里弗在那场屠杀中幸存下来。\n\n拥有敏锐头脑的里弗装备着弓箭和匕首，一生都致力于击败厉害的对手，并完全依靠自己指引自己的道路。现在，作为局外人拥有独特视角，同时又誓死捍卫国度的她，认识到统治者需要新的血统——一个不会陷入过去的小纷争和小失败的人，一个在战斗中立于不败之地、能给出聪明建议的人，一个知道如何在王座上孤独生存下去的人。\n\n阿门罗需要一个这样的护林者。
UI_CLANGROUNDS_STORY_HERO_WOLF_03,聪明的战士说过，人能从失败中学到的东西比在胜利中学到的更多。通过失败，人们才能从更深层次上理解斗争的本质， 并能将这些知识转化为未来的掌控力。\n\n马格努斯不会同意这些观点。她从未失败过，她就是最厉害的。\n\n有一部分狼战士叫做盾卫，马格努斯一生都在保护狼族的王室成员。格雷迈恩·阿尔法被方这个叛徒杀死后，这个崇高的使命被弃至，而善意但又无用的小狗塞恩被迫扛起王子这个角色。\n\n不，马格努斯失去了太多的朋友，洒了太多的鲜血，她不想看到她的成果被一个不值得的战士玷污。但即使她为了找到能信任的战士而找遍了整个狼族，也没有找到那个能让最伟大的盾卫保护的勇士。\n\n那时，马格努斯才在阿门罗的未来看到了自己的角色。\n\n在这个新的时代，血统一钱不值。力量和意志力才是能支撑王座的美德。马格努斯手握盾牌，是这两种美德坚实的壁垒。现在她大步向前迈进，准备为自己夺取皇冠，为阿门罗打造了一个辉煌的新时代。
UI_CLANGROUNDS_STORY_HERO_WOLF_04,身为幼崽的方看着这群灰白色狼族市民——他们誓死效忠他，狼族的王子，这个最残酷和最强大种族的下一任继承者，以后将爬上阿门罗的顶峰。多年后，同样也是这群人，他们嘲笑他，向他吐口水，并把他逐出了家园。从王子到流亡，从拥有一切到一无所有。\n\n方是名狂战士，他的无畏和冒险才能渗透在他生活的方方面面。在见证了父亲与王国野蛮政治斗争的多年后，方决定把自己的命运赌在对腐化的操纵上。他这场赌注失败后，遭到驱逐。弟弟塞恩将他取而代之，他也被迫与他的种族分开，同时腐化的黑暗势力却在他的身体里滋长开来。\n\n现在，随着争夺王位的斗争达到了血腥的顶峰，方也从远方走向阿门罗。他的帝王风度所剩无几，取而代之的是一种原始的野蛮行为，即使是最坚强的敌人也会倍感恐惧。\n\n方对王位的欲望并非来自他的贵族身、血统或是责任感，而是源自原始的规律——最强大的人会登上王座，有实力登上王座的人将获取王国的战利品。\n\n方要么终将夺取阿门罗，要么就亡于尝试的路上。
UI_CLANGROUNDS_TAB_HEROMASTERY,精通
UI_CLANGROUNDS_TAB_LOADOUT,装载
UI_CLANGROUNDS_TAB_OVERVIEW,总览
UI_CLANGROUNDS_TAB_STORY,故事
UI_CLEAR_PROLOGUE_ACT,清除“{0}”的存档？
UI_CLICK_TO_CLOSE,点击关闭
UI_CLICK_TO_CONTINUE,点击继续
UI_CLOSE,关闭
UI_COMINGSOON,敬请期待！
UI_COMMUNICATION_ERROR,哎呀！无法与服务器通信。别担心，请检查你的连接，稍后重试。
UI_CONFIRM_PALACE_ENTRY,进入王宫
UI_CONFIRM_TILE_ENTRY,进入 {0}
UI_CONNECTING,连接中
UI_CONTINUE,继续
UI_CONTINUE_CHARACTER_TURN,回合：{0}
UI_CONTINUE_DLC_NOT_AVAILABLE,此保存游戏中使用的内容不可用。\n\n{0}\n请确保正确的 DLC 可以使用，或者开始一个新的游戏。
UI_CONTINUE_GAME,继续已保存的游戏
UI_CONTINUE_GAME_DAY,白天 {0}
UI_CONTINUE_GAME_LAST_PLAYED,上一次游戏：{0}
UI_CONTINUE_GAME_NIGHT,黑夜 {0}
UI_CONTINUE_PROLOGUE_ACT,继续“{0}”？
UI_CONTINUE_SKIN,{0} 皮肤
UI_CONTINUE_START_AGAIN,重新开始
UI_CONTINUE_YOUR_TURN,回合：你的
UI_CONTROLLER_DISCONNECTED,控制器连接断开。按下 <controller_icon> 继续。
UI_CORRUPTED,已堕落
UI_CREDITS_HEADING_COLLABORATORS,合作方
UI_CREDITS_HEADING_FRIENDS_FAMILY,朋友和家人
UI_CREDITS_HEADING_KS_ARMELLIAN,支持者——阿门罗公民
UI_CREDITS_HEADING_KS_ARTISAN,支持者——工匠
UI_CREDITS_HEADING_KS_BANDITS,支持者——强盗
UI_CREDITS_HEADING_KS_GAMER,支持者——玩家
UI_CREDITS_HEADING_KS_GUARDIAN,支持者——守护者
UI_CREDITS_HEADING_KS_GUPPY,支持人——I <3 古比！
UI_CREDITS_HEADING_KS_HERO,支持者——英雄
UI_CREDITS_HEADING_KS_LISTENER,支持者——倾听者
UI_CREDITS_HEADING_KS_SCRIBE,支持者——抄写员
UI_CREDITS_HEADING_LEAGUEOFGEEKS,极客联盟
UI_CREDITS_HEADING_LEGAL,法律声明
UI_CREDITS_HEADING_QA,质量保证
UI_CREDITS_HEADING_SPECIAL_THANKS,特别鸣谢
UI_CREDITS_HEADING_VERY_SPECIAL_THANKS,特别鸣谢
UI_CREDITS_VERY_SPECIAL_THANKS,"本游戏的绝大部分内容是在库林民族乌伦杰瑞人的土地上制作的。
我们向他们的长者致敬——无论过去还是现在。"
UI_DEVOUR_CARD,吞噬卡牌
UI_DICE_AVAILABLE,骰子可用！
UI_DICE_UNLOCKED,骰子已解锁！
UI_DISCONNECTED_FROM_LOBBY,哎呀！\n好像你与大厅\n断开了连接！
UI_DISCONNECT_AFK,已踢出（挂机）
UI_DISCONNECT_LEFT,已离开游戏
UI_DISCONNECT_QUIT_MAIN_MENU,退出到主菜单
UI_DISCONNECT_TIMEOUT,已断开连接
UI_DISMISS,关闭
UI_DISPLAYSAFEAREARATIO,显示缩放
UI_DONT_SHOW_AGAIN,不再显示
UI_EDIT,编辑
UI_ENCOUNTERING_PERIL,遭遇陷阱
UI_ENDTURN,结束回合
UI_ENJOY_NO,不太喜欢……
UI_ENJOY_PROMPT,我们很想知道，你喜欢阿门罗吗？
UI_ENJOY_YES,我喜欢！
UI_ENTER_SHOP,进入 Skeeve 商店
UI_EQUIP_ITEM,装备物品
UI_EXIT_PROLOGUE,退出序章
UI_EXIT_PROLOGUE_CONFIRM,"阿门罗是一款较为复杂的游戏。我们强烈建议你完成序章（教程）。

确定要退出到主菜单吗？

如果改变主意，你可以通过 单人游戏 -> 序章 回到这里。"
UI_FEEDBACK_NO,以后再说
UI_FEEDBACK_PROMPT,我们欢迎你的反馈！
UI_FEEDBACK_YES,电子邮箱
UI_FIRSTTIMEOFFER,新手优惠！
UI_FIRSTTIMEOFFER_RIVERSHARDS,里弗 + 碎片 组合
UI_FIRST_SINGLEPLAYER_GAME,恭喜！你已经准备好进入阿门罗的广阔世界了。想立即开始一局单人游戏吗？
UI_FOCUS,聚焦
UI_FREE,免费！
UI_GAMER_CARD,显示玩家卡牌
UI_GDPR_DATA_DELETE,"如需删除、修正或下载你的账户信息，请通过以下邮箱联系我们：
admin@leagueofgeeks.com"
UI_GDPR_DATA_PRIVACY,数据 & 隐私
UI_GDPR_GO_OFFLINE,离线游玩
UI_GDPR_GO_ONLINE,转为在线
UI_GDPR_GO_ONLINE_TOOLTIP,启用在线功能！
UI_GDPR_MESSAGE_DESCRIPTION,我们时刻关切你的数据和隐私以及想给玩家更多自由控制的权利。\n\n最终，现在推出两种能够游玩《阿门罗》的方法，包括一种全面隐私、无需收集任何认证数据的离线模式以及无线上功能的模式。\n\n请注意，关于国际数据保护法，通过游玩《阿门罗》将默认你接受League of Geeks的隐私政策、服务条款和《阿门罗》的EULA （终端用户许可协议）条款。我们同时也在使用分析和数据收集以优化《阿门罗》的游玩体验和运行其必要的服务。如果你不同意数据收集或者身处的居住国家/地区将你视为儿童的话，请务必游玩离线模式。
UI_GDPR_MESSAGE_NOTE,注意：你可以在游戏内切换离线和在线模式。
UI_GDPR_MESSAGE_TITLE,阿门罗数据与隐私保护
UI_GDPR_OPTION_LINK_EULA,[u]阿门罗 EULA[/u]
UI_GDPR_OPTION_LINK_PRIVACYPOLICY,[u]隐私政策[/u]
UI_GDPR_OPTION_LINK_TOS,[u]服务条款[/u]
UI_GDPR_OPTION_PLAY_OFFLINE,离线游玩
UI_GDPR_OPTION_PLAY_ONLINE,在线游玩
UI_GDPR_OPTION_STAY_OFFLINE,保持离线
UI_GDPR_OPTION_STAY_ONLINE,保持在线
UI_GIVEGIFT,赠送礼物！
UI_GIVEGIFT_BARRELS,剩余木桶
UI_GIVEGIFT_ERROR_GIFTED,你真是太慷慨了，但每场公开多人游戏中只能赠送一次礼物。
UI_GIVEGIFT_ERROR_LATE,噢，谢谢！但是你送得太晚了。礼物必须在称赞结束之前送出去。
UI_GIVEGIFT_ERROR_NOBARRELS,你没有可打开的礼物桶。请通过主菜单在斯基夫的商店购买。
UI_GIVEGIFT_HERO,<player> 正在打开礼物桶！
UI_GIVEGIFT_MESSAGE_BANDIT01,我偷了它，是的…是给你的。
UI_GIVEGIFT_MESSAGE_BANDIT02,礼物通常不是我喜欢的东西…
UI_GIVEGIFT_MESSAGE_BANDIT03,从这个骑士，到一位朋友。
UI_GIVEGIFT_MESSAGE_BANDIT04,所有阿门罗人都应分享战利品。
UI_GIVEGIFT_MESSAGE_BEAR01,愿怀尔德庇佑你。
UI_GIVEGIFT_MESSAGE_BEAR02,送给你，怀尔德的勇士们。
UI_GIVEGIFT_MESSAGE_BEAR03,我摸了那个桶。
UI_GIVEGIFT_MESSAGE_RABBIT01,我们来分享这个战利品吧。
UI_GIVEGIFT_MESSAGE_RABBIT02,它要爆炸啦！
UI_GIVEGIFT_MESSAGE_RABBIT03,巨大的努力。乐在其中。
UI_GIVEGIFT_MESSAGE_RAT01,来自一个…朋友。
UI_GIVEGIFT_MESSAGE_RAT02,夜晚的庇佑。
UI_GIVEGIFT_MESSAGE_RAT03,来自面纱的礼物。
UI_GIVEGIFT_MESSAGE_WOLF01,你打得很好！
UI_GIVEGIFT_MESSAGE_WOLF02,敬你的决心。
UI_GIVEGIFT_MESSAGE_WOLF03,别让它冲昏你的头脑。
UI_HERO_COMMS_DISCONNECTED,已断开连接！
UI_HERO_HAS_PERISHED,已阵亡
UI_HERO_SELECT_AI_RANDOM,重随 AI 英雄
UI_HERO_SELECT_AI_SELECT,选择 AI 英雄
UI_HERO_SELECT_CHANGE_DICE,切换骰子
UI_HERO_SELECT_CHOOSE_DICE,选择骰子
UI_HERO_SELECT_HERO_BIO,英雄传记
UI_HERO_SELECT_HOUSE_RULES,自定义规则
UI_HERO_SELECT_NEXT_HERO,下一位英雄
UI_HERO_SELECT_NOT_AVAILABLE_IN_RANKED_OR_PUBLIC,在公共游戏中不可用
UI_HERO_SELECT_RANDOM_AMULET,选择一个随机的护身符。
UI_HERO_SELECT_RANDOM_HERO,选择一个随机的英雄。
UI_HERO_SELECT_RANDOM_RING,选择一个随机的戒指。
UI_HOST_LEFT,大厅房主已离开大厅。
UI_INFINITY,∞
UI_INSUFFICIENT_FUNDS,你支付不起，朋友！
UI_INSUFFICIENT_FUNDS_HARD,你没有足够的碎片！
UI_INSUFFICIENT_FUNDS_SOFT,你没有足够的皇家！
UI_INSUFFICIENT_FUNDS_TITLE,资金不足
UI_INVALID_ROOM_CODE,无效游戏室代码
UI_INVENTORY_CHANGE_CATEGORY,切换分类
UI_INVENTORY_CHANGE_PAGE,换页
UI_INVENTORY_ERROR,哎呀！无法与库存服务器通信。别担心，请检查你的连接，稍后重试。
UI_INVENTORY_ITEM_STORE,斯基夫的商店
UI_INVENTORY_ITEM_STORE_ERROR,哎呀！无法与商店通信。别担心，检查你的连接，稍后重试。
UI_INVENTORY_MARKETABLE,可上架
UI_INVENTORY_NOT_MARKETABLE,不可上架
UI_INVENTORY_NOT_TRADEABLE,不可交易
UI_INVENTORY_NOT_TRANSMOGRIFIABLE,不可幻化
UI_INVENTORY_TAGS,标签
UI_INVENTORY_TRADEABLE,可交易
UI_INVENTORY_TRANSMOGRIFIABLE,可幻化
UI_JOURNAL_NEXT_QUEST,下一个任务
UI_JOURNAL_PREVIOUS_QUEST,上一个任务
UI_JOURNAL_UPDATED,日志已更新
UI_KICK,踢出
UI_KINGS_EDICT,国王诏书
UI_KING_AT_DAWN_EFFECT,黎明时 -1 生命
UI_KING_AT_DUSK_EFFECT,黄昏 +1 腐化
UI_LANGUAGE_DEFAULT,默认
UI_LEAVE,离开
UI_LEAVE_GAME,离开游戏
UI_LOADING,正在加载
UI_LOCKED,已锁定
UI_MAP_GENERATION_1,正在植树造林
UI_MAP_GENERATION_10,正在清理平原
UI_MAP_GENERATION_11,正在打磨王宫
UI_MAP_GENERATION_12,正在准备部族
UI_MAP_GENERATION_13,驱散飞鸟
UI_MAP_GENERATION_14,正在配置 RNG
UI_MAP_GENERATION_15,正在喝泡泡茶
UI_MAP_GENERATION_16,正在洗牌
UI_MAP_GENERATION_17,正在隐藏秘密
UI_MAP_GENERATION_2,正在将样条网状化
UI_MAP_GENERATION_3,正在唤醒公民
UI_MAP_GENERATION_4,正在提取任务
UI_MAP_GENERATION_5,正在填充聚落
UI_MAP_GENERATION_6,正在挖地牢
UI_MAP_GENERATION_7,熏臭沼泽
UI_MAP_GENERATION_8,正在升起山脉
UI_MAP_GENERATION_9,正在圣化石环
UI_MONTH_2,二月
UI_MONTH_3,三月
UI_MONTH_4,四月
UI_MONTH_5,五月
UI_MONTH_6,六月
UI_MONTH_7,七月
UI_MORE_INFO,更多信息
UI_MOSTPOPULAR,最流行
UI_MULTIPLAYER_BACK,返回
UI_MULTIPLAYER_CLEAR_ROOM_CODE_LABEL,清除游戏室代码
UI_MULTIPLAYER_CONVERT_TO_PUBLIC_QUEUE,转换为公开大厅
UI_MULTIPLAYER_DISMISS_AI,解散 A.I
UI_MULTIPLAYER_ENTER_ROOM_CODE,输入游戏室代码：
UI_MULTIPLAYER_EVENTTIMER_ENDS,结束于
UI_MULTIPLAYER_EVENTTIMER_STARTS,开始于
UI_MULTIPLAYER_FIND_GAME,查找游戏
UI_MULTIPLAYER_FIND_PLAYERS,寻找玩家
UI_MULTIPLAYER_GAMEPLAY_OPTIONS,游戏设置
UI_MULTIPLAYER_GATHER_PARTY,组队
UI_MULTIPLAYER_GO_TO,开始私密游戏
UI_MULTIPLAYER_HOUSE_RULES,自定义规则
UI_MULTIPLAYER_INVITE_FRIENDS,邀请朋友
UI_MULTIPLAYER_JOIN_ROOM_LABEL,使用代码进入游戏室
UI_MULTIPLAYER_JOIN_ROOM_NO_CODE_LABEL,加入房间
UI_MULTIPLAYER_LEAVE_PARTY,离开队伍
UI_MULTIPLAYER_LEAVE_QUEUE,停止搜索玩家
UI_MULTIPLAYER_LEAVE_STOP_SEARCH,停止搜索
UI_MULTIPLAYER_LETS_PLAY,开始玩吧！
UI_MULTIPLAYER_MAKE_ROOM_CODE_LABEL,显示游戏室代码
UI_MULTIPLAYER_OPTIONS,选项
UI_MULTIPLAYER_PERMIT_FRIENDS,允许好友加入大厅
UI_MULTIPLAYER_PLAY_SINGLEPLAYER,注意：你可以在等待其他玩家加入时先玩单人游戏。
UI_MULTIPLAYER_PRIVATE_GAME,私人游戏
UI_MULTIPLAYER_RECRUIT_AI,招募 A.I
UI_MULTIPLAYER_ROOM_CODE_LABEL,游戏室代码
UI_MULTIPLAYER_START_PUBLIC,开始公开游戏
UI_NEWS_FEED,资讯推送
UI_NEXT,下一步
UI_NEXT_SKIN,下一个皮肤
UI_NEXT_TURN_ACTION_BUTTON,结束\n回合
UI_NOT_READY,未准备好
UI_NOT_YET,还不行！
UI_OFF,关
UI_OFFLINE,离线
UI_OK,确定
UI_ON,开
UI_OPTIONS_APPLY_CHANGES,应用更改
UI_PALACE_ENTRY_BODY_TEXT,你是否希望进入王宫？这将激怒国王和他的守卫，消耗你剩余的所有行动点数，并且你将面临一个可怕的陷阱。
UI_PALACE_ENTRY_TITLE,王宫入口
UI_PICK_RUMOUR_WARNING_1_0,怀尔德预言了你的到来
UI_PICK_RUMOUR_WARNING_1_1,听好了，<hero_name>！
UI_PICK_RUMOUR_WARNING_1_2,<hero_name>。这边！
UI_PICK_RUMOUR_WARNING_1_3,嘿！<hero_name>。
UI_PICK_RUMOUR_WARNING_1_4,是你！怀尔德保佑！
UI_PICK_RUMOUR_WARNING_1_5,嘿！小家伙！
UI_PICK_RUMOUR_WARNING_1_6,给穷人施舍救济品？
UI_PICK_RUMOUR_WARNING_1_7,过来，听好了。
UI_PICK_RUMOUR_WARNING_1_8,嗯？传闻？
UI_PICK_RUMOUR_WARNING_1_9,英雄！听好了！
UI_PICK_RUMOUR_WARNING_2_0,我恳请你听我说。
UI_PICK_RUMOUR_WARNING_2_1,你需要完成点事情。
UI_PICK_RUMOUR_WARNING_2_2,听好了，<hero_name>！
UI_PICK_RUMOUR_WARNING_2_3,<hero_name>……你为什么不听我说？！
UI_PICK_RUMOUR_WARNING_2_4,你听到我说的话了吗？
UI_PICK_RUMOUR_WARNING_2_5,请注意听！
UI_PICK_RUMOUR_WARNING_2_6,我听到一些事情，你可能不相信。
UI_PICK_RUMOUR_WARNING_2_7,我就说一遍。
UI_PICK_RUMOUR_WARNING_2_8,我得到一点消息。你到底想不想知道？
UI_PICK_RUMOUR_WARNING_2_9,我没有多少时间了
UI_PICK_RUMOUR_WARNING_3_0,怀尔德希望你快点！
UI_PICK_RUMOUR_WARNING_3_1,注意听！阿门罗需要你！
UI_PICK_RUMOUR_WARNING_3_2,如果你不听，我就走了！
UI_PICK_RUMOUR_WARNING_3_3,<hero_name>……<hero_name>！！！！
UI_PICK_RUMOUR_WARNING_3_4,典型的固执己见的英雄！
UI_PICK_RUMOUR_WARNING_3_5,只有听长老的，你才会做得更好
UI_PICK_RUMOUR_WARNING_3_6,总之，我不需要你。
UI_PICK_RUMOUR_WARNING_3_7,你自己这样做真是个傻瓜。
UI_PICK_RUMOUR_WARNING_3_8,你们英雄都是一样的。
UI_PICK_RUMOUR_WARNING_3_9,你要听听这些话！
UI_PICK_RUMOUR_WARNING_GOAL_1_FREEDOM,议会传来了优秀的指导。
UI_PICK_RUMOUR_WARNING_GOAL_1_SCALE,议会传来了优秀的指导。
UI_PICK_RUMOUR_WARNING_GOAL_1_WORM,议会传来了优秀的指导。
UI_PICK_RUMOUR_WARNING_GOAL_2_FREEDOM,议会的低语中，提到了财富与机遇。
UI_PICK_RUMOUR_WARNING_GOAL_2_SCALE,议会的低语中，提到了财富与机遇。
UI_PICK_RUMOUR_WARNING_GOAL_2_WORM,议会的低语中，提到了财富与机遇。
UI_PICK_RUMOUR_WARNING_GOAL_3_FREEDOM,自己选条路吧，否则我就帮你选。
UI_PICK_RUMOUR_WARNING_GOAL_3_SCALE,自己选条路吧，否则我就帮你选。
UI_PICK_RUMOUR_WARNING_GOAL_3_WORM,自己选条路吧，否则我就帮你选。
UI_PLATFORM_DEPRECATE_LINUX,由于在线服务提供商停止支持原生 Linux，聚会功能和私密多人游戏现在仅能在以 Steam Play (Proton) 模拟模式运行《阿门罗》时使用。
UI_PLATFORM_DEPRECATE_OSX,由于在线服务提供商停止支持，MacOS 上的聚会功能和私密多人游戏已不再可用。
UI_PLAY,开始
UI_PLAYER,玩家
UI_PLAYER_ALL_JOINED,已发现所有玩家！
UI_PLAYER_AT_DAWN_EFFECT,黎明时 +{0} 金币
UI_PLAYER_AT_DUSK_EFFECT,魔法在黄昏获得平衡
UI_PLAYER_DISCONNECTED,已断开。
UI_PLAYER_JOINED,已发现玩家！
UI_PLAYER_LEFT,玩家已离开队列
UI_PLAYER_NOT_AUTHORIZED,哎呀，你未获得 Google Play 授权。你仍然可以游玩，但云存档将无法使用或同步。
UI_PLAY_AS_PERIL,以陷阱身份游戏
UI_PLAY_CARD,打出卡牌
UI_PLAY_TO_BANE,给贝恩应用
UI_PLAY_TO_HERO,给英雄应用
UI_PLAY_TO_KINGSGUARD,给国王守卫应用
UI_PLAY_TO_PERIL,给陷阱应用
UI_PLAY_TO_TILE,给地块应用
UI_PRESTIGE_LEADER,声望领先者
UI_PREVIOUS,上一步
UI_PREVIOUS_SKIN,上一个皮肤
UI_PRIVACYPOLICY,隐私政策
UI_PRIVATE,隐私
UI_PROLOGUE,序幕
UI_PURCHASE,购买
UI_PURCHASED,已购买
UI_QUESTING,任务中
UI_QUEST_CHALLENGE_BODY,体力挑战
UI_QUEST_CHALLENGE_FIGHT,战力挑战
UI_QUEST_CHALLENGE_REWARD_BODY,体力挑战奖赏
UI_QUEST_CHALLENGE_REWARD_FIGHT,战力挑战奖赏
UI_QUEST_CHALLENGE_REWARD_SPIRIT,灵力挑战奖赏
UI_QUEST_CHALLENGE_REWARD_WITS,智力挑战奖赏
UI_QUEST_CHALLENGE_SPIRIT,灵力挑战
UI_QUEST_CHALLENGE_WITS,智力挑战
UI_RANDOM,随机
UI_RANK,级别
UI_RANK_BONUS_COMMENDATION,奖状！
UI_RANK_BONUS_CONTENDER,争夺者！
UI_RANK_BONUS_LONE_WOLF,孤狼！
UI_RANK_BONUS_UNDERDOG,败犬！
UI_RANK_BONUS_WIN_STREAK,连胜！
UI_RANK_COMMEND_PLAYER,为玩家颁发奖状
UI_RANK_DEFEAT,失败
UI_RANK_HERO_DEFEATED,<hero_name> 战败！
UI_RANK_VICTORY,胜利！
UI_RANK_WAIT_FOR_COMMENDATION,等待颁发玩家奖状：{0}
UI_READY,准备就绪
UI_READY_CARD,准备卡牌
UI_READY_EXCLAMATION,准备！
UI_RECONNECT,重新连接
UI_RECONNECTING,正在重新连接……
UI_RECRUIT_FOLLOWER,招募追随者
UI_REORDER,重新排序
UI_REPORT_BUG,报告错误
UI_REPORT_SENT,已发送报告
UI_REPORT_USER,举报用户
UI_REVERT_TO_DEFAULTS,恢复为默认
UI_REVERT_TO_DEFAULTS_MOBILE,还原
UI_REWARDTRACKER_DROPSREMAIN,剩余宝箱
UI_REWARDTRACKER_ENDGAMEDROPS,终局掉落
UI_REWARDTRACKER_ENDGAMEDROPS_TIMELEFT,剩余 {0} 小时
UI_REWARDTRACKER_ENDGAMEDROPS_TIMELEFT_STEAM,重置倒计时：
UI_REWARDTRACKER_FREEITEM,免费物品！
UI_RINGS_AND_AMULETS,戒指及护身符
UI_ROUTED,溃退！
UI_SALE_LIMITEDTIME,限时优惠！
UI_SALE_PERCENT,优惠 {0}%
UI_SAVEGAME_VERSION_MISMATCH,保存的游戏无法兼容此版本的《阿门罗》。其已被清除。
UI_SEARCHING,搜索中……
UI_SEARCHING_ESTIMATED_WAIT,估计等待：{0}
UI_SEARCHING_ESTIMATED_WAIT_LONG,> {0} 分钟
UI_SEARCHING_ESTIMATED_WAIT_SHORT,<{0} 秒
UI_SEARCHING_FOR_PLAYER,正在搜索玩家……
UI_SELECT,选择
UI_SELECTING_HERO,选择英雄
UI_SELECTING_LOADOUT,选择装备
UI_SELECT_ACTION,选择动作
UI_SELECT_AMULET,选择护身符
UI_SELECT_CHARACTER,选择角色
UI_SELECT_FINALISE,完成
UI_SELECT_HERO,选择英雄
UI_SELECT_HERO_LOADOUT,编辑装备
UI_SELECT_HERO_RANDOM,随机选择英雄
UI_SELECT_KINGSDEC,选择宣言
UI_SELECT_QUEST,选择任务
UI_SELECT_RING,选择戒指
UI_SELECT_SELECT_AI,选择 AI
UI_SELECT_TILE_ATTACK,攻击
UI_SELECT_TILE_MOVE,移动到地块上
UI_SEND,发送
UI_SKIP,跳过
UI_SLOT_EMPTY,[槽位目前为空]
UI_SPIRIT_STONES,灵石
UI_START,开始
UI_START_TURN_MESSAGE,轮到<hero>
UI_STEALTH,潜行
UI_STEAM_PROFILE,Steam 简介
UI_STORE_ASK_SIGNIN_CANCEL,不
UI_STORE_ASK_SIGNIN_OK,登录
UI_STORE_ASK_SIGNIN_TEXT,"哎呀，阿门罗人！

你还没有创建账户，如果继续，所有购买内容和进度都将丢失。

你真的确定吗？"
UI_STORE_ITEMLOCKEDBYPROLOGUE,需要完成序幕的 {0} 章节来解锁购买。
UI_STORE_LOAD_GETTINGITEMS,正在加载物品……
UI_STORE_LOAD_PURCHASE,正在购买 {0}……
UI_STORE_LOAD_PURCHASEFAIL,无法购买物品。
UI_STORE_LOAD_PURCHASESUCCESS,成功！
UI_STORE_LOAD_REFRESH,正在刷新物品……
UI_STORE_LOAD_RESTORE,恢复购买中……
UI_STORE_LOAD_RESTOREFAIL,无法恢复购买记录。
UI_STORE_LOAD_RESTORESUCCESS,购买记录已恢复！
UI_STORE_LOAD_STEAMOVERLAYUNAVAILABLE,无法打开 Steam 界面。
UI_STORE_MSG_INSTORE_GENERIC_1,这个月大收获。这些都是最棒的东西。
UI_STORE_MSG_INSTORE_GENERIC_2,我的货都是正宗阿门罗货。也许吧。
UI_STORE_MSG_INSTORE_GENERIC_3,只为你提供最棒的东西，我的朋友。
UI_STORE_MSG_INSTORE_GENERIC_4,买一个还是两个？艰难的选择。
UI_STORE_MSG_INSTORE_GENERIC_5,我虽然有许多顾客，但只有一位是我最喜欢的！
UI_STORE_MSG_INSTORE_GENERIC_6,立即购买、分期付款、无利息……？
UI_STORE_MSG_INSTORE_PURCHASEDITEM_1,啊！这是一桩好买卖，我的朋友！你会喜欢的。
UI_STORE_MSG_INSTORE_PURCHASEDITEM_2,我可以安排手推车送货。
UI_STORE_MSG_INSTORE_PURCHASEDITEM_3,不提供礼品包装！全都拆封了。
UI_STORE_MSG_INSTORE_PURCHASEDITEM_4,你真聪明，朋友。非常聪明！
UI_STORE_MSG_INSTORE_PURCHASEDITEM_5,嗯……你知道自己想要什么，对吧？
UI_STORE_MSG_INSTORE_PURCHASEDITEM_6,非常好！非常好！我喜欢你！
UI_STORE_MSG_INSTORE_SELECTEDITEM_1,你可能是我最好的顾客。
UI_STORE_MSG_INSTORE_SELECTEDITEM_2,噢！那很适合你！
UI_STORE_MSG_INSTORE_SELECTEDITEM_3,除非你购买，不然不要碰这些商品。
UI_STORE_MSG_INSTORE_SELECTEDITEM_4,你弄坏了，你必须得买下！小心，小心。
UI_STORE_MSG_INSTORE_SELECTEDITEM_5,嗯……我没有剩余多少……
UI_STORE_MSG_INSTORE_SELECTEDITEM_6,你看，然后买？对，对……
UI_STORE_MSG_MENU_DISCOUNTEDITEMS_1,低价贱卖！快来看看，来看看！
UI_STORE_MSG_MENU_DISCOUNTEDITEMS_2,今天特价……以及每一天。
UI_STORE_MSG_MENU_DISCOUNTEDITEMS_3,什么？！这价格看起来很低。超低价格！
UI_STORE_MSG_MENU_GENERIC_1,快点进来吧！相信我！
UI_STORE_MSG_MENU_GENERIC_2,我有你正在找的东西。
UI_STORE_MSG_MENU_GENERIC_3,来逛逛吧，说不定会花点金币哦。
UI_STORE_MSG_MENU_GENERIC_4,全阿门罗最优惠价格！
UI_STORE_MSG_MENU_GENERIC_5,皮肤、英雄、骰子和钥匙！快来买吧！
UI_STORE_MSG_MENU_GENERIC_6,最优惠价格好收藏！*咳嗽*成交！成交！
UI_STORE_MSG_MENU_LEFTSTORE_1,请下次再来惠顾！
UI_STORE_MSG_MENU_LEFTSTORE_2,赶紧回来哦！我一直都会在！
UI_STORE_MSG_MENU_LEFTSTORE_3,我的商店一直都在营业，赶紧回来哦！
UI_STORE_MSG_MENU_LEFTSTORE_4,我就在这，进店、浏览，然后购买。
UI_STORE_MSG_MENU_LEFTSTORE_5,嘿！我需要喂养幼崽！
UI_STORE_MSG_MENU_LEFTSTORE_6,阿门罗最近的税好高啊。
UI_STORE_MSG_MENU_LEFTSTORE_7,挨饿的幼崽！快点！
UI_STORE_MSG_MENU_NEWITEMS_1,啊哈！进来看看新的物品！
UI_STORE_MSG_MENU_NEWITEMS_2,我新入手了一些商品。快来看看，来看看！
UI_STORE_MSG_MENU_NEWITEMS_3,新而精致的物品。过来看看！
UI_STORE_MSG_MENU_OWNSEVERYTHING_1,哈，我最好的朋友！
UI_STORE_MSG_MENU_OWNSEVERYTHING_2,非常棒的顾客，非常棒！
UI_STORE_MSG_MENU_OWNSEVERYTHING_3,我会为你找件特别的东西。
UI_STORE_PROMPT_FIRSTTIMEOFFER,感谢游玩《阿门罗》！我们想为你提供一份特别的新手欢迎特惠，助你开启旅程。
UI_STORE_UNLOCKEDPURCHASE,{0} 目前开放购买！
UI_STRANGER_ADVICE_BEGIN_SWAP_1,哦！这是谁？！
UI_STRANGER_ADVICE_BEGIN_SWAP_2,嗯……是另一位英雄……
UI_STRANGER_ADVICE_BEGIN_SWAP_3,也许，是时间开始新的冒险行动了吧？
UI_STRANGER_ADVICE_EQUIP_BRIBERY,金币？我喜欢金币！还有吗？我跟你一起！
UI_STRANGER_ADVICE_EQUIP_DUNGEON,你好，你是谁呀？我想我暂时得跟着你了！
UI_STRANGER_ADVICE_EQUIP_ENDTURN,他们太无聊了，介意我暂时加入你们吗？
UI_STRANGER_ADVICE_EQUIP_REPLACE_1,...借过一下！
UI_STRANGER_ADVICE_EQUIP_REPLACE_2,...我要离开这儿，你个小矮头！
UI_STRANGER_ADVICE_EQUIP_REPLACE_3,...就是你！你被解雇了！
UI_STRANGER_ADVICE_EQUIP_UNEQUIP,鬼鬼祟祟的，太鬼鬼祟祟了，但是我哪儿也不去！
UI_STRANGER_ADVICE_MISLED_1,我们这是去哪儿？哦对，这是条捷径，相信我，真的……
UI_STRANGER_ADVICE_MISLED_2,呃，那里是什么？！噢。没关系。
UI_STRANGER_ADVICE_MISLED_3,这边走，英雄！哦，对不起，就是这样。你是老大，听你的。是我的错。
UI_STRANGER_ADVICE_MISLED_4,是往这边走吗？我觉得是往这边走。
UI_STRANGER_ADVICE_MISLED_5,那边有个很棒的小——哦……不，抱歉。我有点搞混了。
UI_STRANGER_ADVICE_UNEQUIP_BRIBERY,看啊，你太棒了，但一只猫也要到有金币的地方去！
UI_STRANGER_ADVICE_UNEQUIP_ENDTURN,哇，现在这才是英雄嘛！再见啦！
UI_STRANGER_ADVICE_UNEQUIP_PALACE_BEGIN,走开，你这个邪恶的生物！
UI_STRANGER_ADVICE_UNEQUIP_PALACE_END,什么？！迎接老朋友，可不能用这种方式啊！
UI_SYSTEM_REQUIREMENTS_BELOW_MINIMUM,这台计算机不符合《阿门罗》的最低系统要求。请注意，你可能遭遇技术故障。
UI_SYSTEM_REQUIREMENTS_BELOW_RECOMMENDED,这台计算机不符合《阿门罗》的推荐系统要求。请注意，你的体验质量可能受到影响。
UI_TAP_TO_CLOSE,轻击关闭
UI_TAP_TO_CONTINUE,点击以继续
UI_TERMSOFSERVICE,服务条款
UI_TICK,✔
UI_TIME_REMAINING,剩余时间： {0}
UI_TRAILER_INTRO_TEXT,伟大的英雄们承担着旅途上的重任，他们不是用肩膀承担，而是用心。
UI_UNNAMED_PLAYER,未命名玩家
UI_UNREADY,取消准备
UI_WAITING_FOR_READY,等待玩家准备就绪……
UI_WANTED,通缉中！
UI_XP,经验值
UI_YEAH,太好了！
UI_YOU,你
UNLOCKCONDITION_CLAN_GAMESCOMPLETED,使用 <clan>族英雄完成 <unlock_count> 场游戏
UNLOCKCONDITION_CLAN_GAMESWON,为 <clan>族赢得 <unlock_count> 场游戏
UNLOCKCONDITION_DEFAULT,默认解锁
UNLOCKCONDITION_DLC,通过可下载内容解锁
UNLOCKCONDITION_GAMESCOMPLETED,完成 <unlock_count> 场阿门罗游戏
UNLOCKCONDITION_HERO_LEVEL,用 <hero> 达到英雄精通 <unlock_count> 级
UNLOCKCONDITION_HISTORICAL,达成历史条件后解锁
UNLOCKCONDITION_RANK,玩家等级达到 <unlock_count>
UNLOCKCONDITION_TOTALFINISHPUBLIC,完成阿门罗中的 <unlock_count> 场公开多人游戏
UNLOCKCONDITION_TOTALWINPUBLIC,在阿门罗中赢得 <unlock_count> 场公开多人游戏
UNLOCKCONDITION_UNIQUECLAN_WINSWITHROT,与 <requirement_count> 个不同部族完成一次腐化胜利
UNLOCKCONDITION_UNIQUECLAN_WINSWITHSPIRITSTONES,与 <requirement_count> 个不同部族完成一次灵石胜利
UNLOCKCONDITION_UNIQUEHEROINCLAN_LEVEL,用 <requirement_count> 名独特的 <clan> 种族英雄达到英雄精通 <unlock_count> 级
UNLOCKCONDITION_UNIQUEHERO_GAMESCOMPLETED,与 <requirement_count> 名不同英雄完成一局阿门罗游戏
UNLOCKCONDITION_UNIQUEHERO_WINSWITHPRESTIGE,与 <requirement_count> 名不同英雄完成一次声望胜利
UNLOCKCONDITION_UNIQUEHERO_WINSWITHROT,与 <requirement_count> 名不同英雄完成一次腐化胜利
UNLOCKCONDITION_WINSWITHCOMBAT,以弑君者胜利完成 <unlock_count> 局游戏
UNLOCKCONDITION_WINSWITHPRESTIGE,以声望胜利完成 <unlock_count> 局游戏
UNLOCKCONDITION_WINSWITHROT,以腐化胜利完成 <unlock_count> 局游戏
UNLOCKCONDITION_WINSWITHSPIRITSTONES,以灵石胜利完成 <unlock_count> 局游戏
VALIDATIONCODE_CANTAFFORDCARD,买不起卡牌
VALIDATIONCODE_CARDEQUIPPABLE,必须装备到库存
VALIDATIONCODE_CARDEQUIPPABLEWRONGPLAYER,必须装备到你的库存
VALIDATIONCODE_CARDFOLLOWER,必须招募到队伍
VALIDATIONCODE_CARDFOLLOWERWRONGPLAYER,必须招募到你的队伍
VALIDATIONCODE_CARDNOTEQUIPPABLE,卡牌不可装备
VALIDATIONCODE_CARDNOTFOLLOWER,卡牌不是一个随从
VALIDATIONCODE_CARDNOTINRANGE,超出范围
VALIDATIONCODE_CHOOSINGKINGSDEC,国王宣告期间无法出牌
VALIDATIONCODE_CLINGY,随从太黏人
VALIDATIONCODE_DISABLEDFORPROLOGUE,序章中禁用
VALIDATIONCODE_INPUTDISABLED,输入被禁用
VALIDATIONCODE_ISOTHERHEROESCLANCASTLE,不能对敌方部族领地出牌
VALIDATIONCODE_ISTARGETSTURN,不能在目标回合出牌
VALIDATIONCODE_LOCALPLAYERINCLANGROUNDS,不能从部族领地出牌
VALIDATIONCODE_NOTVALIDCARDTARGET,不能在这里出牌
VALIDATIONCODE_OCCUPYINGTARGETCANNOTBEPLAYEDON,目标正忙
VALIDATIONCODE_OUTOFBOUNDS,出界
VALIDATIONCODE_TERRORIZEDSETTLEMENT,不能对被恐吓的聚落出牌
VALIDATIONCODE_TILEALREADYHASPENDINGENCOUNTER,地块已经有商人
VALIDATIONCODE_TILEALREADYHASPERIL,地块已经有陷阱
VALIDATIONCODE_TILEINCOMBAT,战斗进行中
VALIDATIONCODE_WAITFORNETWORK,正在等待……
VICTORY_SCREEN_ACCOLADES,荣誉
VICTORY_SCREEN_CORRUPTION,腐化胜利！
VICTORY_SCREEN_EXPSOURCE_BASE,+{0} 经验值 游戏完成！
VICTORY_SCREEN_EXPSOURCE_MP,+{0} XP 多人!
VICTORY_SCREEN_EXPSOURCE_MPWIN,+{0} XP 多人游戏胜利！
VICTORY_SCREEN_KINGSLAYER,战斗胜利！
VICTORY_SCREEN_MAIN_MENU,主菜单
VICTORY_SCREEN_PLAYER_DEFEAT,失败
VICTORY_SCREEN_PLAYER_VICTORY,胜利
VICTORY_SCREEN_PRESTIGE,声望胜利！
VICTORY_SCREEN_SHARE_TITLE,我的阿门罗对局！
VICTORY_SCREEN_SHOW_ACCOLADES,荣誉
VICTORY_SCREEN_SPIRIT_STONES,灵石胜利！
VICTORY_SCREEN_UNDEFINED_TYPE,未定义的胜利类型。
VICTORY_SCREEN_UNLOCKS_AMULET_TITLE,护身符
VICTORY_SCREEN_UNLOCKS_ERROR,解锁道具时服务器出错。不用担心，你的进度已保存，道具不久将被添加至你的库存！
VICTORY_SCREEN_UNLOCKS_ERROR_HERO,未解锁英雄的进度已保留，解锁该英雄后将获得等级奖励。
VICTORY_SCREEN_UNLOCKS_ERROR_OFFLINE,无法连接至服务器 - 将无法获得经验。
VICTORY_SCREEN_UNLOCKS_PROGRESSION_WARNING,因启用自定义规则，进度功能已禁用
VICTORY_SCREEN_UNLOCKS_SIGNET_TITLE,印章戒指
VICTORY_SCREEN_UNLOCKS_TITLE,解锁
VICTORY_SCREEN_WINSWITHCLAN,赢得<clan>部族胜利
VICTORY_SCREEN_WINSWITHCOMBAT,赢得战斗胜利
VICTORY_SCREEN_WINSWITHPRESTIGE,赢得声望胜利
VICTORY_SCREEN_WINSWITHROT,赢得腐化胜利
VICTORY_SCREEN_WINSWITHSPIRITSTONES,赢得灵石胜利
VSYNCMODE_EVERYSECONDVBLANK,每第 2 个 VBlank
VSYNCMODE_EVERYVBLANK,每个 VBlank
VSYNCMODE_OFF,关闭
WOLFCLAN_NAME,狼族
