ID,TraditionalChinese
ACCOLADE_ALLQUESTSCOMPLETED,旅行者
ACCOLADE_COOPERATIVECARDSPLAYEDMORETHANTWICE,外交官
ACCOLADE_EQUIPPEDTHREEORMOREFOLLOWERS,社交名流
ACCOLADE_EQUIPPEDTHREEORMORETREASURES,收藏家
ACCOLADE_LEASTGOLDSPENT,儉約者
ACCOLADE_MORETHAN4SETTLEMENTSHELDATANYPOINT,大地主
ACCOLADE_MOSTAPSPENTINSTEALTH,潛伏暗影
ACCOLADE_MOSTBANESKILLEDINCOMBAT,制霸者
ACCOLADE_MOSTDEATHS,烈士
ACCOLADE_MOSTGOLDEARNED,金手指
ACCOLADE_MOSTHEROESKILLEDINCOMBAT,破壞者
ACCOLADE_MOSTKINGSGUARDSKILLEDINCOMBAT,惡名昭彰
ACCOLADE_MOSTROTGAINED,先兆者
ACCOLADE_MOSTROTGAINEDFROMSPELLS,亡靈法師
ACCOLADE_MOSTROTGIVENTOOTHERS,墮落者
ACCOLADE_MOSTSETTLEMENTSCAPTURED,征服者
ACCOLADE_MOSTSPELLKILLS,術士
ACCOLADE_MOSTSPELLPERILSPLAYED,巫師
ACCOLADE_MOSTTILESWALKEDACROSS,漫遊者
ACCOLADE_MOSTTRICKERYKILLS,刺客
ACCOLADE_MOSTTRICKERYPERILSPLAYED,戰略家
ACCOLADE_MOSTWOUNDSHEALED,治癒者
ACCOLADE_NOHEROKILLS,和平主義者
ACCOLADE_NONE,無名小卒
ACCOLADE_NOSPELLSCAST,賤民
ACCOLADE_NOTRICKERYCARDSPLAYED,正統主義者
ACCOLADE_SQUIRE_1,侍從
ACCOLADE_SQUIRE_2,小蝦米
ACCOLADE_ZERODEATHS,不死傳奇
ACH_100_001_DESCRIPTION,完成「愛門羅」的序幕。
ACH_100_001_TITLE,很久很久以前……
ACH_100_002_DESCRIPTION,使用狼族的森贏得一次勝利。
ACH_100_002_TITLE,冬狼
ACH_100_003_DESCRIPTION,使用熊族的薩娜贏得一次勝利。
ACH_100_003_TITLE,森林姊妹
ACH_100_004_DESCRIPTION,使用兔族的安柏贏得一次勝利。
ACH_100_004_TITLE,遠征者
ACH_100_005_DESCRIPTION,使用鼠族的墨可利歐贏得一次勝利。
ACH_100_005_TITLE,笑刀
ACH_100_006_DESCRIPTION,使用狼族的里弗贏得一次勝利。
ACH_100_006_TITLE,嚎叫之箭
ACH_100_007_DESCRIPTION,使用熊族的布朗贏得一次勝利。
ACH_100_007_TITLE,橡樹破壞者
ACH_100_008_DESCRIPTION,使用兔族的巴納比贏得一次勝利。
ACH_100_008_TITLE,怪咖
ACH_100_009_DESCRIPTION,使用鼠族的佐莎贏得一次勝利。
ACH_100_009_TITLE,耳語者
ACH_100_010_DESCRIPTION,贏得一次弒君者勝利。
ACH_100_010_TITLE,弒君者
ACH_100_011_DESCRIPTION,贏得一次威望勝利
ACH_100_011_TITLE,皇室管家
ACH_100_012_DESCRIPTION,贏得一次汙穢勝利。
ACH_100_012_TITLE,黑暗之心
ACH_100_013_DESCRIPTION,贏得一次心靈石勝利。
ACH_100_013_TITLE,心靈行者
ACH_100_014_DESCRIPTION,在一場戰鬥中不受任何傷害擊殺國王。
ACH_100_014_TITLE,堅毅弒君
ACH_100_015_DESCRIPTION,途中不死亡而贏得一次「愛門羅」遊戲。
ACH_100_015_TITLE,戰爭藝術
ACH_100_016_DESCRIPTION,在第9個白天或之後贏得一次威望勝利。
ACH_100_016_TITLE,消耗戰
ACH_100_017_DESCRIPTION,作為威望首領，攻擊國王。
ACH_100_017_TITLE,東郭之狼
ACH_100_018_DESCRIPTION,不擊殺其他英雄而贏得一次「愛門羅」遊戲。
ACH_100_018_TITLE,外交官
ACH_100_019_DESCRIPTION,單次戰鬥中，以森的英雄能力穿透 3 面盾牌。
ACH_100_019_TITLE,狼族領袖
ACH_100_020_DESCRIPTION,以薩娜的英雄能力擊敗一名腐化的英雄。
ACH_100_020_TITLE,自然之力
ACH_100_021_DESCRIPTION,扮演安柏時，裝備 3 件寶藏並招募 3 名隨從。
ACH_100_021_TITLE,前呼後擁
ACH_100_022_DESCRIPTION,使用墨可利歐的英雄能力偷取其他英雄的最後一枚金幣。
ACH_100_022_TITLE,錙銖必較
ACH_100_023_DESCRIPTION,在布朗的英雄能力生效時殲滅其他英雄。
ACH_100_023_TITLE,遠古之怒
ACH_100_024_DESCRIPTION,使用里弗的英雄能力在1回合內取得3個擊殺。
ACH_100_024_TITLE,淚流成河
ACH_100_025_DESCRIPTION,作為巴納比，裝備 3 件道具並持有滿手的道具卡牌。
ACH_100_025_TITLE,全副武裝
ACH_100_026_DESCRIPTION,使用佐莎完成一次遊戲，並且從未在黑夜裡被發現過。
ACH_100_026_TITLE,無跡可尋
ACH_100_027_DESCRIPTION,同時裝備密探的窺遠鏡與老船夫的提燈。
ACH_100_027_TITLE,全視之眼
ACH_100_028_DESCRIPTION,在戰鬥中，從道具獲得 6 面以上的盾牌。
ACH_100_028_TITLE,堅不可摧
ACH_100_029_DESCRIPTION,單次遊戲中，在裝備皇室赦令的情況下殺死 3 名國王的守衛。
ACH_100_029_TITLE,外交豁免
ACH_100_030_DESCRIPTION,單次遊戲中，從地牢中找到並裝備三件寶藏。
ACH_100_030_TITLE,印瓜安納·瓊斯
ACH_100_031_DESCRIPTION,治療 1 隻魔鴆。
ACH_100_031_TITLE,幫敵牌OK繃
ACH_100_032_DESCRIPTION,在戰鬥中使用冰鑒斗篷偷取國王的王冠。
ACH_100_032_TITLE,新鮮王子
ACH_100_033_DESCRIPTION,對 1 名站在王宮格子內的英雄施放閃電雷擊。
ACH_100_033_TITLE,雷電穹頂
ACH_100_034_DESCRIPTION,單次遊戲中，擊殺同一英雄 5 次。
ACH_100_034_TITLE,超凶霸凌
ACH_100_035_DESCRIPTION,單次遊戲中，在探索地牢時找到 2 個傳送門。
ACH_100_035_TITLE,狡兔三窟
ACH_100_036_DESCRIPTION,一回合內，擊殺一名與你締結同盟條約的英雄，並奪取他們的一個村落。
ACH_100_036_TITLE,權謀家
ACH_100_037_DESCRIPTION,單次遊戲中，度過 10 次危機。
ACH_100_037_TITLE,草根英雄
ACH_100_038_DESCRIPTION,在單次遊戲中，從被腐化的狀態起，直到讓自己的汙穢降為 0。
ACH_100_038_TITLE,浪子回頭
ACH_100_039_DESCRIPTION,在沒有任何裝備及隨從的情況下，於戰鬥中擊殺一名英雄。
ACH_100_039_TITLE,赤手空拳
ACH_100_040_DESCRIPTION,在單次遊戲中，在探索地牢時找到超過 10 枚金幣。
ACH_100_040_TITLE,淘金客
ACH_100_041_DESCRIPTION,第五天黎明之前突破王宮。
ACH_100_041_TITLE,攻城專家
ACH_100_042_DESCRIPTION,在單次遊戲中，汙穢達到 13 點以上。
ACH_100_042_TITLE,蠕蟲使者
ACH_100_043_DESCRIPTION,單場遊戲中，把一名失去的隨從重新招募回你的隊伍裡。
ACH_100_043_TITLE,狐猴尼遜 即刻救援
ACH_100_044_DESCRIPTION,在被懸賞的同一回合對自己使用緩刑。
ACH_100_044_TITLE,無效審判
ACH_100_045_DESCRIPTION,單次遊戲中擊敗4名以上國王的守衛。
ACH_100_045_TITLE,吾即是法律
ACH_100_046_DESCRIPTION,收到一個神秘的選擇。
ACH_100_046_TITLE,力量之環
ACH_100_047_DESCRIPTION,被一些麻煩的小傢伙騙進了陷阱。
ACH_100_047_TITLE,地牢交易
ACH_100_048_DESCRIPTION,在一片森林中受到了難以抵擋的誘惑。
ACH_100_048_TITLE,黑暗誘惑
ACH_100_049_DESCRIPTION,獲得了愛門羅境內最優質的服務。
ACH_100_049_TITLE,一天一蘋果
ACH_100_050_DESCRIPTION,成為 50 次愛門羅的國王或女王。
ACH_100_050_TITLE,……從此過著幸福快樂的日子
ACH_PS4_PLAT_DESCRIPTION,獲得其它所有獎牌。
ACH_PS4_PLAT_TITLE,……從此幸福地生活著
ACT1_00_OPENINGSEQUENCE_PROLOGUEADVISORSEQUENCEELEMENTS_0_ADVICE_TEXT,哈囉！森！你好啊！狼穴教母是否跟你提過關於我的事了？她有嗎？我就知道她一定有！我已看過她寫的信了，那我們出發吧！喔耶！
ACT1_00_QUESTSPAWNEDSEQUENCE_CHANGEMETAADVICESEQUENCEELEMENTS_0_ADVICE_CUSTOMTOUCHTEXT,點擊相鄰的格子，讓森移動到<quest_tile>。
ACT1_00_QUESTSPAWNEDSEQUENCE_CHANGEMETAADVICESEQUENCEELEMENTS_0_ADVICE_TEXT,選擇相鄰的格子，讓森移動到<quest_tile>。
ACT1_00_QUESTSPAWNEDSEQUENCE_FOCUSADVICESEQUENCEELEMENTS_0_PROMPT_TEXT,這裡是行動點數 ( AP )。每回合你有 3 點。\n使用它們來在格子之間移動。
ACT1_00_QUESTSPAWNEDSEQUENCE_FOCUSADVICESEQUENCEELEMENTS_1_PROMPT_TEXT,你的第一個任務位於<quest_tile>。\n一格一格移動過去吧。
ACT1_00_QUESTSPAWNEDSEQUENCE_FOCUSADVICESEQUENCEELEMENTS_2_PROMPT_TEXT,試著在 2 回合內到達<quest_tile>。
ACT1_00_QUESTSPAWNEDSEQUENCE_PROLOGUEADVISORSEQUENCEELEMENTS_0_ADVICE_TEXT,<quest_tile>位於西北方向，是一個漂亮的小鎮！這次旅行一定會很棒！
ACT1_01_FIRSTPLAINSSEQUENCE_FOCUSADVICESEQUENCEELEMENTS_0_PROMPT_TEXT,山地需要消耗 2 行動點數才能進入，\n但山地中可以獲得額外的防禦加成。
ACT1_01_FIRSTPLAINSSEQUENCE_PROLOGUEADVISORSEQUENCEELEMENTS_0_ADVICE_TEXT,哇啊！看看那些山！我是說我曾經見過一些更大的山，但是～哇噢！要翻過這些山得要花上好幾年吧！
ACT1_02_DEPLETEACTIONPOINTSSEQUENCE_FOCUSADVICESEQUENCEELEMENTS_0_PROMPT_CUSTOMCONTROLLERTEXT,這是結束回合按鈕。點擊並按住來隨時結束你的回合。
ACT1_02_DEPLETEACTIONPOINTSSEQUENCE_FOCUSADVICESEQUENCEELEMENTS_0_PROMPT_CUSTOMTOUCHTEXT,這是結束回合按鈕。點擊並按住來隨時結束你的回合。
ACT1_02_DEPLETEACTIONPOINTSSEQUENCE_FOCUSADVICESEQUENCEELEMENTS_0_PROMPT_TEXT,這是結束回合按鈕。\n你隨時可以結束你的回合。
ACT1_02_DEPLETEACTIONPOINTSSEQUENCE_PROLOGUEADVISORSEQUENCEELEMENTS_0_ADVICE_TEXT,我們可以停下來休息了嗎？我的腳好痛啊。
ACT1_03_STARTSECONDTURNSEQUENCE_FOCUSADVICESEQUENCEELEMENTS_0_PROMPT_TEXT,這裡是你的體力。它表示你的最大生命值。
ACT1_03_STARTSECONDTURNSEQUENCE_FOCUSADVICESEQUENCEELEMENTS_1_PROMPT_TEXT,如果你失去了全部生命值，你就會死亡，\n並且被送回你的部族屬地。
ACT1_04_QUESTDESCRIPTIONSEQUENCE_FOCUSADVICESEQUENCEELEMENTS_0_PROMPT_TEXT,恭喜，你已來到了第一個任務地點！
ACT1_04_QUESTDESCRIPTIONSEQUENCE_FOCUSADVICESEQUENCEELEMENTS_1_PROMPT_TEXT,在任務中，你可以選擇挑戰選項來贏得額外獎勵；或是採用安全保險的方法完成它。
ACT1_04_QUESTRESOLUTIONSEQUENCE_FOCUSADVICESEQUENCEELEMENTS_0_PROMPT_TEXT,成功了！你的額外獎勵是一名隨從。
ACT1_04_QUESTRESOLUTIONSEQUENCE_FOCUSADVICESEQUENCEELEMENTS_1_PROMPT_TEXT,你還會獲得體力值 +1。
ACT1_04_QUESTRESOLUTIONSEQUENCE_FOCUSADVICESEQUENCEELEMENTS_2_PROMPT_TEXT,以及威望 +1。
ACT1_04_QUESTTESTACTIONSEQUENCE_FOCUSADVICESEQUENCEELEMENTS_10_PROMPT_TEXT,這是安全選項。
ACT1_04_QUESTTESTACTIONSEQUENCE_FOCUSADVICESEQUENCEELEMENTS_1_PROMPT_TEXT,這個任務的挑戰選項會檢測你的體力值。
ACT1_04_QUESTTESTACTIONSEQUENCE_FOCUSADVICESEQUENCEELEMENTS_2_PROMPT_TEXT,完成體力類型任務後會獲得體力值 +1。
ACT1_04_QUESTTESTACTIONSEQUENCE_FOCUSADVICESEQUENCEELEMENTS_3_PROMPT_TEXT,完成任務還能使英雄的聲名在王國四處流傳，獎勵英雄威望 +1。
ACT1_04_QUESTTESTACTIONSEQUENCE_FOCUSADVICESEQUENCEELEMENTS_4_PROMPT_TEXT,你成功的機率由你被檢測的屬性決定，\n該項屬性值每多 1 點，就提升 10% 成功率。
ACT1_04_QUESTTESTACTIONSEQUENCE_FOCUSADVICESEQUENCEELEMENTS_5_PROMPT_TEXT,失敗的懲罰是生命值 -2。
ACT1_04_QUESTTESTACTIONSEQUENCE_FOCUSADVICESEQUENCEELEMENTS_6_PROMPT_TEXT,讓我們選擇挑戰選項，試著贏得『侍從』吧。
ACT1_04_QUESTTESTACTIONSEQUENCE_FOCUSADVICESEQUENCEELEMENTS_7_PROMPT_TEXT,如果你成功完成了挑戰選項，\n你將會贏得額外獎勵。
ACT1_04_QUESTTESTACTIONSEQUENCE_FOCUSADVICESEQUENCEELEMENTS_8_PROMPT_TEXT,這是挑戰選項。
ACT1_04_QUESTTESTTOKENFLIPSEQUENCE_FOCUSADVICESEQUENCEELEMENTS_0_PROMPT_CUSTOMCONTROLLERTEXT,選擇其中一個任務記號，\n來查看你是否有成功完成。
ACT1_04_QUESTTESTTOKENFLIPSEQUENCE_FOCUSADVICESEQUENCEELEMENTS_0_PROMPT_TEXT,點擊其中一個任務記號，\n來查看你是否有成功完成。
ACT1_04_QUESTTESTTOKENSEQUENCE_FOCUSADVICESEQUENCEELEMENTS_0_PROMPT_TEXT,這是你贏得獎勵的機率。
ACT1_04_QUESTTESTTOKENSEQUENCE_FOCUSADVICESEQUENCEELEMENTS_1_PROMPT_TEXT,這是你失敗的機率。
ACT1_05_COMPLETESETTLEMENTQUESTSEQUENCE_CHANGEMETAADVICESEQUENCEELEMENTS_0_ADVICE_TEXT,結束回合。
ACT1_05_COMPLETESETTLEMENTQUESTSEQUENCE_FOCUSADVICESEQUENCEELEMENTS_0_PROMPT_TEXT,把『侍從』拖進一個隊伍欄位來招募他。
ACT1_05_COMPLETESETTLEMENTQUESTSEQUENCE_FOCUSADVICESEQUENCEELEMENTS_2_PROMPT_CUSTOMCONTROLLERTEXT,打開英雄面板，切換到配置面板。
ACT1_05_COMPLETESETTLEMENTQUESTSEQUENCE_FOCUSADVICESEQUENCEELEMENTS_2_PROMPT_TEXT,點擊這裡打開你的配置面板。
ACT1_05_COMPLETESETTLEMENTQUESTSEQUENCE_PROLOGUEADVISORSEQUENCEELEMENTS_0_ADVICE_TEXT,要是你能夠早點來就好了！那個怪物趁著我們正在等你的時候攻擊了我們！而且他還把我的主人給殺死了！
ACT1_05_COMPLETESETTLEMENTQUESTSEQUENCE_PROLOGUEADVISORSEQUENCEELEMENTS_1_ADVICE_TEXT,不管了。那你需要侍從嗎？
ACT1_05_COMPLETESETTLEMENTQUESTSEQUENCE_PROLOGUEADVISORSEQUENCEELEMENTS_2_ADVICE_TEXT,這傢伙可能會有用處，森。
ACT1_05_COMPLETESETTLEMENTQUESTSEQUENCE_PROLOGUEADVISORSEQUENCEELEMENTS_3_ADVICE_TEXT,我有一位新的主人啦！我會追隨你，直到天涯海角！
ACT1_05_COMPLETESETTLEMENTQUESTSEQUENCE_PROLOGUEADVISORSEQUENCEELEMENTS_4_ADVICE_TEXT,但是現在得先小睡一會兒，我需要睡上一覺。
ACT1_05_COMPLETESETTLEMENTQUESTSEQUENCE_PROLOGUEADVISORSEQUENCEELEMENTS_5_ADVICE_TEXT,而且我的腳仍然在痛著。
ACT1_05_COMPLETESETTLEMENTQUESTSEQUENCE_PROLOGUEADVISORSEQUENCEELEMENTS_6_ADVICE_TEXT,不幸啊！悲慘啊！嗚嗚咽咽 … 我之後該怎麼辦啊？
ACT1_06_DAY2STARTSEQUENCE_FOCUSADVICESEQUENCEELEMENTS_0_PROMPT_TEXT,在愛門羅，回合是以\n日夜循環往復的。
ACT1_06_DAY2STARTSEQUENCE_FOCUSADVICESEQUENCEELEMENTS_1_PROMPT_TEXT,這是你的金幣，可用來使用道具和詭術卡牌。
ACT1_06_DAY2STARTSEQUENCE_FOCUSADVICESEQUENCEELEMENTS_2_PROMPT_TEXT,每逢黎明你都能從部族和村落獲得金幣收入。
ACT1_06_DAY2STARTSEQUENCE_SETCUSTOMCITIZENSEQUENCEELEMENTS_0_QUESTDESCRIPTION_TEXT,讓我們繼續前進。你應該讀一下你獲得的日誌。
ACT1_10_STARTCOMBATCOMMSSEQUENCE_FOCUSADVICESEQUENCEELEMENTS_0_PROMPT_TEXT,記得怎麼戰鬥嗎？\n每一個點數在戰鬥中都能變成一顆骰子。
ACT1_11_SHOWFIGHTDICESEQUENCE_FOCUSADVICESEQUENCEELEMENTS_0_PROMPT_TEXT,愛門羅的骰子具有 6 種獨特的符號。
ACT1_11_SHOWFIGHTDICESEQUENCE_FOCUSADVICESEQUENCEELEMENTS_1_PROMPT_TEXT,劍代表攻擊一次。
ACT1_11_SHOWFIGHTDICESEQUENCE_FOCUSADVICESEQUENCEELEMENTS_2_PROMPT_TEXT,盾牌代表防禦一次。
ACT1_11_SHOWFIGHTDICESEQUENCE_FOCUSADVICESEQUENCEELEMENTS_3_PROMPT_TEXT,太陽在白天代表攻擊，在黑夜則代表未命中 …
ACT1_11_SHOWFIGHTDICESEQUENCE_FOCUSADVICESEQUENCEELEMENTS_4_PROMPT_TEXT,懷爾德代表著一次攻擊，然後爆炸！\n獲得一個額外的擲骰機會。
ACT1_11_SHOWFIGHTDICESEQUENCE_FOCUSADVICESEQUENCEELEMENTS_5_PROMPT_TEXT,最後，汙穢代表著未命中。
ACT1_11_SHOWFIGHTDICESEQUENCE_FOCUSADVICESEQUENCEELEMENTS_6_PROMPT_TEXT,這裡是你對手的屬性，\n它們的效果和你的屬性相同。
ACT1_11_SHOWFIGHTDICESEQUENCE_FOCUSADVICESEQUENCEELEMENTS_7_PROMPT_TEXT,而月亮正好相反。\n在黑夜是攻擊，在白天則是未命中。
ACT1_12_CARDCOMMSFOL06SEQUENCE_FOCUSADVICESEQUENCEELEMENTS_0_PROMPT_TEXT,如果你在戰鬥中被擊殺，侍從就會好心地為你擋下致命一擊。
ACT1_12_CARDCOMMSITM11SEQUENCE_FOCUSADVICESEQUENCEELEMENTS_0_PROMPT_TEXT,『堅固的盾牌』能在戰鬥中賦予你盾牌 +1，\n這將保護森抵擋一次敵方攻擊。
ACT1_12_CARDCOMMSITM12SEQUENCE_FOCUSADVICESEQUENCEELEMENTS_0_PROMPT_TEXT,『彪炳的鋼劍』使你戰鬥中獲得劍 +1。
ACT1_12_CARDCOMMSITM16SEQUENCE_FOCUSADVICESEQUENCEELEMENTS_0_PROMPT_TEXT,『戰鬥砍斧』則加一顆骰子到你的骰子池。\n這一擊不能保證命中，但總比沒有的好！
ACT1_12_CARDCOMMSITM23SEQUENCE_FOCUSADVICESEQUENCEELEMENTS_0_PROMPT_TEXT,國王的守衛手持『野兔戰戟』，\n那將減少他們的對手的戰鬥骰子。
ACT1_12_CARDCOMMSITM27SEQUENCE_FOCUSADVICESEQUENCEELEMENTS_0_PROMPT_TEXT,橡樹之矛是一件防禦型武器。由於你在這場戰鬥中是防守方，它能保證你獲得劍 +2！
ACT1_12_GENERALCOMBATCOMMSSEQUENCE_FOCUSADVICESEQUENCEELEMENTS_0_PROMPT_TEXT,當戰鬥一開始，參戰雙方的骰子會暫時鎖定，並逐個展示各自相關的能力、隨從與裝備。
ACT1_12_LOADOUTCOMMSCLN_DAYSEQUENCE_FOCUSADVICESEQUENCEELEMENTS_0_PROMPT_TEXT,國王的守衛非常擅長在白天作戰，並且在太陽標誌下額外獲得骰子數 +1。而與其相對的，狼族更擅長在黑夜作戰。
ACT1_12_LOADOUTCOMMSCLN_NIGHTSEQUENCE_FOCUSADVICESEQUENCEELEMENTS_0_PROMPT_TEXT,狼族的特性是在夜間作戰。\n他們在夜間面對挑戰時可得到骰子數 +1。
ACT1_12_STARTBURNDOWNTIMERSEQUENCE_FOCUSADVICESEQUENCEELEMENTS_0_PROMPT_TEXT,現在擲骰子吧。
ACT1_14_KINGSGUARDDIESSEQUENCE_PROLOGUEADVISORSEQUENCEELEMENTS_0_ADVICE_TEXT,我們中埋伏了！
ACT1_14_SECONDSTARTBURNDOWNTIMERSEQUENCE_FOCUSADVICESEQUENCEELEMENTS_0_PROMPT_TEXT,現在擲骰子吧。
ACT1_15_COMPLETESEQUENCE_PROLOGUEADVISORSEQUENCEELEMENTS_0_ADVICE_TEXT,他們在追我們！他們得到了命令說我們是叛國者，這是陷阱！一定是鼠族在背後搞鬼！
ACT1_19_COMPLETESEQUENCE_PROLOGUEADVISORSEQUENCEELEMENTS_0_ADVICE_TEXT,這下可不妙！你看到了嗎？我們被懸賞了！國王的守衛會追殺我們的。
ACT1_19_COMPLETESEQUENCE_PROLOGUEADVISORSEQUENCEELEMENTS_1_ADVICE_TEXT,我們必須趕快想點辦法。
ACT1_5_QUESTDESCRIPTIONSEQUENCE_FOCUSADVICESEQUENCEELEMENTS_0_PROMPT_TEXT,恭喜，你已來到了第一個任務地點！
ACT1_6_STARTFIRSTCARDDRAWSEQUENCE_FOCUSADVICESEQUENCEELEMENTS_0_PROMPT_TEXT,這裡是你的智力。\n它決定了你手中能持有多少卡牌。
ACT1_6_STARTRUMOURSELECTIONSEQUENCE_FOCUSADVICESEQUENCEELEMENTS_0_PROMPT_TEXT,愛門羅的居民們能為你提供傳聞。\n通常你能在多條傳聞中進行選擇。
ACT1_6_STARTRUMOURSELECTIONSEQUENCE_FOCUSADVICESEQUENCEELEMENTS_1_PROMPT_TEXT,這條傳聞將引導你完成一個任務，\n任務獎勵為一個寶藏（巫毒娃娃）。
ACT1_6_STARTRUMOURSELECTIONSEQUENCE_FOCUSADVICESEQUENCEELEMENTS_2_PROMPT_TEXT,這個任務將測試你的戰力。
ACT1_6_STARTRUMOURSELECTIONSEQUENCE_FOCUSADVICESEQUENCEELEMENTS_3_PROMPT_TEXT,這裡是你的戰力，它代表著你的戰鬥技術！
ACT1_6_STARTTHIRDTURNSEQUENCE_CHANGEMETAADVICESEQUENCEELEMENTS_0_ADVICE_TEXT,前往你的下一個任務。
ACT1_6_STARTTHIRDTURNSEQUENCE_FOCUSADVICESEQUENCEELEMENTS_0_PROMPT_CUSTOMCONTROLLERTEXT,你還可以通過在手牌中點亮道具和隨從使它們完成準備，從而裝備道具或招募隨從。
ACT1_6_STARTTHIRDTURNSEQUENCE_FOCUSADVICESEQUENCEELEMENTS_0_PROMPT_TEXT,你也能裝備道具或招募隨從 ── 藉由從手牌中拖曳它們放入自動打開的配置面板中。
ACT1_6_STARTTHIRDTURNSEQUENCE_PROLOGUEADVISORSEQUENCEELEMENTS_0_ADVICE_TEXT,非常好！我們出發吧。今天要穿越沼澤地，步行艱難。我們可能會受點小傷。
ACT1_6_STARTTHIRDTURNSEQUENCE_PROLOGUEADVISORSEQUENCEELEMENTS_1_ADVICE_TEXT,我們應該要裝備上劍和盾，它們一定派得上用場！
ACT1_6_STARTTHIRDTURNSEQUENCE_PROLOGUEADVISORSEQUENCEELEMENTS_2_ADVICE_TEXT,閣下？我收集了一些前主人的補給用品。我確信他必定會願意讓你擁有它們。
ACT1_6_STARTTHIRDTURNSEQUENCE_PROLOGUEADVISORSEQUENCEELEMENTS_3_ADVICE_TEXT,只要價錢合適的話……
ACT1_7_COMPLETESTONECIRCLEQUESTSEQUENCE_CHANGEMETAADVICESEQUENCEELEMENTS_0_ADVICE_TEXT,結束回合。
ACT1_7_COMPLETESTONECIRCLEQUESTSEQUENCE_PROLOGUEADVISORSEQUENCEELEMENTS_0_ADVICE_TEXT,他逃跑了！而且他還順手就搶走了巫毒娃娃！
ACT1_7_COMPLETESTONECIRCLEQUESTSEQUENCE_PROLOGUEADVISORSEQUENCEELEMENTS_1_ADVICE_TEXT,老實說，我倒是很高興我們沒拿到巫毒娃娃。我可不想和汙穢扯上關係。
ACT1_7_COMPLETESTONECIRCLEQUESTSEQUENCE_PROLOGUEADVISORSEQUENCEELEMENTS_2_ADVICE_TEXT,讓我們先紮營吧，我們可以明天再試著追蹤他。
ACT1_7_QUESTDEFAULTACTIONSEQUENCE_FOCUSADVICESEQUENCEELEMENTS_0_PROMPT_TEXT,記住，這是任務中的安全選項。
ACT1_7_QUESTDEFAULTACTIONSEQUENCE_FOCUSADVICESEQUENCEELEMENTS_1_PROMPT_TEXT,完成這一任務還是可以讓你的戰力值 +1。
ACT1_7_QUESTDEFAULTACTIONSEQUENCE_FOCUSADVICESEQUENCEELEMENTS_2_PROMPT_TEXT,並且隨著聲名傳播獲得威望 +1。
ACT1_7_QUESTDEFAULTACTIONSEQUENCE_FOCUSADVICESEQUENCEELEMENTS_3_PROMPT_TEXT,這個挑戰選項會測試你的戰力。
ACT1_7_QUESTDEFAULTACTIONSEQUENCE_FOCUSADVICESEQUENCEELEMENTS_4_PROMPT_TEXT,你的戰力值為 5，使你擁有 50% 成功機率。
ACT1_7_QUESTDEFAULTACTIONSEQUENCE_FOCUSADVICESEQUENCEELEMENTS_5_PROMPT_TEXT,獎勵為一件寶藏，一個巫毒娃娃，\n以及我們尋找的線索。
ACT1_7_QUESTDEFAULTACTIONSEQUENCE_FOCUSADVICESEQUENCEELEMENTS_6_PROMPT_TEXT,失敗的懲罰是生命值 -1。
ACT1_9_STARTKINGSGUARDCOMBATSEQUENCE_PROLOGUEADVISORSEQUENCEELEMENTS_0_ADVICE_TEXT,狼族的森！馬上把巫毒娃娃交出來，否則我們將會依照國王的諭令殺了你！
ACT1_9_STARTKINGSGUARDCOMBATSEQUENCE_PROLOGUEADVISORSEQUENCEELEMENTS_1_ADVICE_TEXT,他們是瘋了嗎？我們甚至都沒拿到巫毒娃娃呢！
ACT1_9_STARTKINGSGUARDCOMBATSEQUENCE_PROLOGUEADVISORSEQUENCEELEMENTS_2_ADVICE_TEXT,那些國王的守衛到底為什麼攻擊我們？我們什麼都沒有做錯啊！這實在太扯了。
ACT1_9_STARTKINGSGUARDCOMBATSEQUENCE_PROLOGUEADVISORSEQUENCEELEMENTS_3_ADVICE_TEXT,這樣可不妙，非常不妙！他們會追殺我們直到把我們幹掉的！
ACT1_ATTEMPTENTERDUNGEONSEQUENCE_PROLOGUEADVISORSEQUENCEELEMENTS_0_ADVICE_TEXT,讓我們暫時待在地牢外面吧，森。裡頭可能會很危險！
ACT1_ATTEMPTENTERPALACESEQUENCE_PROLOGUEADVISORSEQUENCEELEMENTS_0_ADVICE_TEXT,王宮是國王的領地，沒有好的理由我們絕對不能進去。
ACT1_FIRSTFORESTSEQUENCE_FOCUSADVICESEQUENCEELEMENTS_0_PROMPT_TEXT,森林在夜間能提供潛行。\n潛行的英雄不會被他人看見。
ACT1_FIRSTSETTLEMENTSEQUENCE_FOCUSADVICESEQUENCEELEMENTS_0_PROMPT_TEXT,走到一個村落就能將它納入我們的麾下。\n你佔領的每個村落都將在黎明提供金幣 +1。
ACT1_FIRSTSTONECIRCLESEQUENCE_FOCUSADVICESEQUENCEELEMENTS_0_PROMPT_TEXT,巨石陣是古代遺跡，充滿著懷爾德的力量。\n它們能使進入者得到生命值 +1 的回復。
ACT1_FIRSTSWAMPSEQUENCE_FOCUSADVICESEQUENCEELEMENTS_0_PROMPT_TEXT,沼澤會對進入者造成生命值 -1。
ACT1_MOVEDISABLEDFORPROLOGUESEQUENCE_PROLOGUEADVISORSEQUENCEELEMENTS_0_ADVICE_TEXT,英雄，不是這條路！我們需要前往<quest_tile>。
ACT1_MOVEDISABLEDFORPROLOGUESEQUENCE_PROLOGUEADVISORSEQUENCEELEMENTS_1_ADVICE_TEXT,是這條路，如果你忘記了的話！
ACT2_01_FIRSTLOCALPLAYERRUMOURSEQUENCE_FOCUSADVICESEQUENCEELEMENTS_0_PROMPT_TEXT,這裡是你的智力。\n它決定了你手中能持有多少卡牌。
ACT2_01_FIRSTLOCALPLAYERRUMOURSEQUENCE_FOCUSADVICESEQUENCEELEMENTS_1_PROMPT_TEXT,這是個智力類型的任務。
ACT2_01_FIRSTLOCALPLAYERTURNSEQUENCE_FOCUSADVICESEQUENCEELEMENTS_0_PROMPT_TEXT,對你自己使用偽裝來保持隱蔽。
ACT2_01_FIRSTLOCALPLAYERTURNSEQUENCE_FOCUSADVICESEQUENCEELEMENTS_1_PROMPT_TEXT,記得裝備上有用的道具。\n它們將在旅程中幫助你。
ACT2_01_FIRSTLOCALPLAYERTURNSEQUENCE_FOCUSADVICESEQUENCEELEMENTS_2_PROMPT_TEXT,記得裝備上有用的道具。\n它們將在旅程中幫助你。
ACT2_01_FIRSTLOCALPLAYERTURNSEQUENCE_FOCUSADVICESEQUENCEELEMENTS_3_PROMPT_TEXT,『偽裝』是一張詭術卡牌，這類卡牌包含了\n政治手段、特務、陷阱、詭計等等。
ACT2_01_FIRSTLOCALPLAYERTURNSEQUENCE_PROLOGUEADVISORSEQUENCEELEMENTS_0_ADVICE_TEXT,咱們出發！時間就是金錢，墨可利歐。
ACT2_01_FIRSTLOCALPLAYERTURNSEQUENCE_SETCUSTOMCITIZENSEQUENCEELEMENTS_0_QUESTDESCRIPTION_TEXT,你聽到費斯滕說的了。我們出發去找王牌間諜吧。
ACT2_01_LOCALPLAYERQUESTSPAWNEDSEQUENCE_CHANGEMETAADVICESEQUENCEELEMENTS_0_ADVICE_TEXT,前往<quest_tile>招募王牌間諜。
ACT2_02_DEPLETEDACTIONPOINTSSEQUENCE_FOCUSADVICESEQUENCEELEMENTS_0_PROMPT_TEXT,派遣遊俠到<prologue_tile>去進行偵查。
ACT2_02_DEPLETEDACTIONPOINTSSEQUENCE_FOCUSADVICESEQUENCEELEMENTS_1_PROMPT_TEXT,鷹旗代表著已被偵查的格子，\n偵查能揭露潛行中的生物。
ACT2_02_DEPLETEDACTIONPOINTSSEQUENCE_PROLOGUEADVISORSEQUENCEELEMENTS_0_ADVICE_TEXT,給我等等！我可不想連森藏在哪兒都不知道，就貿然地停下來休息。
ACT2_02_DEPLETEDACTIONPOINTSSEQUENCE_PROLOGUEADVISORSEQUENCEELEMENTS_1_ADVICE_TEXT,在那裡！森躲在那邊的森林裡。別擔心，等天亮之後，國王的守衛就會找到他。
ACT2_02_DEPLETEDACTIONPOINTSSEQUENCE_PROLOGUEADVISORSEQUENCEELEMENTS_2_ADVICE_TEXT,來，拿這枚金幣去雇用一些遊俠，探查褐城村的周圍，那是他最後露面的地方。
ACT2_02_FIRSTPLAINSSEQUENCE_FOCUSADVICESEQUENCEELEMENTS_0_PROMPT_TEXT,派遣遊俠到<prologue_tile>。
ACT2_02_FIRSTPLAINSSEQUENCE_PROLOGUEADVISORSEQUENCEELEMENTS_0_ADVICE_TEXT,我不喜歡這種感覺，毫無音訊，甚至連狼族鐵礦石價格的消息都沒有，這不對勁。我們應該派出遊俠到<prologue_tile>看看那兒現在是什麼情形。
ACT2_02_FIRSTPLAINSSEQUENCE_PROLOGUEADVISORSEQUENCEELEMENTS_1_ADVICE_TEXT,好吧，看上去狼族的森正在那片森林裡徘徊。他似乎準備把<prologue_tile>重新納入狼族的控制，我們需要盯著森，看他到底想幹什麼。
ACT2_03_ADJACENTTOQUESTSEQUENCE_FOCUSADVICESEQUENCEELEMENTS_0_PROMPT_TEXT,對<prologue_tile>使用<card>。
ACT2_03_ADJACENTTOQUESTSEQUENCE_PROLOGUEADVISORSEQUENCEELEMENTS_0_ADVICE_TEXT,你一定有張卡能用來趕走那些國王的守衛對吧？我們可不能帶著他們一起去見那個線人啊。
ACT2_03_ADJACENTTOQUESTSEQUENCE_PROLOGUEADVISORSEQUENCEELEMENTS_1_ADVICE_TEXT,這太殘暴了！平民暴動，而國王的守衛在被趕走前把他們砍倒了。這對生意不好，很不好。至少你能憑藉恢復這裡的秩序贏得一些威望。
ACT2_04_SECONDTURNSTARTTURNKINGSGUARD1_PROLOGUEADVISORSEQUENCEELEMENTS_0_ADVICE_TEXT,去死吧叛國賊！
ACT2_05_SECONDTURNENDTURNKINGSGUARD2_PROLOGUEADVISORSEQUENCEELEMENTS_0_ADVICE_TEXT,遵照國王的命令，南岸的村落已被封鎖。我們正在抓捕共犯。
ACT2_06_SECONDTURNENDTURNTHANE_FOCUSADVICESEQUENCEELEMENTS_0_PROMPT_TEXT,森對這個村落施放了一張詭術卡牌，\n在裡頭埋設了一個危機。
ACT2_06_SECONDTURNENDTURNTHANE_FOCUSADVICESEQUENCEELEMENTS_1_PROMPT_TEXT,危機就是一種陷阱、圈套。\n進入這個格子，你就得面對它的挑戰。
ACT2_06_SECONDTURNENDTURNTHANE_FOCUSADVICESEQUENCEELEMENTS_2_PROMPT_TEXT,失敗了，就會觸發這張卡牌的效果。
ACT2_06_SECONDTURNENDTURNTHANE_PROLOGUEADVISORSEQUENCEELEMENTS_0_ADVICE_TEXT,設置了危機？在雲杉谷村？森到底想幹嘛？
ACT2_07_SECONDLOCALPLAYERTURN_FOCUSADVICESEQUENCEELEMENTS_0_PROMPT_TEXT,對<prologue_tile>的國王守衛使用假命令。
ACT2_07_SECONDLOCALPLAYERTURN_FOCUSADVICESEQUENCEELEMENTS_1_PROMPT_TEXT,這是你的威望，它顯示了你在王國內的聲望。
ACT2_07_SECONDLOCALPLAYERTURN_FOCUSADVICESEQUENCEELEMENTS_2_PROMPT_TEXT,使用地痞流氓來對付森，擊殺他並領取懸賞。
ACT2_07_SECONDLOCALPLAYERTURN_FOCUSADVICESEQUENCEELEMENTS_3_PROMPT_TEXT,殺死其他英雄可使你得到威望 +1。\n領取懸賞則可根據他們被懸賞的等級，\n讓你獲得額外的威望與金幣！
ACT2_07_SECONDLOCALPLAYERTURN_FOCUSADVICESEQUENCEELEMENTS_4_PROMPT_TEXT,你可以對其他生物使用卡牌，\n就像你對自己使用『偽裝』一樣。
ACT2_07_SECONDLOCALPLAYERTURN_PROLOGUEADVISORSEQUENCEELEMENTS_0_ADVICE_TEXT,咱們只需要拿著森的腦袋去領取了懸賞，就可以在整個王國獲得威望。
ACT2_07_SECONDLOCALPLAYERTURN_PROLOGUEADVISORSEQUENCEELEMENTS_1_ADVICE_TEXT,我知道有一些地痞流氓會很樂意幫我們幹這些髒活的。
ACT2_07_SECONDLOCALPLAYERTURN_PROLOGUEADVISORSEQUENCEELEMENTS_2_ADVICE_TEXT,咱們來發佈一些假命令吧。那份懸賞已經讓你獲得了些金幣，這可以讓咱們接觸到一些暗地裡的大人物。
ACT2_07_SECONDLOCALPLAYERTURN_PROLOGUEADVISORSEQUENCEELEMENTS_3_ADVICE_TEXT,沒關係，先暫時忘掉危機。森已暴露了蹤影。就讓咱們拿下對他的懸賞吧！
ACT2_07_SECONDLOCALPLAYERTURN_PROLOGUEADVISORSEQUENCEELEMENTS_4_ADVICE_TEXT,現在，讓咱們快點兒去找找那個王牌間諜吧。
ACT2_07_SECONDLOCALPLAYERTURN_PROLOGUEADVISORSEQUENCEELEMENTS_5_ADVICE_TEXT,咱們得解除封鎖。不要攻擊國王的守衛！不然咱們也會被懸賞的。
ACT2_07_SECONDLOCALPLAYERTURN_PROLOGUEADVISORSEQUENCEELEMENTS_6_ADVICE_TEXT,森的懸賞已到手，太好了！金幣入袋，威望加身！
ACT2_08_COMPLETEFIRSTQUESTSEQUENCE_CHANGEMETAADVICESEQUENCEELEMENTS_0_ADVICE_TEXT,結束回合。
ACT2_08_COMPLETEFIRSTQUESTSEQUENCE_FOCUSADVICESEQUENCEELEMENTS_0_PROMPT_TEXT,招募王牌間諜。\n她將使你看得見其他英雄的任務地點。
ACT2_08_COMPLETEFIRSTQUESTSEQUENCE_FOCUSADVICESEQUENCEELEMENTS_1_PROMPT_TEXT,現在你的名字有點份量了，你也許可以發佈一些假命令。
ACT2_08_COMPLETEFIRSTQUESTSEQUENCE_PROLOGUEADVISORSEQUENCEELEMENTS_0_ADVICE_TEXT,要知道情報都是有代價的，墨可利歐。
ACT2_08_COMPLETEFIRSTQUESTSEQUENCE_PROLOGUEADVISORSEQUENCEELEMENTS_1_ADVICE_TEXT,森目前正朝著山裡頭移動。嗯…事情可能會變複雜。
ACT2_08_COMPLETEFIRSTQUESTSEQUENCE_PROLOGUEADVISORSEQUENCEELEMENTS_2_ADVICE_TEXT,給我一點時間，讓我和線人聊聊。休息一下。
ACT2_08_COMPLETEFIRSTQUESTSEQUENCE_SETCUSTOMCITIZENSEQUENCEELEMENTS_0_QUESTDESCRIPTION_TEXT,我聽到了一些風聲。我知道我們得去哪裡了。
ACT2_10_STAGE2STARTTURNTHANE_FOCUSADVICESEQUENCEELEMENTS_0_PROMPT_TEXT,當英雄死亡時，他們的回合立刻結束，\n同時威望 -1 並回到部族屬地。
ACT2_10_STAGE2STARTTURNTHANE_FOCUSADVICESEQUENCEELEMENTS_1_PROMPT_TEXT,即使不在你的回合中，你也可以使用卡牌。\n在<prologue_tile>設下『僱傭兵』危機。
ACT2_10_STAGE2STARTTURNTHANE_PROLOGUEADVISORSEQUENCEELEMENTS_0_ADVICE_TEXT,森被送回他的部族屬地了。他仍然會向著冬角山前進。
ACT2_10_STAGE2STARTTURNTHANE_PROLOGUEADVISORSEQUENCEELEMENTS_1_ADVICE_TEXT,咱準備給他的計劃搗搗亂。但咱們沒辦法在他正移動的時候影響到他。
ACT2_10_STAGE2STARTTURNTHANE_PROLOGUEADVISORSEQUENCEELEMENTS_2_ADVICE_TEXT,這不是問題，我們可以直接在他要去的地方動手。
ACT2_10_STAGE2STARTTURNTHANE_PROLOGUEADVISORSEQUENCEELEMENTS_3_ADVICE_TEXT,派遣一些僱傭兵在疾行丘陵等著他，將他擋在山外。
ACT2_11_STAGE2ENDTURNTHANE_PROLOGUEADVISORSEQUENCEELEMENTS_0_ADVICE_TEXT,幹得好！他慢下來了。
ACT2_12_STAGE2FIRSTLOCALPLAYERTURN_CHANGEMETAADVICESEQUENCEELEMENTS_0_ADVICE_TEXT,前往<quest_tile>與王牌間諜的線人見面。
ACT2_12_STAGE2FIRSTLOCALPLAYERTURN_FOCUSADVICESEQUENCEELEMENTS_0_PROMPT_TEXT,『戰略家』是一張立即生效的詭術卡牌。
ACT2_12_STAGE2FIRSTLOCALPLAYERTURN_FOCUSADVICESEQUENCEELEMENTS_1_PROMPT_TEXT,使用它需要花費 3 枚金幣。
ACT2_12_STAGE2FIRSTLOCALPLAYERTURN_FOCUSADVICESEQUENCEELEMENTS_2_PROMPT_TEXT,這裡是卡牌的效果。
ACT2_12_STAGE2FIRSTLOCALPLAYERTURN_FOCUSADVICESEQUENCEELEMENTS_3_PROMPT_TEXT,這裡是卡牌的愛門羅符號。
ACT2_12_STAGE2FIRSTLOCALPLAYERTURN_FOCUSADVICESEQUENCEELEMENTS_4_PROMPT_TEXT,對自己使用『戰略家』能增加行動點數。
ACT2_12_STAGE2FIRSTLOCALPLAYERTURN_PROLOGUEADVISORSEQUENCEELEMENTS_0_ADVICE_TEXT,這一張卡牌是『戰略家』。現在就使用它，好幫助咱們更快地到達<quest_tile>。
ACT2_12_STAGE2FIRSTLOCALPLAYERTURN_PROLOGUEADVISORSEQUENCEELEMENTS_1_ADVICE_TEXT,我們可以無需停頓和休息，直接到達<quest_tile>。
ACT2_13_LOCALPLAYERFAILPERIL_PROLOGUEADVISORSEQUENCEELEMENTS_0_ADVICE_TEXT,你的『冒險者工具包』被森給偷走了，可咱的午餐也還放在那裡面呢！
ACT2_14_CAPTURESECONDSETTLEMENT_FOCUSADVICESEQUENCEELEMENTS_0_PROMPT_TEXT,佔領超過 1 個村落能提升你的金幣收入，\n並為詭術卡牌提供金幣折扣。
ACT2_15_COMPLETESECONDQUESTSEQUENCE_CHANGEMETAADVICESEQUENCEELEMENTS_0_ADVICE_TEXT,結束回合。
ACT2_15_COMPLETESECONDQUESTSEQUENCE_PROLOGUEADVISORSEQUENCEELEMENTS_0_ADVICE_TEXT,我們已經取得情報了。現在該來計劃下一步的行動。
ACT2_16_COMPLETESEQUENCE_PROLOGUEADVISORSEQUENCEELEMENTS_0_ADVICE_TEXT,咱的懷爾德啊！那是個閃電雷擊咒術！為何國王會攻擊狼族的王子呢？
ACT2_16_COMPLETESEQUENCE_PROLOGUEADVISORSEQUENCEELEMENTS_1_ADVICE_TEXT,快！我們得回去報告。國王的行為如此怪異，大家務必小心行事。
ACT2_16_KINGSTRIKETHANE_PROLOGUEADVISORSEQUENCEELEMENTS_0_ADVICE_TEXT,你看到了嗎？那是個國王布置的閃電雷擊咒術危機，威力強大的魔法，這真的不妙啊！
ACT2_16_KINGSTRIKETHANE_PROLOGUEADVISORSEQUENCEELEMENTS_1_ADVICE_TEXT,我們應該回到鼠族尋求更多指示。國王似乎也參與進來了，我們應該小心行事。
ACT2_ADJACENTTOPERILSEQUENCE_PROLOGUEADVISORSEQUENCEELEMENTS_0_ADVICE_TEXT,記住，咱們到達<quest_tile>之時就得面對森設下的危機了，但我們沒有別的選擇。
ACT2_ATTEMPTATTACKKINGSGUARDSEQUENCE_PROLOGUEADVISORSEQUENCEELEMENTS_0_ADVICE_TEXT,暫時先避免攻擊國王的守衛吧 ── 我們不想在非必要的情況下對抗國王。
ACT2_ATTEMPTATTACKTHANESEQUENCE_PROLOGUEADVISORSEQUENCEELEMENTS_0_ADVICE_TEXT,你瘋了嗎？攻擊狼族的森？不行！他會把我們撕碎的！
ACT2_ATTEMPTENTERDUNGEONSEQUENCE_PROLOGUEADVISORSEQUENCEELEMENTS_0_ADVICE_TEXT,讓我們暫時待在地牢外面吧，墨可利歐。裡頭可能會很危險！
ACT2_ATTEMPTENTERPALACESEQUENCE_PROLOGUEADVISORSEQUENCEELEMENTS_0_ADVICE_TEXT,王宮是國王的領地，沒有好的理由我們絕對不能進去。
ACT2_CARDCOMMSITM13SEQUENCE_FOCUSADVICESEQUENCEELEMENTS_0_PROMPT_TEXT,『冒險者工具包』在危機之中\n提供了額外的骰子數 +1。
ACT2_LOADOUTCOMMSCLN_NIGHTSEQUENCE_FOCUSADVICESEQUENCEELEMENTS_0_PROMPT_TEXT,鼠族的特性是在夜間作戰。\n他們在夜間面對挑戰時可得到骰子數 +1。
ACT2_PERIL_00_INITIALSEQUENCE_FOCUSADVICESEQUENCEELEMENTS_0_PROMPT_TEXT,這就是森使用的危機 ── 你有機會全身而退。
ACT2_PERIL_00_INITIALSEQUENCE_FOCUSADVICESEQUENCEELEMENTS_1_PROMPT_TEXT,危機的難度不一，有些格外困難。危機的符號越多，說明要擊敗它越難。
ACT2_PERIL_00_INITIALSEQUENCE_FOCUSADVICESEQUENCEELEMENTS_2_PROMPT_TEXT,你擲出的骰子需要匹配這裡的每一個危機符號。
ACT2_PERIL_00_INITIALSEQUENCE_FOCUSADVICESEQUENCEELEMENTS_3_PROMPT_TEXT,英雄使用智力來對抗詭術危機，你的智力決定了你能擲出多少顆骰子。
ACT2_PERIL_01_SHOWWITSDICESEQUENCE_FOCUSADVICESEQUENCEELEMENTS_0_PROMPT_TEXT,英雄使用智力來對抗詭術危機，你的智力決定了你能擲出多少顆骰子。
ACT2_PERIL_05_STARTBURNDOWNTIMERSEQUENCE_FOCUSADVICESEQUENCEELEMENTS_0_PROMPT_TEXT,現在擲骰子吧。
ACT3_01_FIRSTKINGTURNSEQUENCE_PROLOGUEADVISORSEQUENCEELEMENTS_0_ADVICE_TEXT,一個個全是叛國者和間諜，顯然我一直都太過仁慈了。
ACT3_01_FIRSTKINGTURNSEQUENCE_PROLOGUEADVISORSEQUENCEELEMENTS_1_ADVICE_TEXT,這就是我統一的那些個部族所回報我的方式！你們逼我不得不採用嚴厲的手段。
ACT3_02_FIRSTLOCALPLAYERTURNSEQUENCE_FOCUSADVICESEQUENCEELEMENTS_0_PROMPT_TEXT,你的英雄之特殊能力會顯示在英雄面板中。
ACT3_02_FIRSTLOCALPLAYERTURNSEQUENCE_FOCUSADVICESEQUENCEELEMENTS_1_PROMPT_TEXT,當你移動到地牢的位置就會開始探索它。\n地牢中充滿著危險與財富。
ACT3_02_FIRSTLOCALPLAYERTURNSEQUENCE_FOCUSADVICESEQUENCEELEMENTS_2_PROMPT_TEXT,你的英雄之特殊能力會顯示在英雄面板中。
ACT3_02_FIRSTLOCALPLAYERTURNSEQUENCE_FOCUSADVICESEQUENCEELEMENTS_3_PROMPT_TEXT,當你移動到地牢的位置就會開始探索它。\n地牢中充滿著危險與財富。
ACT3_02_FIRSTLOCALPLAYERTURNSEQUENCE_PROLOGUEADVISORSEQUENCEELEMENTS_0_ADVICE_TEXT,我知道妳很喜歡尋寶，但是看來這些計劃得先擱置了。
ACT3_02_FIRSTLOCALPLAYERTURNSEQUENCE_PROLOGUEADVISORSEQUENCEELEMENTS_1_ADVICE_TEXT,不過，我們或許仍有點時間可稍微來看看一兩個地牢，畢竟這可是妳的特長。
ACT3_02_FIRSTLOCALPLAYERTURNSEQUENCE_PROLOGUEADVISORSEQUENCEELEMENTS_2_ADVICE_TEXT,我們可以在探索的過程之中發現寶藏與隨從，並且藉此逐步提升我們的影響力。
ACT3_02_FIRSTLOCALPLAYERTURNSEQUENCE_SETCUSTOMCITIZENSEQUENCEELEMENTS_0_QUESTDESCRIPTION_TEXT,讓我們繼續前進……儘管我很想來一杯懷爾德芳草茶。不行嗎？好吧。
ACT3_03_FIRSTLOCALPLAYERRUMOURSEQUENCE_FOCUSADVICESEQUENCEELEMENTS_0_PROMPT_TEXT,這裡是你的精力。\n它代表著你與愛門羅之魔法力量的協調度。
ACT3_03_FIRSTLOCALPLAYERRUMOURSEQUENCE_FOCUSADVICESEQUENCEELEMENTS_1_PROMPT_TEXT,這是一個精力屬性任務。提升精力值可允許你使用更強的咒術，並提升你的咒術作用範圍。
ACT3_03_FIRSTLOCALPLAYERRUMOURSEQUENCE_FOCUSADVICESEQUENCEELEMENTS_2_PROMPT_TEXT,精力還代表你每逢黃昏時能獲得多少魔法能量。
ACT3_04_LOCALPLAYERQUESTSPAWNEDSEQUENCE_CHANGEMETAADVICESEQUENCEELEMENTS_0_ADVICE_TEXT,前往<quest_tile>地牢。
ACT3_04_LOCALPLAYERQUESTSPAWNEDSEQUENCE_FOCUSADVICESEQUENCEELEMENTS_0_PROMPT_TEXT,這是一張咒術卡牌。
ACT3_04_LOCALPLAYERQUESTSPAWNEDSEQUENCE_FOCUSADVICESEQUENCEELEMENTS_1_PROMPT_TEXT,需要消耗魔法來使用它。
ACT3_04_LOCALPLAYERQUESTSPAWNEDSEQUENCE_FOCUSADVICESEQUENCEELEMENTS_2_PROMPT_TEXT,你的精力值多寡也會影響到\n你施用咒術卡牌的範圍能有多遠。
ACT3_04_LOCALPLAYERQUESTSPAWNEDSEQUENCE_FOCUSADVICESEQUENCEELEMENTS_3_PROMPT_TEXT,這是魔法。它可以被用來施放咒術卡牌，\n並且每逢黃昏時都會重置。
ACT3_04_LOCALPLAYERQUESTSPAWNEDSEQUENCE_FOCUSADVICESEQUENCEELEMENTS_4_PROMPT_TEXT,對你自己使用『專注』。
ACT3_04_LOCALPLAYERQUESTSPAWNEDSEQUENCE_FOCUSADVICESEQUENCEELEMENTS_5_PROMPT_TEXT,這是你的魔法。可被用來施放咒術卡牌，\n並且每逢黃昏時都會重置。
ACT3_04_LOCALPLAYERQUESTSPAWNEDSEQUENCE_PROLOGUEADVISORSEQUENCEELEMENTS_0_ADVICE_TEXT,尋找吟遊詩人、有機會撈到寶藏、還很可能遭遇危險！可以的話我想待在外面。
ACT3_04_LOCALPLAYERQUESTSPAWNEDSEQUENCE_PROLOGUEADVISORSEQUENCEELEMENTS_1_ADVICE_TEXT,我曾聽人說過這裡頭還有些古老的詭異魔法在起作用。
ACT3_04_LOCALPLAYERQUESTSPAWNEDSEQUENCE_PROLOGUEADVISORSEQUENCEELEMENTS_2_ADVICE_TEXT,當然，你自己也有一些奇怪的魔法……
ACT3_04_LOCALPLAYERQUESTSPAWNEDSEQUENCE_PROLOGUEADVISORSEQUENCEELEMENTS_3_ADVICE_TEXT,妳應該專注於自己的魔法，它能在未來的任務幫助妳。
ACT3_06_FIRSTEXPLORESEQUENCE_FOCUSADVICESEQUENCEELEMENTS_0_PROMPT_TEXT,這拋擲硬幣般的動畫就是探索的開獎過程，\n它代表著找到特定獎勵或遇到威脅的機會。
ACT3_07_AICOMPLETEQUESTSEQUENCE_FOCUSADVICESEQUENCEELEMENTS_0_PROMPT_TEXT,這拋擲硬幣般的動畫就是探索的開獎過程，\n它代表著找到特定獎勵或遇到威脅的機會。
ACT3_08_AIENDTURNSEQUENCE_CHANGEMETAADVICESEQUENCEELEMENTS_0_ADVICE_TEXT,你做到了安柏！好耶！等明天黎明，國王就會把你召到他身邊了。
ACT3_08_AIENDTURNSEQUENCE_FOCUSADVICESEQUENCEELEMENTS_0_PROMPT_TEXT,墨可利歐有著最高的威望。\n這能讓他成為「威望首領」。
ACT3_09_STARTFIRSTCARDDRAWSEQUENCE_FOCUSADVICESEQUENCEELEMENTS_0_PROMPT_TEXT,這些是愛門羅中的三種核心牌堆，\n你可以從任何一個牌堆中抽取卡牌。
ACT3_09_STARTFIRSTCARDDRAWSEQUENCE_FOCUSADVICESEQUENCEELEMENTS_1_PROMPT_TEXT,道具牌堆：包含了各種的武器、護甲、工具\n及消耗品，可以在你的旅途中提供幫助。
ACT3_09_STARTFIRSTCARDDRAWSEQUENCE_FOCUSADVICESEQUENCEELEMENTS_2_PROMPT_TEXT,智力決定了你每回合可以抽取的卡牌數量。
ACT3_09_STARTFIRSTCARDDRAWSEQUENCE_FOCUSADVICESEQUENCEELEMENTS_3_PROMPT_TEXT,詭術牌堆：滿滿的陷阱、詭計、政治操作，\n是拖延和削弱對手的最佳選擇。
ACT3_09_STARTFIRSTCARDDRAWSEQUENCE_FOCUSADVICESEQUENCEELEMENTS_4_PROMPT_TEXT,咒術牌堆：是你各式各樣強力咒術的源泉，\n無論是進攻或防守，增益或詛咒。
ACT3_10_COMPLETEFIRSTQUESTSEQUENCE_CHANGEMETAADVICESEQUENCEELEMENTS_0_ADVICE_TEXT,結束回合。
ACT3_10_COMPLETEFIRSTQUESTSEQUENCE_SETCUSTOMCITIZENSEQUENCEELEMENTS_0_QUESTDESCRIPTION_TEXT,如果你想重新獲得國王的青睞，你就得獲取威望。我知道一些能讓你聲名遠揚的方法。
ACT3_11_AIKINGSDECSEQUENCE_CHANGEMETAADVICESEQUENCEELEMENTS_0_ADVICE_TEXT,成為威望首領就能夠被召見，並且還能替國王制定詔令。
ACT3_11_AIKINGSDECSEQUENCE_FOCUSADVICESEQUENCEELEMENTS_0_PROMPT_TEXT,這是你當前的威望。你需要獲得比墨可利歐\n更多的威望才能成為威望首領。
ACT3_11_AIKINGSDECSEQUENCE_PROLOGUEADVISORSEQUENCEELEMENTS_0_ADVICE_TEXT,該死的！妳看看，墨可利歐已搶先得到了國王的青睞。作為威望首領，他可以左右國王施行哪些法案。
ACT3_11_AIKINGSDECSEQUENCE_PROLOGUEADVISORSEQUENCEELEMENTS_1_ADVICE_TEXT,我們需要比他擁有更多威望才能夠成為威望首領，然後重新確立兔族的地位。
ACT3_11_AIKINGSDECSEQUENCE_PROLOGUEADVISORSEQUENCEELEMENTS_2_ADVICE_TEXT,擊殺其他英雄、完成任務和使用詭術卡牌是贏得威望的一些可靠方式。
ACT3_11_LOCALPLAYERSECONDQUESTSPAWNEDSEQUENCE_CHANGEMETAADVICESEQUENCEELEMENTS_0_ADVICE_TEXT,前往你的下一個任務。
ACT3_12_PLAYERKINGSDECSEQUENCE_CHANGEMETAADVICESEQUENCEELEMENTS_0_ADVICE_TEXT,選擇一項國王的詔令。
ACT3_12_PLAYERKINGSDECSEQUENCE_FOCUSADVICESEQUENCEELEMENTS_0_PROMPT_TEXT,這些是國王發佈的兩條法令，\n供威望首領代為選擇。
ACT3_12_PLAYERKINGSDECSEQUENCE_FOCUSADVICESEQUENCEELEMENTS_1_PROMPT_TEXT,控制國王的詔令是一件強大的工具。
ACT3_13_COMPLETESEQUENCE_PROLOGUEADVISORSEQUENCEELEMENTS_0_ADVICE_TEXT,這已完全不像是那個統一了各部族、帶來了數十年和平的賢明國王了啊！
ACT3_13_COMPLETESEQUENCE_PROLOGUEADVISORSEQUENCEELEMENTS_1_ADVICE_TEXT,期許懷爾德能保佑我們免於受到國王的傷害。
ACT3_13_COMPLETESEQUENCE_PROLOGUEADVISORSEQUENCEELEMENTS_2_ADVICE_TEXT,我從來就不曾想過我會看到這麼一天，沒有什麼比瘋狂還更糟糕的了。
ACT3_ATTEMPTENTERPALACESEQUENCE_PROLOGUEADVISORSEQUENCEELEMENTS_0_ADVICE_TEXT,王宮是國王的領地，沒有好的理由我們絕對不能進去。
ACT3_FIRSTDUSKSEQUENCE_FOCUSADVICESEQUENCEELEMENTS_0_PROMPT_TEXT,每逢黃昏時，你的魔法都會被重置為\n與你的精力相等的數值。
ACT3_GAINPRESTIGELEADSEQUENCE_PROLOGUEADVISORSEQUENCEELEMENTS_0_ADVICE_TEXT,好了安柏，現在妳已是威望首領了，妳只需保持住這個位置，直到下一個黎明！
ACT3_PRESTIGEHELPERSEQUENCE_FOCUSADVICESEQUENCEELEMENTS_0_PROMPT_TEXT,對你自己使用荊棘遊戲。
ACT3_PRESTIGEHELPERSEQUENCE_PROLOGUEADVISORSEQUENCEELEMENTS_0_ADVICE_TEXT,看來你遇上了些麻煩，安柏 ── 來，給你些幫助吧！
ACT3_SETTLEMENTTERRORISEDSEQUENCE_FOCUSADVICESEQUENCEELEMENTS_0_PROMPT_TEXT,被恐嚇的村落會停止效忠任何英雄或部族，\n並且將不會產生任何收入。
ACT3_SETTLEMENTTERRORISEDSEQUENCE_FOCUSADVICESEQUENCEELEMENTS_1_PROMPT_TEXT,拯救一座被恐嚇的村落，恢復其寧靜秩序，\n這個行動可以使英雄獲得威望 +1。
ACT3_TERRORIZESETTLEMENT1,被恐嚇的村落會停止效忠任何英雄或部族，\n並且將不會產生任何收入。
ACT3_TERRORIZESETTLEMENT2,佔領一座被恐嚇的村落讓它重獲寧靜秩序，\n可以使英雄獲得威望 +1。
ACT4_01_FIRSTKINGSTURNSEQUENCE_PROLOGUEADVISORSEQUENCEELEMENTS_0_ADVICE_TEXT,那東西正是我所預見到的。守衛！找出每一塊心靈石。快去！現在！
ACT4_01_FIRSTLOCALPLAYERTURNSEQUENCE_PROLOGUEADVISORSEQUENCEELEMENTS_0_ADVICE_TEXT,喝！我嚇到你了嗎？因為我嚇到自己了。我們準備去哪裡來著？
ACT4_02_FIRSTLOCALPLAYERTURNSEQUENCE_CHANGEMETAADVICESEQUENCEELEMENTS_0_ADVICE_TEXT,前往<quest_tile>。
ACT4_02_FIRSTLOCALPLAYERTURNSEQUENCE_FOCUSADVICESEQUENCEELEMENTS_0_PROMPT_TEXT,這不是普通的咒術卡牌。
ACT4_02_FIRSTLOCALPLAYERTURNSEQUENCE_FOCUSADVICESEQUENCEELEMENTS_1_PROMPT_TEXT,這個咒術不消耗魔法。\n但使用它會讓你得到汙穢 +1。
ACT4_02_FIRSTLOCALPLAYERTURNSEQUENCE_FOCUSADVICESEQUENCEELEMENTS_2_PROMPT_TEXT,這是你身上的汙穢。\n當前為 0。
ACT4_02_FIRSTLOCALPLAYERTURNSEQUENCE_FOCUSADVICESEQUENCEELEMENTS_3_PROMPT_TEXT,汙穢是一種黑暗的、強大而有毀滅性的力量，它會消耗生命能量。
ACT4_02_FIRSTLOCALPLAYERTURNSEQUENCE_FOCUSADVICESEQUENCEELEMENTS_4_PROMPT_TEXT,當英雄得到他們的第一點汙穢，\n就成為了被感染的狀態，\n並且每逢黎明時，將遭受生命值 -1。
ACT4_02_FIRSTLOCALPLAYERTURNSEQUENCE_PROLOGUEADVISORSEQUENCEELEMENTS_0_ADVICE_TEXT,薩娜！我也來陪妳，好友！我的摯友啊！我可是不會在這樣的時刻丟著妳不管的。畢竟我們是朋友，對吧？
ACT4_02_FIRSTLOCALPLAYERTURNSEQUENCE_PROLOGUEADVISORSEQUENCEELEMENTS_1_ADVICE_TEXT,我發現了一個奇怪的東西，看起來還挺嚇人的。你覺得它的作用是什麼？
ACT4_02_FIRSTLOCALPLAYERTURNSEQUENCE_PROLOGUEADVISORSEQUENCEELEMENTS_2_ADVICE_TEXT,那聽起來很不妥啊，薩娜！我們最好離汙穢遠一點。
ACT4_02_FIRSTLOCALPLAYERTURNSEQUENCE_SETCUSTOMCITIZENSEQUENCEELEMENTS_0_QUESTDESCRIPTION_TEXT,那，我們準備去哪裡來著？我忘了。
ACT4_02_LOCALPLAYERQUESTSPAWNEDSEQUENCE_CHANGEMETAADVICESEQUENCEELEMENTS_0_ADVICE_TEXT,前往<quest_tile>。
ACT4_03_ADJACENTTOSPIRITSTONESEQUENCE_CHANGEMETAADVICESEQUENCEELEMENTS_0_ADVICE_TEXT,從<prologue_tile>收集心靈石。
ACT4_03_ADJACENTTOSPIRITSTONESEQUENCE_PROLOGUEADVISORSEQUENCEELEMENTS_0_ADVICE_TEXT,那個是一塊心靈石！薩娜！我們應該拿到它！保護好！也許還能拿它來玩一下。
ACT4_03_ADJACENTTOSPIRITSTONESEQUENCE_PROLOGUEADVISORSEQUENCEELEMENTS_1_ADVICE_TEXT,而且收集許多這種強大石頭的人，還能獲得無窮力量：懷爾德之力與淨化之力。
ACT4_03_ADJACENTTOSPIRITSTONESEQUENCE_PROLOGUEADVISORSEQUENCEELEMENTS_2_ADVICE_TEXT,我曾聽一頭老熊含糊地提過這事。他嘴巴有股魚腥味，所以我沒辦法認真聽。
ACT4_04_COLLECTSPIRITSTONESEQUENCE_CHANGEMETAADVICESEQUENCEELEMENTS_0_ADVICE_TEXT,前往<quest_tile>。
ACT4_04_COLLECTSPIRITSTONESEQUENCE_PROLOGUEADVISORSEQUENCEELEMENTS_0_ADVICE_TEXT,心靈石！好耶！能摸摸嗎？
ACT4_04_COLLECTSPIRITSTONESEQUENCE_PROLOGUEADVISORSEQUENCEELEMENTS_1_ADVICE_TEXT,哦！妳有沒有感覺到那個？有種不好的東西要來了……
ACT4_04_COLLECTSPIRITSTONESEQUENCE_PROLOGUEADVISORSEQUENCEELEMENTS_2_ADVICE_TEXT,這拿去，它或許能幫上妳。我一直都藏著它以防萬一，上面只沾了一點兒灰塵。
ACT4_05_BURNFIRSTCARDSEQUENCE_FOCUSADVICESEQUENCEELEMENTS_0_PROMPT_TEXT,你可以將卡牌拖曳到這裡來燒掉它們。
ACT4_05_BURNFIRSTCARDSEQUENCE_FOCUSADVICESEQUENCEELEMENTS_1_PROMPT_TEXT,燒毀對應太陽危機符號的『熾烈灼光』卡。
ACT4_05_EXPLAINCARDBURNINGSEQUENCE_FOCUSADVICESEQUENCEELEMENTS_0_PROMPT_TEXT,每張卡牌都有一個愛門羅符號，\n與你骰子上的符號對應。
ACT4_05_EXPLAINCARDBURNINGSEQUENCE_FOCUSADVICESEQUENCEELEMENTS_1_PROMPT_TEXT,除了施用卡牌或裝備卡牌，\n你還能在危機或戰鬥中燒掉卡牌。
ACT4_05_EXPLAINCARDBURNINGSEQUENCE_FOCUSADVICESEQUENCEELEMENTS_2_PROMPT_TEXT,燒掉卡牌可以將你的一顆骰子\n鎖定為該卡牌的愛門羅符號。
ACT4_05_EXPLAINCARDBURNINGSEQUENCE_FOCUSADVICESEQUENCEELEMENTS_3_PROMPT_CUSTOMCONTROLLERTEXT,將卡牌準備好放到這裡可以燒掉它們。
ACT4_05_FIRSTCARDBURNINGSEQUENCE_FOCUSADVICESEQUENCEELEMENTS_5_PROMPT_TEXT,準備好之後就擲骰子吧。
ACT4_06_ADJACENTTOFIRSTQUESTSEQUENCE_FOCUSADVICESEQUENCEELEMENTS_1_PROMPT_TEXT,除了施用卡牌或裝備卡牌，你還能在危機或戰鬥中燒掉卡牌。
ACT4_06_ADJACENTTOFIRSTQUESTSEQUENCE_PROLOGUEADVISORSEQUENCEELEMENTS_0_ADVICE_TEXT,妳有看見那個嗎？我不喜歡這樣的，我覺得很害怕。
ACT4_06_FAILROTPERILSEQUENCE_PROLOGUEADVISORSEQUENCEELEMENTS_0_ADVICE_TEXT,哦不！薩娜，妳已被染上了汙穢！千萬別變成紫色啊！
ACT4_07_FIRSTBANEATTACKSEQUENCE_FOCUSADVICESEQUENCEELEMENTS_0_PROMPT_TEXT,魔鴆是從汙穢中誕生的腐化生物。\n牠們每殺死一個生物，就使該生物感染汙穢 +1。
ACT4_07_FIRSTBANEATTACKSEQUENCE_PROLOGUEADVISORSEQUENCEELEMENTS_0_ADVICE_TEXT,那是什麼東西？！
ACT4_08_FIRSTROTBATTLESEQUENCE_FOCUSADVICESEQUENCEELEMENTS_0_PROMPT_TEXT,生物擁有的汙穢若多於對手，將在戰鬥中得到與對手的汙穢一樣多的獎勵骰子數。
ACT4_08_FIRSTROTBATTLEWINSEQUENCE_FOCUSADVICESEQUENCEELEMENTS_0_PROMPT_TEXT,在這場戰鬥中，魔鴆的汙穢比你更多，\n因此牠將有與你汙穢一樣多的獎勵骰子數。
ACT4_09_COMBATCARDBURNINGSEQUENCE_FOCUSADVICESEQUENCEELEMENTS_0_PROMPT_TEXT,記住，你可以在戰鬥中燒毀卡牌，\n以此獲得特定的骰子結果（符號）。
ACT4_09_POSTBANECOMBATSEQUENCE_PROLOGUEADVISORSEQUENCEELEMENTS_0_ADVICE_TEXT,一隻魔鴆！多麼的駭人哪！我從未相信那個古老的床邊故事，而牠們竟是真的！
ACT4_10_COMPLETEFIRSTQUESTSEQUENCE_CHANGEMETAADVICESEQUENCEELEMENTS_0_ADVICE_TEXT,結束回合。
ACT4_10_COMPLETEFIRSTQUESTSEQUENCE_PROLOGUEADVISORSEQUENCEELEMENTS_0_ADVICE_TEXT,好吧～很高興它終於結束，讓我們快點離開這鬼地方！
ACT4_10_COMPLETEFIRSTQUESTSEQUENCE_SETCUSTOMCITIZENSEQUENCEELEMENTS_0_QUESTDESCRIPTION_TEXT,我覺得我們應該把心靈石帶到城堡去。
ACT4_10_RECEIVESECONDQUESTSEQUENCE_CHANGEMETAADVICESEQUENCEELEMENTS_0_ADVICE_TEXT,前往<quest_tile>。
ACT4_11_ENTERPALACESEQUENCE_FOCUSADVICESEQUENCEELEMENTS_0_PROMPT_TEXT,王宮花園被幾個強大的王宮危機防護著，\n在被擊敗之前會一直存在。
ACT4_11_ENTERPALACESEQUENCE_FOCUSADVICESEQUENCEELEMENTS_1_PROMPT_TEXT,接近王宮十分困難。記得收集一手好牌，\n必要時，燒毀它們來獲取勝機。
ACT4_11_ENTERPALACESEQUENCE_PROLOGUEADVISORSEQUENCEELEMENTS_0_ADVICE_TEXT,封鎖王宮，誰也不許進來！我們必須守住這個王國。
ACT4_11_ENTERPALACESEQUENCE_PROLOGUEADVISORSEQUENCEELEMENTS_1_ADVICE_TEXT,薩娜，王宮看來不太一樣，似乎…開始了嚴密的防禦！
ACT4_11_ENTERPALACESEQUENCE_PROLOGUEADVISORSEQUENCEELEMENTS_2_ADVICE_TEXT,難道國王還不曉得我們這兒有帶著一塊心靈石嗎？
ACT4_12_COMPLETESECONDQUESTSEQUENCE_CHANGEMETAADVICESEQUENCEELEMENTS_0_ADVICE_TEXT,結束回合。
ACT4_12_COMPLETESECONDQUESTSEQUENCE_FOCUSADVICESEQUENCEELEMENTS_0_PROMPT_TEXT,對你自己施展放逐以逃出王宮。
ACT4_12_COMPLETESECONDQUESTSEQUENCE_PROLOGUEADVISORSEQUENCEELEMENTS_0_ADVICE_TEXT,那個是我們拿到的心靈石！不是你的！
ACT4_12_COMPLETESECONDQUESTSEQUENCE_PROLOGUEADVISORSEQUENCEELEMENTS_1_ADVICE_TEXT,國王以及他的守衛們根本就不打算阻止汙穢！他們簡直是帶著我們走向災難啊！
ACT4_12_COMPLETESECONDQUESTSEQUENCE_PROLOGUEADVISORSEQUENCEELEMENTS_2_ADVICE_TEXT,我們不能讓妳離開，姊妹。
ACT4_12_COMPLETESECONDQUESTSEQUENCE_PROLOGUEADVISORSEQUENCEELEMENTS_3_ADVICE_TEXT,如果妳願意乖乖地去坐牢，可以死得痛快點。
ACT4_12_COMPLETESECONDQUESTSEQUENCE_PROLOGUEADVISORSEQUENCEELEMENTS_4_ADVICE_TEXT,不要啊！薩娜！快救救我！我是太幽默而死不了！所以不能死在這裡的啦！
ACT4_12_COMPLETESECONDQUESTSEQUENCE_PROLOGUEADVISORSEQUENCEELEMENTS_5_ADVICE_TEXT,等等！快！快施展『放逐』在妳自己身上！趁情況尚未太遲，我們可以脫離這裡！
ACT4_13_COMPLETESEQUENCE_FOCUSADVICESEQUENCEELEMENTS_0_PROMPT_TEXT,安柏正以現任威望首領的身分\n玩一場政治遊戲。
ACT4_13_COMPLETESEQUENCE_FOCUSADVICESEQUENCEELEMENTS_1_PROMPT_TEXT,如果國王的生命被汙穢給吞噬殆盡，\n而且安柏仍然是威望首領的話，\n她就會贏得威望勝利，成功登上王座！
ACT4_13_COMPLETESEQUENCE_FOCUSADVICESEQUENCEELEMENTS_2_PROMPT_TEXT,森則正準備完成弒君者勝利。\n他需要接近王宮，然後直接襲擊國王。
ACT4_13_COMPLETESEQUENCE_FOCUSADVICESEQUENCEELEMENTS_3_PROMPT_TEXT,如果森在戰鬥中擊敗了國王而且沒有喪命，\n他將成為愛門羅的新國王。
ACT4_13_COMPLETESEQUENCE_FOCUSADVICESEQUENCEELEMENTS_4_PROMPT_TEXT,墨可利歐嘗試讓他的汙穢超過國王。
ACT4_13_COMPLETESEQUENCE_FOCUSADVICESEQUENCEELEMENTS_5_PROMPT_TEXT,若他擁有比國王更多的汙穢而殺死了國王，\n則墨可利歐將成為新的腐化之王。
ACT4_13_COMPLETESEQUENCE_FOCUSADVICESEQUENCEELEMENTS_6_PROMPT_TEXT,要達成心靈石勝利，\n英雄們首先必須收集四塊心靈石。
ACT4_13_COMPLETESEQUENCE_FOCUSADVICESEQUENCEELEMENTS_7_PROMPT_TEXT,有了四塊心靈石後，他們必須闖進王宮、\n面對國王，淨化王國的汙穢。
ACT4_13_COMPLETESEQUENCE_PROLOGUEADVISORSEQUENCEELEMENTS_0_ADVICE_TEXT,感謝懷爾德，正好趕上了。我真不敢相信，我們的國王居然被汙穢控制了！
ACT4_13_COMPLETESEQUENCE_PROLOGUEADVISORSEQUENCEELEMENTS_10_ADVICE_TEXT,我們還是先回去和那些滿嘴魚腥味的老熊談談吧，他們將會知道該怎麼做。
ACT4_13_COMPLETESEQUENCE_PROLOGUEADVISORSEQUENCEELEMENTS_1_ADVICE_TEXT,顯然國王已經時日無多了。但誰要來統治愛門羅呢？
ACT4_FAILPALACEPERILSEQUENCE_FOCUSADVICESEQUENCEELEMENTS_0_PROMPT_TEXT,攻進王宮是個十分艱鉅的任務，\n每次都會消耗所有剩餘的行動點數。
ACT4_FAILPALACEPERILSEQUENCE_PROLOGUEADVISORSEQUENCEELEMENTS_0_ADVICE_TEXT,呀！王宮戒備十分森嚴，只好再試試了。
ACT4_FAILPALACEPERILSEQUENCE_PROLOGUEADVISORSEQUENCEELEMENTS_1_ADVICE_TEXT,來，拿這張『戰略家』卡牌對著自己使用，然後再一次試著進入王宮吧！
ACT4_HEROADJACENTTOPALACESEQUENCE_PROLOGUEADVISORSEQUENCEELEMENTS_0_ADVICE_TEXT,我從來沒離王宮這麼近過，好大啊！如果是我，我會把它塗成藍色。
ACT4_HEROATTEMPTENTERPALACEEARLYSEQUENCE_FOCUSADVICESEQUENCEELEMENTS_0_PROMPT_TEXT,王宮是國王的領土。沒有什麼合適的理由千萬別進去。
ACT4_HEROATTEMPTENTERWRONGPALACESEQUENCE_PROLOGUEADVISORSEQUENCEELEMENTS_0_ADVICE_TEXT,這可不是<quest_tile>！
ACT4_HEROCORRUPTEDSEQUENCE_FOCUSADVICESEQUENCEELEMENTS_0_PROMPT_TEXT,當英雄的汙穢達到 5 以上即成為腐化狀態。
ACT4_HEROCORRUPTEDSEQUENCE_FOCUSADVICESEQUENCEELEMENTS_1_PROMPT_TEXT,腐化的英雄能獲得一些黑暗能力，例如每次在戰鬥中殺死其他生物，便會獲得生命值 +1。
ACT4_HEROCORRUPTEDSEQUENCE_FOCUSADVICESEQUENCEELEMENTS_2_PROMPT_TEXT,不過，腐化的英雄每逢黎明時仍會生命值 -1。
ACT4_HEROCORRUPTEDSEQUENCE_FOCUSADVICESEQUENCEELEMENTS_3_PROMPT_TEXT,此外，任何腐化的生物在進入巨石陣時，\n將會遭受數值等同其汙穢的傷害。
ACT4_HEROCORRUPTEDSEQUENCE_PROLOGUEADVISORSEQUENCEELEMENTS_0_ADVICE_TEXT,喔…不會吧？墨可利歐……他到底幹了什麼？
ACT4_LOADOUTCOMMSPOW03SEQUENCE_FOCUSADVICESEQUENCEELEMENTS_0_PROMPT_TEXT,薩娜的英雄能力，是面對腐化的生物時，\n不使用戰力，而改用她豐富的精力來戰鬥。
ACT4_PALACEPERILMERCURIOHELPERSEQUENCE_PROLOGUEADVISORSEQUENCEELEMENTS_0_ADVICE_TEXT,墨可利歐讓我們更容易進入王宮了。
ACT4_PALACEPERILMERCURIOHELPERSEQUENCE_PROLOGUEADVISORSEQUENCEELEMENTS_1_ADVICE_TEXT,他一定和我們一樣，都想知道國王到底怎麼了。
ACT4_PALACEPERILTHANEHELPERSEQUENCE_PROLOGUEADVISORSEQUENCEELEMENTS_0_ADVICE_TEXT,森讓我們更容易進入王宮了。
ACT4_PALACEPERILTHANEHELPERSEQUENCE_PROLOGUEADVISORSEQUENCEELEMENTS_1_ADVICE_TEXT,他一定和我們一樣，都想知道國王到底怎麼了。
AI_PLAYER_1,AI玩家1
AI_PLAYER_2,AI玩家2
AI_PLAYER_3,AI玩家3
AI_PLAYER_4,AI玩家4
ARMELLO_DESCRIPTION,《愛門羅》是一款嚴酷、奇幻風格、栩栩如生的桌上遊戲。充滿著驚心動魄的冒險，並結合了深度策略的卡牌戰術、豐富的棋盤策略、以及角色扮演的要素。快來進行史詩般的單人或多人對戰，施放咒術、雇用特務、並且準備好毒藥與計謀，踏上競逐王座的道路吧！
ARMELLO_DESCRIPTIONSHORT,《愛門羅》是一部驚心動魄的冒險故事，它結合了三種遊玩風格；涉及各種戰術的卡牌遊戲、具有多元戰略的桌上遊戲、以及角色扮演的系統。
ARMELLO_TITLE,愛門羅
BOAST_BANDIT01_0_DESCRIPTION,生命中的小事也值得慶祝。
BOAST_BANDIT01_0_NAME,蹦蹦跳跳
BOAST_BANDIT01_1_DESCRIPTION,空著肚子可偷不了東西。
BOAST_BANDIT01_1_NAME,精神食糧
BOAST_BANDIT02_0_DESCRIPTION,你想逃跑的話，就趁現在。
BOAST_BANDIT02_0_NAME,下一個就是你
BOAST_BANDIT02_1_DESCRIPTION,別問瓶子裡裝了什麼。
BOAST_BANDIT02_1_NAME,袖珍瓶
BOAST_BANDIT03_0_DESCRIPTION,高尚的品格，沉重的職責。
BOAST_BANDIT03_0_NAME,躬禮
BOAST_BANDIT03_1_DESCRIPTION,生活就在於享受簡單的快樂。
BOAST_BANDIT03_1_NAME,反思
BOAST_BANDIT04_0_DESCRIPTION,此乃君王風範。
BOAST_BANDIT04_0_NAME,帝王之風
BOAST_BANDIT04_1_DESCRIPTION,沒有樂趣的戰鬥，意義何在？
BOAST_BANDIT04_1_NAME,華麗
BOAST_BEAR01_0_DESCRIPTION,懷爾德照亮前方的道路。
BOAST_BEAR01_0_NAME,烽火
BOAST_BEAR01_1_DESCRIPTION,在花環中沉思。
BOAST_BEAR01_1_NAME,祈求
BOAST_BEAR02_0_DESCRIPTION,嘭嘭嘭 ……
BOAST_BEAR02_0_NAME,撼地者
BOAST_BEAR02_1_DESCRIPTION,你可能會想改變主意。
BOAST_BEAR02_1_NAME,挑戰者
BOAST_BEAR03_0_DESCRIPTION,自始至終的謙遜。
BOAST_BEAR03_0_NAME,在叫我嗎？
BOAST_BEAR03_1_DESCRIPTION,誰丟的？
BOAST_BEAR03_1_NAME,雜耍師！
BOAST_BEAR04_0_DESCRIPTION,當心點！別濺出來了！
BOAST_BEAR04_0_NAME,邪惡慶典
BOAST_BEAR04_1_DESCRIPTION,蜥蜴腿，貓頭鷹翅。
BOAST_BEAR04_1_NAME,晚餐呈上
BOAST_DRAGON01_0_DESCRIPTION,為蠕蟲送上讚美吧！
BOAST_DRAGON01_0_NAME,宣揚
BOAST_DRAGON01_1_DESCRIPTION,看穿從容自若的表象，擁抱垂涎的口水吧。
BOAST_DRAGON01_1_NAME,噴它
BOAST_DRAGON02_0_DESCRIPTION,在混亂中花點時間反省。
BOAST_DRAGON02_0_NAME,薩勒司
BOAST_DRAGON02_1_DESCRIPTION,時而平靜，時而狂暴。
BOAST_DRAGON02_1_NAME,克制的野蠻
BOAST_DRAGON03_0_DESCRIPTION,成功值得慶祝。
BOAST_DRAGON03_0_NAME,布拉瓦多
BOAST_DRAGON03_1_DESCRIPTION,鞭子不是拿來當裝飾品的。
BOAST_DRAGON03_1_NAME,鞭打
BOAST_DRAGON04_0_DESCRIPTION,一般來說，清潔是好習慣。
BOAST_DRAGON04_0_NAME,整飾
BOAST_DRAGON04_1_DESCRIPTION,英雄並非永遠穩定。
BOAST_DRAGON04_1_NAME,還要嗎？！
BOAST_RABBIT01_0_DESCRIPTION,致命兼具品味。
BOAST_RABBIT01_0_NAME,眼花目眩
BOAST_RABBIT01_1_DESCRIPTION,這是尋找寶藏的最佳舞蹈。
BOAST_RABBIT01_1_NAME,找到了！
BOAST_RABBIT02_0_DESCRIPTION,這套護甲真重！
BOAST_RABBIT02_0_NAME,手舞足蹈
BOAST_RABBIT02_1_DESCRIPTION,他差點就能碰到薩娜的肩膀了。
BOAST_RABBIT02_1_NAME,慶祝
BOAST_RABBIT03_0_DESCRIPTION,出色地完成工作。
BOAST_RABBIT03_0_NAME,大功告成
BOAST_RABBIT03_1_DESCRIPTION,這肯定對於健康和安全有害。
BOAST_RABBIT03_1_NAME,繁榮
BOAST_RABBIT04_0_DESCRIPTION,再一次，共赴戰場！
BOAST_RABBIT04_0_NAME,好啊！
BOAST_RABBIT04_1_DESCRIPTION,我已耳熟能詳。
BOAST_RABBIT04_1_NAME,和藹
BOAST_RAT01_0_DESCRIPTION,不必按捺住掌聲。
BOAST_RAT01_0_NAME,繁榮
BOAST_RAT01_1_DESCRIPTION,雖然看起來很美好，但同樣也很致命。
BOAST_RAT01_1_NAME,如簧之舌
BOAST_RAT02_0_DESCRIPTION,希望你不會介意丟掉一根手指頭 ......
BOAST_RAT02_0_NAME,刀刃之舞
BOAST_RAT02_1_DESCRIPTION,迅速、安靜、高品質。
BOAST_RAT02_1_NAME,逃遁
BOAST_RAT03_0_DESCRIPTION,我從未見過如此笑開懷的老鼠。
BOAST_RAT03_0_NAME,咯咯笑
BOAST_RAT03_1_DESCRIPTION,再近點，再近點。好了，別動。
BOAST_RAT03_1_NAME,招手呼喚
BOAST_RAT04_0_DESCRIPTION,殺人真是太好玩了！
BOAST_RAT04_0_NAME,吃吃笑
BOAST_RAT04_1_DESCRIPTION,讓我感覺煥然一新。
BOAST_RAT04_1_NAME,化妝室
BOAST_WOLF01_0_DESCRIPTION,劍術之道，盡在於練習。
BOAST_WOLF01_0_NAME,一號位置
BOAST_WOLF01_1_DESCRIPTION,可別在家嘗試這個。
BOAST_WOLF01_1_NAME,劍術大師
BOAST_WOLF02_0_DESCRIPTION,讓遊俠們知道，我贏了。
BOAST_WOLF02_0_NAME,嘯月
BOAST_WOLF02_1_DESCRIPTION,當心！
BOAST_WOLF02_1_NAME,迴馬槍
BOAST_WOLF03_0_DESCRIPTION,也許某天她會遇到能與她匹敵之人。
BOAST_WOLF03_0_NAME,下一個！
BOAST_WOLF03_1_DESCRIPTION,牢不可破的盾牆，是最值得一看的風景。
BOAST_WOLF03_1_NAME,列隊！
BOAST_WOLF04_0_DESCRIPTION,面對我，懦夫！
BOAST_WOLF04_0_NAME,嗜血
BOAST_WOLF04_1_DESCRIPTION,聽我怒吼！
BOAST_WOLF04_1_NAME,咆哮者
BRAWL_BRANDING_DEFAULT_DESCRIPTION,陌生人正在分享牠最喜歡的房規組合！
BRAWL_BRANDING_FURY_FRIDAY_DESCRIPTION,愛門羅會進入狂怒狀態！準備體驗一場更快、更猛、更多毛的王位爭奪戰吧！
CARD_BRW01_CARDDATA_EFFECTS_0_PACTEFFECTCONFIG_INITIATORTOOLTIP,如果你攻擊<hero>的話，造成戰力值 -2，直到下一回合結束。
CARD_BRW01_DESCRIPTION,<tooltip_Pact>條約</tooltip_Pact>：進攻對方\n會罰戰力值 -2 到\n下回合結束為止\n同時條約作廢。
CARD_BRW01_FLAVORTEXT,夠格的英雄苦幹到累垮為止，但要想和我爭吵？還是別了吧。
CARD_BRW01_FLAVORTEXTAUTHOR,-吞噬者約達納
CARD_BRW01_NAME,勇武咒約
CARD_BRW01_STATUSFEEDPLAYEDTOCREATURE,<from_creature> 對<to_creature>施用<card>。
CARD_BRW01_STATUSFEEDRECURRINGEFFECT,<to_creature> 被<card>折磨。
CARD_BRW01_TARGETTEXT,施用於英雄
CARD_BRW02_CARDDATA_EFFECTS_0_PACTEFFECTCONFIG_INITIATORTOOLTIP,在<hero>每次戰鬥殺死了他的對手之後，你會獲得生命值 +1。
CARD_BRW02_CARDDATA_EFFECTS_0_PACTEFFECTCONFIG_TARGETTOOLTIP,在你每次戰鬥殺死了你的對手之後，<hero>會獲得生命值 +1。
CARD_BRW02_DESCRIPTION,<tooltip_Pact>條約</tooltip_Pact>：締約對象\n若戰鬥殺死其他\n敵人，將會使你\n生命值 +1。
CARD_BRW02_FLAVORTEXT,天選之人啊，獻給我生命，穿越死亡與混沌，讓我青春永駐。
CARD_BRW02_FLAVORTEXTAUTHOR,-吞噬者約達納
CARD_BRW02_NAME,血源咒約
CARD_BRW02_STATUSFEEDPLAYEDTOCREATURE,<from_creature> 對<to_creature>施用<card>。
CARD_BRW02_STATUSFEEDRECURRINGEFFECT,<from_creature> 從<to_creature>的<card>中抽取生命。
CARD_BRW02_TARGETTEXT,施用於英雄
CARD_BRW03_CARDDATA_EFFECTS_0_PACTEFFECTCONFIG_INITIATORTOOLTIP,從<hero>的視線中隱藏。
CARD_BRW03_CARDDATA_EFFECTS_0_PACTEFFECTCONFIG_TARGETTOOLTIP,<hero>從你的視線中隱藏了。
CARD_BRW03_DESCRIPTION,<tooltip_Pact>條約</tooltip_Pact>：你獲得只針對締約對象作用的<specialstatus_stealth>潛行</specialstatus_stealth>效果。
CARD_BRW03_FLAVORTEXT,這披著偽裝的老熊能從你眼皮底下溜走。
CARD_BRW03_FLAVORTEXTAUTHOR,-吞噬者約達納
CARD_BRW03_NAME,眼瞳咒約
CARD_BRW03_STATUSFEEDPLAYEDTOCREATURE,<from_creature> 對<to_creature>施用<card>。
CARD_BRW03_TARGETTEXT,施用於英雄
CARD_BRW04_CARDDATA_EFFECTS_0_PACTEFFECTCONFIG_INITIATORTOOLTIP,<hero>遭遇的危機難度 +1。
CARD_BRW04_CARDDATA_EFFECTS_0_PACTEFFECTCONFIG_TARGETTOOLTIP,<hero> 使你遭遇的所有危機難度 +1。
CARD_BRW04_DESCRIPTION,<tooltip_Pact>條約</tooltip_Pact>：你的締約對象未來遭遇的危機難度 +1。
CARD_BRW04_FLAVORTEXT,非常遺憾，在這大好的一天可別再指望運氣了……今天它不會眷顧你了。
CARD_BRW04_FLAVORTEXTAUTHOR,-吞噬者約達納
CARD_BRW04_NAME,命運咒約
CARD_BRW04_STATUSFEEDPLAYEDTOCREATURE,<from_creature> 對<to_creature>施用<card>。
CARD_BRW04_TARGETTEXT,施用於英雄
CARD_BRW05_CARDDATA_EFFECTS_0_PACTEFFECTCONFIG_INITIATORTOOLTIP,從<hero>處借用 1 點<stat_type>。
CARD_BRW05_CARDDATA_EFFECTS_0_PACTEFFECTCONFIG_TARGETTOOLTIP,<hero> 借用 1 點<stat_type>。
CARD_BRW05_DESCRIPTION,<tooltip_Pact>條約</tooltip_Pact>：你從締約\n對象的最高屬性\n裡面借取 1 點。
CARD_BRW05_FLAVORTEXT,這裏或者那裏，我總能從這老熊身上取走點東西。
CARD_BRW05_FLAVORTEXTAUTHOR,-吞噬者約達納
CARD_BRW05_NAME,技藝咒約
CARD_BRW05_STATUSFEEDPLAYEDTOCREATURE,<from_creature> 對<to_creature>施用<card>。
CARD_BRW05_TARGETTEXT,施用於英雄
CARD_CON01_DESCRIPTION,生命值 +2。
CARD_CON01_FLAVORTEXT,壓搾懷爾德芳草的花二十瓣用來製作一份治療藥劑，或是點燃乾草葉四片來舒緩神經。
CARD_CON01_FLAVORTEXTAUTHOR,~101條旅行小撇步
CARD_CON01_NAME,懷爾德芳草
CARD_CON01_STATUSFEEDPLAYEDTOCREATURE,<from_creature>對<to_creature>使用了<card>。
CARD_CON01_STATUSFEEDPLAYEDTOTILE,<from_creature>對<tile_name>使用了<card>。
CARD_CON01_TARGETTEXT,施用於生物
CARD_CON02_DESCRIPTION,生命值 +4。
CARD_CON02_FLAVORTEXT,從林中最遠古的巨樹精萃而來，只要喝下一大口之後，就能夠讓大部分的傷口癒合。
CARD_CON02_FLAVORTEXTAUTHOR,~田野植物學
CARD_CON02_NAME,懷爾德樹液
CARD_CON02_STATUSFEEDPLAYEDTOCREATURE,<from_creature>對<to_creature>使用了<card>。
CARD_CON02_STATUSFEEDPLAYEDTOTILE,<from_creature>對<tile_name>使用了<card>。
CARD_CON02_TARGETTEXT,施用於生物
CARD_CON03_DESCRIPTION,把最鄰近的魔鴆傳送到這格子。
CARD_CON03_FLAVORTEXT,年輕人的天真何其甘美……何其容易被邪惡之手摧殘。
CARD_CON03_FLAVORTEXTAUTHOR,~審判官法爾
CARD_CON03_NAME,幼獸之血
CARD_CON03_STATUSFEEDPLAYEDTOCREATURE,<from_creature>對<to_creature>使用了<card>。
CARD_CON03_STATUSFEEDPLAYEDTOTILE,<from_creature>對<tile_name>使用了<card>。
CARD_CON03_TARGETTEXT,施用於空白格子
CARD_CON04_DESCRIPTION,生命值 -2。
CARD_CON04_FLAVORTEXT,有時候有力的言辭勝過一切。顯然這次不是。
CARD_CON04_FLAVORTEXTAUTHOR,~沃肯·費力多
CARD_CON04_NAME,飛斧
CARD_CON04_STATUSFEEDPLAYEDTOCREATURE,<from_creature>對<to_creature>使用了<card>。
CARD_CON04_STATUSFEEDPLAYEDTOTILE,<from_creature>對<tile_name>使用了<card>。
CARD_CON04_TARGETTEXT,施用於生物
CARD_CON05_DESCRIPTION,戰力值 +1 \n但智力值 -1，\n直到下一個回合\n結束時為止。
CARD_CON05_FLAVORTEXT,有時你需要的不是敏銳的判斷力，而是投入戰鬥的膽量。
CARD_CON05_FLAVORTEXTAUTHOR,~瑪戈爾兄弟
CARD_CON05_NAME,狂烈野莓啤酒
CARD_CON05_STATUSFEEDPLAYEDTOCREATURE,<from_creature>對<to_creature>使用了<card>。
CARD_CON05_STATUSFEEDPLAYEDTOTILE,<from_creature>對<tile_name>使用了<card>。
CARD_CON05_TARGETTEXT,施用於生物
CARD_CON06_DESCRIPTION,魔法 +2。
CARD_CON06_FLAVORTEXT,好吧。你覺得保持光芒的完整度不重要？那你自己來收這些月光果吧！
CARD_CON06_FLAVORTEXTAUTHOR,~瑞格·克勞斯
CARD_CON06_NAME,月光精華
CARD_CON06_STATUSFEEDPLAYEDTOCREATURE,<from_creature>對<to_creature>使用了<card>。
CARD_CON06_STATUSFEEDPLAYEDTOTILE,<from_creature>對<tile_name>使用了<card>。
CARD_CON06_TARGETTEXT,施用於英雄
CARD_CON07_DESCRIPTION,行動點數 +1，\n而生命值 -1。
CARD_CON07_FLAVORTEXT,繼續！把它放到你嘴裡去！它確實是有點辣，但也只是一點點辣 ...... 或是超！級！辣！哈哈哈哈哈！
CARD_CON07_FLAVORTEXTAUTHOR,~大男孩
CARD_CON07_NAME,燒辣汙穢酒
CARD_CON07_STATUSFEEDPLAYEDTOCREATURE,<from_creature>對<to_creature>使用了<card>。
CARD_CON07_STATUSFEEDPLAYEDTOTILE,<from_creature>對<tile_name>使用了<card>。
CARD_CON07_TARGETTEXT,施用於生物
CARD_CON08_DESCRIPTION,暫時汙穢 -2，\n直到下一個回合\n結束時為止。
CARD_CON08_FLAVORTEXT,她把頭靠在發光的苔蘚上一會兒，黑暗隨即褪去了。
CARD_CON08_FLAVORTEXTAUTHOR,~萊亞重奏的記述
CARD_CON08_NAME,高山苔蘚
CARD_CON08_STATUSFEEDPLAYEDTOCREATURE,<from_creature>對<to_creature>使用了<card>。
CARD_CON08_STATUSFEEDPLAYEDTOTILE,<from_creature>對<tile_name>使用了<card>。
CARD_CON08_TARGETTEXT,施用於生物
CARD_CON09_DESCRIPTION,威望 +1。
CARD_CON09_FLAVORTEXT,享片刻的珍珠茶，敬永恒的愛門羅。
CARD_CON09_FLAVORTEXTAUTHOR,~冠軍
CARD_CON09_NAME,珍珠茶
CARD_CON09_STATUSFEEDPLAYEDTOCREATURE,<from_creature>對<to_creature>使用了<card>。
CARD_CON09_TARGETTEXT,施用於英雄
CARD_CON10_DESCRIPTION,使目標<specialstatus_poisoned>中毒</specialstatus_poisoned>，\n直到下一個回合\n結束時為止。
CARD_CON10_FLAVORTEXT,她的呼吸將停歇，她的血液將凝結。
CARD_CON10_FLAVORTEXTAUTHOR,~斯特里夫女王
CARD_CON10_NAME,帶毒贈禮
CARD_CON10_STATUSFEEDPLAYEDTOCREATURE,<from_creature>對<to_creature>使用了<card>。
CARD_CON10_STATUSFEEDPLAYEDTOTILE,<from_creature>對<tile_name>使用了<card>。
CARD_CON10_TARGETTEXT,施用於英雄\n或國王的守衛
CARD_CON11_DESCRIPTION,生命值 +1、\n以及魔法 +1。\n但<tooltip_HeroExplodePool>爆裂池</tooltip_HeroExplodePool> -2 直到\n下回合結束時。
CARD_CON11_FLAVORTEXT,一陣滾滾灰塵讓人不得不打起精神，卻也讓你視線變得模糊；巨龍派對裡最受歡迎的東西。
CARD_CON11_FLAVORTEXTAUTHOR,萊桑德
CARD_CON11_NAME,黑莓塵
CARD_CON11_STATUSFEEDPLAYEDTOCREATURE,<from_creature>對<to_creature>使用了<card>。
CARD_CON11_TARGETTEXT,施用於生物
CARD_CON12_DESCRIPTION,戰鬥中擲出的劍\n全都會塗上<tooltip_PoisonAttack>中毒</tooltip_PoisonAttack>\n直到下一個回合\n結束時為止。
CARD_CON12_FLAVORTEXT,毒蛇並不需要多麼厲害的力量，只是那樣的輕輕一咬，即進入了永眠。
CARD_CON12_FLAVORTEXTAUTHOR,~西瓦克·克魯列
CARD_CON12_NAME,蛇毒
CARD_CON12_STATUSFEEDPLAYEDTOCREATURE,<from_creature>對<to_creature>使用了<card>。
CARD_CON12_TARGETTEXT,施用於生物
CARD_CON13_DESCRIPTION,下一次移動時，在目標格子上建立一個相同的幻象。
CARD_CON13_FLAVORTEXT,我不向蠕蟲求取力量。我與它同在！看到了吧？它就在這裡！
CARD_CON13_FLAVORTEXTAUTHOR,納扎爾，狂人
CARD_CON13_NAME,幻象
CARD_CON13_TARGETTEXT,對空白格子有效
CARD_FOL01_DESCRIPTION,隨機屬性 +1，\n且每回合變化。
CARD_FOL01_FLAVORTEXT,你可以在大多數的貿易站買到灰尾藥劑，但我總把最有意思的東西留下來自己珍藏 …...
CARD_FOL01_FLAVORTEXTAUTHOR,~灰尾辛
CARD_FOL01_NAME,煉金術師
CARD_FOL01_STATUSFEEDPLAYEDTOCREATURE,<from_creature>對<to_creature>使用了<card>。
CARD_FOL01_STATUSFEEDPLAYEDTOTILE,<from_creature>對<tile_name>使用了<card>。
CARD_FOL01_TARGETTEXT,可招募
CARD_FOL02_DESCRIPTION,所有生命值增益\n效果額外 +2。
CARD_FOL02_FLAVORTEXT,你該慶幸我有找到你，不然你撐不到現在的。
CARD_FOL02_FLAVORTEXTAUTHOR,~格魯夫·洛夫克特
CARD_FOL02_NAME,藥劑師
CARD_FOL02_STATUSFEEDPLAYEDTOCREATURE,<from_creature>對<to_creature>使用了<card>。
CARD_FOL02_STATUSFEEDPLAYEDTOTILE,<from_creature>對<tile_name>使用了<card>。
CARD_FOL02_TARGETTEXT,可招募
CARD_FOL03_DESCRIPTION,魔法不足仍然能\n施放咒術，替代\n每點欠缺之魔法\n的是生命值 -1。
CARD_FOL03_FLAVORTEXT,如果你想知道關於力量的真諦，那麼我可以幫得上忙。
CARD_FOL03_FLAVORTEXTAUTHOR,~辛瓦·所瑞
CARD_FOL03_NAME,術士
CARD_FOL03_STATUSFEEDPLAYEDTOCREATURE,<from_creature>對<to_creature>使用了<card>。
CARD_FOL03_STATUSFEEDPLAYEDTOTILE,<from_creature>對<tile_name>使用了<card>。
CARD_FOL03_TARGETTEXT,可招募
CARD_FOL04_DESCRIPTION,探索中找到更多\n金幣與魔法。
CARD_FOL04_FLAVORTEXT,是啊，我曾遊歷過愛門羅絕大部分的地方。咒術高原？噢你真該見識！還有伯格泥潭。是啊，噁。
CARD_FOL04_FLAVORTEXTAUTHOR,~希爾·特雷德莫
CARD_FOL04_NAME,探險者
CARD_FOL04_STATUSFEEDPLAYEDTOCREATURE,<from_creature>對<to_creature>使用了<card>。
CARD_FOL04_STATUSFEEDPLAYEDTOTILE,<from_creature>對<tile_name>使用了<card>。
CARD_FOL04_TARGETTEXT,可招募
CARD_FOL05_DESCRIPTION,咒術卡牌所需的魔法耗費 -1。
CARD_FOL05_FLAVORTEXT,英雄！我們能施展這裡頭所有咒術，還有魔法，還有，哇，瞧這些東西！哦～天哪！
CARD_FOL05_FLAVORTEXTAUTHOR,~莫夫·格雷柏
CARD_FOL05_NAME,學徒
CARD_FOL05_STATUSFEEDPLAYEDTOCREATURE,<from_creature>對<to_creature>使用了<card>。
CARD_FOL05_STATUSFEEDPLAYEDTOTILE,<from_creature>對<tile_name>使用了<card>。
CARD_FOL05_TARGETTEXT,可招募
CARD_FOL06_DESCRIPTION,戰鬥中，最先裝備的\n含劍／盾符號的\n卡牌，\n使劍／盾 +1。
CARD_FOL06_FLAVORTEXT,我能把任何東西放進爐子裡，然後讓它拿出來的時候變得更強一些。任何東西！
CARD_FOL06_FLAVORTEXTAUTHOR,~蘭斯·雷德霍夫
CARD_FOL06_NAME,鐵匠
CARD_FOL06_STATUSFEEDPLAYEDTOCREATURE,<from_creature>對<to_creature>使用了<card>。
CARD_FOL06_STATUSFEEDPLAYEDTOTILE,<from_creature>對<tile_name>使用了<card>。
CARD_FOL06_TARGETTEXT,可招募
CARD_FOL07_DESCRIPTION,喧賓奪主；\n歧路徘徊；\n見異思遷。
CARD_FOL07_FLAVORTEXT,我？不…我沒事。不用管我。
CARD_FOL07_FLAVORTEXTAUTHOR,~陌生人
CARD_FOL07_NAME,陌生人
CARD_FOL07_STATUSFEEDPLAYEDTOCREATURE,<from_creature>對<to_creature>使用了<card>。
CARD_FOL07_STATUSFEEDPLAYEDTOTILE,<from_creature>對<tile_name>使用了<card>。
CARD_FOL07_STATUSFEEDRECURRINGEFFECT,<to_creature>被<card>帶錯了路。
CARD_FOL07_TARGETTEXT,可招募
CARD_FOL08_DESCRIPTION,在危機中的時候\n骰子數 +2。
CARD_FOL08_FLAVORTEXT,你？一個英雄？！好吧，嗯……感覺壓力會很大，但我覺得我做得到 ── 不過「英雄」到底是什麼東西啊？
CARD_FOL08_FLAVORTEXTAUTHOR,~基普·浮樂福
CARD_FOL08_NAME,超級傻瓜
CARD_FOL08_STATUSFEEDPLAYEDTOCREATURE,<from_creature>對<to_creature>使用了<card>。
CARD_FOL08_STATUSFEEDPLAYEDTOTILE,<from_creature>對<tile_name>使用了<card>。
CARD_FOL08_TARGETTEXT,可招募
CARD_FOL09_DESCRIPTION,當你成功地\n逃出了危機之後\n獲得威望 +1。
CARD_FOL09_FLAVORTEXT,你做事，我寫歌，獨家創作，輕輕鬆鬆！
CARD_FOL09_FLAVORTEXTAUTHOR,~魯斯蒂
CARD_FOL09_NAME,吟遊詩人
CARD_FOL09_STATUSFEEDPLAYEDTOCREATURE,<from_creature>對<to_creature>使用了<card>。
CARD_FOL09_STATUSFEEDPLAYEDTOTILE,<from_creature>對<tile_name>使用了<card>。
CARD_FOL09_TARGETTEXT,可招募
CARD_FOL10_DESCRIPTION,招募後立即移除<specialstatus_poisoned>中毒</specialstatus_poisoned>，並在招募期間免疫中毒。
CARD_FOL10_FLAVORTEXT,我會為你試毒，但我會吃不止一口。或是兩口。好吧，是三…不，四口。
CARD_FOL10_FLAVORTEXTAUTHOR,~賈波·古兹
CARD_FOL10_NAME,試毒者
CARD_FOL10_TARGETTEXT,可招募
CARD_FOL11_DESCRIPTION,在戰鬥之中除了\n使戰力值 +1，\n手牌的盾牌符號\n也變成劍符號。
CARD_FOL11_FLAVORTEXT,我…不怎麼喜歡說話。這通常會讓我生氣，所以我盡量避免。
CARD_FOL11_FLAVORTEXTAUTHOR,~弗倫·博樂福
CARD_FOL11_NAME,狂戰士
CARD_FOL11_STATUSFEEDPLAYEDTOCREATURE,<from_creature>對<to_creature>使用了<card>。
CARD_FOL11_STATUSFEEDPLAYEDTOTILE,<from_creature>對<tile_name>使用了<card>。
CARD_FOL11_TARGETTEXT,可招募
CARD_FOL12_DESCRIPTION,這名侍從會在你\n下次戰鬥陣亡時\n代替你而死去，\n幫你撿回一命。
CARD_FOL12_FLAVORTEXT,你太偉大了。我會為你奉獻生命 ── 什麼？呃…不，我是說…嘿～老兄，瞧你這身材！
CARD_FOL12_FLAVORTEXTAUTHOR,~皮卡·波茨
CARD_FOL12_NAME,侍從
CARD_FOL12_SKINS_0_FLAVORTEXT,嗯，我對這個不太瞭解。我意思是，你確定這安全嗎？我們還是回去吧，好嗎？
CARD_FOL12_SKINS_0_FLAVORTEXTAUTHOR,~咯比
CARD_FOL12_STATUSFEEDPLAYEDTOCREATURE,<from_creature>對<to_creature>使用了<card>。
CARD_FOL12_STATUSFEEDPLAYEDTOTILE,<from_creature>對<tile_name>使用了<card>。
CARD_FOL12_TARGETTEXT,可招募
CARD_FOL13_DESCRIPTION,每在地圖上埋設一個咒術危機，就能夠隨機獲得一張咒術卡牌。
CARD_FOL13_FLAVORTEXT,卡牌的力量比常人所知的還要強大。控制那些卡牌，即控制愛門羅本身。
CARD_FOL13_FLAVORTEXTAUTHOR,~李凡思·恩德斯洛
CARD_FOL13_NAME,咒術師
CARD_FOL13_STATUSFEEDPLAYEDTOCREATURE,<from_creature>對<to_creature>使用了<card>。
CARD_FOL13_STATUSFEEDPLAYEDTOTILE,<from_creature>對<tile_name>使用了<card>。
CARD_FOL13_TARGETTEXT,可招募
CARD_FOL14_DESCRIPTION,這夥伴計為一處已佔領的村落。
CARD_FOL14_FLAVORTEXT,和其它東西一樣，有品質的對話，需要的不過是時間而已。
CARD_FOL14_FLAVORTEXTAUTHOR,~霍恩·格魯姆·比爾巴赫
CARD_FOL14_NAME,外交官
CARD_FOL14_TARGETTEXT,可招募
CARD_FOL15_DESCRIPTION,在山地中的時候\n獲得金幣 +1、\n賦予盾牌 +1。
CARD_FOL15_FLAVORTEXT,千百年來，我的部落都在這群山之中勞作。現在你可以把他們的收穫納為己有了。
CARD_FOL15_FLAVORTEXTAUTHOR,~烏拉克·巴爾
CARD_FOL15_NAME,礦工
CARD_FOL15_STATUSFEEDPLAYEDTOCREATURE,<from_creature>對<to_creature>使用了<card>。
CARD_FOL15_STATUSFEEDPLAYEDTOTILE,<from_creature>對<tile_name>使用了<card>。
CARD_FOL15_TARGETTEXT,可招募
CARD_FOL16_DESCRIPTION,揭露所有英雄的任務目標地點。
CARD_FOL16_FLAVORTEXT,無需利劍、詭術或咒術，情報足矣。這就是我贈予你的禮物。這就是真實的力量。
CARD_FOL16_FLAVORTEXTAUTHOR,~納特·封大師
CARD_FOL16_NAME,王牌間諜
CARD_FOL16_STATUSFEEDPLAYEDTOCREATURE,<from_creature>對<to_creature>使用了<card>。
CARD_FOL16_STATUSFEEDPLAYEDTOTILE,<from_creature>對<tile_name>使用了<card>。
CARD_FOL16_TARGETTEXT,可招募
CARD_FOL17_DESCRIPTION,未用的行動點數變成金幣 +2。
CARD_FOL17_FLAVORTEXT,嚴謹的財政是一個優秀政府的支柱。若你要建立統治，那你就需要我。
CARD_FOL17_FLAVORTEXTAUTHOR,~霍拉提奧·賈庫爾
CARD_FOL17_NAME,財務官
CARD_FOL17_STATUSFEEDPLAYEDTOCREATURE,<from_creature>對<to_creature>使用了<card>。
CARD_FOL17_STATUSFEEDPLAYEDTOTILE,<from_creature>對<tile_name>使用了<card>。
CARD_FOL17_STATUSFEEDRECURRINGEFFECT,<to_creature>的<card>轉變時間成為金幣。
CARD_FOL17_TARGETTEXT,可招募
CARD_FOL18_DESCRIPTION,每逢黃昏的時候\n獲得金幣 +2。
CARD_FOL18_FLAVORTEXT,嘿，我會付錢資助你的小小遠征的。等你登頂稱王的時候要記得我哦，好嗎？
CARD_FOL18_FLAVORTEXTAUTHOR,~斯基夫
CARD_FOL18_NAME,商人
CARD_FOL18_STATUSFEEDPLAYEDTOCREATURE,<from_creature>對<to_creature>使用了<card>。
CARD_FOL18_STATUSFEEDPLAYEDTOTILE,<from_creature>對<tile_name>使用了<card>。
CARD_FOL18_STATUSFEEDRECURRINGEFFECT,<to_creature>從<card>中獲得收入
CARD_FOL18_TARGETTEXT,可招募
CARD_GALLERY_FOLLOWERS,隨從
CARD_GALLERY_ITEMS,道具
CARD_GALLERY_PAGE_FOOTER,{0}/{1}頁
CARD_GALLERY_SPELLS,咒術
CARD_GALLERY_TREASURES,寶藏
CARD_GALLERY_TRICKERY,詭術
CARD_ITM01_DESCRIPTION,智力值 +1。\n在戰鬥中的時候\n賦予盾牌 +1。
CARD_ITM01_FLAVORTEXT,我們保護我們所敬重者。守護一個人的冠冕，即是承認其人的智慧。
CARD_ITM01_FLAVORTEXTAUTHOR,~智者奧萊恩
CARD_ITM01_NAME,群英頭盔
CARD_ITM01_STATUSFEEDPLAYEDTOCREATURE,<from_creature>對<to_creature>使用了<card>。
CARD_ITM01_STATUSFEEDPLAYEDTOTILE,<from_creature>對<tile_name>使用了<card>。
CARD_ITM01_TARGETTEXT,可裝備
CARD_ITM02_DESCRIPTION,在戰鬥中的時候\n前 2 個燃燒掉的\n太陽或月亮符號\n賦予<tooltip_PiercingAttack>穿透</tooltip_PiercingAttack>效果。
CARD_ITM02_FLAVORTEXT,意識到兔族發明的嚴重性之後，國王下令將這些加農砲視為禁忌、全數銷毀，直到永遠。
CARD_ITM02_FLAVORTEXTAUTHOR,~多斯特韋檔案
CARD_ITM02_NAME,手持加農砲
CARD_ITM02_STATUSFEEDPLAYEDTOCREATURE,<from_creature>對<to_creature>使用了<card>。
CARD_ITM02_STATUSFEEDPLAYEDTOTILE,<from_creature>對<tile_name>使用了<card>。
CARD_ITM02_TARGETTEXT,可裝備
CARD_ITM03_DESCRIPTION,戰鬥骰子數 +4 \n且每次戰鬥如果\n沒殺死對手就會\n使你生命值 -1。
CARD_ITM03_FLAVORTEXT,如此邪惡，如此怨恨，如此敵意，這絕對不能落入腐化者之手……
CARD_ITM03_FLAVORTEXTAUTHOR,~懷爾德先知奧倫
CARD_ITM03_NAME,魔鴆之刃
CARD_ITM03_STATUSFEEDPLAYEDTOCREATURE,<from_creature>對<to_creature>使用了<card>。
CARD_ITM03_STATUSFEEDPLAYEDTOTILE,<from_creature>對<tile_name>使用了<card>。
CARD_ITM03_STATUSFEEDRECURRINGEFFECT,<card>會破壞<to_creature>的生命能量。
CARD_ITM03_TARGETTEXT,可裝備
CARD_ITM04_DESCRIPTION,戰鬥中未命中的\n太陽和月亮符號\n全都計為防禦。
CARD_ITM04_FLAVORTEXT,無論日夜，國王堅守。皇室護盾，滴水不漏。
CARD_ITM04_FLAVORTEXTAUTHOR,~獅王與魔鴆
CARD_ITM04_NAME,皇室護盾
CARD_ITM04_STATUSFEEDPLAYEDTOCREATURE,<from_creature>對<to_creature>使用了<card>。
CARD_ITM04_STATUSFEEDPLAYEDTOTILE,<from_creature>對<tile_name>使用了<card>。
CARD_ITM04_TARGETTEXT,可裝備
CARD_ITM05_DESCRIPTION,在白天時能使\n智力值 +1；\n而夜晚時變成\n精力值 +1。
CARD_ITM05_FLAVORTEXT,我與這個客人只共舞過一次。我仍然記得那個面具。如此華麗而又絢爛。
CARD_ITM05_FLAVORTEXTAUTHOR,~瑪維琳夫人
CARD_ITM05_NAME,化妝面具
CARD_ITM05_STATUSFEEDPLAYEDTOCREATURE,<from_creature>對<to_creature>使用了<card>。
CARD_ITM05_STATUSFEEDPLAYEDTOTILE,<from_creature>對<tile_name>使用了<card>。
CARD_ITM05_TARGETTEXT,可裝備
CARD_ITM06_DESCRIPTION,在夜晚時能夠讓\n<tooltip_HeroExplodePool>爆裂池</tooltip_HeroExplodePool> +2，\n這時的月亮符號\n也會爆炸。
CARD_ITM06_FLAVORTEXT,在暗夜注視之下，它必將得以豐收。在暗夜注視之下，懷爾德始終護佑。
CARD_ITM06_FLAVORTEXTAUTHOR,~德魯伊禱言
CARD_ITM06_NAME,銀月巨鐮
CARD_ITM06_STATUSFEEDPLAYEDTOCREATURE,<from_creature>對<to_creature>使用了<card>。
CARD_ITM06_STATUSFEEDPLAYEDTOTILE,<from_creature>對<tile_name>使用了<card>。
CARD_ITM06_TARGETTEXT,可裝備
CARD_ITM07_DESCRIPTION,在戰鬥和危機中\n<tooltip_HeroExplodePool>爆裂池</tooltip_HeroExplodePool> +2。\n而魔鴆也將不再\n主動攻擊你。
CARD_ITM07_FLAVORTEXT,魔鴆之爪是如此強大，據說哪怕是隻幼崽戴上它，都能在一群黑鳥中來去自如。
CARD_ITM07_FLAVORTEXTAUTHOR,~傑羅姆 法雯
CARD_ITM07_NAME,魔鴆之爪
CARD_ITM07_STATUSFEEDPLAYEDTOCREATURE,<from_creature>對<to_creature>使用了<card>。
CARD_ITM07_STATUSFEEDPLAYEDTOTILE,<from_creature>對<tile_name>使用了<card>。
CARD_ITM07_TARGETTEXT,可裝備
CARD_ITM08_DESCRIPTION,移除對你的<specialstatus_bounty>懸賞</specialstatus_bounty>\n且享有豁免權。
CARD_ITM08_FLAVORTEXT,同一時間只有一張皇室赦令生效，但等我找到它，就看著我大殺特殺吧！
CARD_ITM08_FLAVORTEXTAUTHOR,~屠夫
CARD_ITM08_NAME,皇室赦令
CARD_ITM08_STATUSFEEDPLAYEDTOCREATURE,<from_creature>對<to_creature>使用了<card>。
CARD_ITM08_STATUSFEEDPLAYEDTOTILE,<from_creature>對<tile_name>使用了<card>。
CARD_ITM08_TARGETTEXT,可裝備
CARD_ITM09_DESCRIPTION,讓你無視山地的\n移動懲罰及沼澤\n的生命損害。
CARD_ITM09_FLAVORTEXT,勇敢前行，相信你的靴子！
CARD_ITM09_FLAVORTEXTAUTHOR,~阿德萊茨·阿尼洛克
CARD_ITM09_NAME,飛天翅靴
CARD_ITM09_STATUSFEEDPLAYEDTOCREATURE,<from_creature>對<to_creature>使用了<card>。
CARD_ITM09_STATUSFEEDPLAYEDTOTILE,<from_creature>對<tile_name>使用了<card>。
CARD_ITM09_TARGETTEXT,可裝備
CARD_ITM10_DESCRIPTION,精力值 +1。\n每逢黎明的時候\n獲得魔法 +2。
CARD_ITM10_FLAVORTEXT,懷爾德烈焰是難得一見的奇觀。能將魔鴆焚燒成灰燼，卻不會傷害內心的純潔。
CARD_ITM10_FLAVORTEXTAUTHOR,~傑夫·奧肯法爾
CARD_ITM10_NAME,懷爾德烈焰權杖
CARD_ITM10_STATUSFEEDPLAYEDTOCREATURE,<from_creature>對<to_creature>使用了<card>。
CARD_ITM10_STATUSFEEDPLAYEDTOTILE,<from_creature>對<tile_name>使用了<card>。
CARD_ITM10_TARGETTEXT,可裝備
CARD_ITM11_DESCRIPTION,在戰鬥中的時候\n賦予盾牌 +1。
CARD_ITM11_FLAVORTEXT,我信任一面堅固的盾牌，更勝於信任那些在愛門羅的漫漫旅途中碰見的任何旅伴。
CARD_ITM11_FLAVORTEXTAUTHOR,~布洛夫·斷牙
CARD_ITM11_NAME,堅固的盾牌
CARD_ITM11_STATUSFEEDPLAYEDTOCREATURE,<from_creature>對<to_creature>使用了<card>。
CARD_ITM11_STATUSFEEDPLAYEDTOTILE,<from_creature>對<tile_name>使用了<card>。
CARD_ITM11_TARGETTEXT,可裝備
CARD_ITM12_DESCRIPTION,在戰鬥中的時候\n賦予劍 +1。
CARD_ITM12_FLAVORTEXT,金幣會花掉，朋友會離開，酒也會喝完，但一把好劍總會是你一生的好伴侶。
CARD_ITM12_FLAVORTEXTAUTHOR,~薩沙·斯威夫特
CARD_ITM12_NAME,彪炳的鋼劍
CARD_ITM12_STATUSFEEDPLAYEDTOCREATURE,<from_creature>對<to_creature>使用了<card>。
CARD_ITM12_STATUSFEEDPLAYEDTOTILE,<from_creature>對<tile_name>使用了<card>。
CARD_ITM12_TARGETTEXT,可裝備
CARD_ITM13_DESCRIPTION,在危機中的時候\n骰子數 +1。
CARD_ITM13_FLAVORTEXT,你說你不需要是什麼意思？你是個冒險者，這是個冒險者工具包！你耍我嗎？！
CARD_ITM13_FLAVORTEXTAUTHOR,~店老闆吉爾
CARD_ITM13_NAME,冒險者工具包
CARD_ITM13_STATUSFEEDPLAYEDTOCREATURE,<from_creature>對<to_creature>使用了<card>。
CARD_ITM13_STATUSFEEDPLAYEDTOTILE,<from_creature>對<tile_name>使用了<card>。
CARD_ITM13_TARGETTEXT,可裝備
CARD_ITM14_DESCRIPTION,在戰鬥中的時候\n賦予劍 +2，\n但<tooltip_HeroExplodePool>爆裂池</tooltip_HeroExplodePool> -1。
CARD_ITM14_FLAVORTEXT,又慢又沉。但你學會如何揮舞這東西之後，你就能像砸開野莓荊棘叢一樣地把巨魔的腦袋瓜給砸個稀巴爛！
CARD_ITM14_FLAVORTEXTAUTHOR,~格魯格·霍夫
CARD_ITM14_NAME,尖錐戰鎚
CARD_ITM14_STATUSFEEDPLAYEDTOCREATURE,<from_creature>對<to_creature>使用了<card>。
CARD_ITM14_STATUSFEEDPLAYEDTOTILE,<from_creature>對<tile_name>使用了<card>。
CARD_ITM14_TARGETTEXT,可裝備
CARD_ITM15_DESCRIPTION,在戰鬥中的時候\n賦予盾牌 +2，\n而骰子數 -1。
CARD_ITM15_FLAVORTEXT,你不會是裡面最敏捷的人，但也不會是死得最慘的人。
CARD_ITM15_FLAVORTEXTAUTHOR,~女戰士娜拉
CARD_ITM15_NAME,戰鬥護甲
CARD_ITM15_STATUSFEEDPLAYEDTOCREATURE,<from_creature>對<to_creature>使用了<card>。
CARD_ITM15_STATUSFEEDPLAYEDTOTILE,<from_creature>對<tile_name>使用了<card>。
CARD_ITM15_TARGETTEXT,可裝備
CARD_ITM16_DESCRIPTION,在戰鬥中的時候\n骰子數 +1。
CARD_ITM16_FLAVORTEXT,我不需要控制。給我個砍下去會血肉飛濺的武器就好。
CARD_ITM16_FLAVORTEXTAUTHOR,~冷酷的艾克拉布
CARD_ITM16_NAME,戰鬥砍斧
CARD_ITM16_STATUSFEEDPLAYEDTOCREATURE,<from_creature>對<to_creature>使用了<card>。
CARD_ITM16_STATUSFEEDPLAYEDTOTILE,<from_creature>對<tile_name>使用了<card>。
CARD_ITM16_TARGETTEXT,可裝備
CARD_ITM17_DESCRIPTION,在戰鬥中的時候\n賦予劍 +1、\n以及盾牌 +1。
CARD_ITM17_FLAVORTEXT,指關節的那些汙漬可不是灰塵而已，而是多年的邪惡行徑造就的痕跡！
CARD_ITM17_FLAVORTEXTAUTHOR,~布藍茲維武器庫
CARD_ITM17_NAME,掠奪者護手
CARD_ITM17_STATUSFEEDPLAYEDTOCREATURE,<from_creature>對<to_creature>使用了<card>。
CARD_ITM17_STATUSFEEDPLAYEDTOTILE,<from_creature>對<tile_name>使用了<card>。
CARD_ITM17_TARGETTEXT,可裝備
CARD_ITM18_DESCRIPTION,行動點數 -1。\n在戰鬥中的時候\n賦予盾牌 +3。
CARD_ITM18_FLAVORTEXT,來得晚至少比死得早還要好。
CARD_ITM18_FLAVORTEXTAUTHOR,~伍德森·李爾
CARD_ITM18_NAME,重型板甲
CARD_ITM18_STATUSFEEDPLAYEDTOCREATURE,<from_creature>對<to_creature>使用了<card>。
CARD_ITM18_STATUSFEEDPLAYEDTOTILE,<from_creature>對<tile_name>使用了<card>。
CARD_ITM18_TARGETTEXT,可裝備
CARD_ITM19_DESCRIPTION,威望 +3。
CARD_ITM19_FLAVORTEXT,藍金輝映，旌旗蔽日。名傳天下，榮歸吾王。前進！
CARD_ITM19_FLAVORTEXTAUTHOR,~加冕
CARD_ITM19_NAME,皇室旗幟
CARD_ITM19_STATUSFEEDPLAYEDTOCREATURE,<from_creature>對<to_creature>使用了<card>。
CARD_ITM19_STATUSFEEDPLAYEDTOTILE,<from_creature>對<tile_name>使用了<card>。
CARD_ITM19_TARGETTEXT,可裝備
CARD_ITM20_DESCRIPTION,在森林中的時候\n無論晝夜都能夠\n<specialstatus_evade>閃避</specialstatus_evade>與<specialstatus_stealth>潛行</specialstatus_stealth>。
CARD_ITM20_FLAVORTEXT,沒人像遊俠一樣瞭解叢林。妄想在裡面追蹤他們簡直是癡人說夢。
CARD_ITM20_FLAVORTEXTAUTHOR,~布拉根軍士
CARD_ITM20_NAME,遊俠披風
CARD_ITM20_STATUSFEEDPLAYEDTOCREATURE,<from_creature>對<to_creature>使用了<card>。
CARD_ITM20_STATUSFEEDPLAYEDTOTILE,<from_creature>對<tile_name>使用了<card>。
CARD_ITM20_TARGETTEXT,可裝備
CARD_ITM21_DESCRIPTION,隊伍內的每一個\n隨從都使戰鬥中\n骰子數 +1。
CARD_ITM21_FLAVORTEXT,我們應團結一心，同生共死！
CARD_ITM21_FLAVORTEXTAUTHOR,~國王陛下
CARD_ITM21_NAME,戰爭號角
CARD_ITM21_STATUSFEEDPLAYEDTOCREATURE,<from_creature>對<to_creature>使用了<card>。
CARD_ITM21_STATUSFEEDPLAYEDTOTILE,<from_creature>對<tile_name>使用了<card>。
CARD_ITM21_TARGETTEXT,可裝備
CARD_ITM22_DESCRIPTION,每個佔領的村落\n提升威望 +1；\n每逢黎明的時候\n獲得金幣 +1。
CARD_ITM22_FLAVORTEXT,貴族權杖代表著官職、權力與威權的崇高象徵。麻煩給點尊重！
CARD_ITM22_FLAVORTEXTAUTHOR,~卡萊爾爵爺
CARD_ITM22_NAME,貴族權杖
CARD_ITM22_STATUSFEEDPLAYEDTOCREATURE,<from_creature>對<to_creature>使用了<card>。
CARD_ITM22_STATUSFEEDPLAYEDTOTILE,<from_creature>對<tile_name>使用了<card>。
CARD_ITM22_TARGETTEXT,可裝備
CARD_ITM23_DESCRIPTION,在戰鬥之中使你\n骰子數 +1，\n並且可迫使對手\n骰子數 -1。
CARD_ITM23_FLAVORTEXT,或許是兔子最具獨創性的軍事設計。國王的守衛的標準配備。
CARD_ITM23_FLAVORTEXTAUTHOR,~軍需官海森爾
CARD_ITM23_NAME,野兔戰戟
CARD_ITM23_STATUSFEEDPLAYEDTOCREATURE,<from_creature>對<to_creature>使用了<card>。
CARD_ITM23_STATUSFEEDPLAYEDTOTILE,<from_creature>對<tile_name>使用了<card>。
CARD_ITM23_TARGETTEXT,可裝備
CARD_ITM24_DESCRIPTION,可以讓你設置的\n每個危機地點都\n具備<specialstatus_scout>偵查</specialstatus_scout>效果。
CARD_ITM24_FLAVORTEXT,東西在窺遠鏡裡頭所呈現的似乎比它們出現的地方要近些。
CARD_ITM24_FLAVORTEXTAUTHOR,~寫在鏡頭上的話
CARD_ITM24_NAME,密探的窺遠鏡
CARD_ITM24_STATUSFEEDPLAYEDTOCREATURE,<from_creature>對<to_creature>使用了<card>。
CARD_ITM24_STATUSFEEDPLAYEDTOTILE,<from_creature>對<tile_name>使用了<card>。
CARD_ITM24_TARGETTEXT,可裝備
CARD_ITM25_DESCRIPTION,在戰鬥中的時候\n第一個燃燒掉的\n太陽或月亮符號\n賦予<tooltip_PiercingAttack>穿透</tooltip_PiercingAttack>效果。
CARD_ITM25_FLAVORTEXT,絕不要在你的敵人能攻擊你的時候發起攻擊。永遠掌握先手。
CARD_ITM25_FLAVORTEXTAUTHOR,~武器大師雷恩
CARD_ITM25_NAME,長弓
CARD_ITM25_STATUSFEEDPLAYEDTOCREATURE,<from_creature>對<to_creature>使用了<card>。
CARD_ITM25_STATUSFEEDPLAYEDTOTILE,<from_creature>對<tile_name>使用了<card>。
CARD_ITM25_TARGETTEXT,可裝備
CARD_ITM26_DESCRIPTION,獲得<specialstatus_scout>偵查</specialstatus_scout>能力。
CARD_ITM26_FLAVORTEXT,「把提燈放到外頭去。」他如此地說道，「在月亮的位置降到最低的時候點亮它，你就會看到我回家了。」
CARD_ITM26_FLAVORTEXTAUTHOR,~貝斯·西普利
CARD_ITM26_NAME,水手的提燈
CARD_ITM26_STATUSFEEDPLAYEDTOCREATURE,<from_creature>對<to_creature>使用了<card>。
CARD_ITM26_STATUSFEEDPLAYEDTOTILE,<from_creature>對<tile_name>使用了<card>。
CARD_ITM26_TARGETTEXT,可裝備
CARD_ITM27_DESCRIPTION,在戰鬥中的時候\n賦予劍 +1。\n戰鬥防守方額外\n賦予劍 +1。
CARD_ITM27_FLAVORTEXT,橡樹之矛經過特殊設計，使你能絕地反擊，反敗為勝。
CARD_ITM27_FLAVORTEXTAUTHOR,~掠奪者大師
CARD_ITM27_NAME,橡樹之矛
CARD_ITM27_STATUSFEEDPLAYEDTOCREATURE,<from_creature>對<to_creature>使用了<card>。
CARD_ITM27_STATUSFEEDPLAYEDTOTILE,<from_creature>對<tile_name>使用了<card>。
CARD_ITM27_TARGETTEXT,可裝備
CARD_ITM28_DESCRIPTION,若是戰鬥進攻方\n賦予劍 +2、\n<tooltip_HeroExplodePool>爆裂池</tooltip_HeroExplodePool> +1。
CARD_ITM28_FLAVORTEXT,她就在那裡揮來飛去，飛去揮來，然後，砰！他的臉就開花啦！
CARD_ITM28_FLAVORTEXTAUTHOR,~小腳霍克
CARD_ITM28_NAME,重鏈枷
CARD_ITM28_STATUSFEEDPLAYEDTOCREATURE,<from_creature>對<to_creature>使用了<card>。
CARD_ITM28_STATUSFEEDPLAYEDTOTILE,<from_creature>對<tile_name>使用了<card>。
CARD_ITM28_TARGETTEXT,可裝備
CARD_ITM29_DESCRIPTION,威望 +1。\n在戰鬥中的時候\n賦予盾牌 +1。
CARD_ITM29_FLAVORTEXT,沒錯。那羽毛讓你看上去像是個厲害的傢伙，但那東西無異於在背上畫個靶子。
CARD_ITM29_FLAVORTEXTAUTHOR,~掠奪者法倫
CARD_ITM29_NAME,羽飾金盔
CARD_ITM29_TARGETTEXT,可裝備
CARD_ITM30_DESCRIPTION,在戰鬥中的時候\n賦予盾牌 +1，\n擲出首個未命中\n會轉變為<tooltip_ReflectingDefence>反射</tooltip_ReflectingDefence>。
CARD_ITM30_FLAVORTEXT,有了一件很好的鎖子甲之後，戰場上最能威脅你生命的東西就是你自己的笨腦子了。
CARD_ITM30_FLAVORTEXTAUTHOR,~哥雷布·布拉斯
CARD_ITM30_NAME,鎖子甲
CARD_ITM30_TARGETTEXT,可裝備
CARD_ITM31_DESCRIPTION,在戰鬥中的時候\n能賦予劍 +1、\n及骰子數 +1。
CARD_ITM31_FLAVORTEXT,唯一能串燒鼠輩又能乾淨地砍下公牛腦袋的利器。
CARD_ITM31_FLAVORTEXTAUTHOR,~艾克拉布·范·格里克
CARD_ITM31_NAME,野種劍
CARD_ITM31_TARGETTEXT,可裝備
CARD_ITM32_DESCRIPTION,在戰鬥中的時候\n賦予劍 +1。\n被你殺死的對手\n受到汙穢 +1。
CARD_ITM32_FLAVORTEXT,這些匕首不會帶來任何好事。它們是地上的瘟疫！
CARD_ITM32_FLAVORTEXTAUTHOR,~先知柯帕
CARD_ITM32_NAME,烏鴉之喙匕首
CARD_ITM32_STATUSFEEDPLAYEDTOCREATURE,<from_creature>對<to_creature>使用了<card>。
CARD_ITM32_STATUSFEEDPLAYEDTOTILE,<from_creature>對<tile_name>使用了<card>。
CARD_ITM32_TARGETTEXT,可裝備
CARD_ITM33_DESCRIPTION,戰鬥和危機之中\n<tooltip_HeroExplodePool>爆裂池</tooltip_HeroExplodePool> +2。\n你所擁有的汙穢\n會被看作是 0。
CARD_ITM33_FLAVORTEXT,它就要出現了，護符在召喚你。我能看到它綻放。
CARD_ITM33_FLAVORTEXTAUTHOR,~預言者瑪拉
CARD_ITM33_NAME,懷爾德護符
CARD_ITM33_STATUSFEEDPLAYEDTOCREATURE,<from_creature>對<to_creature>使用了<card>。
CARD_ITM33_STATUSFEEDPLAYEDTOTILE,<from_creature>對<tile_name>使用了<card>。
CARD_ITM33_TARGETTEXT,可裝備
CARD_ITM34_DESCRIPTION,在戰鬥中的時候\n能複製一件敵方\n裝備的效果。
CARD_ITM34_FLAVORTEXT,一個真正的神秘之物，發現於愛門羅最高的山峰的冰冠之中。
CARD_ITM34_FLAVORTEXTAUTHOR,~愛門羅古董，第三卷
CARD_ITM34_NAME,冰鑒斗篷
CARD_ITM34_STATUSFEEDPLAYEDTOCREATURE,<from_creature>對<to_creature>使用了<card>。
CARD_ITM34_STATUSFEEDPLAYEDTOTILE,<from_creature>對<tile_name>使用了<card>。
CARD_ITM34_TARGETTEXT,可裝備
CARD_ITM35_DESCRIPTION,你在每場戰鬥中\n倖存之後，將會\n使你的戰鬥對手\n遭受生命值 -2。
CARD_ITM35_FLAVORTEXT,破破爛爛，小破娃娃。打死壞蛋，非死不可。
CARD_ITM35_FLAVORTEXTAUTHOR,~女族長
CARD_ITM35_NAME,巫毒娃娃
CARD_ITM35_STATUSFEEDPLAYEDTOCREATURE,<from_creature>對<to_creature>使用了<card>。
CARD_ITM35_STATUSFEEDPLAYEDTOTILE,<from_creature>對<tile_name>使用了<card>。
CARD_ITM35_TARGETTEXT,可裝備
CARD_ITM36_DESCRIPTION,在戰鬥中的時候\n賦予盾牌 +2，\n穿戴者即便戰敗\n也絕對不撤退。
CARD_ITM36_FLAVORTEXT,只要穿上獅心胸甲之後，不管遭受了多少攻擊，你都將矗立不倒。不屈，不破，不動。
CARD_ITM36_FLAVORTEXTAUTHOR,~國王陛下
CARD_ITM36_NAME,獅心胸甲
CARD_ITM36_STATUSFEEDPLAYEDTOCREATURE,<from_creature>對<to_creature>使用了<card>。
CARD_ITM36_STATUSFEEDPLAYEDTOTILE,<from_creature>對<tile_name>使用了<card>。
CARD_ITM36_TARGETTEXT,可裝備
CARD_ITM37_DESCRIPTION,戰鬥及危機之中\n賦予盾牌 +1。
CARD_ITM37_FLAVORTEXT,想要敏捷與防護兼得？這就是了！只是，額……別問我這些皮是從哪裡來的。
CARD_ITM37_FLAVORTEXTAUTHOR,~奧登·邁爾斯
CARD_ITM37_NAME,輕敏皮甲
CARD_ITM37_TARGETTEXT,可裝備
CARD_ITM38_DESCRIPTION,在戰鬥中的時候\n讓所有擲出的劍\n都塗上了<tooltip_PoisonAttack>中毒</tooltip_PoisonAttack>。
CARD_ITM38_FLAVORTEXT,能者懼怕藏在黑暗的匕首，智者懼怕帶來黑暗的匕首。
CARD_ITM38_FLAVORTEXTAUTHOR,~費斯滕
CARD_ITM38_NAME,淬毒匕首
CARD_ITM38_TARGETTEXT,可裝備
CARD_ITM40_DESCRIPTION,每次地牢探索都獲得金幣 +1。
CARD_ITM40_FLAVORTEXT,過度自信是個緩慢卻又陰險的殺手…趕快拿起火把啊！英雄！
CARD_ITM40_FLAVORTEXTAUTHOR,~古代先祖
CARD_ITM40_NAME,探險火炬
CARD_ITM40_STATUSFEEDRECURRINGEFFECT,<to_creature>的<card>揭露了隱藏的財富。
CARD_ITM40_TARGETTEXT,可裝備
CARD_ITM41_DESCRIPTION,在戰鬥中的時候\n賦予盾牌 +1。\n戰鬥防守方額外\n賦予盾牌 +1。
CARD_ITM41_FLAVORTEXT,巨力也會被盪開，如同撞上岩壁的海浪。
CARD_ITM41_FLAVORTEXTAUTHOR,~利特·瓦吉爾
CARD_ITM41_NAME,巨型塔盾
CARD_ITM41_TARGETTEXT,可裝備
CARD_ITM42_DESCRIPTION,戰鬥中擲出的首個劍：進攻方獲得<tooltip_PiercingAttack>穿透</tooltip_PiercingAttack>而防守方則轉化為<tooltip_ReflectingDefence>反射</tooltip_ReflectingDefence>。
CARD_ITM42_FLAVORTEXT,想把那些光鮮亮麗的菜雞騎士狠狠地拍到地上？快舉起鐵翼矛戳他們！
CARD_ITM42_FLAVORTEXTAUTHOR,黑衣哈羅德
CARD_ITM42_NAME,長柄鐵翼矛
CARD_ITM42_TARGETTEXT,可裝備
CARD_ITM44_DESCRIPTION,在戰鬥中的時候\n<tooltip_HeroExplodePool>爆裂池</tooltip_HeroExplodePool> +1。\n首張燒掉的未命中\n會觸發爆炸。
CARD_ITM44_FLAVORTEXT,忘了鑲著寶石的樹枝吧。當你找到一個醜陋的武器，你就會發現武器的真正價值。
CARD_ITM44_FLAVORTEXTAUTHOR,劍術大師瓦林
CARD_ITM44_NAME,可靠的短劍
CARD_ITM44_TARGETTEXT,可裝備
CARD_ITM45_DESCRIPTION,在戰鬥中可賦予\n<tooltip_ReflectingDefence>反射</tooltip_ReflectingDefence>盾牌 +1、\n及骰子數 +1。
CARD_ITM45_FLAVORTEXT,我這輩子只看過一次，但那經驗真是無與倫比。攻擊與防禦的完美調和。
CARD_ITM45_FLAVORTEXTAUTHOR,~老基頓
CARD_ITM45_NAME,英雄戰盾
CARD_ITM45_TARGETTEXT,可裝備
CARD_ITM47_DESCRIPTION,在戰鬥中可賦予\n<tooltip_PiercingAttack>穿透</tooltip_PiercingAttack>之劍 +1。\n平原戰場再賦予\n<tooltip_PiercingAttack>穿透</tooltip_PiercingAttack>之劍 +1。
CARD_ITM47_FLAVORTEXT,平原是最適合長槍的戰鬥場地。平整的地面簡直是為衝鋒而生的。
CARD_ITM47_FLAVORTEXTAUTHOR,~勞倫斯爵士
CARD_ITM47_NAME,白銀騎槍
CARD_ITM47_TARGETTEXT,可裝備
CARD_ITM48_DESCRIPTION,在戰鬥中會使你\n骰子數 -2，\n但是能讓你獲得\n<tooltip_PoisonAttack>中毒</tooltip_PoisonAttack>之劍 +3。
CARD_ITM48_FLAVORTEXT,三叉戟之吻，如蛇一般迅捷，如湖一般黑暗。
CARD_ITM48_FLAVORTEXTAUTHOR,~奧森·馬拉克
CARD_ITM48_NAME,收割者的三叉戟
CARD_ITM48_TARGETTEXT,可裝備
CARD_ITM50_DESCRIPTION,戰鬥中率先擲出\n的 2 個未命中之\n太陽或月亮符號\n會被計為防禦。
CARD_ITM50_FLAVORTEXT,不再是橡木瀑布的獵犬，而成為了愛門羅之王的守衛。
CARD_ITM50_FLAVORTEXTAUTHOR,~克拉格·灰鬃
CARD_ITM50_NAME,國王守衛的盔甲
CARD_ITM50_TARGETTEXT,可裝備
CARD_ITM52_DESCRIPTION,精力值 +1、\n及<tooltip_HeroExplodePool>爆裂池</tooltip_HeroExplodePool> +1。
CARD_ITM52_FLAVORTEXT,汝無需強大的法杖來成為一名強大的法師，汝應需將有限的生命致力於無盡的研究之中，是的，是的！
CARD_ITM52_FLAVORTEXTAUTHOR,奧羅斯·長角
CARD_ITM52_NAME,桃心木權杖
CARD_ITM52_TARGETTEXT,可裝備
CARD_KING01_DESCRIPTION,穿戴者將會成為愛門羅統治者，並且絕不撤退。
CARD_KING01_FLAVORTEXT,結合了來自四大部族的黃金，新的王冠在懷爾德的樹梢上成形，迎接新的國王、新的時代。
CARD_KING01_FLAVORTEXTAUTHOR,~加冕
CARD_KING01_NAME,愛門羅王冠
CARD_KING01_STATUSFEEDPLAYEDTOCREATURE,<from_creature>對<to_creature>使用了<card>。
CARD_KING01_STATUSFEEDPLAYEDTOTILE,<from_creature>讓<card>作用於<tile>。
CARD_KING01_TARGETTEXT,可裝備
CARD_KING02_DESCRIPTION,在戰鬥中擲出的\n所有懷爾德符號\n都會計為防禦。
CARD_KING02_FLAVORTEXT,懷爾德保護著他；讚頌那猶如太陽的獅鬃與黑夜般深邃的眼睛。我們偉大的國王、愛門羅的榮光。
CARD_KING02_FLAVORTEXTAUTHOR,~愛門羅禱文
CARD_KING02_NAME,懷爾德寶鎧
CARD_KING02_STATUSFEEDPLAYEDTOCREATURE,<from_creature>對<to_creature>使用了<card>。
CARD_KING02_STATUSFEEDPLAYEDTOTILE,<from_creature>讓<card>作用於<tile>。
CARD_KING02_TARGETTEXT,可裝備
CARD_KING03_DESCRIPTION,戰鬥中對手擲出的未命中都是你的獎勵骰子數。
CARD_KING03_FLAVORTEXT,隻身渡邊疆，\n孤獅大口啖，\n獠牙硬如鋼，\n奮勇欲一戰。
CARD_KING03_FLAVORTEXTAUTHOR,"~此位異鄉人,吾等救世神"
CARD_KING03_NAME,獅王的寶劍
CARD_KING03_STATUSFEEDPLAYEDTOCREATURE,<from_creature>對<to_creature>使用了<card>。
CARD_KING03_STATUSFEEDPLAYEDTOTILE,<from_creature>讓<card>作用於<tile>。
CARD_KING03_TARGETTEXT,可裝備
CARD_MAG01_DESCRIPTION,接下來 2 個回合行動點數 +1。
CARD_MAG01_FLAVORTEXT,自我勉勵，使自己越行越遠。
CARD_MAG01_FLAVORTEXTAUTHOR,~兔族格言
CARD_MAG01_NAME,疾跑
CARD_MAG01_STATUSFEEDPLAYEDTOCREATURE,<from_creature>對<to_creature>使用了<card>。
CARD_MAG01_STATUSFEEDPLAYEDTOTILE,<from_creature>對<tile_name>使用了<card>。
CARD_MAG01_TARGETTEXT,施用於英雄
CARD_MAG02_DESCRIPTION,生命值 -1、\n行動點數 -1。
CARD_MAG02_FLAVORTEXT,懷爾德十分危險；祂的憤怒絕對冷酷無情。
CARD_MAG02_FLAVORTEXTAUTHOR,~懷爾德之歌第3章
CARD_MAG02_NAME,纏繞籐蔓
CARD_MAG02_STATUSFEEDPLAYEDTOCREATURE,<from_creature>對<to_creature>使用了<card>。
CARD_MAG02_STATUSFEEDPLAYEDTOTILE,<from_creature>對<tile_name>使用了<card>。
CARD_MAG02_TARGETTEXT,施用於森林、平原或沼澤
CARD_MAG03_DESCRIPTION,下回合結束前，\n戰鬥傷敵每一點\n讓你倖存後恢復\n生命值 +1。
CARD_MAG03_FLAVORTEXT,沒有比直接拿敵人的生命力來滋潤你的力量還要更有效的方法了。
CARD_MAG03_FLAVORTEXTAUTHOR,~ 尖牙 ‧ 格雷邁恩
CARD_MAG03_NAME,嗜血
CARD_MAG03_STATUSFEEDPLAYEDTOCREATURE,<from_creature>對<to_creature>使用了<card>。
CARD_MAG03_STATUSFEEDPLAYEDTOTILE,<from_creature>對<tile_name>使用了<card>。
CARD_MAG03_STATUSFEEDRECURRINGEFFECT,<card>可治療<to_creature>的傷害。
CARD_MAG03_TARGETTEXT,施用於英雄
CARD_MAG04_DESCRIPTION,生命值 -3，\n強制結束回合。
CARD_MAG04_FLAVORTEXT,對堅毅不屈之人降下兩次落雷。
CARD_MAG04_FLAVORTEXTAUTHOR,~荊棘召喚者
CARD_MAG04_NAME,閃電雷擊
CARD_MAG04_STATUSFEEDPLAYEDTOCREATURE,<from_creature>對<to_creature>使用了<card>。
CARD_MAG04_STATUSFEEDPLAYEDTOTILE,<from_creature>對<tile_name>使用了<card>。
CARD_MAG04_TARGETTEXT,施用於生物\n或任何格子
CARD_MAG05_DESCRIPTION,目標生物距離你\n1 格生命值 -3\n2 格生命值 -2\n3 格以上則 -1
CARD_MAG05_FLAVORTEXT,或許你果敢堅忍，但是你能承受血肉融化的痛楚嗎？
CARD_MAG05_FLAVORTEXTAUTHOR,~懷爾德預言者橡石
CARD_MAG05_NAME,燔祭
CARD_MAG05_STATUSFEEDPLAYEDTOCREATURE,<from_creature>對<to_creature>使用了<card>。
CARD_MAG05_STATUSFEEDPLAYEDTOTILE,<from_creature>對<tile_name>使用了<card>。
CARD_MAG05_TARGETTEXT,施用於生物
CARD_MAG06_DESCRIPTION,汙穢 +2。\n場上每存在一隻\n魔鴆就會讓你的\n生命值 +1。
CARD_MAG06_FLAVORTEXT,在這個邪惡的城市底下，邊境崗哨的魔鴆滋養著我黑暗的墮落。
CARD_MAG06_FLAVORTEXTAUTHOR,~汙穢召喚人·由倫
CARD_MAG06_NAME,鴆魂虹吸
CARD_MAG06_STATUSFEEDPLAYEDTOCREATURE,<from_creature>對<to_creature>使用了<card>。
CARD_MAG06_STATUSFEEDPLAYEDTOTILE,<from_creature>對<tile_name>使用了<card>。
CARD_MAG06_TARGETTEXT,施用於自己
CARD_MAG07_DESCRIPTION,消耗所有剩餘的\n魔法。魔法耗費\n每一點都使目標\n生命值 -1。
CARD_MAG07_FLAVORTEXT,懷爾德的力量是沒有窮盡的。解除我們加諸於自身的束縛，懷爾德必將隨之湧現。
CARD_MAG07_FLAVORTEXTAUTHOR,~長者深海
CARD_MAG07_NAME,心靈衝擊
CARD_MAG07_STATUSFEEDPLAYEDTOCREATURE,<from_creature>對<to_creature>使用了<card>。
CARD_MAG07_STATUSFEEDPLAYEDTOTILE,<from_creature>對<tile_name>使用了<card>。
CARD_MAG07_TARGETTEXT,施用於生物
CARD_MAG08_DESCRIPTION,召喚魔鴆。
CARD_MAG08_FLAVORTEXT,牠會在黑暗之中湧現；這是一種令人髮指的可怖生物，經由怨恨以及痛苦所喚醒。
CARD_MAG08_FLAVORTEXTAUTHOR,~黑曜石報告
CARD_MAG08_NAME,災厄降臨
CARD_MAG08_STATUSFEEDPLAYEDTOCREATURE,<from_creature>對<to_creature>使用了<card>。
CARD_MAG08_STATUSFEEDPLAYEDTOTILE,<from_creature>對<tile_name>使用了<card>。
CARD_MAG08_TARGETTEXT,施用於空白格子
CARD_MAG09_DESCRIPTION,精力值 +2，\n直到下一個回合\n結束時為止。
CARD_MAG09_FLAVORTEXT,擺脫你對世間一切的牽掛，唯有如此你才能發覺出自己真正的力量。
CARD_MAG09_FLAVORTEXTAUTHOR,~獸之母希爾達
CARD_MAG09_NAME,專注
CARD_MAG09_STATUSFEEDPLAYEDTOCREATURE,<from_creature>對<to_creature>使用了<card>。
CARD_MAG09_STATUSFEEDPLAYEDTOTILE,<from_creature>對<tile_name>使用了<card>。
CARD_MAG09_TARGETTEXT,施用於英雄
CARD_MAG10_DESCRIPTION,目標身上每一點\n汙穢都讓他自身\n生命值 -1。
CARD_MAG10_FLAVORTEXT,汙穢之物將會嘗到懷爾德的熱擁：但絕對不是溫暖的擁抱，而是如同上千個太陽般的熱浪。
CARD_MAG10_FLAVORTEXTAUTHOR,~正直者奧比里夫
CARD_MAG10_NAME,懷爾德驅邪術
CARD_MAG10_STATUSFEEDPLAYEDTOCREATURE,<from_creature>對<to_creature>使用了<card>。
CARD_MAG10_STATUSFEEDPLAYEDTOTILE,<from_creature>對<tile_name>使用了<card>。
CARD_MAG10_TARGETTEXT,施用於魔鴆\n或巨石陣
CARD_MAG11_DESCRIPTION,生命值 -2。\n下回合結束之前\n讓所有太陽符號\n都會爆炸。
CARD_MAG11_FLAVORTEXT,啊，只有一點副作用而已啦，這法術可能會燒掉你的爪子。就那一點點而已。好吧，是很大的副作用。
CARD_MAG11_FLAVORTEXTAUTHOR,~工匠塔爾科特
CARD_MAG11_NAME,熾烈灼光
CARD_MAG11_STATUSFEEDPLAYEDTOCREATURE,<from_creature>對<to_creature>使用了<card>。
CARD_MAG11_STATUSFEEDPLAYEDTOTILE,<from_creature>對<tile_name>使用了<card>。
CARD_MAG11_TARGETTEXT,施用於生物
CARD_MAG12_DESCRIPTION,傳送到最遠\n的地牢。
CARD_MAG12_FLAVORTEXT,無論你逃得有多麼遠，黑暗總有辦法讓你回到原地。
CARD_MAG12_FLAVORTEXTAUTHOR,~特務索盧夏特
CARD_MAG12_NAME,放逐
CARD_MAG12_STATUSFEEDPLAYEDTOCREATURE,<from_creature>對<to_creature>使用了<card>。
CARD_MAG12_STATUSFEEDPLAYEDTOTILE,<from_creature>對<tile_name>使用了<card>。
CARD_MAG12_TARGETTEXT,施用於生物、地牢或巨石陣
CARD_MAG13_DESCRIPTION,接下來 2 個回合\n使每回合都恢復\n生命值 +2。
CARD_MAG13_FLAVORTEXT,懷爾德能夠照顧好她自己的；將她砍倒，然後見證她的奇跡吧。
CARD_MAG13_FLAVORTEXTAUTHOR,~沉睡的智者
CARD_MAG13_NAME,再生
CARD_MAG13_STATUSFEEDPLAYEDTOCREATURE,<from_creature>對<to_creature>使用了<card>。
CARD_MAG13_STATUSFEEDPLAYEDTOTILE,<from_creature>對<tile_name>使用了<card>。
CARD_MAG13_STATUSFEEDRECURRINGEFFECT,<card>可恢復<to_creature> 2 點生命值。
CARD_MAG13_TARGETTEXT,施用於生物
CARD_MAG14_DESCRIPTION,召喚心靈石。
CARD_MAG14_FLAVORTEXT,與懷爾德最為同調的部族，至今仍然相信著德魯伊的存在。也許這並不是巧合。
CARD_MAG14_FLAVORTEXTAUTHOR,~能者神話
CARD_MAG14_NAME,結晶化
CARD_MAG14_STATUSFEEDPLAYEDTOCREATURE,<from_creature>對<to_creature>使用了<card>。
CARD_MAG14_STATUSFEEDPLAYEDTOTILE,<from_creature>對<tile_name>使用了<card>。
CARD_MAG14_TARGETTEXT,施用於巨石陣
CARD_MAG15_DESCRIPTION,使汙穢 +1。\n並成為<specialstatus_poisoned>中毒</specialstatus_poisoned>狀態\n直到下一個回合\n結束時為止。
CARD_MAG15_FLAVORTEXT,大地乾涸，空氣渾濁。周圍的村民一個接一個地倒下 …
CARD_MAG15_FLAVORTEXTAUTHOR,~農夫葛林毛德
CARD_MAG15_NAME,瘟疫
CARD_MAG15_STATUSFEEDPLAYEDTOCREATURE,<from_creature>對<to_creature>使用了<card>。
CARD_MAG15_STATUSFEEDPLAYEDTOTILE,<from_creature>對<tile_name>使用了<card>。
CARD_MAG15_TARGETTEXT,施用於村落或沼澤
CARD_MAG16_DESCRIPTION,獲得<specialstatus_evade>閃避</specialstatus_evade>能力，\n直到下一個回合\n結束時為止。
CARD_MAG16_FLAVORTEXT,懷爾德會對願意傾聽的人敞開心扉。
CARD_MAG16_FLAVORTEXTAUTHOR,~森林漫步者露娜
CARD_MAG16_NAME,懷爾德的警告
CARD_MAG16_STATUSFEEDPLAYEDTOCREATURE,<from_creature>對<to_creature>使用了<card>。
CARD_MAG16_STATUSFEEDPLAYEDTOTILE,<from_creature>對<tile_name>使用了<card>。
CARD_MAG16_TARGETTEXT,施用於英雄
CARD_MAG17_DESCRIPTION,使汙穢 +1，\n再讓目標的手中\n增加一張隨機的\n汙穢咒術卡牌。
CARD_MAG17_FLAVORTEXT,我們都聽過來自黑暗的呼喚，但只有少數人能真正感受到它的擁抱。
CARD_MAG17_FLAVORTEXTAUTHOR,~男爵夫人努比妮
CARD_MAG17_NAME,黑暗感化
CARD_MAG17_STATUSFEEDPLAYEDTOCREATURE,<from_creature>對<to_creature>使用了<card>。
CARD_MAG17_STATUSFEEDPLAYEDTOTILE,<from_creature>對<tile_name>使用了<card>。
CARD_MAG17_TARGETTEXT,施用於英雄或地牢
CARD_MAG18_DESCRIPTION,使汙穢 -1，\n同時治癒<specialstatus_poisoned>中毒</specialstatus_poisoned>。
CARD_MAG18_FLAVORTEXT,我可以從你身上驅趕汙穢，但愛門羅的汙穢只有你才能弭除。
CARD_MAG18_FLAVORTEXTAUTHOR,~高階女祭司薇洛
CARD_MAG18_NAME,懷爾德的淨化
CARD_MAG18_STATUSFEEDPLAYEDTOCREATURE,<from_creature>對<to_creature>使用了<card>。
CARD_MAG18_STATUSFEEDPLAYEDTOTILE,<from_creature>對<tile_name>使用了<card>。
CARD_MAG18_TARGETTEXT,施用於生物
CARD_MAG19_DESCRIPTION,行動點數 -1，\n手中擁有的卡牌\n將失去 2 張。
CARD_MAG19_FLAVORTEXT,樹木不會理會他人的愚行，但若懷爾德願意激勵它們…
CARD_MAG19_FLAVORTEXTAUTHOR,~樹語者圖克
CARD_MAG19_NAME,喚醒樹林
CARD_MAG19_STATUSFEEDPLAYEDTOCREATURE,<from_creature>對<to_creature>使用了<card>。
CARD_MAG19_STATUSFEEDPLAYEDTOTILE,<from_creature>對<tile_name>使用了<card>。
CARD_MAG19_TARGETTEXT,施用於森林
CARD_MAG20_DESCRIPTION,從目標手中隨機偷取一張卡牌。
CARD_MAG20_FLAVORTEXT,是啊！他完全被迷住啦！看看他如何掏空他的錢袋、眼睛閃閃發光的樣子吧！
CARD_MAG20_FLAVORTEXTAUTHOR,~老怪獸比爾
CARD_MAG20_NAME,目眩神迷
CARD_MAG20_STATUSFEEDPLAYEDTOCREATURE,<from_creature>對<to_creature>使用了<card>。
CARD_MAG20_STATUSFEEDPLAYEDTOTILE,<from_creature>對<tile_name>使用了<card>。
CARD_MAG20_TARGETTEXT,施用於英雄
CARD_MAG21_DESCRIPTION,生命值 -2，\n強制離開山地。
CARD_MAG21_FLAVORTEXT,即使是最鋒利的刀刃，也無法穿透北風或劈開高山的酷寒。
CARD_MAG21_FLAVORTEXTAUTHOR,~維西庫斯
CARD_MAG21_NAME,暴風雪
CARD_MAG21_STATUSFEEDPLAYEDTOCREATURE,<from_creature>對<to_creature>使用了<card>。
CARD_MAG21_STATUSFEEDPLAYEDTOTILE,<from_creature>對<tile_name>使用了<card>。
CARD_MAG21_TARGETTEXT,施用於山地
CARD_MAG22_DESCRIPTION,下回合結束前，\n戰鬥中可使對手\n骰子數 -2。
CARD_MAG22_FLAVORTEXT,完全摸清你對手的能耐等於只有把事情做一半而已... 因為你的對手有兩個人。
CARD_MAG22_FLAVORTEXTAUTHOR,~雪狼恩伯爾
CARD_MAG22_NAME,鏡像
CARD_MAG22_STATUSFEEDPLAYEDTOCREATURE,<from_creature>對<to_creature>使用了<card>。
CARD_MAG22_STATUSFEEDPLAYEDTOTILE,<from_creature>對<tile_name>使用了<card>。
CARD_MAG22_TARGETTEXT,施用於生物
CARD_MAG23_DESCRIPTION,體力值 +2，\n直到下一個回合\n結束時為止。
CARD_MAG23_FLAVORTEXT,讓懷爾德成為你的護盾：敵人只能在木頭和泥土上浪費力氣。
CARD_MAG23_FLAVORTEXTAUTHOR,~山地守護者拉伊
CARD_MAG23_NAME,樹皮加護
CARD_MAG23_STATUSFEEDPLAYEDTOCREATURE,<from_creature>對<to_creature>使用了<card>。
CARD_MAG23_STATUSFEEDPLAYEDTOTILE,<from_creature>對<tile_name>使用了<card>。
CARD_MAG23_TARGETTEXT,施用於生物
CARD_MAG24_DESCRIPTION,戰力值 +2、\n及智力值 -1，\n直到下一個回合\n結束時為止。
CARD_MAG24_FLAVORTEXT,我們內心的深處都寄宿著最原始的野性：這是永遠無法消除的。
CARD_MAG24_FLAVORTEXTAUTHOR,~懷爾德守護者諾斯
CARD_MAG24_NAME,野性
CARD_MAG24_STATUSFEEDPLAYEDTOCREATURE,<from_creature>對<to_creature>使用了<card>。
CARD_MAG24_STATUSFEEDPLAYEDTOTILE,<from_creature>對<tile_name>使用了<card>。
CARD_MAG24_TARGETTEXT,施用於生物
CARD_MAG25_DESCRIPTION,夜晚時造成目標\n生命值 -2。\n白天時則讓目標\n生命值 -1。
CARD_MAG25_FLAVORTEXT,在夜間若是遊蕩太久的話，月光可是會咬人的喔！
CARD_MAG25_FLAVORTEXTAUTHOR,~黑夜懷爾德
CARD_MAG25_NAME,月光侵蝕
CARD_MAG25_STATUSFEEDPLAYEDTOCREATURE,<from_creature>對<to_creature>使用了<card>。
CARD_MAG25_STATUSFEEDPLAYEDTOTILE,<from_creature>對<tile_name>使用了<card>。
CARD_MAG25_TARGETTEXT,施用於生物、地牢或平原
CARD_MAG26_DESCRIPTION,智力值 +2，\n直到下一個回合\n結束時為止。
CARD_MAG26_FLAVORTEXT,我們兩者之間，一定是我更為聰明，因為我是邪慧之眼的擁有者。
CARD_MAG26_FLAVORTEXTAUTHOR,~鼠族格言
CARD_MAG26_NAME,邪慧之眼
CARD_MAG26_STATUSFEEDPLAYEDTOCREATURE,<from_creature>對<to_creature>使用了<card>。
CARD_MAG26_STATUSFEEDPLAYEDTOTILE,<from_creature>對<tile_name>使用了<card>。
CARD_MAG26_TARGETTEXT,施用於英雄
CARD_MAG27_DESCRIPTION,可讓目標在下次\n進入巨石陣時，\n獲得魔法 +5。
CARD_MAG27_FLAVORTEXT,這些巨石陣不是偶然建成的。若是你有膽識，這些前往懷爾德的通道就會打開。
CARD_MAG27_FLAVORTEXTAUTHOR,~首領夜花
CARD_MAG27_NAME,懷爾德的恩賜
CARD_MAG27_STATUSFEEDPLAYEDTOCREATURE,<from_creature>對<to_creature>使用了<card>。
CARD_MAG27_STATUSFEEDPLAYEDTOTILE,<from_creature>對<tile_name>使用了<card>。
CARD_MAG27_STATUSFEEDRECURRINGEFFECT,<to_creature>的<card>能引導來自巨石陣的能量。
CARD_MAG27_TARGETTEXT,施用於英雄
CARD_MAG28_DESCRIPTION,危機難度 +1。
CARD_MAG28_FLAVORTEXT,陷阱就是陷阱，但只要詛咒它所覆蓋的土地，你就能掩蓋它真正的威脅。
CARD_MAG28_FLAVORTEXTAUTHOR,~特務達瑪凡特
CARD_MAG28_NAME,詛咒之地
CARD_MAG28_STATUSFEEDPLAYEDTOCREATURE,<from_creature>對<to_creature>使用了<card>。
CARD_MAG28_STATUSFEEDPLAYEDTOTILE,<from_creature>對<tile_name>使用了<card>。
CARD_MAG28_TARGETTEXT,施用於危機
CARD_MAG29_DESCRIPTION,除了王宮受限，\n可傳送到你指定\n的任一個空格。
CARD_MAG29_FLAVORTEXT,又怎麼了？豬隻在平民的儲藏室內外來回傳送？！不要笑，這件事很嚴重的！
CARD_MAG29_FLAVORTEXTAUTHOR,~探究著不明傳送事件的皇家調查團員
CARD_MAG29_NAME,傳送
CARD_MAG29_STATUSFEEDPLAYEDTOCREATURE,<from_creature>對<to_creature>使用了<card>。
CARD_MAG29_STATUSFEEDPLAYEDTOTILE,<from_creature>對<tile_name>使用了<card>。
CARD_MAG29_TARGETTEXT,施用於空白格子
CARD_MAG30_DESCRIPTION,直到黎明之前，\n受到指定的空格\n誰都無法進出。
CARD_MAG30_FLAVORTEXT,整個村子的人被困住了！那些荊棘都長到天上去了。
CARD_MAG30_FLAVORTEXTAUTHOR,~斯圖弗·格里夫斯
CARD_MAG30_NAME,荊棘之牆
CARD_MAG30_STATUSFEEDPLAYEDTOCREATURE,<from_creature>對<to_creature>使用了<card>。
CARD_MAG30_STATUSFEEDPLAYEDTOTILE,<from_creature>對<tile_name>使用了<card>。
CARD_MAG30_TARGETTEXT,施用於空白格子
CARD_MAG31_DESCRIPTION,目標手中卡牌全變成盾牌符號。
CARD_MAG31_FLAVORTEXT,懷爾德善於持守、也善於毀滅。相信懷爾德，舉起最強之盾吧。
CARD_MAG31_FLAVORTEXTAUTHOR,~懷爾德之尾 多倫
CARD_MAG31_NAME,微光屏障
CARD_MAG31_STATUSFEEDPLAYEDTOCREATURE,<from_creature>對<to_creature>使用了<card>。
CARD_MAG31_STATUSFEEDPLAYEDTOTILE,<from_creature>對<tile_name>使用了<card>。
CARD_MAG31_TARGETTEXT,施用於英雄
CARD_MAG32_DESCRIPTION,目標手中卡牌全變成汙穢符號。
CARD_MAG32_FLAVORTEXT,誠心對黑暗之主低頭祈禱，祂會熱情擁抱我們的友人，亦會無情勒斃我們的敵人。
CARD_MAG32_FLAVORTEXTAUTHOR,~摘自黑暗古墳雕刻
CARD_MAG32_NAME,蠕蟲之喚
CARD_MAG32_STATUSFEEDPLAYEDTOCREATURE,<from_creature>對<to_creature>使用了<card>。
CARD_MAG32_STATUSFEEDPLAYEDTOTILE,<from_creature>對<tile_name>使用了<card>。
CARD_MAG32_TARGETTEXT,施用於英雄或地牢
CARD_MAG33_DESCRIPTION,獲得<specialstatus_scout>偵查</specialstatus_scout>能力，\n直到下一個回合\n結束時為止。
CARD_MAG33_FLAVORTEXT,看見不可見之物是少數人才會有的能力，而且只有被懷爾德所認可的人才值得擁有它。
CARD_MAG33_FLAVORTEXTAUTHOR,~懷爾德之眼伊麗絲
CARD_MAG33_NAME,占卜
CARD_MAG33_STATUSFEEDPLAYEDTOCREATURE,<from_creature>對<to_creature>使用了<card>。
CARD_MAG33_STATUSFEEDPLAYEDTOTILE,<from_creature>對<tile_name>使用了<card>。
CARD_MAG33_TARGETTEXT,施用於英雄
CARD_MAG34_DESCRIPTION,偷取 1 點目標的生命值，除非他受<tooltip_sanctifiedwards>守護石</tooltip_sanctifiedwards>庇護。
CARD_MAG34_FLAVORTEXT,生命可任你予取予求。不管對方願意 ...... 或不甚願意。
CARD_MAG34_FLAVORTEXTAUTHOR,~禱告者阿娜拉
CARD_MAG34_NAME,吸血術
CARD_MAG34_STATUSFEEDPLAYEDTOCREATURE,<from_creature>對<to_creature>使用了<card>。
CARD_MAG34_TARGETTEXT,施用於生物
CARD_MAG36_DESCRIPTION,從沼澤裡頭長出一片茂密森林。格子當中的生物生命值 +5。
CARD_MAG36_FLAVORTEXT,死亡盤踞之處，生命依然頑強。
CARD_MAG36_FLAVORTEXTAUTHOR,~托爾大師
CARD_MAG36_NAME,心靈之種
CARD_MAG36_STATUSFEEDPLAYEDTOTILE,<from_creature>對<tile_name>使用了<card>。
CARD_MAG36_TARGETTEXT,施用於沼澤
CARD_MAG46_DESCRIPTION,在空格召喚能使\n生命值 -1 的毒霧\n且效果會持續到\n下個黎明為止。
CARD_MAG46_FLAVORTEXT,懷爾德渴望奪取生命，一如它滋養生命。
CARD_MAG46_FLAVORTEXTAUTHOR,~獵人尼基爾
CARD_MAG46_NAME,腐朽之霧
CARD_MAG46_STATUSFEEDPLAYEDTOTILE,<from_creature>對<tile_name>使用了<card>。
CARD_MAG46_STATUSFEEDRECURRINGEFFECT,<to_creature>會吸收<card>。
CARD_MAG46_TARGETTEXT,施用於空白格子
CARD_PPE001_DESCRIPTION,每一個不吻合的符號都讓英雄的生命值 -1，而後強制英雄撤退。
CARD_PPE001_FLAVORTEXT,一兔功成萬鼠枯。
CARD_PPE001_FLAVORTEXTAUTHOR,~安納·卡西卡尤斯
CARD_PPE001_NAME,欺騙之道
CARD_PPE001_STATUSFEEDPLAYEDTOCREATURE,<from_creature>對<to_creature>使用了<card>。
CARD_PPE001_STATUSFEEDPLAYEDTOTILE,<from_creature>讓<card>作用於<tile>。
CARD_PPE001_TARGETTEXT,施用於王宮
CARD_PPN001_DESCRIPTION,每一個不吻合的符號都讓英雄的生命值 -1，而後強制英雄撤退。
CARD_PPN001_FLAVORTEXT,我看到了，徘徊在母后迷宮裡的那個金色身影，以及同時縈繞在身邊的汙穢和懷爾德。
CARD_PPN001_FLAVORTEXTAUTHOR,~智者麥基倫
CARD_PPN001_NAME,母后的迷宮
CARD_PPN001_STATUSFEEDPLAYEDTOCREATURE,<from_creature>對<to_creature>使用了<card>。
CARD_PPN001_STATUSFEEDPLAYEDTOTILE,<from_creature>讓<card>作用於<tile>。
CARD_PPN001_TARGETTEXT,施用於王宮
CARD_PPS001_DESCRIPTION,每一個不吻合的符號都讓英雄的生命值 -1，而後強制英雄撤退。
CARD_PPS001_FLAVORTEXT,因為死亡乘風而來，而它尋求的正是你，它感應到了你的目的和謀逆之心。
CARD_PPS001_FLAVORTEXTAUTHOR,~守護者馬西
CARD_PPS001_NAME,隱藏的死亡
CARD_PPS001_STATUSFEEDPLAYEDTOCREATURE,<from_creature>對<to_creature>使用了<card>。
CARD_PPS001_STATUSFEEDPLAYEDTOTILE,<from_creature>讓<card>作用於<tile>。
CARD_PPS001_TARGETTEXT,施用於王宮
CARD_PPW001_DESCRIPTION,每一個不吻合的符號都讓英雄的生命值 -1，而後強制英雄撤退。
CARD_PPW001_FLAVORTEXT,那些回應愚者噴泉呼喚的傢伙還真可憐啊！他們被剝奪了心智、尊嚴、還有生命。
CARD_PPW001_FLAVORTEXTAUTHOR,~皇室花園
CARD_PPW001_NAME,愚者噴泉
CARD_PPW001_STATUSFEEDPLAYEDTOCREATURE,<from_creature>對<to_creature>使用了<card>。
CARD_PPW001_STATUSFEEDPLAYEDTOTILE,<from_creature>讓<card>作用於<tile>。
CARD_PPW001_TARGETTEXT,施用於王宮
CARD_TRK01_DESCRIPTION,卸下所有裝備。
CARD_TRK01_FLAVORTEXT,僅僅就這樣的一句「時尚流行」，這些愚蠢的英雄們就這樣赤裸裸地旅行了好幾天。
CARD_TRK01_FLAVORTEXTAUTHOR,~騙子波利
CARD_TRK01_NAME,國王的新衣
CARD_TRK01_STATUSFEEDPLAYEDTOCREATURE,<from_creature>對<to_creature>使用了<card>。
CARD_TRK01_STATUSFEEDPLAYEDTOTILE,<from_creature>對<tile_name>使用了<card>。
CARD_TRK01_TARGETTEXT,施用於地牢、村落或國王的守衛
CARD_TRK02_DESCRIPTION,使威望 -2。\n如果目標正好是\n威望領袖，則會\n變成偷取威望。
CARD_TRK02_FLAVORTEXT,噢是的，我認識那位英雄。那傢伙笨死了。是啊，一個好笨笨的大壞蛋！
CARD_TRK02_FLAVORTEXTAUTHOR,~格魯谷伯爵
CARD_TRK02_NAME,誹謗的蟾蜍
CARD_TRK02_STATUSFEEDPLAYEDTOCREATURE,<from_creature>對<to_creature>使用了<card>。
CARD_TRK02_STATUSFEEDPLAYEDTOTILE,<from_creature>對<tile_name>使用了<card>。
CARD_TRK02_TARGETTEXT,施用於英雄或村落
CARD_TRK03_DESCRIPTION,命令國王的守衛\n離開所站位置。
CARD_TRK03_FLAVORTEXT,你說那些走狗只會聽國王的命令？那就或多或少 ...... 如他們所願吧。
CARD_TRK03_FLAVORTEXTAUTHOR,~神秘罪犯
CARD_TRK03_NAME,假命令
CARD_TRK03_STATUSFEEDPLAYEDTOCREATURE,<from_creature>對<to_creature>使用了<card>。
CARD_TRK03_STATUSFEEDPLAYEDTOTILE,<from_creature>對<tile_name>使用了<card>。
CARD_TRK03_TARGETTEXT,施用於國王的守衛
CARD_TRK04_DESCRIPTION,行動點數 -1、\n及生命值 -2。
CARD_TRK04_FLAVORTEXT,他們曾經是良民，但艱難的生活讓他們墮落了。
CARD_TRK04_FLAVORTEXTAUTHOR,~賢狼星
CARD_TRK04_NAME,僱傭兵
CARD_TRK04_STATUSFEEDPLAYEDTOCREATURE,<from_creature>對<to_creature>使用了<card>。
CARD_TRK04_STATUSFEEDPLAYEDTOTILE,<from_creature>對<tile_name>使用了<card>。
CARD_TRK04_TARGETTEXT,施用於格子
CARD_TRK05_DESCRIPTION,偷取 3 枚金幣，\n並贈送 1 枚金幣\n給最窮的英雄。
CARD_TRK05_FLAVORTEXT,這些在森林遊蕩的「義賊」才不是什麼英雄咧，他們偷走了我的金幣！
CARD_TRK05_FLAVORTEXTAUTHOR,~長牙羅賓
CARD_TRK05_NAME,綠林好漢
CARD_TRK05_STATUSFEEDPLAYEDTOCREATURE,<from_creature>對<to_creature>使用了<card>。
CARD_TRK05_STATUSFEEDPLAYEDTOTILE,<from_creature>對<tile_name>使用了<card>。
CARD_TRK05_TARGETTEXT,施用於格子
CARD_TRK06_DESCRIPTION,變成<specialstatus_stealth>潛行</specialstatus_stealth>狀態，\n直到下一個回合\n結束時為止。
CARD_TRK06_FLAVORTEXT,我們的眼睛想欺騙我們，但根據我的經驗，它們根本不需要什麼說服。
CARD_TRK06_FLAVORTEXTAUTHOR,~特務祖爾丹
CARD_TRK06_NAME,偽裝
CARD_TRK06_STATUSFEEDPLAYEDTOCREATURE,<from_creature>對<to_creature>使用了<card>。
CARD_TRK06_STATUSFEEDPLAYEDTOTILE,<from_creature>對<tile_name>使用了<card>。
CARD_TRK06_TARGETTEXT,施用於英雄
CARD_TRK07_DESCRIPTION,從指定的格子\n獲得<specialstatus_scout>偵查</specialstatus_scout>效果，\n直到下一個回合\n結束時為止。
CARD_TRK07_FLAVORTEXT,不管是雪地還是沼澤中，灌木林還是薊叢，冰雹還是酷熱；遊俠總是能找到你的蹤跡。
CARD_TRK07_FLAVORTEXTAUTHOR,~遊俠甘蒙
CARD_TRK07_NAME,遊俠
CARD_TRK07_STATUSFEEDPLAYEDTOCREATURE,<from_creature>對<to_creature>使用了<card>。
CARD_TRK07_STATUSFEEDPLAYEDTOTILE,<from_creature>對<tile_name>使用了<card>。
CARD_TRK07_TARGETTEXT,施用於格子
CARD_TRK08_DESCRIPTION,使目標的<tooltip_HeroExplodePool>爆裂池</tooltip_HeroExplodePool>\n暫時被計為 0，\n直到下一個回合\n結束時為止。
CARD_TRK08_FLAVORTEXT,是啊，真是悲劇。他們說輪子都掉下來了！造車匠估計要在中午被吊死了吧。
CARD_TRK08_FLAVORTEXTAUTHOR,~目擊報告
CARD_TRK08_NAME,蓄意破壞者
CARD_TRK08_STATUSFEEDPLAYEDTOCREATURE,<from_creature>對<to_creature>使用了<card>。
CARD_TRK08_STATUSFEEDPLAYEDTOTILE,<from_creature>對<tile_name>使用了<card>。
CARD_TRK08_TARGETTEXT,施用於生物或村落
CARD_TRK09_DESCRIPTION,移除<specialstatus_bounty>懸賞</specialstatus_bounty>。
CARD_TRK09_FLAVORTEXT,哈，英雄跪下了！還求饒！聽我說，那是值得一看的景色啊！
CARD_TRK09_FLAVORTEXTAUTHOR,~審判者羅敦
CARD_TRK09_NAME,緩刑
CARD_TRK09_STATUSFEEDPLAYEDTOCREATURE,<from_creature>對<to_creature>使用了<card>。
CARD_TRK09_STATUSFEEDPLAYEDTOTILE,<from_creature>對<tile_name>使用了<card>。
CARD_TRK09_TARGETTEXT,施用於英雄
CARD_TRK10_CARDDATA_EFFECTS_0_PACTEFFECTCONFIG_INITIATORTOOLTIP,從<hero>所在地開始偵查。
CARD_TRK10_CARDDATA_EFFECTS_0_PACTEFFECTCONFIG_TARGETTOOLTIP,正被<hero>偵查。
CARD_TRK10_DESCRIPTION,<tooltip_Pact>條約</tooltip_Pact>：你對其他締約成員獲得<specialstatus_scout>偵查</specialstatus_scout>。
CARD_TRK10_FLAVORTEXT,只有在有隱私的前提下才會有秘密可言。我們支持這個錯誤的假設。
CARD_TRK10_FLAVORTEXTAUTHOR,~伏恩大師
CARD_TRK10_NAME,間諜網路
CARD_TRK10_STATUSFEEDPLAYEDTOCREATURE,<from_creature>對<to_creature>使用了<card>。
CARD_TRK10_STATUSFEEDPLAYEDTOTILE,<from_creature>對<tile_name>使用了<card>。
CARD_TRK10_TARGETTEXT,施用於英雄
CARD_TRK11_DESCRIPTION,偷一塊心靈石。
CARD_TRK11_FLAVORTEXT,沒有石頭是我們舉不起的，沒有傻瓜是我們騙不了的！
CARD_TRK11_FLAVORTEXTAUTHOR,~西奧多和盜賊團
CARD_TRK11_NAME,驚天竊案
CARD_TRK11_STATUSFEEDPLAYEDTOCREATURE,<from_creature>對<to_creature>使用了<card>。
CARD_TRK11_TARGETTEXT,施用於英雄
CARD_TRK12_DESCRIPTION,行動點數 +1。
CARD_TRK12_FLAVORTEXT,他們常說幸運眷顧勇敢的人，但根據我的經驗，幸運常眷顧有計劃的人。
CARD_TRK12_FLAVORTEXTAUTHOR,~瓦倫荷將軍
CARD_TRK12_NAME,戰略家
CARD_TRK12_STATUSFEEDPLAYEDTOCREATURE,<from_creature>對<to_creature>使用了<card>。
CARD_TRK12_STATUSFEEDPLAYEDTOTILE,<from_creature>對<tile_name>使用了<card>。
CARD_TRK12_TARGETTEXT,施用於生物
CARD_TRK13_DESCRIPTION,在受到恐嚇前，\n村落每逢黎明時\n產生金幣 +1、\n以及威望 +1。
CARD_TRK13_FLAVORTEXT,沒了產業和文化，我們會變成什麼樣子呢？讓我們盡可能地發展茁壯吧。
CARD_TRK13_FLAVORTEXTAUTHOR,~維倫德子爵
CARD_TRK13_NAME,金融及產業
CARD_TRK13_STATUSFEEDPLAYEDTOCREATURE,<from_creature>對<to_creature>使用了<card>。
CARD_TRK13_STATUSFEEDPLAYEDTOTILE,<from_creature>對<tile_name>使用了<card>。
CARD_TRK13_STATUSFEEDRECURRINGEFFECT,<to_creature>從<card>中獲得獎勵。
CARD_TRK13_TARGETTEXT,施用於和平的村落
CARD_TRK14_DESCRIPTION,從所有英雄身上偷 2 枚金幣。
CARD_TRK14_FLAVORTEXT,今個俺小兒大婚的日子，你用這等方式來找俺！還叫俺去幫你偷竊？
CARD_TRK14_FLAVORTEXTAUTHOR,~狂牛
CARD_TRK14_NAME,犯罪頭目
CARD_TRK14_STATUSFEEDPLAYEDTOCREATURE,<from_creature>對<to_creature>使用了<card>。
CARD_TRK14_STATUSFEEDPLAYEDTOTILE,<from_creature>對<tile_name>使用了<card>。
CARD_TRK14_TARGETTEXT,施用於自己
CARD_TRK15_DESCRIPTION,從所有英雄身上偷 1 點威望。
CARD_TRK15_FLAVORTEXT,你想必非常渴望登上王座。那就把它當作一顆又大、又美、又會彈跳的球去追逐吧。
CARD_TRK15_FLAVORTEXTAUTHOR,~吹噓者伍德沃德
CARD_TRK15_NAME,荊棘遊戲
CARD_TRK15_STATUSFEEDPLAYEDTOCREATURE,<from_creature>對<to_creature>使用了<card>。
CARD_TRK15_STATUSFEEDPLAYEDTOTILE,<from_creature>對<tile_name>使用了<card>。
CARD_TRK15_TARGETTEXT,施用於自己
CARD_TRK16_DESCRIPTION,恐嚇村落，\n並且驅逐裡頭的\n國王守衛。
CARD_TRK16_FLAVORTEXT,人的心有個特色：只要讓人心聚集得越多，它們就越是容易被操弄。
CARD_TRK16_FLAVORTEXTAUTHOR,~凱勒·易卜生
CARD_TRK16_NAME,策動叛亂
CARD_TRK16_STATUSFEEDPLAYEDTOCREATURE,<from_creature>對<to_creature>使用了<card>。
CARD_TRK16_STATUSFEEDPLAYEDTOTILE,<from_creature>對<tile_name>使用了<card>。
CARD_TRK16_TARGETTEXT,施用於村落
CARD_TRK17_DESCRIPTION,造成魔法 -4、\n及行動點數 -1。
CARD_TRK17_FLAVORTEXT,醜惡巫婆於夜中，狂喜的、褻瀆著；無懼獵人於亂中，沉著的、救贖著。
CARD_TRK17_FLAVORTEXTAUTHOR,~鄉村睡前禱文
CARD_TRK17_NAME,女巫獵人
CARD_TRK17_STATUSFEEDPLAYEDTOCREATURE,<from_creature>對<to_creature>使用了<card>。
CARD_TRK17_STATUSFEEDPLAYEDTOTILE,<from_creature>對<tile_name>使用了<card>。
CARD_TRK17_TARGETTEXT,施用於村落、地牢或巨石陣
CARD_TRK18_DESCRIPTION,讓你指定的對象\n遭到<tooltip_BuffIconBounty>懸賞</tooltip_BuffIconBounty>、\n或者是提高他的\n懸賞等級。
CARD_TRK18_FLAVORTEXT,有什麼讚美，能比項上人頭被懸賞更讓人意氣風發呢！
CARD_TRK18_FLAVORTEXTAUTHOR,~修女維坎
CARD_TRK18_NAME,懸賞
CARD_TRK18_STATUSFEEDPLAYEDTOCREATURE,<from_creature>對<to_creature>使用了<card>。
CARD_TRK18_STATUSFEEDPLAYEDTOTILE,<from_creature>對<tile_name>使用了<card>。
CARD_TRK18_TARGETTEXT,施用於英雄
CARD_TRK19_DESCRIPTION,向目標偷取 1 件\n裝備中的道具。
CARD_TRK19_FLAVORTEXT,如果總是在意物品的所有者，飛賊又如何能進步呢？
CARD_TRK19_FLAVORTEXTAUTHOR,~節儉的傑克
CARD_TRK19_NAME,飛賊
CARD_TRK19_STATUSFEEDPLAYEDTOCREATURE,<from_creature>對<to_creature>使用了<card>。
CARD_TRK19_STATUSFEEDPLAYEDTOTILE,<from_creature>對<tile_name>使用了<card>。
CARD_TRK19_TARGETTEXT,施用於英雄、村落或地牢
CARD_TRK20_DESCRIPTION,目標每擁有一名\n隊伍隨從就遭受\n生命值 -2。
CARD_TRK20_FLAVORTEXT,這只是一場簡單的交易。你給我一些金幣，我給你一顆人頭。
CARD_TRK20_FLAVORTEXTAUTHOR,~劊子手
CARD_TRK20_NAME,斬首
CARD_TRK20_STATUSFEEDPLAYEDTOCREATURE,<from_creature>對<to_creature>使用了<card>。
CARD_TRK20_STATUSFEEDPLAYEDTOTILE,<from_creature>對<tile_name>使用了<card>。
CARD_TRK20_TARGETTEXT,施用於英雄、村落或地牢
CARD_TRK21_DESCRIPTION,危機難度 -1。
CARD_TRK21_FLAVORTEXT,有時候選擇犧牲掉一群人來受惠另一群人是免不了的。
CARD_TRK21_FLAVORTEXTAUTHOR,~夜母
CARD_TRK21_NAME,敢死隊
CARD_TRK21_STATUSFEEDPLAYEDTOCREATURE,<from_creature>對<to_creature>使用了<card>。
CARD_TRK21_STATUSFEEDPLAYEDTOTILE,<from_creature>對<tile_name>使用了<card>。
CARD_TRK21_TARGETTEXT,施用於危機
CARD_TRK22_DESCRIPTION,向目標挖角 1 名\n隊伍中的隨從。
CARD_TRK22_FLAVORTEXT,忠誠不是美德，而是用金錢交易換取的。
CARD_TRK22_FLAVORTEXTAUTHOR,~金牙銀行格言
CARD_TRK22_NAME,賄賂
CARD_TRK22_STATUSFEEDPLAYEDTOCREATURE,<from_creature>對<to_creature>使用了<card>。
CARD_TRK22_STATUSFEEDPLAYEDTOTILE,<from_creature>對<tile_name>使用了<card>。
CARD_TRK22_TARGETTEXT,施用於英雄或村落
CARD_TRK23_DESCRIPTION,生命值 -2。\n目標若因此\n而死亡就會獲得\n汙穢 +1。
CARD_TRK23_FLAVORTEXT,最適合加以利用的往往是那些被詛咒之人。
CARD_TRK23_FLAVORTEXTAUTHOR,~術士伍斯特
CARD_TRK23_NAME,瘟疫傳播者
CARD_TRK23_STATUSFEEDPLAYEDTOCREATURE,<from_creature>對<to_creature>使用了<card>。
CARD_TRK23_STATUSFEEDPLAYEDTOTILE,<from_creature>對<tile_name>使用了<card>。
CARD_TRK23_STATUSFEEDRECURRINGEFFECT,<to_creature>從<card>獲取汙穢。
CARD_TRK23_TARGETTEXT,施用於地牢或沼澤
CARD_TRK24_CARDDATA_EFFECTS_0_PACTEFFECTCONFIG_INITIATORTOOLTIP,你和<hero>每回合獲得金幣 +1。
CARD_TRK24_DESCRIPTION,<tooltip_Pact>條約</tooltip_Pact>：每個回合得到金幣 +1。
CARD_TRK24_FLAVORTEXT,願我們金銀堆得高如山，高到友誼可以就此消亡。
CARD_TRK24_FLAVORTEXTAUTHOR,~鼠族祝酒詞
CARD_TRK24_NAME,商人的協議
CARD_TRK24_STATUSFEEDPLAYEDTOCREATURE,<from_creature>對<to_creature>使用了<card>。
CARD_TRK24_STATUSFEEDPLAYEDTOTILE,<from_creature>對<tile_name>使用了<card>。
CARD_TRK24_STATUSFEEDRECURRINGEFFECT,<to_creature>從<card>中獲益。
CARD_TRK24_TARGETTEXT,施用於英雄
CARD_TRK25_CARDDATA_EFFECTS_0_PACTEFFECTCONFIG_INITIATORTOOLTIP,你和<hero>每回合獲得威望 +1。
CARD_TRK25_DESCRIPTION,<tooltip_Pact>條約</tooltip_Pact>：每個回合得到威望 +1。
CARD_TRK25_FLAVORTEXT,成功的路上沒有朋友，只有尚未出手的敵人。
CARD_TRK25_FLAVORTEXTAUTHOR,~叛徒伊肯
CARD_TRK25_NAME,同盟條約
CARD_TRK25_STATUSFEEDPLAYEDTOCREATURE,<from_creature>對<to_creature>使用了<card>。
CARD_TRK25_STATUSFEEDPLAYEDTOTILE,<from_creature>對<tile_name>使用了<card>。
CARD_TRK25_STATUSFEEDRECURRINGEFFECT,<to_creature>從<card>中獲益。
CARD_TRK25_TARGETTEXT,施用於英雄
CARD_TRK26_DESCRIPTION,從目標手中偷取 2 張\n卡牌。
CARD_TRK26_FLAVORTEXT,有些老傢伙毛遂自薦，讓他消失了！永遠地消失了！太棒了！滿分！
CARD_TRK26_FLAVORTEXTAUTHOR,~馬戲團常客
CARD_TRK26_NAME,流浪馬戲團
CARD_TRK26_STATUSFEEDPLAYEDTOCREATURE,<from_creature>對<to_creature>使用了<card>。
CARD_TRK26_STATUSFEEDPLAYEDTOTILE,<from_creature>對<tile_name>使用了<card>。
CARD_TRK26_TARGETTEXT,施用於平原、森林或村落
CARD_TRK27_DESCRIPTION,'-2 金幣。如果目標無法支付，則生命和行動點數 -1。
CARD_TRK27_FLAVORTEXT,噢，你該不會沒有金幣吧？那麼我該重新考慮之前不傷害你的承諾了……
CARD_TRK27_FLAVORTEXTAUTHOR,~扒手昆特
CARD_TRK27_NAME,地痞流氓
CARD_TRK27_STATUSFEEDPLAYEDTOCREATURE,<from_creature>對<to_creature>使用了<card>。
CARD_TRK27_STATUSFEEDPLAYEDTOTILE,<from_creature>對<tile_name>使用了<card>。
CARD_TRK27_TARGETTEXT,施用於格子
CARD_TRK28_DESCRIPTION,目標已經佔領的每一個村落都會造成金幣 -1。 (包括部族屬地)
CARD_TRK28_FLAVORTEXT,這個金幣是你的，這個金幣是我的。這個金幣是你的，這兩個都是我的！
CARD_TRK28_FLAVORTEXTAUTHOR,~哈格爾領主
CARD_TRK28_NAME,貪官汙吏
CARD_TRK28_STATUSFEEDPLAYEDTOCREATURE,<from_creature>對<to_creature>使用了<card>。
CARD_TRK28_STATUSFEEDPLAYEDTOTILE,<from_creature>對<tile_name>使用了<card>。
CARD_TRK28_TARGETTEXT,施用於英雄或村落
CARD_TRK29_DESCRIPTION,英雄若挑戰危機失敗，則每一個未匹配符號造成生命值 -1。
CARD_TRK29_FLAVORTEXT,真是倒霉，是吧？如果扔給我更多金幣，我還可以讓更多的倒霉事發生。
CARD_TRK29_FLAVORTEXTAUTHOR,~預示者
CARD_TRK29_NAME,帶來厄運的特務
CARD_TRK29_STATUSFEEDPLAYEDTOCREATURE,<from_creature>對<to_creature>使用了<card>。
CARD_TRK29_STATUSFEEDPLAYEDTOTILE,<from_creature>對<tile_name>使用了<card>。
CARD_TRK29_TARGETTEXT,施用於危機
CARD_TRK30_DESCRIPTION,行動點數 -1、\n及生命值 -1。
CARD_TRK30_FLAVORTEXT,他們不可能逃得出這個陷阱了。唉，你在找些什麼？啊等等……你還是不要告訴我了。
CARD_TRK30_FLAVORTEXTAUTHOR,~特德補給站主管
CARD_TRK30_NAME,隱藏的陷阱
CARD_TRK30_STATUSFEEDPLAYEDTOCREATURE,<from_creature>對<to_creature>使用了<card>。
CARD_TRK30_STATUSFEEDPLAYEDTOTILE,<from_creature>對<tile_name>使用了<card>。
CARD_TRK30_TARGETTEXT,施用於地牢、森林或山地
CARD_TRK31_DESCRIPTION,偷取 2 枚金幣。\n對象若在你偵查\n視野內，則改偷\n身上裝備 1 件。
CARD_TRK31_FLAVORTEXT,伸入袋中的小爪。
CARD_TRK31_FLAVORTEXTAUTHOR,~混亂之爪露西
CARD_TRK31_NAME,扒手
CARD_TRK31_STATUSFEEDPLAYEDTOCREATURE,<from_creature>對<to_creature>使用了<card>。
CARD_TRK31_STATUSFEEDPLAYEDTOTILE,<from_creature>對<tile_name>使用了<card>。
CARD_TRK31_TARGETTEXT,施用於村落
CARD_TRK32_DESCRIPTION,放逐到最鄰近的山地空格，並且回合強制結束。
CARD_TRK32_FLAVORTEXT,嘿！正在叫你呢，英雄！你想要看雪嗎？是的！這就是了！我們出發吧！快給我動起來。
CARD_TRK32_FLAVORTEXTAUTHOR,~你的新夥伴
CARD_TRK32_NAME,歡迎派對
CARD_TRK32_STATUSFEEDPLAYEDTOCREATURE,<from_creature>對<to_creature>使用了<card>。
CARD_TRK32_TARGETTEXT,施用於村落
CARD_TRK33_DESCRIPTION,佔領目標村落。
CARD_TRK33_FLAVORTEXT,我從一個個城鎮來到這裡，一路唱著歌頌我……呃……我是在説歌頌你！絕對是你！
CARD_TRK33_FLAVORTEXTAUTHOR,~吟遊詩人巴倫
CARD_TRK33_NAME,使者
CARD_TRK33_STATUSFEEDPLAYEDTOCREATURE,<from_creature>對<to_creature>使用了<card>。
CARD_TRK33_STATUSFEEDPLAYEDTOTILE,<from_creature>對<tile_name>使用了<card>。
CARD_TRK33_TARGETTEXT,施用於村落空格
CARD_TRK34_CARDDATA_EFFECTS_0_PACTEFFECTCONFIG_INITIATORTOOLTIP,如果你攻擊<hero>，便會立刻成為叛國者。
CARD_TRK34_DESCRIPTION,<tooltip_Pact>條約</tooltip_Pact>：締約雙方\n先進攻對方者將\n被視為<tooltip_BuffIconTraitor>叛國者</tooltip_BuffIconTraitor>且\n條約隨即失效。
CARD_TRK34_FLAVORTEXT,就在親族與國王的面前，雙方的誓約以鮮血鑄造，但是也會被鮮血摧毀。
CARD_TRK34_FLAVORTEXTAUTHOR,~摘自停戰協議
CARD_TRK34_NAME,停戰協定
CARD_TRK34_STATUSFEEDPLAYEDTOCREATURE,<from_creature>對<to_creature>使用了<card>。
CARD_TRK34_STATUSFEEDRECURRINGEFFECT,<to_creature>違背了與<from_creature>的<card>。
CARD_TRK34_TARGETTEXT,施用於英雄
CARD_TRK35_DESCRIPTION,下回合結束前，\n戰鬥中造成對手\n每一點傷害就讓\n你偷 1 枚金幣。
CARD_TRK35_FLAVORTEXT,有些人為金錢而殺戮，但有些人則為殺戮而把金錢當做額外獎賞。
CARD_TRK35_FLAVORTEXTAUTHOR,~羅·卡利科
CARD_TRK35_NAME,獵殺賞金
CARD_TRK35_STATUSFEEDPLAYEDTOCREATURE,<from_creature>對<to_creature>使用了<card>。
CARD_TRK35_STATUSFEEDRECURRINGEFFECT,<to_creature>獲取他們的<card>。
CARD_TRK35_TARGETTEXT,施用於英雄
CARD_TRK36_CARDDATA_EFFECTS_0_PACTEFFECTCONFIG_INITIATORTOOLTIP,每回合從<hero>身上偷取1金幣。
CARD_TRK36_CARDDATA_EFFECTS_0_PACTEFFECTCONFIG_TARGETTOOLTIP,每回合被<hero>偷走1金幣。
CARD_TRK36_DESCRIPTION,<tooltip_Pact>條約</tooltip_Pact>：每回合從\n締約的對象身上\n偷取 1 枚金幣。
CARD_TRK36_FLAVORTEXT,每一個人都會有他自己的黑歷史。而且全都已經被我們記錄在案了。
CARD_TRK36_FLAVORTEXTAUTHOR,~希爾甘·麥凱利
CARD_TRK36_NAME,敲詐勒索
CARD_TRK36_STATUSFEEDPLAYEDTOCREATURE,<from_creature>對<to_creature>使用了<card>。
CARD_TRK36_STATUSFEEDRECURRINGEFFECT,<from_creature>給予了<to_creature><card>。
CARD_TRK36_TARGETTEXT,施用於英雄
CARD_TRK37_DESCRIPTION,安設<tooltip_sanctifiedwards>守護石</tooltip_sanctifiedwards>抵擋\n腐化生物入侵，\n直到該村落受到\n他人恐嚇為止。
CARD_TRK37_FLAVORTEXT,我不知道這些古老的石頭裡面有什麼奇怪的魔法，但至少我們現在更加安全了。
CARD_TRK37_FLAVORTEXTAUTHOR,~管家巴克
CARD_TRK37_NAME,守護石
CARD_TRK37_STATUSFEEDPLAYEDTOTILE,<from_creature>對<tile_name>使用了<card>。
CARD_TRK37_TARGETTEXT,施用於和平的村落
CARD_TRK38_DESCRIPTION,下個黎明／黃昏來臨時，<tooltip_Merchant>商人</tooltip_Merchant>會攜帶三件消耗品前來供您選擇。
CARD_TRK38_FLAVORTEXT,你竟敢說這玩意兒叫「偷來的」？這些標記又不是說這就是國王的財產，這些是半價優惠的意思。
CARD_TRK38_FLAVORTEXTAUTHOR,一個合法的創業家
CARD_TRK38_NAME,貝蒂的私售釀造
CARD_TRK38_STATUSFEEDPLAYEDTOTILE,<from_creature> 呼叫了貝蒂的私售釀造到 <tile_name>。
CARD_TRK38_TARGETTEXT,施用於村落
CARD_TRK39_DESCRIPTION,下個黎明／黃昏來臨時，<tooltip_Merchant>商人</tooltip_Merchant>會攜帶著三件裝備前來供您選擇。
CARD_TRK39_FLAVORTEXT,西西西─ 想要劍？西西西─ 想要盾？西西西─ 想要矛？無論你想要什麼，西西西── 西米恩這裡都有喔。
CARD_TRK39_FLAVORTEXTAUTHOR,西米恩
CARD_TRK39_NAME,西米恩的鍛臂坊
CARD_TRK39_STATUSFEEDPLAYEDTOTILE,<from_creature> 呼叫了西米恩的鍛臂坊到 <tile_name>。
CARD_TRK39_TARGETTEXT,施用於村落
CARD_TRK40_DESCRIPTION,使目標的<tooltip_HeroExplodePool>爆裂池</tooltip_HeroExplodePool>\n暫時數量無限，\n直到下一個回合\n結束時為止。
CARD_TRK40_FLAVORTEXT,不放過任何弱點。禮儀要求你狠狠地展示錯誤。
CARD_TRK40_FLAVORTEXTAUTHOR,鼠族戰術第二卷。
CARD_TRK40_NAME,狡猾詭計
CARD_TRK40_STATUSFEEDPLAYEDTOCREATURE,<from_creature> 出<card>對<to_creature>。
CARD_TRK40_TARGETTEXT,施用於生物
CARD_TRK42_DESCRIPTION,生命值 -1。\n若目標已被<specialstatus_Bounty>懸賞</specialstatus_Bounty>\n則每個懸賞等級\n再使生命值 -1。
CARD_TRK42_FLAVORTEXT,安啦，那隻黃鼠狼能在一千碼以外的地方準確命中一隻沼鼠。
CARD_TRK42_FLAVORTEXTAUTHOR,~維加理斯子爵
CARD_TRK42_NAME,神射手
CARD_TRK42_STATUSFEEDPLAYEDTOCREATURE,<from_creature>對<to_creature>使用了<card>。
CARD_TRK42_STATUSFEEDPLAYEDTOTILE,<from_creature>對<tile_name>使用了<card>。
CARD_TRK42_TARGETTEXT,施用於英雄或格子
CARD_TRK43_DESCRIPTION,轉化森林為沼澤且格子上的生物生命值 -2。
CARD_TRK43_FLAVORTEXT,沒有什麼比起焚燒懷爾德之心還要更加令人髮指的行為了！惡劣至極！這根本就是褻瀆！
CARD_TRK43_FLAVORTEXTAUTHOR,~老牧師托爾
CARD_TRK43_NAME,縱火
CARD_TRK43_STATUSFEEDPLAYEDTOTILE,<from_creature>用<card>犯下了邪惡的罪行。<tile_name>的每一寸土地都變成了危險的沼澤。
CARD_TRK43_TARGETTEXT,施用於森林
CARD_TRK44_DESCRIPTION,下個黎明／黃昏來臨時，<tooltip_Merchant>商人</tooltip_Merchant>會攜帶著兩名隨從前來供您選擇。
CARD_TRK44_FLAVORTEXT,瞧他們的模樣，小親親，再沒有什麼比起傭兵沒有僱主還要悲慘的事了。只要你有錢，我就可以搞定一切。
CARD_TRK44_FLAVORTEXTAUTHOR,-蘿克希‧瑪摩菈德
CARD_TRK44_NAME,蘿克希的招募棧
CARD_TRK44_STATUSFEEDPLAYEDTOTILE,<from_creature> 呼叫蘿克希的招募棧到<tile_name>。
CARD_TRK44_TARGETTEXT,施用於和平的村落
CARD_TRK45_DESCRIPTION,下個黎明／黃昏來臨時，<tooltip_Merchant>商人</tooltip_Merchant>會攜帶著兩件寶藏前來供您選擇。
CARD_TRK45_FLAVORTEXT,不准殺價。不准以物換物！你說這件寶物？這是羅伯，在奪取這件寶物時他的脖子被巨魔給抓傷了。告訴羅伯你想要便宜點。
CARD_TRK45_FLAVORTEXTAUTHOR,-畢夫博根斯
CARD_TRK45_NAME,畢夫的非法市集
CARD_TRK45_STATUSFEEDPLAYEDTOTILE,<from_creature> 呼叫了畢夫的非法市集到<tile_name>。
CARD_TRK45_TARGETTEXT,施用於和平的村落
CARD_TRK46_DESCRIPTION,令村落<tooltip_Fortified>防禦強化</tooltip_Fortified>直到受恐嚇或者落入他人之手。
CARD_TRK46_FLAVORTEXT,一、二、拉起來！一、二、拉起來！一、二、拉起來！
CARD_TRK46_FLAVORTEXTAUTHOR,~村民
CARD_TRK46_NAME,木柵欄
CARD_TRK46_STATUSFEEDPLAYEDTOTILE,<from_creature>對<tile_name>使用了<card>。
CARD_TRK46_TARGETTEXT,施用於村落
CARD_TRK99_DESCRIPTION,DO NOT LOCALISE\nSpawn a King's Guard
CARD_TRK99_NAME,DEBUG Royal Rising
CARD_TRK99_TARGETTEXT,DO NOT LOCALISE\nAny Tile
CHATLINE_BANDIT01_0_MESSAGE,愛門羅正在邁向死亡。只有我準備好面臨這漫長冬季了。
CHATLINE_BANDIT01_0_NAME,橡果看守者
CHATLINE_BANDIT01_1_MESSAGE,這片土地上沒有什麼是我偷不走的。
CHATLINE_BANDIT01_1_NAME,妙手神偷
CHATLINE_BANDIT02_0_MESSAGE,即使是國王也不能讓死者復生。
CHATLINE_BANDIT02_0_NAME,哀悼
CHATLINE_BANDIT02_1_MESSAGE,我必將報仇。
CHATLINE_BANDIT02_1_NAME,君子報仇，十年不晚
CHATLINE_BANDIT03_0_MESSAGE,這場戰爭讓王座染滿鮮血。
CHATLINE_BANDIT03_0_NAME,血債血償
CHATLINE_BANDIT03_1_MESSAGE,希望我不會也對此感到後悔。
CHATLINE_BANDIT03_1_NAME,後悔
CHATLINE_BANDIT04_0_MESSAGE,我已經是國王了，但再多戴一頂王冠也沒有壞處。
CHATLINE_BANDIT04_0_NAME,萬王之王
CHATLINE_BANDIT04_1_MESSAGE,你可以叫我強盜，只要你跪下就行。
CHATLINE_BANDIT04_1_NAME,強盜的驕傲
CHATLINE_BEAR01_0_MESSAGE,即使是國王也不能統治懷爾德。
CHATLINE_BEAR01_0_NAME,懷爾德與自由
CHATLINE_BEAR01_1_MESSAGE,這片土地迫切需要領導者。
CHATLINE_BEAR01_1_NAME,守護者
CHATLINE_BEAR02_0_MESSAGE,有傷痕累累的王國就有疤痕施法者。
CHATLINE_BEAR02_0_NAME,野蠻疤痕
CHATLINE_BEAR02_1_MESSAGE,這片土地，強者為王。
CHATLINE_BEAR02_1_NAME,叢林法則
CHATLINE_BEAR03_0_MESSAGE,我根本不喜歡王宮 ……
CHATLINE_BEAR03_0_NAME,坦率
CHATLINE_BEAR03_1_MESSAGE,我們到底在打什麼來著？
CHATLINE_BEAR03_1_NAME,健忘
CHATLINE_BEAR04_0_MESSAGE,品嘗我的佳釀，見證我的勝利。
CHATLINE_BEAR04_0_NAME,小飲一杯
CHATLINE_BEAR04_1_MESSAGE,我在沸騰深淵中看見了未來。
CHATLINE_BEAR04_1_NAME,厄運
CHATLINE_DRAGON01_0_MESSAGE,我被選中。你膽敢蔑視蠕蟲的意志？
CHATLINE_DRAGON01_0_NAME,被選中
CHATLINE_DRAGON01_1_MESSAGE,愛門羅被賦予了一個新的時代。龍之部族的時代。
CHATLINE_DRAGON01_1_NAME,龍的時代
CHATLINE_DRAGON02_0_MESSAGE,說到底，你的誓言最重要。
CHATLINE_DRAGON02_0_NAME,榮譽
CHATLINE_DRAGON02_1_MESSAGE,我承諾過，我會保護愛門羅。
CHATLINE_DRAGON02_1_NAME,誓言
CHATLINE_DRAGON03_0_MESSAGE,你以懷爾德之名犧牲自己的小狗，然後稱這為平衡？
CHATLINE_DRAGON03_0_NAME,平衡
CHATLINE_DRAGON03_1_MESSAGE,哨兵有職責，別擋路。
CHATLINE_DRAGON03_1_NAME,職責
CHATLINE_DRAGON04_0_MESSAGE,沒有學習、沒有實踐、沒有奉獻！除了我們，其它人都配不上。
CHATLINE_DRAGON04_0_NAME,自我價值
CHATLINE_DRAGON04_1_MESSAGE,到處都是我們的人，我們無所不在！
CHATLINE_DRAGON04_1_NAME,納扎爾在哪裡？
CHATLINE_RABBIT01_0_MESSAGE,你會以為王冠這樣的珍寶會被藏起來。
CHATLINE_RABBIT01_0_NAME,喜鵲
CHATLINE_RABBIT01_1_MESSAGE,宮殿裡有上千個值得探索的地方 ……
CHATLINE_RABBIT01_1_NAME,探索者
CHATLINE_RABBIT02_0_MESSAGE,我做出來的小玩意比我度過的生日還要多。
CHATLINE_RABBIT02_0_NAME,生日快樂
CHATLINE_RABBIT02_1_MESSAGE,讓開！王國的未來就在這裡。
CHATLINE_RABBIT02_1_NAME,這一代
CHATLINE_RABBIT03_0_MESSAGE,也許我該把它們全拆掉然後重頭再來。
CHATLINE_RABBIT03_0_NAME,打磨
CHATLINE_RABBIT03_1_MESSAGE,如果壞了，就快點修好它！
CHATLINE_RABBIT03_1_NAME,迅速修復
CHATLINE_RABBIT04_0_MESSAGE,年輕人，歲月讓人獲得智慧。
CHATLINE_RABBIT04_0_NAME,妄自尊大
CHATLINE_RABBIT04_1_MESSAGE,我還記得那個可惡國王之前的時代。
CHATLINE_RABBIT04_1_NAME,想當年 ……
CHATLINE_RAT01_0_MESSAGE,從低谷到山巔。然後肯定又會跌回去！
CHATLINE_RAT01_0_NAME,賭徒
CHATLINE_RAT01_1_MESSAGE,給貧民窟的國王讓條路。
CHATLINE_RAT01_1_NAME,出身低下
CHATLINE_RAT02_0_MESSAGE,我們來玩捉迷藏吧。
CHATLINE_RAT02_0_NAME,影舞者
CHATLINE_RAT02_1_MESSAGE,我將在暗影中統治。
CHATLINE_RAT02_1_NAME,暗夜的承諾
CHATLINE_RAT03_0_MESSAGE,未來有一千種結局，但只會發生其中一種 ……
CHATLINE_RAT03_0_NAME,預見
CHATLINE_RAT03_1_MESSAGE,我將統治迷霧與王國
CHATLINE_RAT03_1_NAME,世界盡頭
CHATLINE_RAT04_0_MESSAGE,鮮血與我的鞋子搭不搭？
CHATLINE_RAT04_0_NAME,愛美
CHATLINE_RAT04_1_MESSAGE,我會彬彬有禮地活剝了你！
CHATLINE_RAT04_1_NAME,剝皮人
CHATLINE_WOLF01_0_MESSAGE,這片領土由劍所統治。而我恰好擅長使劍 ……
CHATLINE_WOLF01_0_NAME,劍魂
CHATLINE_WOLF01_1_MESSAGE,我是被選中的王子！
CHATLINE_WOLF01_1_NAME,被選中者
CHATLINE_WOLF02_0_MESSAGE,山峰比王宮的尖頂還高。
CHATLINE_WOLF02_0_NAME,高高在上
CHATLINE_WOLF02_1_MESSAGE,在統治這片土地前，你必須先了解它。
CHATLINE_WOLF02_1_NAME,漫遊者
CHATLINE_WOLF03_0_MESSAGE,國王命在旦夕，王后萬歲。
CHATLINE_WOLF03_0_NAME,新的血脈
CHATLINE_WOLF03_1_MESSAGE,我輸掉了一場扳手腕。他們輸掉了一只胳膊。
CHATLINE_WOLF03_1_NAME,輸不起的人
CHATLINE_WOLF04_0_MESSAGE,救贖與復仇！
CHATLINE_WOLF04_0_NAME,重生
CHATLINE_WOLF04_1_MESSAGE,兇暴與勝利！
CHATLINE_WOLF04_1_NAME,瘋子
CHATMESSAGE_BADLUCK_BANDIT01,太倒霉了。
CHATMESSAGE_BADLUCK_BANDIT02,運氣不好。
CHATMESSAGE_BADLUCK_BANDIT03,太可惜了。
CHATMESSAGE_BADLUCK_BANDIT04,朋友，這太不走運了。
CHATMESSAGE_BADLUCK_BEAR01,真的很可惜。
CHATMESSAGE_BADLUCK_BEAR02,懷爾德真是善變。
CHATMESSAGE_BADLUCK_BEAR03,哈哈！噢，我是說，太倒霉了。
CHATMESSAGE_BADLUCK_BEAR04,祝你下輩子好運。
CHATMESSAGE_BADLUCK_DRAGON01,你的好運已經用完了。
CHATMESSAGE_BADLUCK_DRAGON02,運氣逆轉了。
CHATMESSAGE_BADLUCK_DRAGON03,無可避免，真是可惜。
CHATMESSAGE_BADLUCK_DRAGON04,厄運是給你的懲罰！
CHATMESSAGE_BADLUCK_RABBIT01,真是倒霉。
CHATMESSAGE_BADLUCK_RABBIT02,哦，不！真是倒霉。
CHATMESSAGE_BADLUCK_RABBIT03,運氣不好，但不能用它當藉口。
CHATMESSAGE_BADLUCK_RABBIT04,不幸之至。
CHATMESSAGE_BADLUCK_RAT01,也許下次吧。
CHATMESSAGE_BADLUCK_RAT02,命運弄人啊。
CHATMESSAGE_BADLUCK_RAT03,真是不幸。
CHATMESSAGE_BADLUCK_RAT04,你運氣真背呀，親愛的。
CHATMESSAGE_BADLUCK_WOLF01,可惜了。
CHATMESSAGE_BADLUCK_WOLF02,這可不妙。
CHATMESSAGE_BADLUCK_WOLF03,真是倒霉啊。但是堅強點！
CHATMESSAGE_BADLUCK_WOLF04,可惜。
CHATMESSAGE_EXCLAIMBOAST_BANDIT01,崔絲女王。那聽起來不錯。
CHATMESSAGE_EXCLAIMBOAST_BANDIT02,如果我成為了國王，你們全部都得吊死。
CHATMESSAGE_EXCLAIMBOAST_BANDIT03,我會成為一名公正、高尚的國王。
CHATMESSAGE_EXCLAIMBOAST_BANDIT04,向愛門羅的真命之主俯首稱臣吧。
CHATMESSAGE_EXCLAIMBOAST_BEAR01,在我的統治下，懷爾德將迎來平衡。
CHATMESSAGE_EXCLAIMBOAST_BEAR02,懷爾德將會引導我的統治。
CHATMESSAGE_EXCLAIMBOAST_BEAR03,作為國王，我*必須*得住在王宮嗎？
CHATMESSAGE_EXCLAIMBOAST_BEAR04,統治者必須做出犧牲。我會的。
CHATMESSAGE_EXCLAIMBOAST_DRAGON01,我的羊群會啃掉敵人的屍體。
CHATMESSAGE_EXCLAIMBOAST_DRAGON02,我會親眼看著這個國王倒下，就像我見過的另外幾百個國王一樣。
CHATMESSAGE_EXCLAIMBOAST_DRAGON03,污濁恐懼於我。
CHATMESSAGE_EXCLAIMBOAST_DRAGON04,我投入、我值得、我是天選的！
CHATMESSAGE_EXCLAIMBOAST_RABBIT01,統治？比起我做過的事，這沒什麼大不了的。
CHATMESSAGE_EXCLAIMBOAST_RABBIT02,等我當上了國王，我要建一座很大很大的王宮！
CHATMESSAGE_EXCLAIMBOAST_RABBIT03,我會重建愛門羅。
CHATMESSAGE_EXCLAIMBOAST_RABBIT04,我會把你們全送上軍事法庭的！
CHATMESSAGE_EXCLAIMBOAST_RAT01,想像一下到處懸掛著鼠族紅的王宮吧。
CHATMESSAGE_EXCLAIMBOAST_RAT02,刀劍…… 毒藥…… 時間…… 總得選一個。
CHATMESSAGE_EXCLAIMBOAST_RAT03,我會在王宮中駕馭命運本身。
CHATMESSAGE_EXCLAIMBOAST_RAT04,我若是戴上皇冠豈不是很合適？
CHATMESSAGE_EXCLAIMBOAST_WOLF01,我是王子。我才是國王的正當人選！
CHATMESSAGE_EXCLAIMBOAST_WOLF02,我來當女王？嗯，總比讓森當國王好吧。
CHATMESSAGE_EXCLAIMBOAST_WOLF03,是時候讓愛門羅迎來一名女王了。
CHATMESSAGE_EXCLAIMBOAST_WOLF04,統治的條件是什麼，我很清楚。
CHATMESSAGE_EXCLAIMCURSE_BANDIT01,呃，糟透了。
CHATMESSAGE_EXCLAIMCURSE_BANDIT02,哼！一群膽小鬼。
CHATMESSAGE_EXCLAIMCURSE_BANDIT03,喔不！
CHATMESSAGE_EXCLAIMCURSE_BANDIT04,太卑鄙了！該死！
CHATMESSAGE_EXCLAIMCURSE_BEAR01,不會吧！
CHATMESSAGE_EXCLAIMCURSE_BEAR02,啊啊！讓汙穢吞噬一切吧！
CHATMESSAGE_EXCLAIMCURSE_BEAR03,慘啦，真的慘啦！
CHATMESSAGE_EXCLAIMCURSE_BEAR04,血！盲目！詛咒它，詛咒它！
CHATMESSAGE_EXCLAIMCURSE_DRAGON01,蠕蟲的牙齒！
CHATMESSAGE_EXCLAIMCURSE_DRAGON02,讓蠕蟲吞噬它吧。
CHATMESSAGE_EXCLAIMCURSE_DRAGON03,膽小鬼！
CHATMESSAGE_EXCLAIMCURSE_DRAGON04,蠕蟲之怒！
CHATMESSAGE_EXCLAIMCURSE_RABBIT01,哎呀！糟了！
CHATMESSAGE_EXCLAIMCURSE_RABBIT02,有沒有搞錯！
CHATMESSAGE_EXCLAIMCURSE_RABBIT03,這是誰在搞鬼？！
CHATMESSAGE_EXCLAIMCURSE_RABBIT04,該死的痘痘！
CHATMESSAGE_EXCLAIMCURSE_RAT01,啊！願你成為蠕蟲的美餐！
CHATMESSAGE_EXCLAIMCURSE_RAT02,靠腰啊！
CHATMESSAGE_EXCLAIMCURSE_RAT03,願命運之輪碾碎你們！
CHATMESSAGE_EXCLAIMCURSE_RAT04,可悲的豬崽！
CHATMESSAGE_EXCLAIMCURSE_WOLF01,啊！該死。
CHATMESSAGE_EXCLAIMCURSE_WOLF02,噢，懷爾德在上，拜託不要！
CHATMESSAGE_EXCLAIMCURSE_WOLF03,不！我不相信！
CHATMESSAGE_EXCLAIMCURSE_WOLF04,吼喔喔喔！
CHATMESSAGE_EXCLAIMOUCH_BANDIT01,哎唷！痛死啦！
CHATMESSAGE_EXCLAIMOUCH_BANDIT02,嗚！哼，我碰過比這更糟的狀況。
CHATMESSAGE_EXCLAIMOUCH_BANDIT03,啊啊！嗷！
CHATMESSAGE_EXCLAIMOUCH_BANDIT04,噫！哎唷！
CHATMESSAGE_EXCLAIMOUCH_BEAR01,啊！懷爾德保佑。
CHATMESSAGE_EXCLAIMOUCH_BEAR02,啊！嗷！
CHATMESSAGE_EXCLAIMOUCH_BEAR03,痛！痛！痛呀！
CHATMESSAGE_EXCLAIMOUCH_BEAR04,身體好像 ... 燒起來似的！
CHATMESSAGE_EXCLAIMOUCH_DRAGON01,啊～！
CHATMESSAGE_EXCLAIMOUCH_DRAGON02,呃...血。救星。
CHATMESSAGE_EXCLAIMOUCH_DRAGON03,呵！
CHATMESSAGE_EXCLAIMOUCH_DRAGON04,喀！...哈哈
CHATMESSAGE_EXCLAIMOUCH_RABBIT01,哎唷！哎唷！懷爾德在上，痛死了！
CHATMESSAGE_EXCLAIMOUCH_RABBIT02,哎！哎！好痛啊，嗚 ……（吸鼻子）。
CHATMESSAGE_EXCLAIMOUCH_RABBIT03,哎！不妙。哎唷。
CHATMESSAGE_EXCLAIMOUCH_RABBIT04,嘎啊！我中彈了！
CHATMESSAGE_EXCLAIMOUCH_RAT01,呃！嗚！
CHATMESSAGE_EXCLAIMOUCH_RAT02,啊！好痛。
CHATMESSAGE_EXCLAIMOUCH_RAT03,嘎啊啊啊！
CHATMESSAGE_EXCLAIMOUCH_RAT04,好痛！啊啊啊啊啊！
CHATMESSAGE_EXCLAIMOUCH_WOLF01,嗷！該死！
CHATMESSAGE_EXCLAIMOUCH_WOLF02,啊！嗷！
CHATMESSAGE_EXCLAIMOUCH_WOLF03,哼。不痛不癢。
CHATMESSAGE_EXCLAIMOUCH_WOLF04,嗚吼喔喔喔喔！
CHATMESSAGE_EXCLAIMWOW_BANDIT01,噢天啊……
CHATMESSAGE_EXCLAIMWOW_BANDIT02,太荒謬了！
CHATMESSAGE_EXCLAIMWOW_BANDIT03,那真是奇妙。
CHATMESSAGE_EXCLAIMWOW_BANDIT04,什麼？！太驚人了！
CHATMESSAGE_EXCLAIMWOW_BEAR01,懷爾德在上！
CHATMESSAGE_EXCLAIMWOW_BEAR02,老天啊！
CHATMESSAGE_EXCLAIMWOW_BEAR03,哇哦哦哦……
CHATMESSAGE_EXCLAIMWOW_BEAR04,多麼壯觀的景象。
CHATMESSAGE_EXCLAIMWOW_DRAGON01,我不相信...
CHATMESSAGE_EXCLAIMWOW_DRAGON02,我以為我都看到了。
CHATMESSAGE_EXCLAIMWOW_DRAGON03,什麼…怎樣？
CHATMESSAGE_EXCLAIMWOW_DRAGON04,什麼？！怎麼？！太驚人了！
CHATMESSAGE_EXCLAIMWOW_RABBIT01,我從未見過如此景象！
CHATMESSAGE_EXCLAIMWOW_RABBIT02,哇！哇哦！太瘋狂了！
CHATMESSAGE_EXCLAIMWOW_RABBIT03,我說不出話了。
CHATMESSAGE_EXCLAIMWOW_RABBIT04,難以置信！
CHATMESSAGE_EXCLAIMWOW_RAT01,這實在是 …… 我被驚呆了。
CHATMESSAGE_EXCLAIMWOW_RAT02,原來還有能讓我驚訝的東西存在。
CHATMESSAGE_EXCLAIMWOW_RAT03,即使你早已預見它的到來，這景象仍舊壯麗無比。
CHATMESSAGE_EXCLAIMWOW_RAT04,我的懷爾德啊，怎麼做到的？
CHATMESSAGE_EXCLAIMWOW_WOLF01,確實令人印象深刻。
CHATMESSAGE_EXCLAIMWOW_WOLF02,讚美月亮！
CHATMESSAGE_EXCLAIMWOW_WOLF03,哈哈！你有看到嗎？！
CHATMESSAGE_EXCLAIMWOW_WOLF04,什麼？哇哦！
CHATMESSAGE_FAREWELL_BANDIT01,拜啦！
CHATMESSAGE_FAREWELL_BANDIT02,永別了。我們不會再見面了。
CHATMESSAGE_FAREWELL_BANDIT03,永別！解散。
CHATMESSAGE_FAREWELL_BANDIT04,永別了。為了愛門羅！
CHATMESSAGE_FAREWELL_BEAR01,再見。願懷爾德與你同在。
CHATMESSAGE_FAREWELL_BEAR02,一路好走。
CHATMESSAGE_FAREWELL_BEAR03,拜拜！
CHATMESSAGE_FAREWELL_BEAR04,再見了，小東西。
CHATMESSAGE_FAREWELL_DRAGON01,繼續你的旅途。
CHATMESSAGE_FAREWELL_DRAGON02,一路順風。
CHATMESSAGE_FAREWELL_DRAGON03,珍重再見。保重。
CHATMESSAGE_FAREWELL_DRAGON04,忘記你曾經看過我。
CHATMESSAGE_FAREWELL_RABBIT01,俗話說的好──後會有期。
CHATMESSAGE_FAREWELL_RABBIT02,拜啦！拜拜！
CHATMESSAGE_FAREWELL_RABBIT03,再見。
CHATMESSAGE_FAREWELL_RABBIT04,再會。
CHATMESSAGE_FAREWELL_RAT01,希望我們下次還能見面。
CHATMESSAGE_FAREWELL_RAT02,永別了。好好安息吧。
CHATMESSAGE_FAREWELL_RAT03,我們會在迷霧彼端再次碰面的。
CHATMESSAGE_FAREWELL_RAT04,保重。
CHATMESSAGE_FAREWELL_WOLF01,再見！要堅強喔。
CHATMESSAGE_FAREWELL_WOLF02,願月亮引導你回到家園。
CHATMESSAGE_FAREWELL_WOLF03,我們下次再見！
CHATMESSAGE_FAREWELL_WOLF04,再見。
CHATMESSAGE_GOFOR_BANDIT01,目標鎖定為<hero>。
CHATMESSAGE_GOFOR_BANDIT02,我們必須著手處理<hero>。
CHATMESSAGE_GOFOR_BANDIT03,我們必須攻擊<hero>。
CHATMESSAGE_GOFOR_BANDIT04,就是現在！快攻擊<hero>。
CHATMESSAGE_GOFOR_BEAR01,必須專心處理<hero>。
CHATMESSAGE_GOFOR_BEAR02,要正視<hero>的威脅。
CHATMESSAGE_GOFOR_BEAR03,快阻止<hero>！
CHATMESSAGE_GOFOR_BEAR04,必須消滅<hero>。
CHATMESSAGE_GOFOR_DRAGON01,幫我殺了 <hero>。要慢慢的。
CHATMESSAGE_GOFOR_DRAGON02,拿下 <hero>。
CHATMESSAGE_GOFOR_DRAGON03,<hero> 必須受淨化！
CHATMESSAGE_GOFOR_DRAGON04,馬上殲滅 <hero>！
CHATMESSAGE_GOFOR_RABBIT01,我們必須阻止<hero>！
CHATMESSAGE_GOFOR_RABBIT02,我們去抓<hero>吧！
CHATMESSAGE_GOFOR_RABBIT03,我們必須為<hero>畫下句點。
CHATMESSAGE_GOFOR_RABBIT04,各位！一起對抗<hero>吧。
CHATMESSAGE_GOFOR_RAT01,攻擊<hero>！快呀！
CHATMESSAGE_GOFOR_RAT02,<hero>才是你的目標。
CHATMESSAGE_GOFOR_RAT03,<hero>？葬送他的命運吧。
CHATMESSAGE_GOFOR_RAT04,提著<hero>的人頭來見我！
CHATMESSAGE_GOFOR_REFLEXIVE_BANDIT01,來呀，你抓不到我的。不信你試試看。
CHATMESSAGE_GOFOR_REFLEXIVE_BANDIT02,別東躲西藏了！出來與我一戰，懦夫！
CHATMESSAGE_GOFOR_REFLEXIVE_BANDIT03,是挑戰者？我要打敗你！黎明見。
CHATMESSAGE_GOFOR_REFLEXIVE_BANDIT04,你抵擋不了革命浪潮的。不信你試試看！
CHATMESSAGE_GOFOR_REFLEXIVE_BEAR01,我可不會逃避。面對懷爾德的力量吧。
CHATMESSAGE_GOFOR_REFLEXIVE_BEAR02,來吧，在懷爾德的狂怒之下粉身碎骨吧。
CHATMESSAGE_GOFOR_REFLEXIVE_BEAR03,來森林找我吧！
CHATMESSAGE_GOFOR_REFLEXIVE_BEAR04,來吧。嘗嘗我魔法的威力。
CHATMESSAGE_GOFOR_REFLEXIVE_DRAGON01,你打敗不了我。我永垂不朽！
CHATMESSAGE_GOFOR_REFLEXIVE_DRAGON02,我會活得比你們都久。
CHATMESSAGE_GOFOR_REFLEXIVE_DRAGON03,過來！在火中淨化！
CHATMESSAGE_GOFOR_REFLEXIVE_DRAGON04,打我，打我！我在這兒。
CHATMESSAGE_GOFOR_REFLEXIVE_RABBIT01,來吧傻瓜。見識一下我的力量吧。
CHATMESSAGE_GOFOR_REFLEXIVE_RABBIT02,嘿，來打我啊。我這有一把錘子！
CHATMESSAGE_GOFOR_REFLEXIVE_RABBIT03,不服氣的話，我們一戰吧。在這裡結束一切。
CHATMESSAGE_GOFOR_REFLEXIVE_RABBIT04,拜託了，讓我來教教你，你的生命有多麼短暫和弱小。
CHATMESSAGE_GOFOR_REFLEXIVE_RAT01,是挑戰者？來跟我打吧。會很享受的。
CHATMESSAGE_GOFOR_REFLEXIVE_RAT02,來阻止我啊，這樣我送你上路的時候會更開心。
CHATMESSAGE_GOFOR_REFLEXIVE_RAT03,我是灰潮。想阻止我的崛起，根本是癡人說夢。
CHATMESSAGE_GOFOR_REFLEXIVE_RAT04,過來呀。有膽就試試看呀。你這可憐的小東西。
CHATMESSAGE_GOFOR_REFLEXIVE_WOLF01,我是冬狼！來吧！看看有誰能打敗我！
CHATMESSAGE_GOFOR_REFLEXIVE_WOLF02,來挑戰我吧。但不要期待這會是一場公平的戰鬥。
CHATMESSAGE_GOFOR_REFLEXIVE_WOLF03,如果你想與我為敵，那現在就來面對我吧！
CHATMESSAGE_GOFOR_REFLEXIVE_WOLF04,要麼殺了我，要麼讓開。
CHATMESSAGE_GOFOR_WOLF01,我們必須以<hero>為目標。
CHATMESSAGE_GOFOR_WOLF02,<hero>才是獵物。
CHATMESSAGE_GOFOR_WOLF03,我們必須擊垮<hero>。讓我們團結一致吧！
CHATMESSAGE_GOFOR_WOLF04,讓<hero>消失吧。
CHATMESSAGE_GREETINGS_BANDIT01,嗨。
CHATMESSAGE_GREETINGS_BANDIT02,歡迎。
CHATMESSAGE_GREETINGS_BANDIT03,你好！
CHATMESSAGE_GREETINGS_BANDIT04,噢，你好。
CHATMESSAGE_GREETINGS_BEAR01,願懷爾德保佑你。
CHATMESSAGE_GREETINGS_BEAR02,歡迎啊，英雄。
CHATMESSAGE_GREETINGS_BEAR03,噢。你好。
CHATMESSAGE_GREETINGS_BEAR04,你。是你！你好！
CHATMESSAGE_GREETINGS_DRAGON01,吹響號角。我到了。
CHATMESSAGE_GREETINGS_DRAGON02,歡迎。
CHATMESSAGE_GREETINGS_DRAGON03,問候你和你的同類。
CHATMESSAGE_GREETINGS_DRAGON04,我們問候你。
CHATMESSAGE_GREETINGS_RABBIT01,祝你有美好的一天。
CHATMESSAGE_GREETINGS_RABBIT02,你好！你好！你好！
CHATMESSAGE_GREETINGS_RABBIT03,向您致意。
CHATMESSAGE_GREETINGS_RABBIT04,向您問好。天氣不錯。
CHATMESSAGE_GREETINGS_RAT01,你來了。我們開始吧。
CHATMESSAGE_GREETINGS_RAT02,願暗影庇佑你。
CHATMESSAGE_GREETINGS_RAT03,你好…… 各位朋友。
CHATMESSAGE_GREETINGS_RAT04,嘿，你好啊。生得很俊俏啊！
CHATMESSAGE_GREETINGS_WOLF01,你好。
CHATMESSAGE_GREETINGS_WOLF02,致敬。
CHATMESSAGE_GREETINGS_WOLF03,很高興遇見你！
CHATMESSAGE_GREETINGS_WOLF04,致敬。我們開始吧。
CHATMESSAGE_LAUGH_BANDIT01,嘻嘻！
CHATMESSAGE_LAUGH_BANDIT02,哈……
CHATMESSAGE_LAUGH_BANDIT03,哈哈！
CHATMESSAGE_LAUGH_BANDIT04,哈哈哈！
CHATMESSAGE_LAUGH_BEAR01,哈哈！
CHATMESSAGE_LAUGH_BEAR02,哈哈哈哈！
CHATMESSAGE_LAUGH_BEAR03,嘻嘻嘻
CHATMESSAGE_LAUGH_BEAR04,嘿嘿嘿嘿。
CHATMESSAGE_LAUGH_DRAGON01,呵呵呵。
CHATMESSAGE_LAUGH_DRAGON02,呵…呵...
CHATMESSAGE_LAUGH_DRAGON03,哈哈哈！
CHATMESSAGE_LAUGH_DRAGON04,啊哈哈哈！！！
CHATMESSAGE_LAUGH_RABBIT01,哈哈！噢，不好意思。
CHATMESSAGE_LAUGH_RABBIT02,哈哈哈哈哈！啊哈哈！
CHATMESSAGE_LAUGH_RABBIT03,哈哈哈！噢。咳嗯。哼。
CHATMESSAGE_LAUGH_RABBIT04,呵呵呵。
CHATMESSAGE_LAUGH_RAT01,嘻嘻嘻！
CHATMESSAGE_LAUGH_RAT02,呵……
CHATMESSAGE_LAUGH_RAT03,呵呵……
CHATMESSAGE_LAUGH_RAT04,呵呵呵呵。我的天！
CHATMESSAGE_LAUGH_WOLF01,哈哈哈！
CHATMESSAGE_LAUGH_WOLF02,哈哈。
CHATMESSAGE_LAUGH_WOLF03,哈哈！哈！
CHATMESSAGE_LAUGH_WOLF04,哈哈。
CHATMESSAGE_MERCY_BANDIT01,我沒有威脅。離我遠一點就好。
CHATMESSAGE_MERCY_BANDIT02,如果你想收拾我，我會讓你一起上路。
CHATMESSAGE_MERCY_BANDIT03,我們改天再解決這件事吧。
CHATMESSAGE_MERCY_BANDIT04,你不是我們的敵人！但請你不要阻礙我們。
CHATMESSAGE_MERCY_BEAR01,你要是傷害我，那你就是傷害了懷爾德。
CHATMESSAGE_MERCY_BEAR02,退後。沒有必要這樣做。
CHATMESSAGE_MERCY_BEAR03,請讓我一個人待著吧。
CHATMESSAGE_MERCY_BEAR04,別輕舉妄動。不！不！
CHATMESSAGE_MERCY_DRAGON01,別輕舉妄動。等等。等等！
CHATMESSAGE_MERCY_DRAGON02,別殺我。
CHATMESSAGE_MERCY_DRAGON03,往前走！我不是你要找的人。
CHATMESSAGE_MERCY_DRAGON04,饒了我們。求你！！手下留情！
CHATMESSAGE_MERCY_RABBIT01,離我遠一點！
CHATMESSAGE_MERCY_RABBIT02,不要過來這裡！這裡沒有人！
CHATMESSAGE_MERCY_RABBIT03,不要擋路，讓開。
CHATMESSAGE_MERCY_RABBIT04,饒了我吧！求你！
CHATMESSAGE_MERCY_RAT01,真正的威脅另有其人。
CHATMESSAGE_MERCY_RAT02,我不是你的目標。退下！
CHATMESSAGE_MERCY_RAT03,你不會傷害一隻年邁的老鼠的，是吧？
CHATMESSAGE_MERCY_RAT04,饒了我吧！饒了我吧！
CHATMESSAGE_MERCY_WOLF01,退後。
CHATMESSAGE_MERCY_WOLF02,退後，否則我會在你膝蓋上射一箭！
CHATMESSAGE_MERCY_WOLF03,我可不想捲入這件事。
CHATMESSAGE_MERCY_WOLF04,先別殺我。還不是時候。
CHATMESSAGE_OOPS_BANDIT01,啊喔。
CHATMESSAGE_OOPS_BANDIT02,該死的！
CHATMESSAGE_OOPS_BANDIT03,這都是我的責任。
CHATMESSAGE_OOPS_BANDIT04,呃，這在我意料之外。
CHATMESSAGE_OOPS_BEAR01,這種事情可能發生在任何人身上。
CHATMESSAGE_OOPS_BEAR02,怎麼會這樣？該死！
CHATMESSAGE_OOPS_BEAR03,啊喔！
CHATMESSAGE_OOPS_BEAR04,哎呀。
CHATMESSAGE_OOPS_DRAGON01,不！
CHATMESSAGE_OOPS_DRAGON02,噢...
CHATMESSAGE_OOPS_DRAGON03,嗯…不應該這樣的。
CHATMESSAGE_OOPS_DRAGON04,不、不、不，不應該是這樣。不！不要啊！！
CHATMESSAGE_OOPS_RABBIT01,我……不是故意的。
CHATMESSAGE_OOPS_RABBIT02,不是我幹的！
CHATMESSAGE_OOPS_RABBIT03,不管多小心，總是有可能出錯的。
CHATMESSAGE_OOPS_RABBIT04,小小的計算錯誤。
CHATMESSAGE_OOPS_RAT01,意外難免會發生。
CHATMESSAGE_OOPS_RAT02,只是忙中有錯。
CHATMESSAGE_OOPS_RAT03,小小的挫敗，不會影響命運之輪的轉動方向。
CHATMESSAGE_OOPS_RAT04,不！不！不！！！
CHATMESSAGE_OOPS_WOLF01,噢。那真是……噢。
CHATMESSAGE_OOPS_WOLF02,我不是故意的。
CHATMESSAGE_OOPS_WOLF03,我是不會犯錯的！
CHATMESSAGE_OOPS_WOLF04,不。不！不該是這樣的。
CHATMESSAGE_SHORT_BADLUCK,倒霉
CHATMESSAGE_SHORT_EXCLAIM,大喊……
CHATMESSAGE_SHORT_EXCLAIMBOAST,吹噓
CHATMESSAGE_SHORT_EXCLAIMCURSE,咒罵
CHATMESSAGE_SHORT_EXCLAIMOUCH,哎唷！
CHATMESSAGE_SHORT_EXCLAIMWOW,哇哦！
CHATMESSAGE_SHORT_FAREWELL,永別了
CHATMESSAGE_SHORT_GOFOR,目標是 ……
CHATMESSAGE_SHORT_GREETINGS,你好
CHATMESSAGE_SHORT_LAUGH,大笑
CHATMESSAGE_SHORT_MERCY,求饒
CHATMESSAGE_SHORT_OOPS,哎呀！
CHATMESSAGE_SHORT_SORRY,抱歉
CHATMESSAGE_SHORT_THANKS,謝謝
CHATMESSAGE_SHORT_THINKING,思考
CHATMESSAGE_SHORT_THREATEN,威脅……
CHATMESSAGE_SHORT_TRUCE,停戰……
CHATMESSAGE_SHORT_WELLPLAYED,玩的不錯
CHATMESSAGE_SORRY_BANDIT01,我很抱歉。真的。
CHATMESSAGE_SORRY_BANDIT02,噢，抱歉。
CHATMESSAGE_SORRY_BANDIT03,向您致上歉意。
CHATMESSAGE_SORRY_BANDIT04,抱歉。
CHATMESSAGE_SORRY_BEAR01,孩子，非常抱歉。
CHATMESSAGE_SORRY_BEAR02,我是不得已的。
CHATMESSAGE_SORRY_BEAR03,抱歉。希望下次能做得更好。
CHATMESSAGE_SORRY_BEAR04,真希望我能挽回這一切。
CHATMESSAGE_SORRY_DRAGON01,抱歉，這是必然的。
CHATMESSAGE_SORRY_DRAGON02,我真的很抱歉。
CHATMESSAGE_SORRY_DRAGON03,我哀悼你的損失。
CHATMESSAGE_SORRY_DRAGON04,我們很抱歉。抱歉！！
CHATMESSAGE_SORRY_RABBIT01,我很抱歉。
CHATMESSAGE_SORRY_RABBIT02,我覺得有點抱歉。
CHATMESSAGE_SORRY_RABBIT03,我感到很遺憾。
CHATMESSAGE_SORRY_RABBIT04,致以我最深的哀悼。
CHATMESSAGE_SORRY_RAT01,向您致上歉意。
CHATMESSAGE_SORRY_RAT02,Veyest Dahn。我很抱歉。
CHATMESSAGE_SORRY_RAT03,命運是注定的。不是你的錯。
CHATMESSAGE_SORRY_RAT04,真的很抱歉，親愛的。
CHATMESSAGE_SORRY_WOLF01,抱歉，朋友。
CHATMESSAGE_SORRY_WOLF02,抱歉。真心抱歉。
CHATMESSAGE_SORRY_WOLF03,不管你想不想聽，我想說聲抱歉。
CHATMESSAGE_SORRY_WOLF04,對不起。
CHATMESSAGE_THANKS_BANDIT01,噢！謝謝。
CHATMESSAGE_THANKS_BANDIT02,別指望我會感謝你。
CHATMESSAGE_THANKS_BANDIT03,謝謝，朋友。
CHATMESSAGE_THANKS_BANDIT04,噢！謝謝。
CHATMESSAGE_THANKS_BEAR01,請接受我的感謝。
CHATMESSAGE_THANKS_BEAR02,謝謝。
CHATMESSAGE_THANKS_BEAR03,我猜得沒錯！你真是個好人！
CHATMESSAGE_THANKS_BEAR04,你很可愛。太可愛了。
CHATMESSAGE_THANKS_DRAGON01,使者感謝你。
CHATMESSAGE_THANKS_DRAGON02,謝謝。
CHATMESSAGE_THANKS_DRAGON03,感謝你們的支持。
CHATMESSAGE_THANKS_DRAGON04,祝你好運。
CHATMESSAGE_THANKS_RABBIT01,謝謝！
CHATMESSAGE_THANKS_RABBIT02,謝謝！你最棒了！
CHATMESSAGE_THANKS_RABBIT03,請接受我的感謝。不會再有第二次了。
CHATMESSAGE_THANKS_RABBIT04,你很有運動家的風範。
CHATMESSAGE_THANKS_RAT01,我會記住的。
CHATMESSAGE_THANKS_RAT02,我欠你一次。
CHATMESSAGE_THANKS_RAT03,你真是個好人。
CHATMESSAGE_THANKS_RAT04,噢。你就是人太好了。
CHATMESSAGE_THANKS_WOLF01,謝謝。
CHATMESSAGE_THANKS_WOLF02,謝了。
CHATMESSAGE_THANKS_WOLF03,你真是個好人！超讚的！
CHATMESSAGE_THANKS_WOLF04,非常感謝。
CHATMESSAGE_THINKING_BANDIT01,讓我從頭到尾想清楚。
CHATMESSAGE_THINKING_BANDIT02,等等。
CHATMESSAGE_THINKING_BANDIT03,我正在思考一套策略。
CHATMESSAGE_THINKING_BANDIT04,準備好了我就會行動。
CHATMESSAGE_THINKING_BEAR01,讓我思索一會。
CHATMESSAGE_THINKING_BEAR02,讓我想想！
CHATMESSAGE_THINKING_BEAR03,嗯哼。嗯哼。
CHATMESSAGE_THINKING_BEAR04,我正在調製我的計劃。
CHATMESSAGE_THINKING_DRAGON01,準備好後我就會行動。
CHATMESSAGE_THINKING_DRAGON02,緩慢而堅定。
CHATMESSAGE_THINKING_DRAGON03,讓我計劃下一步行動。
CHATMESSAGE_THINKING_DRAGON04,嗯，好！等等…不…嗯...
CHATMESSAGE_THINKING_RABBIT01,再一下下，拜託！
CHATMESSAGE_THINKING_RABBIT02,我正在想辦法！
CHATMESSAGE_THINKING_RABBIT03,制定計劃是需要時間的。
CHATMESSAGE_THINKING_RABBIT04,我正在擬定一套戰略！
CHATMESSAGE_THINKING_RAT01,如果時間就是金錢，我還有一些可以浪費的額度。
CHATMESSAGE_THINKING_RAT02,我正在計劃下一個目標。
CHATMESSAGE_THINKING_RAT03,我正在為我的行動卜卦。
CHATMESSAGE_THINKING_RAT04,再等我一小會，親愛的。
CHATMESSAGE_THINKING_WOLF01,稍等一下。
CHATMESSAGE_THINKING_WOLF02,給我點時間進行準備。
CHATMESSAGE_THINKING_WOLF03,稍等。
CHATMESSAGE_THINKING_WOLF04,等等！我正在思考。
CHATMESSAGE_THREATEN_BANDIT01,你不會看到我的，<hero>。
CHATMESSAGE_THREATEN_BANDIT02,我要把你開膛破肚，<hero>。
CHATMESSAGE_THREATEN_BANDIT03,小心，<hero>。激怒騎士的後果可是很嚴重的。
CHATMESSAGE_THREATEN_BANDIT04,你死定了，<hero>。
CHATMESSAGE_THREATEN_BEAR01,不要嘗試去激怒懷爾德，<hero>。
CHATMESSAGE_THREATEN_BEAR02,我會敲碎你！<hero>！
CHATMESSAGE_THREATEN_BEAR03,<hero>！我真的很生你的氣。對不起。
CHATMESSAGE_THREATEN_BEAR04,你進我的大煮鍋裡正合適，<hero>。
CHATMESSAGE_THREATEN_DRAGON01,我會為你鳴鐘， <hero>。
CHATMESSAGE_THREATEN_DRAGON02,<hero>...你必須死。
CHATMESSAGE_THREATEN_DRAGON03,你被視為是威脅，<hero>。
CHATMESSAGE_THREATEN_DRAGON04,我們會剝了 <hero>的皮。切斷。攻擊！
CHATMESSAGE_THREATEN_RABBIT01,準備好後事吧，<hero>。
CHATMESSAGE_THREATEN_RABBIT02,我會打敗你，<hero>！也許吧。
CHATMESSAGE_THREATEN_RABBIT03,<hero>……你會在臨死之前詛咒我。
CHATMESSAGE_THREATEN_RABBIT04,<hero>，我這有顆刻著你名字的子彈。
CHATMESSAGE_THREATEN_RAT01,<hero>，我們下次再見。然後不會再有下次了。
CHATMESSAGE_THREATEN_RAT02,睡覺的時候，招子放亮點，<hero>。
CHATMESSAGE_THREATEN_RAT03,你的前方不存在什麼好結局，<hero>。
CHATMESSAGE_THREATEN_RAT04,<hero>！我會把你的鼻子割下來餵你。蛆蟲！
CHATMESSAGE_THREATEN_REFLEXIVE_BANDIT01,血流的夠多了。是時候讓我來做個了結了。
CHATMESSAGE_THREATEN_REFLEXIVE_BANDIT02,記住他們，賽拉斯。你要向他們復仇！
CHATMESSAGE_THREATEN_REFLEXIVE_BANDIT03,騎士從不退卻。我也不會。
CHATMESSAGE_THREATEN_REFLEXIVE_BANDIT04,別停下，絲卡蕾特。為了自由。為了愛門羅！
CHATMESSAGE_THREATEN_REFLEXIVE_BEAR01,如果我辜負了懷爾德的託付，一切都將化為烏有。
CHATMESSAGE_THREATEN_REFLEXIVE_BEAR02,要嘛我倒下，要嘛他們倒下。我不會被擊垮。
CHATMESSAGE_THREATEN_REFLEXIVE_BEAR03,繼續前進，否則我永遠回不了家。
CHATMESSAGE_THREATEN_REFLEXIVE_BEAR04,別再讓另一個傻瓜掌權了。
CHATMESSAGE_THREATEN_REFLEXIVE_DRAGON01,我努力了這麼久。我會贏的。
CHATMESSAGE_THREATEN_REFLEXIVE_DRAGON02,沒時間軟弱。
CHATMESSAGE_THREATEN_REFLEXIVE_DRAGON03,汙穢還在，我就不得安寧。
CHATMESSAGE_THREATEN_REFLEXIVE_DRAGON04,殺了它！噢。一個幻象。
CHATMESSAGE_THREATEN_REFLEXIVE_RABBIT01,我見識過恐怖為何物。我不會讓愛門羅淪陷的。
CHATMESSAGE_THREATEN_REFLEXIVE_RABBIT02,我必須贏！這樣才公平！
CHATMESSAGE_THREATEN_REFLEXIVE_RABBIT03,愛門羅需要秩序。我必須帶來秩序。
CHATMESSAGE_THREATEN_REFLEXIVE_RABBIT04,再來一次！衝破缺口！
CHATMESSAGE_THREATEN_REFLEXIVE_RAT01,我是墨可利歐。我是不會失敗的。
CHATMESSAGE_THREATEN_REFLEXIVE_RAT02,要嘛坐上王座，要嘛死在它的腳下。
CHATMESSAGE_THREATEN_REFLEXIVE_RAT03,不是這次，就是下次。我的崛起是必然的。
CHATMESSAGE_THREATEN_REFLEXIVE_RAT04,我決不允許！
CHATMESSAGE_THREATEN_REFLEXIVE_WOLF01,我寧死也不會屈服！
CHATMESSAGE_THREATEN_REFLEXIVE_WOLF02,如果我不阻止國王，還有誰會呢？
CHATMESSAGE_THREATEN_REFLEXIVE_WOLF03,來吧！我一定會阻止國王摧毀愛門羅！
CHATMESSAGE_THREATEN_REFLEXIVE_WOLF04,我絕不屈服！
CHATMESSAGE_THREATEN_WOLF01,我會獵殺你的，<hero>。
CHATMESSAGE_THREATEN_WOLF02,<hero>，你不會知道箭會從哪裡射過來……
CHATMESSAGE_THREATEN_WOLF03,你知道盾牌和頭骨哪個硬嗎，<hero>？
CHATMESSAGE_THREATEN_WOLF04,你是下一個，<hero>！
CHATMESSAGE_TRUCE_BANDIT01,<hero>！我們如果合作，可以給其他人帶來不少麻煩！
CHATMESSAGE_TRUCE_BANDIT02,<hero>，我們擇日再戰。一起合作吧！
CHATMESSAGE_TRUCE_BANDIT03,<hero>，我們來擬定協議、暫時結盟吧。
CHATMESSAGE_TRUCE_BANDIT04,<hero>，加入我們的革命吧！
CHATMESSAGE_TRUCE_BEAR01,<hero>！我們不需要與彼此為敵。
CHATMESSAGE_TRUCE_BEAR02,<hero>，我寧可不必碾碎你。
CHATMESSAGE_TRUCE_BEAR03,我們交個朋友吧，<hero>。
CHATMESSAGE_TRUCE_BEAR04,別打了，<hero>。我不想要你。
CHATMESSAGE_TRUCE_DRAGON01,我們的爭論可以容後再續，<hero>。
CHATMESSAGE_TRUCE_DRAGON02,<hero>，一起來對抗時間吧。
CHATMESSAGE_TRUCE_DRAGON03,外頭有更強大的敵人，<hero>。
CHATMESSAGE_TRUCE_DRAGON04,<hero>，做我的新朋友。拜託？
CHATMESSAGE_TRUCE_RABBIT01,<hero>，和平能為我們帶來很多好處。
CHATMESSAGE_TRUCE_RABBIT02,嘿，<hero>！我們來交個朋友吧！
CHATMESSAGE_TRUCE_RABBIT03,<hero>，我們合作能帶來更多好處。
CHATMESSAGE_TRUCE_RABBIT04,和平！我們可以和平共處的，<hero>。
CHATMESSAGE_TRUCE_RAT01,也許我們應該做筆生意，<hero>。
CHATMESSAGE_TRUCE_RAT02,<hero>。你跟我，我們可以互相幫助。
CHATMESSAGE_TRUCE_RAT03,<hero>，我們能成為很好的朋友。
CHATMESSAGE_TRUCE_RAT04,我們來協商一下吧，<hero>。
CHATMESSAGE_TRUCE_REFLEXIVE_BANDIT01,我通常是單獨作戰，但我正在招募一些替死鬼！
CHATMESSAGE_TRUCE_REFLEXIVE_BANDIT02,誰都不配得到我的幫助。
CHATMESSAGE_TRUCE_REFLEXIVE_BANDIT03,我不需要侍從。
CHATMESSAGE_TRUCE_REFLEXIVE_BANDIT04,愛門羅與我同在。我不需要其他人！
CHATMESSAGE_TRUCE_REFLEXIVE_BEAR01,懷爾德是我唯一的信仰。
CHATMESSAGE_TRUCE_REFLEXIVE_BEAR02,我不需要任何人。
CHATMESSAGE_TRUCE_REFLEXIVE_BEAR03,我喜歡一個人待著。
CHATMESSAGE_TRUCE_REFLEXIVE_BEAR04,你們都一個樣。沒啥用處。
CHATMESSAGE_TRUCE_REFLEXIVE_DRAGON01,掠食者不與獵物共食。
CHATMESSAGE_TRUCE_REFLEXIVE_DRAGON02,所有朋友都會隨著時間凋零。
CHATMESSAGE_TRUCE_REFLEXIVE_DRAGON03,所有人都不值得我原諒。
CHATMESSAGE_TRUCE_REFLEXIVE_DRAGON04,我在這裡找到所有我需要的朋友。
CHATMESSAGE_TRUCE_REFLEXIVE_RABBIT01,地牢裡沒有朋友。我單獨行動時最有效率。
CHATMESSAGE_TRUCE_REFLEXIVE_RABBIT02,我才是最聰明的。我不需要別的幫助！
CHATMESSAGE_TRUCE_REFLEXIVE_RABBIT03,同盟只會拖我的後腿。
CHATMESSAGE_TRUCE_REFLEXIVE_RABBIT04,朋友就是潛在的叛徒。
CHATMESSAGE_TRUCE_REFLEXIVE_RAT01,你只能相信你自己。即使那樣……
CHATMESSAGE_TRUCE_REFLEXIVE_RAT02,我不擅長合作。我的搭檔很容易死掉。非常容易。
CHATMESSAGE_TRUCE_REFLEXIVE_RAT03,我開始孤軍奮鬥的時候，你們還沒出生呢。
CHATMESSAGE_TRUCE_REFLEXIVE_RAT04,我的朋友已經夠多了。
CHATMESSAGE_TRUCE_REFLEXIVE_WOLF01,我是冬狼！我不需要幫助！
CHATMESSAGE_TRUCE_REFLEXIVE_WOLF02,作為遊俠，我不需要夥伴。
CHATMESSAGE_TRUCE_REFLEXIVE_WOLF03,你真的認為*我*需要幫助嗎？
CHATMESSAGE_TRUCE_REFLEXIVE_WOLF04,連我的親族都背棄了我。你甚至不是我的親族。
CHATMESSAGE_TRUCE_WOLF01,<hero>！我們休戰吧。
CHATMESSAGE_TRUCE_WOLF02,<hero>，我們必須休戰。至少暫時如此。
CHATMESSAGE_TRUCE_WOLF03,<hero>！讓我成為你的戰友吧。
CHATMESSAGE_TRUCE_WOLF04,你需要我，<hero>。至少暫時如此。
CHATMESSAGE_WELLPLAYED_BANDIT01,超讚的啦！
CHATMESSAGE_WELLPLAYED_BANDIT02,聰明的決定。
CHATMESSAGE_WELLPLAYED_BANDIT03,幹得漂亮。
CHATMESSAGE_WELLPLAYED_BANDIT04,幹得好，朋友。
CHATMESSAGE_WELLPLAYED_BEAR01,真寧靜啊。做得好。
CHATMESSAGE_WELLPLAYED_BEAR02,聰明而出色的決策。
CHATMESSAGE_WELLPLAYED_BEAR03,幹得好。
CHATMESSAGE_WELLPLAYED_BEAR04,大膽，太大膽了！
CHATMESSAGE_WELLPLAYED_DRAGON01,印象深刻吧，我想。
CHATMESSAGE_WELLPLAYED_DRAGON02,幹得好。
CHATMESSAGE_WELLPLAYED_DRAGON03,你很聰明，這點我承認。
CHATMESSAGE_WELLPLAYED_DRAGON04,聰明，聰明。
CHATMESSAGE_WELLPLAYED_RABBIT01,嗯！幹得不錯。
CHATMESSAGE_WELLPLAYED_RABBIT02,太漂亮了！！！
CHATMESSAGE_WELLPLAYED_RABBIT03,出色的策略。
CHATMESSAGE_WELLPLAYED_RABBIT04,一個勇敢而有效的策略。
CHATMESSAGE_WELLPLAYED_RAT01,聰明。我喜歡。
CHATMESSAGE_WELLPLAYED_RAT02,執行得不錯。
CHATMESSAGE_WELLPLAYED_RAT03,就算是我，也無法做得更好。
CHATMESSAGE_WELLPLAYED_RAT04,看來，風水輪流轉了呢。
CHATMESSAGE_WELLPLAYED_WOLF01,哈！幹得好。
CHATMESSAGE_WELLPLAYED_WOLF02,相當出色。
CHATMESSAGE_WELLPLAYED_WOLF03,幹得好！
CHATMESSAGE_WELLPLAYED_WOLF04,好吧。令人印象深刻。
CHAT_LOCKOUTMESSAGE,聊天禁言還剩下{0}秒。
CHAT_STATUSFEED_TEMPLATE,<chat_sender>：<chat_message>
CHEST_DESCRIPTION_PROGRESS_NOTE,\n\n這個寶箱也可以透過遊戲內的系統來獲得。
CLANBANDIT_NAME,強盜
CLANBEAR_NAME,熊
CLANDRAGON_NAME,龍之部族
CLANRABBIT_NAME,兔
CLANRAT_NAME,鼠
CLANWOLF_NAME,狼
COMBAT_AMBUSHED,埋伏！
COMBAT_ATTACK,攻擊
COMBAT_ATTACK_RESULT_BLOCKED,格擋！
COMBAT_ATTACK_RESULT_HIT,擊中！
COMBAT_ATTACK_RESULT_PIERCING,穿透！
COMBAT_ATTACK_RESULT_POISON,中毒了！
COMBAT_ATTACK_RESULT_REFLECT,反射！
COMBAT_ATTACK_RESULT_RESIST,抵抗！
COMBAT_DEFENSE,防禦
COMBAT_EVADING,迴避
COMBAT_RETURN_TO_BOARD,返回地圖
COMBAT_ROT_BATTLE,汙穢之戰
COMMSTACK_CLAIMBOUNTY,奪得懸賞！
COMMSTACK_CLEARBOUNTY,懸賞已空
COMMSTACK_GAINEDSPIRITSTONE,獲得心靈石！
COMMSTACK_JUSTICEBOUNTY,已就地正法！
COMPANY,League of Geeks
DEBUTTRAILER_DESCRIPTION,偉大的英雄，並非透過肩膀、而是透過心靈，承受著旅程的重擔。
DEBUTTRAILER_NAME,開場動畫
DEBUTTRAILER_SUBTITLE,偉大的英雄，並非透過肩膀、而是透過心靈，承受著旅程的重擔。
DECL_0001_KINGSDECLARATIONDATA_ACTIONTEXTID,徵收稅賦
DECL_0001_KINGSDECLARATIONDATA_DECLARATIONMESSAGEID,國王宣佈了納稅是\n義務！每位英雄必\n須繳納 2 枚金幣。\n交不起稅怎麼辦？\n那就威望 -1。
DECL_0002_KINGSDECLARATIONDATA_ACTIONTEXTID,靈魂貢品
DECL_0002_KINGSDECLARATIONDATA_DECLARATIONMESSAGEID,國王將向所有英雄\n各吸收 2 點魔法。\n魔法不足怎麼辦？\n那就威望 -1。
DECL_0003_KINGSDECLARATIONDATA_ACTIONTEXTID,和平條約
DECL_0003_KINGSDECLARATIONDATA_DECLARATIONMESSAGEID,直到下一個黎明之\n前，所有英雄不准\n相互交戰，違抗者\n將遭受威望 -3。
DECL_0004_KINGSDECLARATIONDATA_ACTIONTEXTID,災禍之獸
DECL_0004_KINGSDECLARATIONDATA_DECLARATIONMESSAGEID,國王開了通往地下\n蠕蟲的傳送門！就\n在今天夜晚，即將\n出現 3 隻魔鴆！
DECL_0005_KINGSDECLARATIONDATA_ACTIONTEXTID,僅限御覽
DECL_0005_KINGSDECLARATIONDATA_DECLARATIONMESSAGEID,地牢和巨石陣暫時\n受到管制。在下個\n黎明之前，英雄若\n進入這些格子，將\n遭受通緝與懸賞。
DECL_0006_KINGSDECLARATIONDATA_ACTIONTEXTID,皇室收購
DECL_0006_KINGSDECLARATIONDATA_DECLARATIONMESSAGEID,各英雄交出已裝備\n的隨機 1 件道具。\n若無裝備中之道具\n將遭受威望 -2。
DECL_0007_KINGSDECLARATIONDATA_ACTIONTEXTID,濟弱鋤強
DECL_0007_KINGSDECLARATIONDATA_DECLARATIONMESSAGEID,國王宣佈他會援助\n弱勢者。那位威望\n最低的英雄將獲贈\n財寶 1 件！
DECL_0008_KINGSDECLARATIONDATA_ACTIONTEXTID,邪惡儀式
DECL_0008_KINGSDECLARATIONDATA_DECLARATIONMESSAGEID,國王正在舉行邪惡\n儀式。王國內所有\n魔鴆的戰力值 +2 \n以及體力值 +2。
DECL_0009_KINGSDECLARATIONDATA_ACTIONTEXTID,健康關懷
DECL_0009_KINGSDECLARATIONDATA_DECLARATIONMESSAGEID,國王將「親切地」\n為各個英雄下毒，\n毒效至回合結束。\n若支付 4 枚金幣，\n即可獲取解藥！
DECL_0010_KINGSDECLARATIONDATA_ACTIONTEXTID,血色之月
DECL_0010_KINGSDECLARATIONDATA_DECLARATIONMESSAGEID,國王為愛門羅帶來\n了黑暗的徵兆！讓\n每位英雄都因此而\n承受汙穢 +1！
DECL_0011_KINGSDECLARATIONDATA_ACTIONTEXTID,守衛叛亂！
DECL_0011_KINGSDECLARATIONDATA_DECLARATIONMESSAGEID,兩名國王守衛正在\n王宮中向同儕弟兄\n發起叛亂。為昔日\n之王道與當年敬愛\n的老國王而戰！
DECL_0012_KINGSDECLARATIONDATA_ACTIONTEXTID,王之仁慈
DECL_0012_KINGSDECLARATIONDATA_DECLARATIONMESSAGEID,國王命令威望首領\n將自己的威望分送\n給大家，其他英雄\n各獲得威望 +1。
DECL_0013_KINGSDECLARATIONDATA_ACTIONTEXTID,怠職之臣
DECL_0013_KINGSDECLARATIONDATA_DECLARATIONMESSAGEID,威望首領對國王守\n護不力而威望 -3。\n所有國王的守衛則\n將獲得體力值 +2 \n以及戰力值 +2。
DECL_0014_KINGSDECLARATIONDATA_ACTIONTEXTID,王令洗牌
DECL_0014_KINGSDECLARATIONDATA_DECLARATIONMESSAGEID,國王認為情況過於\n無聊。所有的英雄\n將被強制丟棄目前\n手持的全部卡牌。
DECL_0015_KINGSDECLARATIONDATA_ACTIONTEXTID,黑暗君主
DECL_0015_KINGSDECLARATIONDATA_DECLARATIONMESSAGEID,國王已召喚了 4 隻\n魔鴆，此黎明時刻\n牠們將現身王宮！
DECL_0016_KINGSDECLARATIONDATA_ACTIONTEXTID,汙穢調查
DECL_0016_KINGSDECLARATIONDATA_DECLARATIONMESSAGEID,國王的審判官開始\n著手王國內調查。\n任何身上帶汙穢的\n英雄遭受威望 -1。
DECL_0017_KINGSDECLARATIONDATA_ACTIONTEXTID,亡命之徒獲釋
DECL_0017_KINGSDECLARATIONDATA_DECLARATIONMESSAGEID,國王宣佈釋放所有\n皇家囚犯！王國內\n已出現國王埋設的\n一些新詭術危機。
DECL_0018_KINGSDECLARATIONDATA_ACTIONTEXTID,戒嚴法令
DECL_0018_KINGSDECLARATIONDATA_DECLARATIONMESSAGEID,國王命令其守衛們\n即刻前往最鄰近的\n村落並進行恐嚇。
DECL_0019_KINGSDECLARATIONDATA_ACTIONTEXTID,黑死疫病
DECL_0019_KINGSDECLARATIONDATA_DECLARATIONMESSAGEID,國王派出了特務們前往愛門羅的各處村落散播瘟疫。
DECL_0020_KINGSDECLARATIONDATA_ACTIONTEXTID,平民暴動
DECL_0020_KINGSDECLARATIONDATA_DECLARATIONMESSAGEID,國王的特務們積極\n煽動民怨！王國內\n所有的村落都因此\n遭受暴動所恐嚇。
DECL_0021_KINGSDECLARATIONDATA_ACTIONTEXTID,封鎖王宮
DECL_0021_KINGSDECLARATIONDATA_DECLARATIONMESSAGEID,國王懸賞威望首領的首級，並且召回所有閒置的守衛。
DECL_0022_KINGSDECLARATIONDATA_ACTIONTEXTID,戰歌響起
DECL_0022_KINGSDECLARATIONDATA_DECLARATIONMESSAGEID,國王宣稱所有英雄\n都是王國的敵人，\n並且發佈懸賞要求\n所有英雄的首級。
DECL_0023_KINGSDECLARATIONDATA_ACTIONTEXTID,戰爭迷霧
DECL_0023_KINGSDECLARATIONDATA_DECLARATIONMESSAGEID,國王散佈了可怕的\n迷霧。所有英雄都\n進入潛行直到下個\n黎明或被人發現。
DECL_0024_KINGSDECLARATIONDATA_ACTIONTEXTID,異端審判
DECL_0024_KINGSDECLARATIONDATA_DECLARATIONMESSAGEID,國王召喚審判官。\n判決被感染的英雄\n生命值 -1、腐化的\n英雄生命值 -3。
DECL_0025_KINGSDECLARATIONDATA_ACTIONTEXTID,最高法庭
DECL_0025_KINGSDECLARATIONDATA_DECLARATIONMESSAGEID,國王的法庭將所有\n英雄的骯髒小秘密\n揭露了出來。造成\n每位英雄威望 -3。
DECL_0026_KINGSDECLARATIONDATA_ACTIONTEXTID,財政特旨
DECL_0026_KINGSDECLARATIONDATA_DECLARATIONMESSAGEID,威望首領交出全部\n金幣。若數量 5 枚\n以上則威望 +1，\n反之則威望 -1。
DECL_0027_KINGSDECLARATIONDATA_ACTIONTEXTID,背水一戰
DECL_0027_KINGSDECLARATIONDATA_DECLARATIONMESSAGEID,國王亟需更多的守\n衛！剩餘的王宮危\n機被生命值剩 1 點\n的國王守衛取代。
DECL_0028_KINGSDECLARATIONDATA_ACTIONTEXTID,臨陣脫逃！
DECL_0028_KINGSDECLARATIONDATA_DECLARATIONMESSAGEID,王宮中，所有國王\n守衛都拋棄他們的\n崗哨、逃之夭夭！
DECL_0029_KINGSDECLARATIONDATA_ACTIONTEXTID,生命維持
DECL_0029_KINGSDECLARATIONDATA_DECLARATIONMESSAGEID,國王與威望首領訂\n定血之盟約，雙方\n獲得生命值 +1。
DECL_0030_KINGSDECLARATIONDATA_ACTIONTEXTID,黑暗大軍
DECL_0030_KINGSDECLARATIONDATA_DECLARATIONMESSAGEID,國王獻祭了他所有\n的守衛並召喚一群\n魔鴆替代其位置。\n黑暗大軍降臨了！
DECL_0031_KINGSDECLARATIONDATA_ACTIONTEXTID,詛咒之國
DECL_0031_KINGSDECLARATIONDATA_DECLARATIONMESSAGEID,國王對境內所有一\n般危機施加咒術：\n詛咒之地，來加強\n它們的危機難度。
DECL_0032_KINGSDECLARATIONDATA_ACTIONTEXTID,私人保全
DECL_0032_KINGSDECLARATIONDATA_DECLARATIONMESSAGEID,國王聘用了僱傭兵\n來協助加強他對王\n國內村落的掌控。
DECL_0033_KINGSDECLARATIONDATA_ACTIONTEXTID,遍地饑荒
DECL_0033_KINGSDECLARATIONDATA_DECLARATIONMESSAGEID,王國裡的糧食儲備開\n始腐敗。所有英雄\n必須支付 2 枚金幣\n或任由生命值 -2。
DECL_0034_KINGSDECLARATIONDATA_ACTIONTEXTID,黑暗風暴
DECL_0034_KINGSDECLARATIONDATA_DECLARATIONMESSAGEID,國王召喚一場黑暗\n的大風暴，在王國\n的各地方都降下了\n閃電雷擊危機。
DECL_0035_KINGSDECLARATIONDATA_ACTIONTEXTID,皇室挑戰
DECL_0035_KINGSDECLARATIONDATA_DECLARATIONMESSAGEID,國王想找點刺激的\n樂子。他支付給威\n望首領 4 枚金幣，\n而同時又發佈懸賞\n威望首領的首級。
DECL_0036_KINGSDECLARATIONDATA_ACTIONTEXTID,夜間演習
DECL_0036_KINGSDECLARATIONDATA_DECLARATIONMESSAGEID,國王命令守衛們在\n夜幕掩護下追捕所\n有英雄。夜晚來臨\n時，國王守衛將會\n接在魔鴆後行動。
DECL_0037_KINGSDECLARATIONDATA_ACTIONTEXTID,喪鐘鳴起
DECL_0037_KINGSDECLARATIONDATA_DECLARATIONMESSAGEID,國王的戰力值永久\n地減少 2 點，並且\n閃電雷擊危機將襲\n擊王宮內所有生物。
DECL_0038_KINGSDECLARATIONDATA_ACTIONTEXTID,命運之爪
DECL_0038_KINGSDECLARATIONDATA_DECLARATIONMESSAGEID,國王顯然已經喪心\n病狂！所有英雄的\n手牌將與隨機另一\n位英雄進行交換。
DECL_0039_KINGSDECLARATIONDATA_ACTIONTEXTID,國王賞金
DECL_0039_KINGSDECLARATIONDATA_DECLARATIONMESSAGEID,國王決定對犯罪進\n行鎮壓。下個黎明\n前，任何英雄若遭\n懸賞，則懸賞等級\n初始即為逃亡者。
DECL_0040_KINGSDECLARATIONDATA_ACTIONTEXTID,國王特務
DECL_0040_KINGSDECLARATIONDATA_DECLARATIONMESSAGEID,國王的特務們蠢蠢\n欲動著；而那帶來\n厄運的特務則正在\n對王國各處的危機\n裡頭加以搞鬼。
DECL_0041_KINGSDECLARATIONDATA_ACTIONTEXTID,至黑之夜
DECL_0041_KINGSDECLARATIONDATA_DECLARATIONMESSAGEID,國王的內心籠罩著\n黑暗。所有魔鴆、\n國王守衛及英雄們\n今晚都會潛行，直\n到黎明或被發現。
DECL_0042_KINGSDECLARATIONDATA_ACTIONTEXTID,裂隙具現
DECL_0042_KINGSDECLARATIONDATA_DECLARATIONMESSAGEID,國王的沉淪已經擾亂\n懷爾德的平衡，使\n得王國各處巨石陣\n都出現了傳送門。
DECL_0043_KINGSDECLARATIONDATA_ACTIONTEXTID,恐怖甦醒
DECL_0043_KINGSDECLARATIONDATA_DECLARATIONMESSAGEID,此刻起，所有魔鴆\n獲得行動點數 +1，\n並提升戰力值 +1。\n居民們倉皇逃竄，\n急急忙忙地將自己\n鎖入屋棚內。
DECL_0044_KINGSDECLARATIONDATA_ACTIONTEXTID,汙穢讚歌
DECL_0044_KINGSDECLARATIONDATA_DECLARATIONMESSAGEID,國王的汙穢唱詩班\n已開始歌唱！造成\n王國內所有英雄、\n魔鴆及國王的守衛\n永久地體力值 -1。
DECL_0045_KINGSDECLARATIONDATA_ACTIONTEXTID,皇室激勵
DECL_0045_KINGSDECLARATIONDATA_DECLARATIONMESSAGEID,下個黎明前，國王\n將支付金幣給提前\n結束回合的英雄，\n未使用的行動點數\n每點換 2 枚金幣。
DECL_0046_KINGSDECLARATIONDATA_ACTIONTEXTID,汙穢之雨
DECL_0046_KINGSDECLARATIONDATA_DECLARATIONMESSAGEID,黃昏的時後，若是\n不在村落、王宮或\n部族屬地的英雄及\n國王的守衛，都將\n遭受生命值 -2。
DECL_0047_KINGSDECLARATIONDATA_ACTIONTEXTID,過路費用
DECL_0047_KINGSDECLARATIONDATA_DECLARATIONMESSAGEID,下個黎明前，國王\n會對想進入村落的\n英雄強征 2 枚金幣\n作為過路費用！
DECL_0047_KINGSDECLARATIONDATA_STATUSEFFECTCONFIG_TILEENTRYCOST_CONFIRMATIONCANAFFORDDESCRIPTION,皇室收費員在村落邊界擋住你，想進去，先交 2 枚金幣。
DECL_0047_KINGSDECLARATIONDATA_STATUSEFFECTCONFIG_TILEENTRYCOST_CONFIRMATIONCANTAFFORDDESCRIPTION,收費員將你由頭打量到尾，嘲笑道「給不起過路費？那就快滾吧！」
DECL_0047_KINGSDECLARATIONDATA_STATUSEFFECTCONFIG_TILEENTRYCOST_CONFIRMATIONTITLE,過路費用
DECL_0048_KINGSDECLARATIONDATA_ACTIONTEXTID,嫉妒怪物
DECL_0048_KINGSDECLARATIONDATA_DECLARATIONMESSAGEID,貪慾與輕蔑的風氣\n傳播四處。各英雄\n擁有的金幣每 3 枚\n就會造成威望 -1，\n並獲得金幣 +1。
DECL_0049_KINGSDECLARATIONDATA_ACTIONTEXTID,主權城邦
DECL_0049_KINGSDECLARATIONDATA_DECLARATIONMESSAGEID,某一座未被佔領的\n村落建起了城牆，\n由僱傭兵及帶來厄\n運的特務鎮守著。
DECL_0050_KINGSDECLARATIONDATA_ACTIONTEXTID,閱後即焚
DECL_0050_KINGSDECLARATIONDATA_DECLARATIONMESSAGEID,威望首領將會拋下\n自己手中的卡牌，\n經過重新洗牌後，\n再獲得隨機卡牌。\n費用為威望 -2。
DECL_0051_KINGSDECLARATIONDATA_ACTIONTEXTID,戰鼓擂動
DECL_0051_KINGSDECLARATIONDATA_DECLARATIONMESSAGEID,國王對各部族宣布\n開戰。招募了 2 名\n國王守衛並對所有\n英雄發佈了懸賞。
DECL_0052_KINGSDECLARATIONDATA_ACTIONTEXTID,黑暗詛咒
DECL_0052_KINGSDECLARATIONDATA_DECLARATIONMESSAGEID,國王在王宮的周圍\n降下 4 個危機，並\n以咒術：詛咒之地\n提升它們的難度。
DICESYMBOLMOON_NAME,月亮
DICESYMBOLROT_NAME,汙穢
DICESYMBOLSHIELD_NAME,盾牌
DICESYMBOLSUN_NAME,太陽
DICESYMBOLSWORD_NAME,劍
DICESYMBOLWYLD_NAME,懷爾德
DICE_ANNIVERSARY_NAME,獅王的命運
DICE_ANNIVERSARY_ROT_NAME,汙穢
DICE_ANNIVERSARY_ROYAL_NAME,皇室
DICE_BANDITCLAN_NAME,強盜部族
DICE_CHEST1_COMMON1_NAME,靛藍色
DICE_CHEST1_COMMON2_NAME,綠色
DICE_CHEST1_COMMON3_NAME,珊瑚色
DICE_CHEST1_COMMON4_NAME,黃色
DICE_CHEST1_EPIC_NAME,古人的謀策
DICE_CHEST1_RARE1_NAME,心靈至日
DICE_CHEST1_RARE2_NAME,橡木榮耀
DICE_CHEST1_UNCOMMON1_NAME,紫紅色褶皺
DICE_CHEST1_UNCOMMON2_NAME,矢車菊藍斑點
DICE_CHEST1_UNCOMMON3_NAME,洋紅色斑點
DICE_CHEST2_COMMON1_NAME,酒紅色
DICE_CHEST2_COMMON2_NAME,赤褐色
DICE_CHEST2_COMMON3_NAME,血紅色
DICE_CHEST2_COMMON4_NAME,杏黃色
DICE_CHEST2_EPIC_NAME,晨星
DICE_CHEST2_LEGENDARY_NAME,心之火
DICE_CHEST2_RARE1_NAME,信任
DICE_CHEST2_RARE2_NAME,巨石之力
DICE_CHEST2_UNCOMMON1_NAME,深紅色流血
DICE_CHEST2_UNCOMMON2_NAME,血紅色流血
DICE_CHEST2_UNCOMMON3_NAME,桃紅色流血
DICE_CHEST3_COMMON1_NAME,氣體
DICE_CHEST3_COMMON2_NAME,血霧
DICE_CHEST3_COMMON3_NAME,蒸汽
DICE_CHEST3_COMMON4_NAME,烟霧
DICE_CHEST3_EPIC_NAME,弄臣的詭計
DICE_CHEST3_LEGENDARY_NAME,嫉妒之毒
DICE_CHEST3_RARE1_NAME,黑暗毒液
DICE_CHEST3_RARE2_NAME,血石之火
DICE_CHEST3_UNCOMMON1_NAME,青色煙霧
DICE_CHEST3_UNCOMMON2_NAME,薰衣草煙霧
DICE_CHEST3_UNCOMMON3_NAME,翡翠煙霧
DICE_CHEST4_COMMON1_NAME,常春藤
DICE_CHEST4_COMMON2_NAME,露珠
DICE_CHEST4_COMMON3_NAME,風信子
DICE_CHEST4_COMMON4_NAME,燧石
DICE_CHEST4_EPIC_NAME,常綠樹
DICE_CHEST4_LEGENDARY_NAME,德魯伊的承諾
DICE_CHEST4_RARE1_NAME,燒焦暴怒
DICE_CHEST4_RARE2_NAME,靈線
DICE_CHEST4_UNCOMMON1_NAME,暗霧
DICE_CHEST4_UNCOMMON2_NAME,河流
DICE_CHEST4_UNCOMMON3_NAME,黃漩渦
DICE_CHEST5_COMMON1_NAME,毛地黃
DICE_CHEST5_COMMON2_NAME,毒芹
DICE_CHEST5_COMMON3_NAME,紫藤
DICE_CHEST5_COMMON4_NAME,顛茄
DICE_CHEST5_EPIC_NAME,汙穢術士
DICE_CHEST5_LEGENDARY_NAME,枯萎之火
DICE_CHEST5_RARE1_NAME,術士之嘲
DICE_CHEST5_RARE2_NAME,憎惡瘟疫
DICE_CHEST5_UNCOMMON1_NAME,壞疸斑點
DICE_CHEST5_UNCOMMON2_NAME,凍傷斑點
DICE_CHEST5_UNCOMMON3_NAME,紫紅斑點
DICE_CHEST6_COMMON1_NAME,紫羅蘭
DICE_CHEST6_COMMON2_NAME,巧克力
DICE_CHEST6_COMMON3_NAME,咖啡
DICE_CHEST6_COMMON4_NAME,橄欖
DICE_CHEST6_EPIC_NAME,沈沒之心
DICE_CHEST6_LEGENDARY_NAME,阿博特之眼
DICE_CHEST6_RARE1_NAME,舞動之龍
DICE_CHEST6_RARE2_NAME,薇洛之優雅
DICE_CHEST6_UNCOMMON1_NAME,蜂蜜雲
DICE_CHEST6_UNCOMMON2_NAME,紅酒雲
DICE_CHEST6_UNCOMMON3_NAME,藍莓雲
DICE_CHEST7_COMMON1_NAME,紫紅
DICE_CHEST7_COMMON2_NAME,楓紅
DICE_CHEST7_COMMON3_NAME,紅寶石
DICE_CHEST7_COMMON4_NAME,鈷藍
DICE_CHEST7_EPIC_NAME,星之訴說者
DICE_CHEST7_LEGENDARY_NAME,寰宇驚奇
DICE_CHEST7_RARE1_NAME,智者密器
DICE_CHEST7_RARE2_NAME,前途指引
DICE_CHEST7_UNCOMMON1_NAME,濃綠裹尸布
DICE_CHEST7_UNCOMMON2_NAME,迷霧裹尸布
DICE_CHEST7_UNCOMMON3_NAME,水藍裹尸布
DICE_CHEST8_COMMON1_NAME,蔚藍
DICE_CHEST8_COMMON2_NAME,南瓜
DICE_CHEST8_COMMON3_NAME,鋼鐵
DICE_CHEST8_COMMON4_NAME,雪花石
DICE_CHEST8_EPIC_NAME,邪紋
DICE_CHEST8_LEGENDARY_NAME,祕寶
DICE_CHEST8_RARE1_NAME,火山岩
DICE_CHEST8_RARE2_NAME,冬降
DICE_CHEST8_UNCOMMON1_NAME,鉻脈
DICE_CHEST8_UNCOMMON2_NAME,鐵脈
DICE_CHEST8_UNCOMMON3_NAME,炭脈
DICE_CLANLEGEND_BEAR_NAME,靈裔
DICE_CLANLEGEND_RABBIT_NAME,驕傲之歌
DICE_CLANLEGEND_RAT_NAME,玫瑰金
DICE_CLANLEGEND_WOLF_NAME,獵犬爪
DICE_CLAN_BEAR_NAME,熊族
DICE_CLAN_DRAGON_NAME,龍之部族
DICE_CLAN_RABBIT_NAME,兔族
DICE_CLAN_RAT_NAME,鼠族
DICE_CLAN_WOLF_NAME,狼族
DICE_DEFAULT_NAME,經典
DICE_EARLYACCESS_NAME,體驗版
DICE_HALLOWEEN_NAME,絞刑前夕
DICE_KICKSTARTER_NAME,Kickstarter
DICE_LABOURDAY_NAME,懷爾德的黎明
DICE_LUNA_NAME,銀月
DICE_SHOW_NAME,Geek
DICE_STRANGER_NAME,陌生人
DICE_SUBSCRIBER1_NAME,青銅訂閱者
DICE_SUBSCRIBER2_NAME,白銀訂閱者
DICE_SUBSCRIBER3_NAME,黃金訂閱者
DICE_SUBSCRIBER4_NAME,白金訂閱者
DICE_SUMMERSOLSTICE_NAME,夏至
DICE_TWITCH_NAME,Twitch
DICE_WINTER_NAME,冬季
ENCOUNTER_ARMS_QUESTINFODATA_ACTIONS_0_ACTIONTEXT,取得\n<default_reward>。
ENCOUNTER_ARMS_QUESTINFODATA_ENCOUNTERTEXT,閃閃發亮的精美裝備堆滿了西米恩的帳篷裡每一個角落……
ENCOUNTER_ARMS_QUESTINFODATA_TITLE,西米恩的鍛臂坊
ENCOUNTER_ARMS_QUESTINFODATA_TOOLTIPTEXT,西米恩的鍛臂坊已經開始營業啦！
ENCOUNTER_BROKER_QUESTINFODATA_ACTIONS_0_ACTIONTEXT,獲得\n<default_reward>。
ENCOUNTER_BROKER_QUESTINFODATA_ENCOUNTERTEXT,會有畢夫的嘍囉對你搜身，之後才會帶你去見栗鼠。他說， 「他們說你想要...寶藏？」
ENCOUNTER_BROKER_QUESTINFODATA_TITLE,畢夫的非法市集
ENCOUNTER_BROKER_QUESTINFODATA_TOOLTIPTEXT,畢夫的非法市集已經開始營業啦！
ENCOUNTER_DOCTOR_QUESTINFODATA_ACTIONS_0_ACTIONTEXT,「幫我包紮傷口，醫生。」
ENCOUNTER_DOCTOR_QUESTINFODATA_ACTIONS_0_DEFAULTOUTCOME_OUTCOMETEXT,藥劑師點點頭，緊接著就在街道上給你治療傷口。一旦治療結束，你就可以縱橫領地。
ENCOUNTER_DOCTOR_QUESTINFODATA_ACTIONS_1_ACTIONTEXT,「我要變得更強！」
ENCOUNTER_DOCTOR_QUESTINFODATA_ACTIONS_1_DEFAULTOUTCOME_OUTCOMETEXT,藥劑師匆忙帶你到他的診所，調製出一瓶可怕的藥劑。雖然稱不上美味，不過你的身體恢復了活力。
ENCOUNTER_DOCTOR_QUESTINFODATA_ACTIONS_2_ACTIONTEXT,「我想要登上王座，加入我吧。」
ENCOUNTER_DOCTOR_QUESTINFODATA_ACTIONS_2_DEFAULTOUTCOME_OUTCOMETEXT,藥劑師思考了一下，坦言道「開給自己的處方籤：在辭世前好好享受人生最後的冒險。」
ENCOUNTER_DOCTOR_QUESTINFODATA_ENCOUNTERTEXT,喂！別緊張，英雄！你狀況不太好啊。讓我瞧一下你的傷口，看看我能做點什麼。
ENCOUNTER_DOCTOR_QUESTINFODATA_TITLE,幫手...
ENCOUNTER_DRUIDS_QUESTINFODATA_ACTIONS_0_ACTIONTEXT,石頭。
ENCOUNTER_DRUIDS_QUESTINFODATA_ACTIONS_0_DEFAULTOUTCOME_OUTCOMETEXT,德魯伊們開始他們神秘的儀式。空氣中發出爆炸聲，空中逐漸形成一塊心靈石。這是一份禮物。給你的。
ENCOUNTER_DRUIDS_QUESTINFODATA_ACTIONS_1_ACTIONTEXT,拯救。
ENCOUNTER_DRUIDS_QUESTINFODATA_ACTIONS_1_DEFAULTOUTCOME_OUTCOMETEXT,德魯伊們將你引到一座池塘，旁邊一棵長滿瘤子的古樹，閃耀著生命的亮光。沉浸在水中，你的靈魂得到淨化。
ENCOUNTER_DRUIDS_QUESTINFODATA_ACTIONS_2_ACTIONTEXT,鐮刀。
ENCOUNTER_DRUIDS_QUESTINFODATA_ACTIONS_2_DEFAULTOUTCOME_OUTCOMETEXT,德魯伊們咕噥著你聽不懂的古老的語言。突然一個人站出來並呈上一件古老的武器，嗡嗡作響。
ENCOUNTER_DRUIDS_QUESTINFODATA_ENCOUNTERTEXT,你瞠目結舌，原來傳說是真的。你面前站著一群德魯伊，他們口中唸唸有詞。其中一位向你示意，「石頭？拯救？鐮刀？」
ENCOUNTER_DRUIDS_QUESTINFODATA_TITLE,古人
ENCOUNTER_GOBLINS_QUESTINFODATA_ACTIONS_0_ACTIONTEXT,「以湯之名！」
ENCOUNTER_GOBLINS_QUESTINFODATA_ACTIONS_0_DEFAULTOUTCOME_OUTCOMETEXT,「瞧他飲盡這碗腐敗湯水，瞧他喝下最黑暗的汙穢。」你被嗆到了。汁液流淌過你的下巴。汙穢進入你的體內。看樣子是哥布林贏了。
ENCOUNTER_GOBLINS_QUESTINFODATA_ACTIONS_1_ACTIONTEXT,「以眼之名！」
ENCOUNTER_GOBLINS_QUESTINFODATA_ACTIONS_1_DEFAULTOUTCOME_ADDITIONALREWARD_STATUSEFFECTCONFIG_NAME,永久偵查
ENCOUNTER_GOBLINS_QUESTINFODATA_ACTIONS_1_DEFAULTOUTCOME_OUTCOMETEXT,「牠們匍匐後退，遁入黑夜。『你能看見我們嗎？你當然看不見。但我們能幫你。我的肉。』一雙手伸向你的眼睛。」
ENCOUNTER_GOBLINS_QUESTINFODATA_ACTIONS_2_ACTIONTEXT,「以烏鴉之喙之名！」
ENCOUNTER_GOBLINS_QUESTINFODATA_ACTIONS_2_DEFAULTOUTCOME_OUTCOMETEXT,雙手猛然伸出。牠們咆哮。尖叫。『肉不肯玩！肉真壞！』牠們扔出一把匕首，隨即逃竄。只剩你一個人。牠們都消失了。
ENCOUNTER_GOBLINS_QUESTINFODATA_ENCOUNTERTEXT,一左一右，兩隻生物匍匐靠近。牠們搖頭晃腦、發出叫嚷和尖笑聲。「湯汁、眼睛、烏鴉的喙。來玩遊戲或者變成雜燴。」
ENCOUNTER_GOBLINS_QUESTINFODATA_TITLE,哥布林的遊戲
ENCOUNTER_OXANADRUIDS_QUESTINFODATA_ACTIONS_0_ACTIONTEXT,撒鹽。
ENCOUNTER_OXANADRUIDS_QUESTINFODATA_ACTIONS_0_DEFAULTOUTCOME_OUTCOMETEXT,你暴跳如雷，天空閃爍著你揮灑的星火。你和對方的魔法都將被清除。
ENCOUNTER_OXANADRUIDS_QUESTINFODATA_ACTIONS_1_ACTIONTEXT,搜尋。
ENCOUNTER_OXANADRUIDS_QUESTINFODATA_ACTIONS_1_DEFAULTOUTCOME_OUTCOMETEXT,你調查場地中的一切，一處金屬的光澤吸引了你的目光。那是從一堆骸骨中散發出來的，來自一種奇怪而有效的武器。
ENCOUNTER_OXANADRUIDS_QUESTINFODATA_ACTIONS_2_ACTIONTEXT,推測。
ENCOUNTER_OXANADRUIDS_QUESTINFODATA_ACTIONS_2_DEFAULTOUTCOME_OUTCOMETEXT,出於好奇，你閉上雙眼開始冥想。汙穢與懷爾德的混沌幻象在你的腦海中碰撞，雄獅的咆哮讓你猛然清醒過來！一塊心靈石出現在你眼前。
ENCOUNTER_OXANADRUIDS_QUESTINFODATA_ENCOUNTERTEXT,懷爾德的腐臭味幾乎蓋過了新鮮內臟的味道。德魯伊最近來到過這裡。
ENCOUNTER_POTIONS_QUESTINFODATA_ACTIONS_0_ACTIONTEXT,取得\n<default_reward>。
ENCOUNTER_POTIONS_QUESTINFODATA_ENCOUNTERTEXT,貝蒂那可怕的藥劑在你眼前晃來晃去。
ENCOUNTER_POTIONS_QUESTINFODATA_TITLE,貝蒂的私售釀造
ENCOUNTER_POTIONS_QUESTINFODATA_TOOLTIPTEXT,貝蒂的私售釀造已經開始營業啦！
ENCOUNTER_RECRUITER_QUESTINFODATA_ACTIONS_0_ACTIONTEXT,指向\n<default_reward>。
ENCOUNTER_RECRUITER_QUESTINFODATA_ENCOUNTERTEXT,一個穿著斗篷的人向酒保招手，「聰慧的，強壯的，我這裡都有！今天挑一個，讓隨從成為你的朋友！」
ENCOUNTER_RECRUITER_QUESTINFODATA_TITLE,蘿克希的招募棧
ENCOUNTER_RECRUITER_QUESTINFODATA_TOOLTIPTEXT,蘿克希的招募棧已經開始營業啦！
ENCOUNTER_SHADE_QUESTINFODATA_ACTIONS_0_ACTIONTEXT,力量。
ENCOUNTER_SHADE_QUESTINFODATA_ACTIONS_0_DEFAULTOUTCOME_OUTCOMETEXT,暗影湧動，形成一個形狀。你猶豫著走近看看。一件寶藏……  又是一匹白馬。牠想要討回什麼。
ENCOUNTER_SHADE_QUESTINFODATA_ACTIONS_1_ACTIONTEXT,「知識。」
ENCOUNTER_SHADE_QUESTINFODATA_ACTIONS_1_DEFAULTOUTCOME_OUTCOMETEXT,暗影逐漸加深，像通過鏡子般聚焦。形成心靈石。望著這一切，你目瞪口呆。暗影逐漸散去。
ENCOUNTER_SHADE_QUESTINFODATA_ACTIONS_2_ACTIONTEXT,「自身」
ENCOUNTER_SHADE_QUESTINFODATA_ACTIONS_2_DEFAULTOUTCOME_OUTCOMETEXT,暗影爬上你的身體，將你完全覆蓋。從你的氣孔通過，使你興奮。汙穢的力量令你重生。
ENCOUNTER_SHADE_QUESTINFODATA_ENCOUNTERTEXT,一隻眼睛與你對視。暗黑、漂亮的眼睛。大白馬的影子。狂喜與死亡。你感覺牠帶給你一些東西……一切東西。
ENCOUNTER_SHADE_QUESTINFODATA_TITLE,白影的贈禮
ENCOUNTER_STRANGER_QUESTINFODATA_ACTIONS_0_ACTIONTEXT,「國王是從哪裡來的？」
ENCOUNTER_STRANGER_QUESTINFODATA_ACTIONS_0_DEFAULTOUTCOME_OUTCOMETEXT,陌生人瞇眼看著遠方的王宮，然後傾身靠近。它從它破爛的斗蓬褶縫處打出一張卡牌。
ENCOUNTER_STRANGER_QUESTINFODATA_ACTIONS_1_ACTIONTEXT,「你想幹嘛？」
ENCOUNTER_STRANGER_QUESTINFODATA_ACTIONS_1_DEFAULTOUTCOME_OUTCOMETEXT,陌生人的臉上露出好奇的神色，他微笑著，拿出一個捆好的袋子，並遞到你眼前：朋友，我想要的東西跟你一樣，所以我只是來幫忙的。
ENCOUNTER_STRANGER_QUESTINFODATA_ACTIONS_2_ACTIONTEXT,「受夠你了，怪物！滾開！」
ENCOUNTER_STRANGER_QUESTINFODATA_ACTIONS_2_DEFAULTOUTCOME_OUTCOMETEXT,在屈服之前，陌生人的神情從難掩的挫折，擺盪到虛假的笑意，又再擺盪回來。陌生人轉身，然後匆忙的跑走了。
ENCOUNTER_STRANGER_QUESTINFODATA_ENCOUNTERTEXT,陌生人好奇地潛伏在你的影子裡。噢，沒錯，就是在這裡，國王第一次站在愛門羅的土地上。
ENCOUNTER_STRANGER_QUESTINFODATA_TITLE,淨化聯結...
ENCOUNTER_SWAMP_QUESTINFODATA_ACTIONS_0_ACTIONTEXT,讓毒素蔓延開來。
ENCOUNTER_SWAMP_QUESTINFODATA_ACTIONS_0_DEFAULTOUTCOME_OUTCOMETEXT,沼澤裡的空氣凝結成霧，慢慢滲入你的喉嚨。你的身體由內而外都被這股霧氣灼傷。原木裡的傢伙咯咯地笑了起來。你的身體原本純潔無暇，但現在卻永遠地變了。
ENCOUNTER_SWAMP_QUESTINFODATA_ACTIONS_1_ACTIONTEXT,請求幫助
ENCOUNTER_SWAMP_QUESTINFODATA_ACTIONS_1_DEFAULTOUTCOME_OUTCOMETEXT,一隻渾身泥濘的蟾蜍從原木爬了出來。它的每只手上都握有覆蓋著苔蘚的針。借助針刺、疼痛和裝滿黏稠液體的各種小瓶，她把你變成了更多不同的東西。
ENCOUNTER_SWAMP_QUESTINFODATA_ACTIONS_2_ACTIONTEXT,“走開！”
ENCOUNTER_SWAMP_QUESTINFODATA_ACTIONS_2_DEFAULTOUTCOME_OUTCOMETEXT,原木開始抖動，一道黑影從中暴起，轉瞬間便在扭曲的樹木間消失得無影無蹤，你在扭曲的木頭裡瞥見一件被遺落的寶藏。
ENCOUNTER_SWAMP_QUESTINFODATA_ENCOUNTERTEXT,沼澤裡的空氣讓你原本就已中毒而又吃力的呼吸更加遲緩。你倒在一根腐爛的原木前。一張長滿水泡的大嘴發出嘶啞的聲音：不要抗拒毒液，這是上天的贈禮，讓我來告訴你...
ENCOUNTER_SWAMP_QUESTINFODATA_TITLE,劇毒的關係...
FOLLOWERCARDTYPE_NAME,隨從
FOLLOWERCARDTYPE_STATUSFEEDRECEIVEDMESSAGE,<hero>獲得一名隨從。
GAMECONFIG_CONFIG_OVERKILLCONFIG_LEVELCONFIGS_1_COMBATTEXT,致命一擊
GAMECONFIG_CONFIG_OVERKILLCONFIG_LEVELCONFIGS_2_COMBATTEXT,超量擊殺
GAMECONFIG_CONFIG_OVERKILLCONFIG_LEVELCONFIGS_3_COMBATTEXT,屠殺
GAMECONFIG_CONFIG_OVERKILLCONFIG_LEVELCONFIGS_4_COMBATTEXT,殲滅
GAMECONFIG_CONFIG_OVERKILLCONFIG_LEVELCONFIGS_5_COMBATTEXT,屈辱
GAMEGUIDEPAGE_AMBUSH_BODYTEXT,當角色與潛行的對象發生衝突，就會進入被伏擊狀態。即使是兩個隱身的角色也有可能意外發生衝突，從而互相伏擊對方。\n\n<sprite52>\n\n當角色被伏擊時，他們將無法燒毀卡牌。
GAMEGUIDEPAGE_AMBUSH_TITLETEXT,伏擊
GAMEGUIDEPAGE_ARMELLIANDICE_BODYTEXT,<sprite01>\n[b]【劍】 [/b]算作一次攻擊。\n\n<sprite02>\n[b]【盾牌】 [/b]算作一次防禦，擋住一次對手的攻擊。\n\n<sprite03>\n[b]【太陽】 [/b]在白天擲骰時算作一次攻擊。\n\n<sprite04>\n[b]【月亮】 [/b]在黑夜擲骰時算作一次攻擊。\n\n<sprite05>\n[b]【汙穢】 [/b]算作一次未命中。\n\n<sprite06>\n[b]【懷爾德之樹】[/b]算作一次攻擊和爆炸（獎勵一顆額外骰子）！\n\n小提醒：如果你的汙穢達到 5 而成為腐化狀態，你的懷爾德與汙穢都會被轉換 ── 懷爾德將會被算作未命中，汙穢將被算作攻擊和爆炸！\n\n[b]骰子修改：[/b]\n\n特定卡牌和英雄能力將影響擲骰的結果。這些影響被稱為骰子調節。骰子調節一共有三種。\n\n[b]● 穿透：[/b]擊穿一次防禦，即使對手格擋也會受到傷害。\n\n[b]● 反射：[/b]格擋攻擊，並反彈傷害給你的對手。\n\n[b]● 劇毒：[/b]如果該攻擊造成傷害，對手將會中毒。\n\n小提醒：如果同時出現兩個被調節的骰子（例如穿透遇到反射），它們會互相抵銷，不產生任何效果。
GAMEGUIDEPAGE_ARMELLIANDICE_TITLETEXT,愛門羅的骰子
GAMEGUIDEPAGE_BANES_BODYTEXT,<sprite07>\n魔鴆會襲擊並以聚落為食，所到聚落都會成為無主之地，還會消滅擋路的一切生物。\n\n每逢黑夜時魔鴆的汙穢 +1。\n\n魔鴆擁有可怕的黑暗之心，因此牠們不論汙穢多寡都是處於腐化的狀態，並且在每殺死一名角色時生命值 +1。\n\n魔鴆在黑夜時有額外的骰子數 +1。\n\n殺死魔鴆能獲得威望，但要小心，被魔鴆殺死會讓英雄汙穢 +1。\n\n腐化的英雄殺死魔鴆後只能獲得汙穢 +1，而非增加威望。\n\n魔鴆會避開心靈行者，並且不會自行進入巨石陣或者守護石當中。
GAMEGUIDEPAGE_BANES_TITLETEXT,魔鴆
GAMEGUIDEPAGE_BOUNTIES_BODYTEXT,如果英雄選擇與國王對抗，就會被懸賞：懸賞通緝可以通過國王的詔令、或者其他英雄的卡牌來進行。被懸賞之後，你的頭上就會出現賞金，國王的守衛會在黎明時開始追捕你，同時其他英雄也可以加入追捕。\n\n懸賞分為三個等級：通緝犯、逃亡者以及叛國者。每逢黎明時，懸賞等級都會上升。\n\n懸賞可以通過使用緩刑（詭術卡牌）或者目標死亡而解除。別忘了，你也可以拿到對其他英雄的懸賞！\n\n<sprite60>\n[b]等級 1：通緝犯[/b]\n\n你遭到了國王的通緝，你的首級被懸賞之價值為 2 金幣和 1 威望。黎明時，鄰近的國王的守衛一見到你就會主動攻擊。\n\n<sprite61>\n[b]等級 2：逃亡者[/b]\n\n你被國王宣佈為逃亡者，你的首級被懸賞價值為 4 金幣和 2 威望。國王的守衛會優先攻擊你。\n\n<sprite62>\n[b]等級 3：叛國者[/b]\n\n你被國王宣佈為叛國者，你的首級被懸賞價值為 6 金幣和 3 威望。國王的守衛會對你窮追不捨。\n\n附註：攻擊國王的守衛、或是進入王宮都會被懸賞。直接攻擊國王將立即成為叛國者。
GAMEGUIDEPAGE_BOUNTIES_TITLETEXT,懸賞
GAMEGUIDEPAGE_BUFFS_BODYTEXT,增益是在遊戲中通過咒術或強化改變能力的稱呼。增益有正面和負面之分，並且對玩家造成影響。
GAMEGUIDEPAGE_BUFFS_TITLETEXT,增益
GAMEGUIDEPAGE_BURNINGCARDS_BODYTEXT,燒毀計時器時間耗盡之前放入卡牌，可確保你的一次擲骰結果為該卡牌的愛門羅符號。\n\n<sprite08>\n\n在危機和戰鬥中燒毀卡牌能確保擲骰結果，使其成為一種贏得遊戲的核心策略，在攻打王宮的時候尤其重要。\n\n<sprite09>\n\n每張卡牌都會在其右上角顯示愛門羅骰子六個符號中的其中一個。
GAMEGUIDEPAGE_BURNINGCARDS_TITLETEXT,燒毀卡牌
GAMEGUIDEPAGE_CHESTSANDKEYS_BODYTEXT,<sprite55>\n作為加入多人遊戲的獎勵，玩家會在完成了一局遊戲並返回主選單的時候拿到一個寶箱。\n\n玩家可在物品欄中查看或打開寶箱。打開寶箱之後，會讓您獲得一樣遊戲內的裝飾性物品。\n\n寶箱會在「收藏」中解鎖，每種收藏包含 11 種獨特的骰子，並分為五個稀有等級 ( 普通／罕見／稀有／史詩／傳說 )，和四大部族英雄外觀碎片 ( 狼族／兔族／熊族／鼠族 )。\n\n<sprite57>\n\n\n\n附註：多人遊戲的收藏獎勵會隨時間改變，但所有物品都可以在 Steam 市場上交換或交易，因此你可以透過交易來完成自己的收藏！\n\n附註：舊版的寶箱和鑰匙為分別掉落。因此，下列收藏系列的寶箱仍需要相同收藏系列的鑰匙才能打開：\n-懷爾德獎勵\n-戰利品\n-叛國者的禮物\n-德魯伊的饋贈\n-毀滅之儀
GAMEGUIDEPAGE_CHESTSANDKEYS_TITLETEXT,寶箱收藏品
GAMEGUIDEPAGE_CHESTSMOBILE_BODYTEXT,<sprite55>\n作為完成遊戲的獎勵，玩家會拿到寶箱。\n\n寶箱會在「收藏」中解鎖，每種收藏包含多種獨特的骰子，並分為五個稀有等級：普通、罕見、稀有、史詩以及傳說。\n\n<sprite57>\n\n玩家可在物品欄中打開寶箱，並且獲得一個隨機的骰子。\n\n附註：可用的收藏會不斷更新，快在遊戲中將它們一一集齊吧！
GAMEGUIDEPAGE_CHESTSMOBILE_TITLETEXT,寶箱
GAMEGUIDEPAGE_CLANGROUNDS_BODYTEXT,部族屬地是遊戲的一項特殊區域，專門儲存你的印戒、護符、外觀、對話、吹噓以及其它可自訂的選項。\n\n<sprite65>\n\n你可以利用部族屬地為每一位英雄設定獨特的裝備配置，並示範不同的組合。\n\n你在部族屬地也能查看關於英雄精通之路的訊息，以及你尚未解鎖的獎勵。\n\n你可以透過主選單存取部族屬地。
GAMEGUIDEPAGE_CLANGROUNDS_TITLETEXT,部族屬地
GAMEGUIDEPAGE_COMBAT_BODYTEXT,在戰鬥中，雙方都將擲出數量等同於戰力值的骰子。\n\n<sprite10>\n\n你只要擲出比對手防禦骰子更多的攻擊骰子，就能對對手造成傷害。\n\n<sprite11>\n\n給對手造成較多傷害、並且存活下來的一方會贏得戰鬥。\n\n如果攻擊方贏得戰鬥，他們會佔領前方的格子，將防禦方逼退。\n\n如果防禦方贏得戰鬥，他們會堅守在原來的格子上。\n\n如果一方的生命耗盡，他們就會死亡並結束回合，同時返回部族城堡。
GAMEGUIDEPAGE_COMBAT_TITLETEXT,戰鬥
GAMEGUIDEPAGE_ENDGAME_BODYTEXT,愛門羅是個在棋盤上跟其他英雄比賽最先完成加冕的遊戲（贏得四個勝利條件的其中一個）。\n\n達成勝利條件的策略取決於自己，雖然你常需要根據遊戲形勢而改變策略。\n\n<sprite12>\n[b]【弒君勝利】[/b]\n進入王宮，並且在戰鬥中殺死國王。你必須要在對抗中存活下來。\n\n<sprite13>\n[b]【心靈石勝利】[/b]\n帶著四顆心靈石進入王宮並且點擊國王，以淨化愛門羅的汙穢。\n\n<sprite14>\n[b]【汙穢勝利】[/b]\n進入王宮，在汙穢高於國王的情況下，與他戰鬥並將其殺死。你必須要在對抗中存活下來。\n\n<sprite15>\n[b]【威望勝利】[/b]\n在國王死於汙穢感染後、或是讓其他英雄在弒君的過程中與國王同歸於盡後，成為威望首領。
GAMEGUIDEPAGE_ENDGAME_TITLETEXT,遊戲勝利
GAMEGUIDEPAGE_EQUIPCARDS_BODYTEXT,<sprite16>\n可裝備的道具卡牌與隨從卡牌，可以在你的裝備欄或隊伍欄當中分別裝備。\n\n<sprite17>\n拖曳卡牌至你的裝備欄或隊伍欄的空欄位當中即可裝備／招募相應的卡牌！\n\n<sprite18>\n你不能直接卸下卡牌，但你可以替換裝備欄和隊伍欄當中已有的卡牌。這樣先前的卡牌便會被丟棄。\n\n裝備多數卡牌都需要花費金幣，還有一些卡牌會讓英雄增加汙穢。
GAMEGUIDEPAGE_EQUIPCARDS_TITLETEXT,裝備欄與隊伍欄
GAMEGUIDEPAGE_EXPLODEPOOL_BODYTEXT,在戰鬥與危機中，特定的骰子符號會爆炸 ── 產生一顆額外的骰子！預設的情況下，只有懷爾德符號會爆炸，但有特定的狀態與卡牌效果（例如腐化），會改變造成爆炸的符號。\n\n<sprite63>\n一場戰鬥或危機中能擲出的爆炸符號之數量，會受到你的爆裂池所限制。在一般情況下，爆裂池的上限等同你的精力值。然而，腐化之後，會導致爆裂池的上限改為與汙穢一樣多。另外，特定的卡牌與效果會根據前述的爆裂池基本數值，對爆裂池造成變更。這些規則對所有的生物都適用 ── 包括國王！\n\n在戰鬥與危機中，參與者的爆裂池出現在螢幕下方。非處於戰鬥與危機的時候，你可以在英雄介面上檢視特定英雄的爆裂池。
GAMEGUIDEPAGE_EXPLODEPOOL_TITLETEXT,爆裂池
GAMEGUIDEPAGE_EXPLORE_BODYTEXT,探索地牢會在進入地牢格子時自動觸發。\n\n<sprite19>\n\n探索地牢雖然危險，但獲利也非常豐厚。\n\n<sprite20>\n\n地牢裡有許多寶藏、金幣、魔法和遊蕩的隨從，但是要小心：許多沉睡的怪物也會出現在地牢中。\n\n裝備適當的物品和隨從可以提高探索地牢的成功率，而且在白天和黑夜地牢出現戰利品的機率和數量也不一樣。
GAMEGUIDEPAGE_EXPLORE_TITLETEXT,探索
GAMEGUIDEPAGE_HEROMASTERY_BODYTEXT,英雄精通系統可讓你在玩愛門羅遊戲時，贏得獎勵。每名英雄都有他們自己的精通之路。每一個精通等級，都會給你獨特的獎勵，諸如骰子、聊天內容、或是特殊的動畫。\n\n<sprite66>\n\n你可藉由遊玩每一場愛門羅遊戲來獲取進度，以達到新的英雄精通等級。\n\n你可透過愛門羅部族屬地存取你的英雄精通之路。
GAMEGUIDEPAGE_HEROMASTERY_TITLETEXT,英雄精通
GAMEGUIDEPAGE_KINGSDEC_BODYTEXT,<sprite21>\n每逢黎明時，國王會向威望首領傳遞兩項命令。該英雄必須選擇其中一項命令來執行。\n\n完成選擇後，該命令就會向愛門羅的所有子民發佈，並且作為法令持續至第二天黎明。\n\n<sprite22>\n\n小提醒：成為威望首領，取得國王的詔令的選擇權是擁有巨大權力，讓人垂涎的位置，但同時也是個不易與人交朋友的位置。
GAMEGUIDEPAGE_KINGSDEC_TITLETEXT,國王的詔令
GAMEGUIDEPAGE_KINGSGUARD_BODYTEXT,每逢黎明時，國王的守衛都會在愛門羅王國巡邏，擔任警戒村落、追捕通緝犯以及消滅魔鴆的工作。\n\n<sprite23>\n\n遊戲開始時國王的守衛處於中立，會無視英雄的行動並堅守王國的村落。\n\n然而，一旦英雄與國王為敵而被懸賞，國王的守衛就會開始追捕，並嘗試殺死他們。\n\n國王的守衛在白天會額外增加一顆骰子，並且裝備其標誌性武器：野兔戰戟。\n\n<sprite24>\n\n每殺死一名國王的守衛都會讓英雄的威望 -1。
GAMEGUIDEPAGE_KINGSGUARD_TITLETEXT,國王的守衛
GAMEGUIDEPAGE_MAGIC_BODYTEXT,大部分希望奪取王位的英雄都會依靠咒術，無論本身施法能力的強弱。\n\n大多數情況下，咒術卡牌需要消耗英雄的魔法來發動。\n\n<sprite25>\n\n每逢黃昏時，所有英雄的魔法值都會根據他們的精力值重置。\n\n咒術卡牌的作用範圍會受到施法者精力的限制（舉個例子，精力為 3 的英雄的施法範圍為 3 格）。\n\n<sprite26>
GAMEGUIDEPAGE_MAGIC_TITLETEXT,魔法
GAMEGUIDEPAGE_MOVEMENT_BODYTEXT,無論是在愛門羅王國移動或是冒險，都需要使用行動點數（AP）。通過某些格子，例如山地，需要消耗多於 1 點的行動點數。\n\n<sprite27>\n\n英雄可用的行動點數會顯示在英雄的肖像中。\n\n小提醒：如果英雄的行動點數在結束回合之後才發生變化（通過使用卡牌等方式），那將會在下個回合生效。
GAMEGUIDEPAGE_MOVEMENT_TITLETEXT,移動
GAMEGUIDEPAGE_MULTIPLAYER_BODYTEXT,在完成線上多人遊戲（無論是公開還是私人）後，玩家的等級都會提升，並解鎖新的肖像、外框，並且提升你的線上遊戲技能等級。\n\n[b]提升等級[/b]\n\n當前愛門羅多人模式的最大等級為 100 級。達到不同的等級需要拿到不同數量的星星。當玩家存下足夠的星星，就會升至下一級。\n\n附註：如果你不想看到多人模式的等級，你可以進入遊戲選項中的「介面」去關閉它。\n\n<sprite58>\n[b]星星[/b]\n\n玩家通常都會在勝利後獲得星星，但除此以外還有許多方法能獲得星星。\n\n勝利：獲得 1 顆星星。\n\n競爭者：完成公開多人遊戲獲得 1 顆星星。\n\n打敗人類對手：每打敗一名非電腦玩家將獲得 1 顆星星。\n\n連勝獎勵：如果你連續贏得 2 場或以上多人遊戲，那就將獲得 1 顆星星。\n\n孤狼獎勵：如果你加入公開多人遊戲，並且與一隊由 3 名玩家組成的團隊對戰，那就將獲得 1 顆星星。\n\n頑強者獎勵：如果遊戲中的一名對手比你的等級高出 5 級或以上，那就能獲得 1 顆星星。\n\n附註：要獲得星星，你必須得完成整局遊戲。\n\n<sprite59>\n[b]推薦[/b]\n\n在公開多人遊戲（任何加入的公開多人遊戲）中，玩家可以推薦其他玩家成為愛門羅之魂：可以是因為他玩的不錯，或者僅僅因為他是一個好人。\n\n如果一個玩家得到了 2 個推薦，他們便會獲得 1 顆額外的星星作為獎勵。\n\n如果一個玩家得到了 3 個推薦，他們就會獲得總共 2 顆額外的星星。\n\n附註：您不能推薦自己。
GAMEGUIDEPAGE_MULTIPLAYER_TITLETEXT,多人遊戲
GAMEGUIDEPAGE_PALACE_BODYTEXT,<sprite28>\n進入王宮是件非常危險的事。王宮由王宮花園環繞，其中有四樣艱難的王宮危機。這些將考驗你的智力或精力。未通過王宮危機將被逐出王宮！\n\n進入王宮（或在王宮內行動）將耗費你全部的剩餘行動點數 ── 攻擊國王也一樣！\n\n一旦有英雄想進入王宮或攻擊國王，國王會懸賞通緝他們。\n\n這將使國王守衛把他們當作王室的叛國者追捕，若有英雄率先領取懸賞，將獲得額外的威望和金幣！\n\n<sprite29>\n\n小提醒：每樣王宮危機需要匹配特定的符號。建議玩家提前學習應對之策。
GAMEGUIDEPAGE_PALACE_TITLETEXT,王宮
GAMEGUIDEPAGE_PERILS_BODYTEXT,<sprite30>\n\n危機是指英雄或國王使用的作為陷阱的卡牌。\n\n危機將根據卡牌種類考驗兩種屬性當中其中一種：詭術危機考驗智力，咒術危機考驗精力。\n\n<sprite31>\n\n為了成功抵抗危機，你需要用你擁有的愛門羅骰子擲出跟危機符號完全匹配的符號。\n\n危機的難度、或者說對抗等級，決定了需要被匹配的符號數量。\n\n<sprite32>\n\n燒掉卡牌是個非常好的策略，能幫你度過危機。\n\n附註：危機需要的匹配符號數量可能比你的英雄的骰子還多。\n\n小提醒：危機的難度可通過特定卡牌修改。
GAMEGUIDEPAGE_PERILS_TITLETEXT,危機
GAMEGUIDEPAGE_PLAYINGPERILS_BODYTEXT,<sprite33>\n\n大部分的咒術和詭術卡牌都能作為危機使用。\n\n想要將危機作用於地圖上，你需要有足夠的資源（通常是金幣或魔法），選擇有效的目標使用危機。\n\n<sprite34>\n\n右下方帶有危機符號的卡牌能作為危機用於有效的格子上。\n\n在愛門羅，使用危機是阻礙、破壞其他英雄加冕的核心機制。\n\n<sprite35>\n\n小提醒：其他的英雄看不到你放置的危機內容及危機等級 …… 除非他們擁有偵查技能！
GAMEGUIDEPAGE_PLAYINGPERILS_TITLETEXT,使用危機
GAMEGUIDEPAGE_PRESTIGE_BODYTEXT,<sprite36>\n\n在愛門羅，威望是強大的資源，人人汲汲以求。它影響你在王國內的聲望以及是否受國王喜愛。\n\n擁有最高威望的英雄就是威望首領，作為國王的管家。\n\n<sprite37>\n\n你將控制國王在黎明頒布的詔令，一旦國王死於疾病，你將合法繼承王位，贏得遊戲。\n\n使用卡片、消滅魔鴆、擊殺英雄、收集賞金或完成任務的方式來獲得威望。\n\n<sprite38>\n\n殺死國王的守衛，死亡後送回部族屬地將損失威望，直接攻擊國王將失去全數威望。
GAMEGUIDEPAGE_PRESTIGE_TITLETEXT,威望
GAMEGUIDEPAGE_RECONNECT_BODYTEXT,<sprite64>\n\n如果您的任務因連線丟失或遊戲崩潰而中斷，不要擔心！煩人的技術問題不會終結您的線上多人遊戲冒險。\n\n《愛門羅》的重新連線功能可供您在離開一小會兒後重新加入線上多人遊戲。\n\n您只需恢復網際網路連線，回到主功能表，並選擇「多人遊戲」選項下的「重新加入」，即可嘗試重新連線。\n\n請注意：為了確保遊戲在您缺席的情況下繼續進行，如果您離開太久，則 AI 戰鬥人員將取代您的位置，直到您可以重新加入多人遊戲。
GAMEGUIDEPAGE_RECONNECT_TITLETEXT,重新連線
GAMEGUIDEPAGE_ROT_BODYTEXT,<sprite39>\n\n汙穢是一種暗黑的、惡毒的力量。除了知道它渴望生命、消耗生命，扭曲一切它所接觸到的事物外，關於它的資訊很少。有人說，那些想要知道其暗黑秘密的人會受其控制。\n\n汙穢的增長分為兩階段；\n\n<sprite40>\n\n[b]被感染：[/b]每逄黎明時生命值 -1。戰鬥中，擁有比你更高汙穢等級的生物將獲得你的汙穢作為獎勵骰子數！\n\n<sprite41>\n\n[b]腐化：[/b]一旦汙穢達到 5，你就完全地腐化了。被感染的效果會繼續存在；魔鴆不再主動攻擊你；戰鬥中懷爾德轉而代表未命中，而汙穢成了攻擊和爆炸。你每次殺死敵人會獲得生命值 +1、消滅魔鴆時也會使汙穢 +1；進入巨石陣或守護石，將失去與你的汙穢等量的生命值。
GAMEGUIDEPAGE_ROT_TITLETEXT,汙穢
GAMEGUIDEPAGE_ROUTING_BODYTEXT,英雄或生物在戰鬥中失利但倖存下來後，將往身後三個方向其中一個方向後退一格。\n\n倘若這 3 個格子都被擋住了，英雄沒辦法後退，則將被殺死（趕盡殺絕），無論是否還有生命值。\n\n<sprite42>
GAMEGUIDEPAGE_ROUTING_TITLETEXT,潰退
GAMEGUIDEPAGE_SPIRITSTONES_BODYTEXT,<sprite43>\n\n心靈石是古老且受人追尋著的蘊含懷爾德能量的物品。生命的精華離不開生命的形態。\n\n你可以通過任務、探索、冒險，在地圖上收集它們。\n\n<sprite44>\n\n收集 4 塊心靈石的英雄將被認為是心靈行者。\n\n[b]心靈行者：[/b]獲得 4 塊心靈石將免於汙穢侵襲，收到汙穢 +1 會變成生命值 -1。\n心靈石可用於淨化擁有黑暗之心的生物（比如國王、魔鴆），在他們鄰近的格子上點擊他們、淨化汙穢，快速殺死他們。附註：淨化消耗 1 行動點數，淨化後你將留在自己的格子上。最後，魔鴆主動避開心靈行者。\n\n由於他們能淨化擁有黑暗之心的生物，如果心靈行者能抵達國王的正殿，他們就能清除國王的汙穢，拯救愛門羅王國，以心靈石勝利贏得比賽。
GAMEGUIDEPAGE_SPIRITSTONES_TITLETEXT,心靈石
GAMEGUIDEPAGE_THESTRANGER_BODYTEXT,陌生人是頑皮的隨從，據說喜歡在愛門羅的地牢嚇嚇人。遭遇到這位神秘的傢伙可能會（多半會）同時帶來驚嚇與驚喜。\n\n<sprite54>\n\n如果你在地牢碰見他，他會硬是加入你的隊伍，不管你的隊伍是否已經滿額！\n\n陌生人有三種特質 ……\n\n[b]喧賓奪主（黏人）：[/b] 無法通過招募其他隨從頂替其位置或對自己使用賄賂來將陌生人移出隊伍。\n\n[b]歧路徘徊（誤導）：[/b]輪到你的時候，你將隨機被移動到鄰近的格子。這種移動不會消耗你的行動點數，不過每回合都會出現，直到陌生人離開你的隊伍。\n\n[b]見異思遷（善變）：[/b] 陌生人有可能變成對手的隨從，跳槽的時間點包括：招募了陌生人的英雄在鄰近其他英雄的格子上結束當前回合，或是其他英雄在招募了陌生人的英雄的鄰近格子上結束當前回合。\n\n\n另外，有些老朋友並不樂見久別重逢 ……
GAMEGUIDEPAGE_THESTRANGER_TITLETEXT,陌生人
GAMEGUIDEPAGE_TILES_BODYTEXT,愛門羅王國由不同地形的格子組成。\n\n<sprite45>\n[b]平原：[/b] 基礎地形。沒有特殊效果。\n\n<sprite46>\n[b]森林：[/b] 黑夜時使英雄進入潛行。\n\n<sprite47>\n[b]山地：[/b]防禦強化。需要耗費 2 行動點數來進入，但戰鬥時給予獎勵盾牌 +1。\n\n<sprite48>\n[b]村落：[/b]佔領後，每逢黎明時產出金幣 +1。在首個之後所佔有的每一個村落，將使所有詭術卡牌費用得到金幣 -1 的折扣。\n\n<sprite49>\n[b]沼澤：[/b] 由於疾病、蒼蠅、險阻，致使生命值 -1。\n\n<sprite50>\n[b]巨石陣：[/b] 從神秘的力量中回復生命值 +1。\n\n<sprite51>\n[b]地牢：[/b] 遍佈財富、魔鴆、其它各種事物的危險之地。
GAMEGUIDEPAGE_TILES_TITLETEXT,格子
GAMEGUIDEPAGE_TRANSMOGRIFY_BODYTEXT,如果你發現擁有很多相同稀有度的、來自同一收藏的骰子，可以犧牲 5 個用來合成高一級稀有度、同一收藏之隨機骰子。\n\n<sprite53>\n\n你可以通過「物品欄」選單選擇一個帶有「可變形」標籤的骰子來進行變形。\n\n附註：只有來自寶箱收藏的骰子可以變形。
GAMEGUIDEPAGE_TRANSMOGRIFY_TITLETEXT,變形
GAMEPROGRESS_DESCRIPTION,使用全部八位初始英雄，以全部四種勝利方式完成序幕，登上愛門羅的王座。
GAME_GUIDE_CHANGE_PAGE,改變主題
GAME_GUIDE_CONTROL,上/下
GAME_INTRO_LINE_1,無論鼠族還是熊族，各個部族都宣戰，\n\n爭奪天下的時間到了。
GAME_INTRO_LINE_2,由於受到汙穢的侵襲，國王性格變得扭曲，\n\n威脅著愛門羅。
GAME_INTRO_SKIP_TEXT,按任意鍵跳過
GAME_INTRO_SKIP_TOUCH_TEXT,點擊跳過
GAME_INTRO_TEXT,愛門羅是一個充滿魔法與奇蹟的王國，然而隨著一道暗影潛入，我們從前敬愛的那位英明神武的國王，深受汙穢的邪惡所影響，如今變得專制而瘋狂，他所統一的王國已陷入凶兆中岌岌可危。\n\n\n[i]英雄啊，不論代價，你須奪得王座、成為愛門羅的國王或女王。[/i]\n\n\n[i]雖然時時刻刻要謹慎小心，愛門羅的遊戲中充滿了機運與詭計。沒有兩場遊戲會是一樣的，而命運以及對手都會殘酷地對待你。但請記住 …… 只有膽識過人的英雄才能險中求勝、加冕為王。[/i]
GAME_MODE_CLASSIC_MULTIPLAYER_DESCRIPTION,在經典遊戲和自訂遊戲中，爭奪愛門羅的王座。
GAME_MODE_CLASSIC_MULTIPLAYER_TITLE,經典多人遊戲
GAME_MODE_CUSTOM_MULTIPLAYER_DESCRIPTION,自訂多人遊戲描述
GAME_MODE_CUSTOM_MULTIPLAYER_TITLE,自訂多人遊戲
GAME_NAME,愛門羅
GMB_CROSSPLAY_DESC,
GMB_CROSSPLAY_DISABLE,
GMB_CROSSPLAY_ENABLE,
GMB_DEAD_MANS_HAND_OFF_DESCRIPTION,英雄死亡時不會失去卡牌。
GMB_DEAD_MANS_HAND_OFF_OPTIONNAME,關
GMB_DEAD_MANS_HAND_ON_DESCRIPTION,一旦死亡，手上的卡牌全部棄置。
GMB_DEAD_MANS_HAND_ON_LONGNAME,死亡玩家的手牌
GMB_DEAD_MANS_HAND_ON_OPTIONNAME,開
GMB_EXPLODE_POOL_OFF_DESCRIPTION,所有生物可擲出無限制爆裂
GMB_EXPLODE_POOL_OFF_LONGNAME,無限爆裂數
GMB_EXPLODE_POOL_OFF_OPTIONNAME,開
GMB_EXPLODE_POOL_ON_DESCRIPTION,預設的爆裂池數限。
GMB_EXPLODE_POOL_ON_OPTIONNAME,關
GMB_FIND_PARTIES_DISABLE_DESCRIPTION,無法與公開多人遊戲中的朋友團體配對。
GMB_FIND_PARTIES_DISABLE_OPTIONNAME,關閉
GMB_FIND_PARTIES_ENABLE_DESCRIPTION,允許與公開多人遊戲中的朋友團體配對。
GMB_FIND_PARTIES_ENABLE_OPTIONNAME,開啟
GMB_FIRST_HAND_DEFAULT_DESCRIPTION,以道具、咒術、詭術卡牌平均分佈的牌組開局。
GMB_FIRST_HAND_DEFAULT_OPTIONNAME,預設
GMB_FIRST_HAND_DRAW_DESCRIPTION,從你的第一個回合開始選擇抽取哪組卡牌作為起手牌。
GMB_FIRST_HAND_DRAW_LONGNAME,抽取第一張卡牌
GMB_FIRST_HAND_DRAW_OPTIONNAME,抽取
GMB_FIRST_HAND_RANDOM_DESCRIPTION,以隨機卡牌開始。
GMB_FIRST_HAND_RANDOM_LONGNAME,隨機第一手牌
GMB_FIRST_HAND_RANDOM_OPTIONNAME,隨機
GMB_FURY_MODE_OFF_DESCRIPTION,使用回合計時器設定。
GMB_FURY_MODE_OFF_OPTIONNAME,關
GMB_FURY_MODE_ON_DESCRIPTION,帶著一個持續存在的動態計時器，節奏更快速、更激烈的愛門羅遊戲模式。
GMB_FURY_MODE_ON_LONGNAME,狂怒模式
GMB_FURY_MODE_ON_OPTIONNAME,開
GMB_KING_DAWN_DEFAULT_DESCRIPTION,國王在黎明時跟其他生物一樣，會遭受汙穢傷害。
GMB_KING_DAWN_DEFAULT_OPTIONNAME,預設
GMB_KING_DAWN_NO_DAMAGE_DESCRIPTION,國王在黎明時對汙穢傷害免疫。
GMB_KING_DAWN_NO_DAMAGE_LONGNAME,國王對汙穢傷害免疫
GMB_KING_DAWN_NO_DAMAGE_OPTIONNAME,沒有汙穢傷害
GMB_NEW_AI_OFF_DESCRIPTION,使用舊 AI
GMB_NEW_AI_OFF_OPTIONNAME,舊
GMB_NEW_AI_ON_DESCRIPTION,使用新 AI
GMB_NEW_AI_ON_LONGNAME,新 AI
GMB_NEW_AI_ON_OPTIONNAME,新
GMB_QUICK_AI_TURNS_OFF_DESCRIPTION,AI將有充裕的時間，戰鬥和危機都將模擬出來。
GMB_QUICK_AI_TURNS_OFF_OPTIONNAME,關
GMB_QUICK_AI_TURNS_ON_DESCRIPTION,AI將加速行動，戰鬥和危機將跳過。
GMB_QUICK_AI_TURNS_ON_OPTIONNAME,開
GMB_STRANGER_OFF_DESCRIPTION,陌生人沒有拜訪愛門羅。
GMB_STRANGER_OFF_LONGNAME,禁用陌生人
GMB_STRANGER_OFF_OPTIONNAME,離開
GMB_STRANGER_ON_DESCRIPTION,陌生人在愛門羅的土地遊蕩。
GMB_STRANGER_ON_OPTIONNAME,訪問
GMCC_ARMOURED_KG_DESCRIPTION,所有的國王守衛都配備了戰甲。
GMCC_ARMOURED_KG_LONGNAME,武裝的國王守衛
GMCC_ARMOURED_KG_OPTIONNAME,武裝
GMCC_DEFAULT_BANE_DESCRIPTION,經典魔鴆。
GMCC_DEFAULT_BANE_OPTIONNAME,預設
GMCC_DEFAULT_KG_DESCRIPTION,經典的國王守衛。
GMCC_DEFAULT_KG_OPTIONNAME,預設
GMCC_DIRE_BANE_DESCRIPTION,所有魔鴆的戰力值 +1 與體力值 +1。
GMCC_DIRE_BANE_LONGNAME,凶險的魔鴆
GMCC_DIRE_BANE_OPTIONNAME,可怕的
GMCC_HERO_AP_1_DESCRIPTION,所有英雄的行動點數 +1。
GMCC_HERO_AP_1_LONGNAME,英雄的 AP +1
GMCC_HERO_AP_1_OPTIONNAME,AP +1
GMCC_HERO_AP_2_DESCRIPTION,所有英雄的行動點數 +2。
GMCC_HERO_AP_2_LONGNAME,英雄的 AP +2
GMCC_HERO_AP_2_OPTIONNAME,AP +2
GMCC_HERO_AP_DEFAULT_DESCRIPTION,所有英雄在開始時擁有預設的行動點數。
GMCC_HERO_AP_DEFAULT_OPTIONNAME,預設
GMCC_HERO_BODY_1_DESCRIPTION,所有英雄體力值 +1。
GMCC_HERO_BODY_1_LONGNAME,英雄體力值 +1
GMCC_HERO_BODY_1_OPTIONNAME,體力值 +1
GMCC_HERO_BODY_2_DESCRIPTION,所有英雄體力值 +2。
GMCC_HERO_BODY_2_LONGNAME,英雄體力值 +2
GMCC_HERO_BODY_2_OPTIONNAME,體力值 +2
GMCC_HERO_BODY_3_DESCRIPTION,所有英雄體力值 +3。
GMCC_HERO_BODY_3_LONGNAME,英雄體力值 +3
GMCC_HERO_BODY_3_OPTIONNAME,體力值 +3
GMCC_HERO_BODY_DEFAULT_DESCRIPTION,所有英雄開始時擁有預設體力值。
GMCC_HERO_BODY_DEFAULT_OPTIONNAME,預設
GMCC_HERO_ROT_1_DESCRIPTION,所有英雄在開始時汙穢 +1。
GMCC_HERO_ROT_1_LONGNAME,被感染的英雄
GMCC_HERO_ROT_1_OPTIONNAME,開始即受到感染
GMCC_HERO_ROT_5_DESCRIPTION,所有英雄在開始時汙穢 +5。
GMCC_HERO_ROT_5_LONGNAME,腐化的英雄
GMCC_HERO_ROT_5_OPTIONNAME,開始即被腐化
GMCC_HERO_ROT_DEFAULT_DESCRIPTION,所有英雄開始時擁有預設的汙穢。
GMCC_HERO_ROT_DEFAULT_OPTIONNAME,預設
GMCC_HERO_STARTING_EQUIPMENT_DEFAULT_DESCRIPTION,英雄初始時沒有裝備。
GMCC_HERO_STARTING_EQUIPMENT_DEFAULT_OPTIONNAME,預設
GMCC_HERO_STARTING_EQUIPMENT_FOLLOWER_1_DESCRIPTION,英雄們在開始時會隨機獲有一名隨從。
GMCC_HERO_STARTING_EQUIPMENT_FOLLOWER_1_LONGNAME,隨機初始隨從
GMCC_HERO_STARTING_EQUIPMENT_FOLLOWER_1_OPTIONNAME,1 名隨從
GMCC_HERO_STARTING_EQUIPMENT_TREASURE_1_DESCRIPTION,英雄開始時隨機裝備一件寶藏。
GMCC_HERO_STARTING_EQUIPMENT_TREASURE_1_LONGNAME,隨機初始寶藏
GMCC_HERO_STARTING_EQUIPMENT_TREASURE_1_OPTIONNAME,1件寶藏
GMCC_HERO_STARTING_EQUIPMENT_TREASURE_AND_FOLLOWER_DESCRIPTION,英雄開始時隨機裝備 1 件寶藏和 1 位隨從。
GMCC_HERO_STARTING_EQUIPMENT_TREASURE_AND_FOLLOWER_LONGNAME,隨機初始寶藏與隨從
GMCC_HERO_STARTING_EQUIPMENT_TREASURE_AND_FOLLOWER_OPTIONNAME,寶藏與隨從
GMCC_HERO_WITS_1_DESCRIPTION,所有英雄智力值 +1。
GMCC_HERO_WITS_1_LONGNAME,英雄智力+1
GMCC_HERO_WITS_1_OPTIONNAME,智力+1
GMCC_HERO_WITS_DEFAULT_DESCRIPTION,所有英雄開始時擁有預設智力值。
GMCC_HERO_WITS_DEFAULT_OPTIONNAME,預設
GMCC_KING_BODY_DEFAULT_DESCRIPTION,國王在開始時擁有 9 點體力值。
GMCC_KING_BODY_DEFAULT_OPTIONNAME,預設
GMCC_KING_BODY_HIGH_DESCRIPTION,國王在開始時擁有 10 點體力值。
GMCC_KING_BODY_HIGH_LONGNAME,長時間遊戲
GMCC_KING_BODY_HIGH_OPTIONNAME,長
GMCC_KING_BODY_LOW_DESCRIPTION,國王在開始時擁有 8 點體力值。
GMCC_KING_BODY_LOW_LONGNAME,短時間遊戲
GMCC_KING_BODY_LOW_OPTIONNAME,短
GMCC_KING_BODY_VHIGH_DESCRIPTION,國王在開始時擁有 11 點體力值。
GMCC_KING_BODY_VHIGH_LONGNAME,史詩遊戲
GMCC_KING_BODY_VHIGH_OPTIONNAME,史詩
GMCC_KING_BODY_VLOW_DESCRIPTION,國王在開始時擁有 7 點體力值。
GMCC_KING_BODY_VLOW_LONGNAME,更短的遊戲
GMCC_KING_BODY_VLOW_OPTIONNAME,更短
GMI_KINGS_PERIL_TOPUP_0_DESCRIPTION,國王不再於黃昏時埋設危機。
GMI_KINGS_PERIL_TOPUP_0_LONGNAME,睿王
GMI_KINGS_PERIL_TOPUP_0_OPTIONNAME,冷靜
GMI_KINGS_PERIL_TOPUP_4_DESCRIPTION,每逢黃昏，國王都會確保自己在地圖上藏著至少 4 個危機。
GMI_KINGS_PERIL_TOPUP_4_OPTIONNAME,預設
GMI_KINGS_PERIL_TOPUP_8_DESCRIPTION,每逢黃昏，國王都會確保自己在地圖上藏著至少 8 個危機。
GMI_KINGS_PERIL_TOPUP_8_LONGNAME,瘋狂的國王
GMI_KINGS_PERIL_TOPUP_8_OPTIONNAME,瘋狂的
GMI_MAP_STYLE_MIRROR_0_DESCRIPTION,創建一個帶有四個相同象限和少量特殊板塊的地圖。
GMI_MAP_STYLE_MIRROR_0_LONGNAME,鏡像地圖（低混亂）
GMI_MAP_STYLE_MIRROR_0_OPTIONNAME,鏡像（低級）
GMI_MAP_STYLE_MIRROR_3_DESCRIPTION,創建一個帶有四個相同的扇形和大量特殊板塊的地圖。
GMI_MAP_STYLE_MIRROR_3_LONGNAME,鏡像地圖（最高混亂）
GMI_MAP_STYLE_MIRROR_3_OPTIONNAME,鏡像（滿級）
GMI_MAP_STYLE_MIRROR_RANDOM_DESCRIPTION,創建一個帶有相同的扇形和隨機數量特殊板塊的地圖。
GMI_MAP_STYLE_MIRROR_RANDOM_LONGNAME,鏡像地圖（隨機混亂）
GMI_MAP_STYLE_MIRROR_RANDOM_OPTIONNAME,鏡像（隨機）
GMI_MAP_STYLE_RANDOM_DESCRIPTION,地圖會根據預設規則生成。
GMI_MAP_STYLE_RANDOM_OPTIONNAME,經典
GMI_PALACE_PERIL_DIFFICULTY_0_DESCRIPTION,王宮不再由危機提供保護。
GMI_PALACE_PERIL_DIFFICULTY_0_LONGNAME,禁止王宮危機
GMI_PALACE_PERIL_DIFFICULTY_0_OPTIONNAME,禁止危機
GMI_PALACE_PERIL_DIFFICULTY_3_DESCRIPTION,王宮危機只需要 3 個相匹配的符號就能破解。
GMI_PALACE_PERIL_DIFFICULTY_3_LONGNAME,簡單王宮危機
GMI_PALACE_PERIL_DIFFICULTY_3_OPTIONNAME,簡單！
GMI_PALACE_PERIL_DIFFICULTY_4_DESCRIPTION,王宮危機需要 4 個相匹配的符號來破解。
GMI_PALACE_PERIL_DIFFICULTY_4_OPTIONNAME,經典
GMI_PALACE_PERIL_DIFFICULTY_5_DESCRIPTION,王宮危機需要 5 個相匹配的符號才能破解。
GMI_PALACE_PERIL_DIFFICULTY_5_LONGNAME,困難王宮危機
GMI_PALACE_PERIL_DIFFICULTY_5_OPTIONNAME,困難
GMM_AUTUMN_DESCRIPTION,在秋季地圖上進行愛門羅遊戲。
GMM_AUTUMN_OPTIONNAME,秋季
GMM_DEFAULT_DESCRIPTION,隨機選擇棋盤類型。
GMM_DEFAULT_OPTIONNAME,隨機
GMM_SPRING_DESCRIPTION,在春季地圖上進行愛門羅遊戲。
GMM_SPRING_OPTIONNAME,春季
GMM_SUMMER_DESCRIPTION,在夏季地圖上進行愛門羅遊戲。
GMM_SUMMER_OPTIONNAME,夏季
GMM_WINTER_DESCRIPTION,在冬季地圖上進行愛門羅遊戲。
GMM_WINTER_OPTIONNAME,冬季
GMT_BURNDOWN_ONLY_DESCRIPTION,放鬆回合，但還要在戰鬥和危機中保持緊迫感！
GMT_BURNDOWN_ONLY_OPTIONNAME,僅限燒毀
GMT_DEBUG_SHORT_DESCRIPTION,DEBUG：超短回合计時器，僅供測試！
GMT_DEBUG_SHORT_OPTIONNAME,除錯短局
GMT_DISABLED_DESCRIPTION,輕鬆遊戲，不必擔心時間限制。
GMT_DISABLED_OPTIONNAME,停用
GMT_FURY_MODE_DESCRIPTION,快速、激烈模式（製作中）。
GMT_FURY_MODE_OPTIONNAME,狂怒模式
GMT_NORMAL_DESCRIPTION,以預設時長進行遊戲。
GMT_NORMAL_OPTIONNAME,正常
GMT_SHORT_DESCRIPTION,用更快的計時器來測驗你的技巧！
GMT_SHORT_OPTIONNAME,短
GM_BANE_CONFIG_NAME,魔鴆類型
GM_DEAD_MANS_HAND_NAME,死亡玩家的手牌
GM_EXPLODE_POOL_NAME,無限制爆裂
GM_FIND_PARTIES_NAME,配對隊伍
GM_FIRST_HAND_NAME,開始手牌類型
GM_FURY_MODE_NAME,狂怒模式
GM_GAME_LENGTH_NAME,遊戲時長
GM_HERO_AP_NAME,英雄的 AP
GM_HERO_BODY_NAME,英雄體力
GM_HERO_ROT_NAME,英雄汙穢
GM_HERO_STARTING_EQUIPMENT_NAME,英雄初始裝備
GM_HERO_WITS_NAME,英雄智力
GM_KG_CONFIG_NAME,國王的守衛類型
GM_KING_DAWN_NAME,國王的黎明傷害
GM_MAD_KING_NAME,瘋王
GM_MAP_NAME,棋盤
GM_MAP_STYLE_NAME,地圖風格
GM_NEW_AI_NAME,AI 類型
GM_PALACE_PERIL_DIFFICULTY_NAME,王宮的危機難度
GM_QUICK_AI_TURNS_NAME,AI回合快進
GM_STRANGER_NAME,陌生人
GM_TIMERS_NAME,回合計時器
GRAPHICSOPTIONSCUSTOM_NAME,自訂
GRAPHICSOPTIONSHIGH_NAME,高
GRAPHICSOPTIONSLOW_NAME,低
GRAPHICSOPTIONSMEDIUM_NAME,中
GRAPHICSOPTIONSVERYHIGH_NAME,極高
GRAPHICSOPTIONSVERYLOW_NAME,極低
HEROSET03_DLC_DESCRIPTION,四個可用的新英雄與新戒指每個部族各佔其一，快使用他們來加入到愛門羅的王位爭奪戰之中吧！
HEROSET03_DLC_NAME,篡奪者英雄組合包
HEROSET04_DLC_DESCRIPTION,透過競爭者英雄包，招募各個部落桀敖不馴的反叛份子，挑戰愛門羅想要奪取王權的經典英雄們！包含四位全新的英雄、一枚新護符、以及四枚新戒指！
HEROSET04_DLC_NAME,競爭者英雄包
HEROSTAT_BANESVANQUISHED,擊敗的魔鴆
HEROSTAT_BECOMECORRUPT,腐化次數
HEROSTAT_DEATHSBYKINGINBATTLE,戰鬥中被國王擊殺
HEROSTAT_HEROESDEFEATEDINBATTLE,戰鬥中擊敗的英雄
HEROSTAT_KINGSGUARDSMURDERED,擊殺的國王的守衛
HEROSTAT_KINGSSLAININBATTLE,戰鬥中擊殺的國王
HEROSTAT_SPIRITSTONESCOLLECTED,收集的心靈石
HEROSTAT_THRONESASCENDED,登上的王位
HERO_BANDIT_01_DESCRIPTION,小光爪
HERO_BANDIT_01_HEROSELECTTOOLTIP,愛門羅最為著名的盜賊。
HERO_BANDIT_01_NAME,崔絲
HERO_BANDIT_01_TOOLTIPBODYTEXT,愛門羅最為著名的盜賊。
HERO_BANDIT_02_DESCRIPTION,靈魂漁夫
HERO_BANDIT_02_HEROSELECTTOOLTIP,為復仇而生，為殺戮而活。
HERO_BANDIT_02_NAME,賽拉斯
HERO_BANDIT_02_TOOLTIPBODYTEXT,為復仇而生，為殺戮而活。
HERO_BANDIT_03_DESCRIPTION,鋼鐵詩人
HERO_BANDIT_03_HEROSELECTTOOLTIP,年邁的騎士技藝絕倫，無人能傷；忠貞不二，永不止息。
HERO_BANDIT_03_NAME,霍雷斯
HERO_BANDIT_03_TOOLTIPBODYTEXT,年邁的騎士技藝絕倫，無人能傷；忠貞不二，永不止息。
HERO_BANDIT_04_DESCRIPTION,強盜之王
HERO_BANDIT_04_HEROSELECTTOOLTIP,此人是天生的領袖。獨具魅力，足智多謀，\n果斷無情。
HERO_BANDIT_04_NAME,絲卡蕾特
HERO_BANDIT_04_TOOLTIPBODYTEXT,此人是天生的領袖。具備著領袖魅力，機智與冷酷的決心。
HERO_BEAR_01_DESCRIPTION,森林姊妹
HERO_BEAR_01_HEROSELECTTOOLTIP,薩娜敬奉懷爾德，\n施放咒術是她天生的本事。
HERO_BEAR_01_NAME,薩娜
HERO_BEAR_01_TOOLTIPBODYTEXT,薩娜敬奉懷爾德，施放咒術是她天生的本事。
HERO_BEAR_02_DESCRIPTION,橡樹破壞者
HERO_BEAR_02_HEROSELECTTOOLTIP,懷爾德令這頭破壞熊變得勢不可擋。
HERO_BEAR_02_NAME,布朗
HERO_BEAR_02_TOOLTIPBODYTEXT,懷爾德令這頭破壞熊變得勢不可擋。
HERO_BEAR_03_DESCRIPTION,懷爾德之子
HERO_BEAR_03_HEROSELECTTOOLTIP,這只是一頭單純對森林著迷的熊。
HERO_BEAR_03_NAME,古爾
HERO_BEAR_03_TOOLTIPBODYTEXT,這只是一頭單純對森林著迷的熊。
HERO_BEAR_04_DESCRIPTION,吞噬者
HERO_BEAR_04_HEROSELECTTOOLTIP,一位古怪的老婦，不計一切地致力於懷爾德的行事方式……
HERO_BEAR_04_NAME,約達納
HERO_BEAR_04_TOOLTIPBODYTEXT,一位古怪的老婦，不計一切地致力於懷爾德的行事方式……
HERO_BODY,體力
HERO_DRAGON_01_DESCRIPTION,蠕蟲吟唱者
HERO_DRAGON_01_HEROSELECTTOOLTIP,自稱先知，無論高等複雜還是野獸般下等的心智都能隨意影響。
HERO_DRAGON_01_NAME,弗羅達
HERO_DRAGON_01_TOOLTIPBODYTEXT,自稱先知，無論高等複雜還是野獸般下等的心智都能隨意影響。
HERO_DRAGON_02_DESCRIPTION,歸來者
HERO_DRAGON_02_HEROSELECTTOOLTIP,可能是愛門羅裡最古老的生物，這名遠古戰士仍信守著對蠕蟲的誓言。
HERO_DRAGON_02_NAME,艾格尼雅
HERO_DRAGON_02_TOOLTIPBODYTEXT,可能是愛門羅裡最古老的生物，這名遠古戰士仍信守著對蠕蟲的誓言。
HERO_DRAGON_03_DESCRIPTION,哨兵
HERO_DRAGON_03_HEROSELECTTOOLTIP,哨兵精英部隊的成員，她是對抗懷爾德的最佳武器。
HERO_DRAGON_03_NAME,歐克薩娜
HERO_DRAGON_03_TOOLTIPBODYTEXT,哨兵精英部隊的成員，她是對抗懷爾德的最佳武器。
HERO_DRAGON_04_DESCRIPTION,狂人
HERO_DRAGON_04_HEROSELECTTOOLTIP,對蠕蟲忠貞不二的幻術家，一如他偏執狂妄般的狡猾。
HERO_DRAGON_04_NAME,納扎爾
HERO_DRAGON_04_TOOLTIPBODYTEXT,對蠕蟲忠貞不二的幻術家，一如他偏執狂妄般的狡猾。
HERO_FIGHT,戰力
HERO_HEALTH,生命值
HERO_RABBIT_01_DESCRIPTION,遠征者
HERO_RABBIT_01_HEROSELECTTOOLTIP,一位全能戰士，\n此外錢包也很厚實。
HERO_RABBIT_01_NAME,安柏
HERO_RABBIT_01_TOOLTIPBODYTEXT,一位全能戰士，此外錢包也很厚實。
HERO_RABBIT_02_DESCRIPTION,怪咖
HERO_RABBIT_02_HEROSELECTTOOLTIP,一位足智多謀而且容易激動的天生神童！
HERO_RABBIT_02_NAME,巴納比
HERO_RABBIT_02_TOOLTIPBODYTEXT,一位足智多謀而且容易激動的天生神童！
HERO_RABBIT_03_DESCRIPTION,兔窩的守望者
HERO_RABBIT_03_HEROSELECTTOOLTIP,一位以按時完工\n而著名的建築高手。
HERO_RABBIT_03_NAME,艾西莉亞
HERO_RABBIT_03_TOOLTIPBODYTEXT,一位以按時完工而著名的建築高手。
HERO_RABBIT_04_DESCRIPTION,雷霆伯爵
HERO_RABBIT_04_HEROSELECTTOOLTIP,曾經是兔族中頂尖的貴族，一位功勳卓著的將軍，\n帶了幾分危險的老糊塗。
HERO_RABBIT_04_NAME,哈格雷夫
HERO_RABBIT_04_TOOLTIPBODYTEXT,曾經是兔族中頂尖的貴族，一位功勳卓著的將軍，帶了幾分危險的老糊塗。
HERO_RAT_01_DESCRIPTION,笑刀
HERO_RAT_01_HEROSELECTTOOLTIP,一位玩弄詭計\n與刀劍的大師。
HERO_RAT_01_NAME,墨可利歐
HERO_RAT_01_TOOLTIPBODYTEXT,一位玩弄詭計與刀劍的大師。
HERO_RAT_02_DESCRIPTION,旋風
HERO_RAT_02_HEROSELECTTOOLTIP,一位致命的暗殺者，\n隨時手起刀落取人首級。
HERO_RAT_02_NAME,佐莎
HERO_RAT_02_TOOLTIPBODYTEXT,一位致命的暗殺者，隨時手起刀落取人首級。
HERO_RAT_03_DESCRIPTION,死亡預言者
HERO_RAT_03_HEROSELECTTOOLTIP,來自帷幕彼端，交換各種秘密\n的黑暗行者。
HERO_RAT_03_NAME,薩爾貢
HERO_RAT_03_TOOLTIPBODYTEXT,來自帷幕彼端，交換各種秘密的黑暗行者。
HERO_RAT_04_DESCRIPTION,屠夫女爵
HERO_RAT_04_HEROSELECTTOOLTIP,一隻惡毒的、熱愛背叛的老鼠，\n具有雙重人格。
HERO_RAT_04_NAME,格里葉
HERO_RAT_04_TOOLTIPBODYTEXT,一隻惡毒的、熱愛背叛的老鼠，具有雙重人格。
HERO_SHELF_AMULET,護符
HERO_SHELF_FOLLOWERS_TITLE,隊伍欄
HERO_SHELF_GOLD,金幣
HERO_SHELF_ITEMS_TITLE,裝備欄
HERO_SHELF_JOURNAL_QUEST_TITLE,任務
HERO_SHELF_KING_BYLINE,愛門羅統治者
HERO_SHELF_MAGIC,魔法
HERO_SHELF_PRESTIGE,威望
HERO_SHELF_ROT,汙穢
HERO_SHELF_SETTLEMENTS,村落
HERO_SHELF_SETTLEMENTS_DESC,黎明收入：\n金幣 +{0}\n詭術折扣：\n金幣 -{1}
HERO_SHELF_SIGNET,印戒
HERO_SHELF_SPIRIT_STONES,心靈石
HERO_SHELF_SPIRIT_STONES_REQUIRED_DESC,淨化國王還需：\n{0} 塊心靈石。
HERO_SHELF_SPIRIT_STONES_SPIRITWALKER_DESC,已經準備好使用\n心靈石淨化國王！
HERO_SPIRIT,精力
HERO_WITS,智力
HERO_WOLF_01_DESCRIPTION,冬狼
HERO_WOLF_01_HEROSELECTTOOLTIP,森在械鬥中無人能敵，\n堪稱天生的獵手。
HERO_WOLF_01_NAME,森
HERO_WOLF_01_TOOLTIPBODYTEXT,森在械鬥中無人能敵，堪稱天生的獵手。
HERO_WOLF_02_DESCRIPTION,嚎叫之箭
HERO_WOLF_02_HEROSELECTTOOLTIP,算無遺策，出手必死。
HERO_WOLF_02_NAME,里弗
HERO_WOLF_02_TOOLTIPBODYTEXT,算無遺策，出手必死。
HERO_WOLF_03_DESCRIPTION,不破者
HERO_WOLF_03_HEROSELECTTOOLTIP,狼族狂熱勇士們\n的首領。無堅不摧。
HERO_WOLF_03_NAME,瑪迦納
HERO_WOLF_03_TOOLTIPBODYTEXT,狼族狂熱勇士們的首領。無堅不摧。
HERO_WOLF_04_DESCRIPTION,放逐者
HERO_WOLF_04_HEROSELECTTOOLTIP,遭到放逐的狼族王位繼承人。兇暴而遭人鄙棄。
HERO_WOLF_04_NAME,尖牙
HERO_WOLF_04_TOOLTIPBODYTEXT,遭到放逐的狼族王位繼承人。兇暴而遭人鄙棄。
HORRORSANDHEROES_DESCRIPTION,修羅亂世出英雄。
HORRORSANDHEROES_NAME,亂世與英雄
HORRORSANDHEROES_SUBTITLE,修羅亂世出英雄。
INSTALLER_DOWNLOAD_MESSAGE_1,下載資料中……請盡可能在 WiFi 環境下進行
INSTALLER_DOWNLOAD_MESSAGE_2,下載更新中……請保持愛門羅運行
INSTALLER_DOWNLOAD_MESSAGE_3,就要完成了……感謝您的耐心等待
INSTALLER_DOWNLOAD_MESSAGE_4,下載最後的資料……準備好進入遊戲！
INSTALLER_RECONNECT_MESSAGE,正嘗試重連……建議連接 WiFi
INVMENU_BUY,購買
INVMENU_CATEGORY_TOOLTIP_BADGES,徽章
INVMENU_CATEGORY_TOOLTIP_CHESTKEYS,寶箱與鑰匙
INVMENU_CATEGORY_TOOLTIP_CHESTKEYSGIFTS,禮物、寶箱與鑰匙
INVMENU_CATEGORY_TOOLTIP_DICE,骰子
INVMENU_CATEGORY_TOOLTIP_HERO,英雄
INVMENU_CATEGORY_TOOLTIP_HEROSKINS,英雄外觀
INVMENU_CATEGORY_TOOLTIP_NOVELLAS,短篇故事
INVMENU_CHEST_REQUIRED,需要的箱子
INVMENU_COST_DESCRIPTION,變形所需費用。
INVMENU_EQUIP,裝備
INVMENU_EXPEND,犧牲
INVMENU_EXPEND_DESCRIPTION,5 枚同一稀有度和收藏系列的骰子。
INVMENU_EXPEND_DESCRIPTION_HEROSKINPIECE,5個同一部族的英雄外觀碎片
INVMENU_INSPECT,檢查
INVMENU_IN_GAME,已裝備
INVMENU_KEY_REQUIRED,需要的鑰匙
INVMENU_OPEN_ANOTHER,開啟另一個（{0}）
INVMENU_OPEN_CHEST,打開箱子
INVMENU_OPEN_MARKETPLACE,打開商城
INVMENU_OPEN_NOVELLA,打開短篇故事
INVMENU_RECEIVE,接收
INVMENU_RECEIVE_DESCRIPTION,該收藏系列中一個稀有度高一級的骰子。
INVMENU_RECEIVE_DESCRIPTION_HEROSKINPIECE,該部族的一個英雄外觀
INVMENU_TOOLTIP_EQUIP,在遊戲中使用道具
INVMENU_TOOLTIP_MARKETPLACE,顯示Steam商城頁面
INVMENU_TOOLTIP_OPEN_CHEST,打開箱子獲取一件新道具
INVMENU_TOOLTIP_OPEN_NOVELLA,在閱覽器上閱讀這篇短篇故事
INVMENU_TOOLTIP_TRANSMOGRIFY,用5枚相同稀有度的骰子兌換更高一階稀有度的骰子
INVMENU_TOOLTIP_TRANSMOGRIFY_HEROSKINPIECE,用5個同一部族的英雄外觀碎片轉化為一個英雄外觀
INVMENU_TRANSMOGRIFY,變形
INVMENU_UNEQUIP,解除裝備
INV_AMULET05_DESCRIPTION,[c]生長之符[/c]\n\n每逢黃昏來臨的時候會有自我治癒能力，使生命值 +1。\n\n英雄護符。所有英雄均可佩戴。
INV_AMULET06_DESCRIPTION,[c]觀察之符[/c]\n\n每當進入危機之中，保證第一個符號會被直接匹配。\n\n英雄護符。所有英雄均可佩戴。
INV_AMULET07_DESCRIPTION,[c]偏愛之符[/c]\n\n初始即擁有威望 2 。而且你的威望絕不會降到少於 2。\n\n英雄護符。所有英雄均可佩戴。
INV_AMULET08_DESCRIPTION,[c]敗壞之符[/c]\n\n初始汙穢為 2 ：遊戲一開始已經是被感染的狀態，故每逢黎明會遭受生命值 -1。\n\n英雄護符。所有英雄均可佩戴。
INV_AMULET10_DESCRIPTION,[c]挖掘之符[/c]\n\n每次獲得一塊心靈石的時候，同時也能夠獲得金幣 +3。
INV_AMULET11_DESCRIPTION,[c]衝刺之符[/c]\n\n結束回合時，若有剩餘 1 點以上的行動點數，則你下一個回合的行動點數 +1。\n\n英雄護符。所有英雄均可佩戴。
INV_AMULET12_DESCRIPTION,[c]紀律之符[/c]\n\n在部族特性的晝／夜加成上，額外再提供骰子數 +2。\n\n英雄護符。所有英雄均可佩戴。
INV_AMULET13_DESCRIPTION,[c]抵抗之符[/c]\n\n每次進入戰鬥之中、或是危機中的時候，賦予盾牌 +1。\n\n英雄護符。所有英雄均可佩戴。
INV_AMULET14_DESCRIPTION,[c]恫嚇之符[/c]\n\n在一個生物身旁格子結束你的回合之後，會使該生物在戰鬥中遭受到骰子數 -2，直到下一個回合結束。\n\n英雄護符。所有英雄均可佩戴。
INV_AMULET15_DESCRIPTION,[c]調和之符[/c]\n\n當尚未腐化的時候，在戰鬥中，你手裡頭所有汙穢符號的卡牌會變成懷爾德符號。\n\n英雄護符。所有英雄均可佩戴。
INV_AMULET16_DESCRIPTION,[c] 腐朽之符[/c]\n\n每當汙穢 +1，會治癒生命值 +2，腐化狀態進入巨石陣時所受到的傷害被侷限為 3。\n\n英雄護符。所有英雄均可佩戴。
INV_BADGE_1101_DEVELOPER_DESCRIPTION,你正在玩的這款遊戲嘛……這個傢伙也有參與製作。啊，呀。
INV_BADGE_1101_DEVELOPER_TITLE,開發者
INV_BADGE_1102_LOGSUPERFRIENDS_DESCRIPTION,擁有皇室玫瑰的人可不多。這是League of Geeks送的私人禮物。
INV_BADGE_1102_LOGSUPERFRIENDS_TITLE,皇室玫瑰
INV_BADGE_1103_EARLYACCESS_DESCRIPTION,這是愛門羅最真誠的信徒！早在體驗版之時就已經榮登王座！
INV_BADGE_1103_EARLYACCESS_TITLE,早起的鳥兒
INV_BADGE_1112_LOCALISATION_DESCRIPTION,獎勵給致力於本地化《愛門羅》文本的社區成員。
INV_BADGE_1112_LOCALISATION_TITLE,本地化專員
INV_BADGE_1113_TESTINGCOMMUNITY_DESCRIPTION,這位忠誠的愛門羅戰士消除了……程式錯誤的威脅，英勇地保衛了王國。
INV_BADGE_1113_TESTINGCOMMUNITY_TITLE,皇室守衛
INV_BADGE_1114_KICKSTARTERHERO_DESCRIPTION,這名支持者是愛門羅真正的英雄之一。最一流的支持者就在這裡！
INV_BADGE_1114_KICKSTARTERHERO_TITLE,英雄！
INV_BADGE_1115_KICKSTARTERGUARDIAN_DESCRIPTION,這是愛門羅真正的衛士，在最黑暗的日子裡，此人確保了愛門羅的未來。
INV_BADGE_1115_KICKSTARTERGUARDIAN_TITLE,守護者
INV_BADGE_1116_KICKSTARTERGAMER_DESCRIPTION,遊戲當前，這名支持者可是不會亂搞的。
INV_BADGE_1116_KICKSTARTERGAMER_TITLE,玩家
INV_BADGE_1117_KICKSTARTERARTISAN_DESCRIPTION,這名支持者為藝術而來，為王座而留下來。
INV_BADGE_1117_KICKSTARTERARTISAN_TITLE,工匠
INV_BADGE_1118_KICKSTARTERGUPPY_DESCRIPTION,這名支持者幸運地擁有愛門羅最倒霉的侍從的效忠。
INV_BADGE_1118_KICKSTARTERGUPPY_TITLE,我愛咯比
INV_BADGE_1119_KICKSTARTERBANDIT_DESCRIPTION,一個強盜支持者！同情這場叛亂。
INV_BADGE_1119_KICKSTARTERBANDIT_TITLE,強盜
INV_BADGE_1120_KICKSTARTERSCRIBE_DESCRIPTION,這名支持者可離不開手稿和說明書
INV_BADGE_1120_KICKSTARTERSCRIBE_TITLE,作家
INV_BADGE_1121_KICKSTARTERLISTENER_DESCRIPTION,此人極愛愛門羅各種舒心的聲音，非常支持這款遊戲！
INV_BADGE_1121_KICKSTARTERLISTENER_TITLE,聆聽者
INV_BADGE_1122_KICKSTARTERARMELLIAN_DESCRIPTION,愛門羅的子民！從最初就在這裡！
INV_BADGE_1122_KICKSTARTERARMELLIAN_TITLE,愛門羅人
INV_BADGE_20000_GIFTER_STATTRACKCONFIG_ENTRIES_0_DESCRIPTION,未完成的贈與者徽章升級
INV_BADGE_20000_GIFTER_STATTRACKCONFIG_ENTRIES_0_TITLE,贈與者徽章升級
INV_BADGE_20000_GIFTER_STATTRACKCONFIG_ENTRIES_1_DESCRIPTION,這名愛門羅玩家甘作散財童子博各位一樂。\n\n已開禮物數：{0}
INV_BADGE_20000_GIFTER_STATTRACKCONFIG_ENTRIES_1_TITLE,贈與者
INV_BADGE_20000_GIFTER_STATTRACKCONFIG_ENTRIES_2_DESCRIPTION,我猜你會覺得我們這裡出手大方的玩家越來越多了。\n\n他們已經為大家開了{0}件禮物！
INV_BADGE_20000_GIFTER_STATTRACKCONFIG_ENTRIES_2_TITLE,慷慨的贈與者
INV_BADGE_20000_GIFTER_STATTRACKCONFIG_ENTRIES_3_DESCRIPTION,現在有人也慷慨似他人。瞧瞧他們，送禮如流水！\n\n現在已經開了{0}件禮物了！
INV_BADGE_20000_GIFTER_STATTRACKCONFIG_ENTRIES_3_TITLE,親切的贈與者
INV_BADGE_20000_GIFTER_STATTRACKCONFIG_ENTRIES_4_DESCRIPTION,這就是父母拿來教育你們的傳說中的玩家楷模。這種孩子到哪裡都是眾星拱月。\n\n現在已經開了{0} 件禮物了！
INV_BADGE_20000_GIFTER_STATTRACKCONFIG_ENTRIES_4_TITLE,超級慷慨的贈與者
INV_BADGE_20000_GIFTER_STATTRACKCONFIG_ENTRIES_5_DESCRIPTION,唔好吧，此人非常愛各位。非常，非常愛。你問我怎麼知道的？！\n\n他們已經為大家開了{0}件禮物！
INV_BADGE_20000_GIFTER_STATTRACKCONFIG_ENTRIES_5_TITLE,贈禮愛好者
INV_BADGE_20000_GIFTER_STATTRACKCONFIG_ENTRIES_6_DESCRIPTION,這名玩家的愛似乎取之不盡（莫非錢包也用之不竭？）。\n\n此人真的已經開了{0}件禮物了！\n\n這簡直就是個傳說。<3
INV_BADGE_20000_GIFTER_STATTRACKCONFIG_ENTRIES_6_TITLE,贈禮之神
INV_BADGE_BANDIT01_0_DESCRIPTION,這枚徽章體現了你手法熟練。
INV_BADGE_BANDIT01_0_NAME,崔絲的徽章
INV_BADGE_BANDIT02_0_DESCRIPTION,這枚徽章體現了你復仇心切。
INV_BADGE_BANDIT02_0_NAME,賽拉斯的徽章
INV_BADGE_BANDIT03_0_DESCRIPTION,這枚徽章體現了你高貴的心。
INV_BADGE_BANDIT03_0_NAME,霍雷斯的徽章
INV_BADGE_BANDIT04_0_DESCRIPTION,這枚徽章體現了你統治的權利。
INV_BADGE_BANDIT04_0_NAME,絲卡蕾特的徽章
INV_BADGE_BEAR01_0_DESCRIPTION,這枚徽章體現了你與懷爾德的聯繫。
INV_BADGE_BEAR01_0_NAME,薩娜的徽章
INV_BADGE_BEAR02_0_DESCRIPTION,這枚徽章體現了你古老的力量。
INV_BADGE_BEAR02_0_NAME,布朗的徽章
INV_BADGE_BEAR03_0_DESCRIPTION,這枚徽章體現了你謙遜的技巧。
INV_BADGE_BEAR03_0_NAME,古爾的徽章
INV_BADGE_BEAR04_0_DESCRIPTION,這枚徽章體現了你邪惡的道路。
INV_BADGE_BEAR04_0_NAME,約達納的徽章
INV_BADGE_DRAGON01_0_DESCRIPTION,用這枚徽章證明你對蠕蟲有信心。
INV_BADGE_DRAGON01_0_NAME,弗羅達的徽章
INV_BADGE_DRAGON02_0_DESCRIPTION,用這枚徽章體現你的永恆經驗。
INV_BADGE_DRAGON02_0_NAME,艾格尼雅的徽章
INV_BADGE_DRAGON03_0_DESCRIPTION,用這枚徽章展現你交戰的技巧。
INV_BADGE_DRAGON03_0_NAME,歐克薩娜的徽章
INV_BADGE_DRAGON04_0_DESCRIPTION,用這枚徽章體現你失心瘋的奉獻。
INV_BADGE_DRAGON04_0_NAME,納扎爾的徽章
INV_BADGE_RABBIT01_0_DESCRIPTION,這枚徽章體現了你的冒險天賦。
INV_BADGE_RABBIT01_0_NAME,安柏的徽章
INV_BADGE_RABBIT02_0_DESCRIPTION,這枚徽章體現了你天才的頭腦。
INV_BADGE_RABBIT02_0_NAME,巴納比的徽章
INV_BADGE_RABBIT03_0_DESCRIPTION,這枚徽章體現了你對技藝的獻身。
INV_BADGE_RABBIT03_0_NAME,艾西莉亞的徽章
INV_BADGE_RABBIT04_0_DESCRIPTION,這枚徽章體現了你的戰鬥神威。
INV_BADGE_RABBIT04_0_NAME,哈格雷夫的徽章
INV_BADGE_RAT01_0_DESCRIPTION,這枚徽章體現了你流氓的道路。
INV_BADGE_RAT01_0_NAME,墨可利歐的徽章
INV_BADGE_RAT02_0_DESCRIPTION,這枚徽章體現了你的暗殺工具。
INV_BADGE_RAT02_0_NAME,佐莎的徽章
INV_BADGE_RAT03_0_DESCRIPTION,這枚徽章體現了你對迷霧的了解。
INV_BADGE_RAT03_0_NAME,薩爾貢的徽章
INV_BADGE_RAT04_0_DESCRIPTION,這枚徽章體現了你的平衡和力量。
INV_BADGE_RAT04_0_NAME,格里葉的徽章
INV_BADGE_SUBSCRIBER_STATTRACKCONFIG_ENTRIES_0_DESCRIPTION,這位愛門羅人已經向王國宣誓了效忠，進行了訂閱。
INV_BADGE_SUBSCRIBER_STATTRACKCONFIG_ENTRIES_0_TITLE,青銅訂閱者
INV_BADGE_SUBSCRIBER_STATTRACKCONFIG_ENTRIES_1_DESCRIPTION,這位愛門羅人已經向王國宣誓了效忠，並且持續訂閱了一個月。\n\n訂閱月數：{0}
INV_BADGE_SUBSCRIBER_STATTRACKCONFIG_ENTRIES_1_TITLE,白銀訂閱者
INV_BADGE_SUBSCRIBER_STATTRACKCONFIG_ENTRIES_2_DESCRIPTION,這位愛門羅人已經向王國宣誓了效忠，並且持續訂閱了三個月。\n\n訂閱月數：{0}
INV_BADGE_SUBSCRIBER_STATTRACKCONFIG_ENTRIES_2_TITLE,黃金訂閱者
INV_BADGE_SUBSCRIBER_STATTRACKCONFIG_ENTRIES_3_DESCRIPTION,這位愛門羅人已經向王國宣誓了效忠，並且持續訂閱了六個月。\n\n訂閱月數：{0}
INV_BADGE_SUBSCRIBER_STATTRACKCONFIG_ENTRIES_3_TITLE,白金訂閱者
INV_BADGE_WOLF01_0_DESCRIPTION,這枚徽章體現了你高超的劍術。
INV_BADGE_WOLF01_0_NAME,森的徽章
INV_BADGE_WOLF02_0_DESCRIPTION,這枚徽章體現了你生存者的力量。
INV_BADGE_WOLF02_0_NAME,里弗的徽章
INV_BADGE_WOLF03_0_DESCRIPTION,這枚徽章體現了你的不朽不滅。
INV_BADGE_WOLF03_0_NAME,瑪迦納的徽章
INV_BADGE_WOLF04_0_DESCRIPTION,這枚徽章體現了你的原始狂怒。
INV_BADGE_WOLF04_0_NAME,尖牙的徽章
INV_BARREL_1_ITEM_DESCRIPTION,多人在線遊戲終結之時會天降糖雨浸潤所有玩家……而愛送禮的玩家則會多承恩澤。;）
INV_BARREL_1_ITEM_TITLE,禮物桶
INV_BARREL_2_ITEM_SPECIALPLACEHOLDER_DESCRIPTION,未啟封的桶
INV_BARREL_2_ITEM_SPECIALPLACEHOLDER_TITLE,給贈與者的未啟封的桶
INV_BARREL_3_ITEM_REGULARPLACEHOLDER_DESCRIPTION,未啟封的桶
INV_BARREL_3_ITEM_REGULARPLACEHOLDER_TITLE,給收禮者的未啟封的桶
INV_BUNDLESHARDS1_DESCRIPTION,80 枚碎片組合包。\n\n可在斯基夫的商店內用碎片購買遊戲中內容。
INV_BUNDLESHARDS1_TITLE,一把碎片
INV_BUNDLESHARDS2_DESCRIPTION,500 枚碎片組合包。\n\n可在斯基夫的商店內用碎片購買遊戲中內容。
INV_BUNDLESHARDS2_TITLE,一袋碎片
INV_BUNDLESHARDS3_DESCRIPTION,1200 枚碎片組合包。\n\n可在斯基夫的商店內用碎片購買遊戲中內容。
INV_BUNDLESHARDS3_TITLE,一大串碎片
INV_BUNDLESHARDS4_DESCRIPTION,2500 枚碎片組合包。\n\n可在斯基夫的商店內用碎片購買遊戲中內容。
INV_BUNDLESHARDS4_TITLE,一寶箱碎片
INV_BUNDLESHARDS5_DESCRIPTION,7000 枚碎片組合包。\n\n可在斯基夫的商店內用碎片購買遊戲中內容。
INV_BUNDLESHARDS5_TITLE,一篷車碎片
INV_BUNDLE_421_S4_KEYS_5_DESCRIPTION,5 枚德魯伊鑰匙組合包。便宜賣了。
INV_BUNDLE_421_S4_KEYS_5_TITLE,德魯伊鑰匙（x5）
INV_BUNDLE_422_S4_KEYS_20_DESCRIPTION,20 枚德魯伊鑰匙組合包。薄利多銷啦！
INV_BUNDLE_422_S4_KEYS_20_TITLE,德魯伊鑰匙（x20）
INV_BUNDLE_423_S4_CHESTS_5_DESCRIPTION,5 個德魯伊箱子組合包。便宜賣了。
INV_BUNDLE_423_S4_CHESTS_5_TITLE,德魯伊箱子（x5）
INV_BUNDLE_424_S4_CHESTS_20_DESCRIPTION,20 個德魯伊箱子組合包。薄利多銷啦！
INV_BUNDLE_424_S4_CHESTS_20_TITLE,德魯伊箱子（x20）
INV_BUNDLE_521_S5_KEYS_5_DESCRIPTION,5 枚可怕鑰匙組合包。便宜賣了。
INV_BUNDLE_521_S5_KEYS_5_TITLE,可怕鑰匙（x5）
INV_BUNDLE_522_S5_KEYS_20_DESCRIPTION,20 枚可怕鑰匙組合包。薄利多銷啦！
INV_BUNDLE_522_S5_KEYS_20_TITLE,可怕鑰匙（x20）
INV_BUNDLE_523_S5_CHESTS_5_DESCRIPTION,5 個可怕寶箱組合包。便宜賣了。
INV_BUNDLE_523_S5_CHESTS_5_TITLE,可怕寶箱（x5）
INV_BUNDLE_524_S5_CHESTS_20_DESCRIPTION,20 個可怕寶箱組合包。薄利多銷啦！
INV_BUNDLE_524_S5_CHESTS_20_TITLE,可怕寶箱（x20）
INV_COLLECTION_S1_TITLE,懷爾德獎勵精選
INV_COLLECTION_S2_TITLE,戰利品精選
INV_COLLECTION_S3_TITLE,叛國者的禮物精選
INV_COLLECTION_S4_TITLE,德魯伊的饋贈精選
INV_COLLECTION_S5_TITLE,毀滅之儀收藏
INV_COLLECTION_S6_TITLE,斯基夫的奇珍異寶
INV_COLLECTION_S7_TITLE,星之先知的遺物收藏
INV_COLLECTION_S8_TITLE,山脈藏寶精選
INV_CURRENCY_HARD_TITLE,碎片
INV_CURRENCY_SOFT_TITLE,皇令
INV_DICELABOURDAY_DESCRIPTION,冰雪消融，冉冉升起的旭日再次將光芒揮灑在了愛門羅的田野之上，一雙老爪，用滿滿的愛心製作出來的懷爾德的黎明骰子，會在每年的此時贈送給年輕的小伙們。\n\n於懷爾德的黎明節慶中掉落
INV_DICELABOURDAY_TITLE,懷爾德的黎明骰子
INV_DICESUBSCRIBER1_DESCRIPTION,獎勵給已向王國效忠並保持積極訂閱的愛門羅人。
INV_DICESUBSCRIBER1_TITLE,青銅訂閱者骰子
INV_DICESUBSCRIBER2_DESCRIPTION,獎勵給通過至少訂閱一個月以向王國宣示效忠的愛門羅人。
INV_DICESUBSCRIBER2_TITLE,白銀訂閱者骰子
INV_DICESUBSCRIBER3_DESCRIPTION,獎勵給通過至少訂閱三個月以向王國宣示效忠的愛門羅人。
INV_DICESUBSCRIBER3_TITLE,黃金訂閱者骰子
INV_DICESUBSCRIBER4_DESCRIPTION,獎勵給通過至少訂閱六個月以向王國宣示效忠的愛門羅人。
INV_DICESUBSCRIBER4_TITLE,白金訂閱者骰子
INV_DICE_1001_WINTER_DESCRIPTION,這些充滿魔力的冬日骰子藏在愛門羅的極寒高峰之上，只有不辭辛勞跋涉而來的英雄才能拿到。\n\n會在年度節日的末期掉落。
INV_DICE_1001_WINTER_TITLE,冬日骰子
INV_DICE_1002_TWITCH_DESCRIPTION,有前排票能親眼目睹Good Bits的人才有資格獲得。\n\n上訂閱「League of Geeks」的玩家可獲得此物作為獎勵。
INV_DICE_1002_TWITCH_TITLE,Twitch骰子
INV_DICE_1003_GEEK_DESCRIPTION,每次搖這些骰子都會爆炸，與任何危機符號匹配也會爆炸。哈哈哈，開玩笑的。\n\n只有在現實生活中見到「League of Geeks」的開發者才能得到。（沒錯，確實很荒唐。）
INV_DICE_1003_GEEK_TITLE,Geek骰子
INV_DICE_1004_STRANGER_DESCRIPTION,對於那些口味獵奇的人來說，這東西確實合他們胃口。\n\n快速進入v1.2「陌生人」更新版本的玩家可獲得此物作為獎勵。
INV_DICE_1004_STRANGER_TITLE,奇怪的骰子
INV_DICE_1005_DEFAULT_DESCRIPTION,標準的愛門羅骰子。此物永恆無盡，見證了無數英雄走向人生巔峰，也目睹了他們屈服於殘酷的命運。
INV_DICE_1005_DEFAULT_TITLE,經典骰子
INV_DICE_1006_KICKSTARTER_DESCRIPTION,只有在我們還僅是群小夥子時就加入我們的人才有資格舞弄這顆骰子！\n\n愛門羅Kickstarter支持者可獲得此物作為獎勵。
INV_DICE_1006_KICKSTARTER_TITLE,Kickstarter骰子
INV_DICE_1007_EARLYACCESS_DESCRIPTION,只有幫助愛門羅走向今日輝煌的人才有資格使用這種骰子。\n\n愛門羅Steam體驗版的玩家可獲得此物作為獎勵。
INV_DICE_1007_EARLYACCESS_TITLE,體驗版骰子
INV_DICE_1008_BEARCLANLEGEND_DESCRIPTION,愛門羅有許多偉大的預言皆降臨與迸發自這些骰子。傳說它們與人的精神相互聯結。\n\n熊族的傳奇骰子。\n\n精神之力，無堅不摧。
INV_DICE_1008_BEARCLANLEGEND_TITLE,史皮理金骰子
INV_DICE_1009_RABBITCLANLEGEND_DESCRIPTION,兔族傳說裡這些骰子是由第一位在蒼穹之下遊走的兔子所使用。就從那時開始，只有豪門貴胄才能一睹它們的尊容。\n\n兔族的傳奇骰子。\n\n上接千仞，下探萬丈。
INV_DICE_1009_RABBITCLANLEGEND_TITLE,驕傲之歌骰子
INV_DICE_1010_RATCLANLEGEND_DESCRIPTION,這鮮紅的小立方體滿含機遇，不少可憐動物為之掏空錢包、甚至為之喪命。據說骰子主人的力量增長時它們會發出嗡嗡雜聲。\n\n鼠族的傳奇骰子。\n\n玫瑰與荊棘。
INV_DICE_1010_RATCLANLEGEND_TITLE,玫瑰金骰子
INV_DICE_1011_WOLFCLANLEGEND_DESCRIPTION,世上都說會叫的不咬人，但是這些傳說中的骰子證明了狼族最擅長的依然還是後者。\n\n狼族的傳奇骰子。\n\n群狼出爭，寸草不生。
INV_DICE_1011_WOLFCLANLEGEND_TITLE,獵犬爪骰子
INV_DICE_1012_BANDITCLAN_DESCRIPTION,只有最瘋狂的人才有資格擁有這些骰子，也許這樣評價他們有失公正，但我想這只是見仁見智罷了。\n\n強盜部族的官方骰子。\n\n力爭自由。
INV_DICE_1012_BANDITCLAN_TITLE,強盜部族骰子
INV_DICE_1013_ANNIVERSARY_DESCRIPTION,為國王而打造的骰子。搖動它們就會揭露人的內心本性。\n\n愛門羅週年慶典時會掉落。
INV_DICE_1013_ANNIVERSARY_TITLE,獅王的命運
INV_DICE_1014_ROT_DESCRIPTION,這種骰子已深深充斥著汙穢，屬於真正的被遺忘者。
INV_DICE_1014_ROT_TITLE,汙穢骰子
INV_DICE_1015_ROYAL_DESCRIPTION,愛門羅的國王將這些骰子賜給國王的守衛，他們會奉旨搖骰。
INV_DICE_1015_ROYAL_TITLE,皇室骰子
INV_DICE_1016_HALLOWEEN_DESCRIPTION,這些骰子是用死刑犯的骸骨手工製成，在絞刑前夕的狂歡者中頗為流行。\n\n會在萬聖節掉落。
INV_DICE_1016_HALLOWEEN_TITLE,絞刑前夕骰子
INV_DICE_1017_BEARCLAN_DESCRIPTION,並非遇到所有事都要用魔法賣弄一番，熊族知道什麼時候可以用精妙的工具來解決問題。\n\n熊族的官方骰子。\n\n精神之力，無堅不摧。
INV_DICE_1017_BEARCLAN_TITLE,熊族骰子
INV_DICE_1018_RABBITCLAN_DESCRIPTION,即使這種包藏機遇的小物件如此簡易，兔族骰子仍然非比尋常。\n\n兔族的官方骰子。\n\n上接千仞，下探萬丈。
INV_DICE_1018_RABBITCLAN_TITLE,兔族骰子
INV_DICE_1019_RATCLAN_DESCRIPTION,所有鼠族都知道，每一枚骰子擲出去都會改變歷史，這就是他們手中隨時備著一副骰子的原因。\n\n鼠族的官方骰子。\n\n玫瑰與荊棘。
INV_DICE_1019_RATCLAN_TITLE,鼠族骰子
INV_DICE_1020_WOLFCLAN_DESCRIPTION,狼族通常不尚迷信和魔法，但在酒館裡還是愛賭上兩把。\n\n狼族的官方骰子。\n\n群狼出洞，天下橫行。
INV_DICE_1020_WOLFCLAN_TITLE,狼族骰子
INV_DICE_1021_LUNA_DESCRIPTION,愛門羅人在農曆前夕節慶最愛的樂子，據說這些球形骰子是模仿月亮在夜空跳舞的樣子。\n\n在農曆新年期間掉落。
INV_DICE_1021_LUNA_TITLE,春節骰子
INV_DICE_DRAGONCLAN_DESCRIPTION,我們呼吸著她的空氣，我們活在她的悲傷裡，\n她冒險於前而我們緊隨於後。\n\n龍之部族的官方骰子。\n\n受信仰與鱗片的約束
INV_DICE_DRAGONCLAN_TITLE,龍之部族骰子
INV_DICE_SUMMERSOLSTICE_DESCRIPTION,是愛門羅人夏至期間的最愛，這些火紅的球狀骰子閃耀著太陽般熱情的光芒。\n\n在夏至期間掉落。
INV_DICE_SUMMERSOLSTICE_TITLE,夏至骰子
INV_DROPRATES,打開寶箱會讓您獲得 1 件隨機稀有度的物品，其稀有度為以下：
INV_GENERATOR_DICE_EPIC_DESCRIPTION,任一收藏系列的隨機史詩骰子，代替本該授予卻已解鎖的印戒。
INV_GENERATOR_DICE_EPIC_TITLE,隨機史詩骰子
INV_HEROBANDIT01_DESCRIPTION,"愛門羅最為著名的盜賊。\n\n[c]戰力:[/c] 2, [c]體力:[/c] 5, [c]智力:[/c] 5, [c]精力:[/c] 4\n\n[c]扒手[/c]\n除了王宮之外，在任意地方都維持著閃避能力。崔絲在撤離時會偷走對手的 1 張卡牌。"
INV_HEROBANDIT01_TITLE,崔絲，小小扒手
INV_HEROBANDIT02_DESCRIPTION,"為復仇而生。為殺戮而活。\n\n[c]戰力:[/c] 4, [c]體力:[/c] 6, [c]智力:[/c] 3, [c]精力:[/c] 3\n\n[c]屠夫[/c]\n賽拉斯的每個懸賞等級都讓他戰鬥中獲得劍 +1。這些額外的劍在對付國王的守衛時帶有穿透效果。"
INV_HEROBANDIT02_TITLE,賽拉斯，靈魂漁夫
INV_HEROBANDIT03_DESCRIPTION,"年邁的騎士技藝絕倫，無人能傷；忠貞不二，永不止息。\n\n[c]戰力:[/c] 5, [c]體力:[/c] 6, [c]智力:[/c] 3, [c]精力:[/c] 2\n\n[c]第九騎士[/c]\n國王的守衛在霍雷斯進入他們的格子時，會自動與霍雷斯交換位置，除非他被懸賞了。"
INV_HEROBANDIT03_TITLE,霍雷斯，鋼鐵詩人
INV_HEROBANDIT04_DESCRIPTION,"天生的領袖。具備了領袖魅力、機智、以及冷酷的決心。\n\n[c]戰力:[/c] 4, [c]體力:[/c] 5, [c]智力:[/c] 4, [c]精力:[/c] 3\n\n[c]革命家[/c]\n絲卡蕾特每拯救一座被恐嚇的村落就可以抽一張隨從卡牌。"
INV_HEROBANDIT04_TITLE,絲卡蕾特，強盜之王
INV_HEROBEAR01_DESCRIPTION,"薩娜敬奉懷爾德，施放咒術是她天生的本事。\n\n[c]戰力:[/c] 2, [c]體力:[/c] 6, [c]智力:[/c] 3, [c]精力:[/c] 5\n\n[c]女祭司[/c]\n和腐化的生物戰鬥時，以精力代替戰力。"
INV_HEROBEAR01_TITLE,薩娜，森林姊妹
INV_HEROBEAR02_DESCRIPTION,"懷爾德令這頭破壞熊變得勢不可擋。\n\n[c]戰力:[/c] 4, [c]體力:[/c] 6, [c]智力:[/c] 3, [c]精力:[/c] 3\n\n[c]疤痕施法者[/c]\n布朗每施展一個咒術，會在下個戰鬥中獲得一顆鎖定該咒術卡牌符號的獎勵骰子，直到下一回合結束。"
INV_HEROBEAR02_TITLE,布朗，橡樹破壞者
INV_HEROBEAR03_DESCRIPTION,"這只是一頭單純對森林著迷的熊。\n\n[c]戰力:[/c] 3, [c]體力:[/c] 6, [c]智力:[/c] 3, [c]精力:[/c] 4\n\n[c]樹人[/c]\n在森林中結束回合後，古爾的樹甲會啟動，使他對下一個傷害來源免疫。黎明時的汙穢傷害不受影響。"
INV_HEROBEAR03_TITLE,古爾，懷爾德之子
INV_HEROBEAR04_DESCRIPTION,"一位古怪的老嫗，致力於研究懷爾德… 以各種過激的手段。\n\n[c]戰力:[/c] 2, [c]體力:[/c] 5, [c]智力:[/c] 4, [c]精力:[/c] 5\n\n[c]坩堝老嫗[/c]\n在約達納的回合，對她施用的咒術會被她的坩堝吞噬而無效且魔法 -1，並使她在回合結束時獲得 1 張特殊的條約咒術卡牌。"
INV_HEROBEAR04_TITLE,吞噬者約達納
INV_HERORABBIT01_DESCRIPTION,"一位全能戰士，此外錢包也很厚實。\n\n[c]戰力:[/c] 3, [c]體力:[/c] 5, [c]智力:[/c] 4, [c]精力:[/c] 4\n\n[c]古墓奇兵[/c]\n探索時有更高的機率找到獎勵。"
INV_HERORABBIT01_TITLE,安柏，遠征者
INV_HERORABBIT02_DESCRIPTION,"一位多才多藝而且容易激動的神童！\n\n[c]戰力:[/c] 4, [c]體力:[/c] 6, [c]智力:[/c] 4, [c]精力:[/c] 2\n\n[c]修補匠[/c]\n在裝備欄上裝備新的道具時，會將原來的裝備回收至手牌，並移除牌上的花費或增益。"
INV_HERORABBIT02_TITLE,巴納比，怪咖
INV_HERORABBIT03_DESCRIPTION,"一位以按時完工而著名的建築高手。\n\n[c]戰力:[/c] 3, [c]體力:[/c] 5, [c]智力:[/c] 5, [c]精力:[/c] 3\n\n[c]建築師[/c]\n在村落上結束回合就能對其永久地防禦強化。艾西莉亞能夠無視強化的村落的移動懲罰。"
INV_HERORABBIT03_TITLE,艾莉西亞，兔窩的守望者
INV_HERORABBIT04_DESCRIPTION,"曾經是兔族中頂尖的貴族，一位盛裝的將軍，帶了幾分老成的危險氣息。\n\n[c]戰力:[/c] 5, [c]體力:[/c] 5, [c]智力:[/c] 4, [c]精力:[/c] 2\n\n[c]砲手[/c]\n在平原或山地結束回合後，哈格雷夫將用他的加農砲對所有進入相鄰格子的生物開火。"
INV_HERORABBIT04_TITLE,雷霆伯爵哈格雷夫
INV_HERORAT01_DESCRIPTION,"一位玩弄詭術與刀劍的大師。\n\n[c]戰力:[/c] 4, [c]體力:[/c] 5, [c]智力:[/c] 5, [c]精力:[/c] 2\n\n[c]流氓[/c]\n佔領村落的時候從原所有者那裡竊取 1 金幣。"
INV_HERORAT01_TITLE,墨可利歐，笑刀
INV_HERORAT02_DESCRIPTION,"一位致命的暗殺者，隨時能手起刀落、取人首級。\n\n[c]戰力:[/c] 5, [c]體力:[/c] 4, [c]智力:[/c] 4, [c]精力:[/c] 3\n\n[c]鬼影[/c]\n在夜晚時，佐莎在任意地方都能進入潛行狀態。"
INV_HERORAT02_TITLE,佐莎，旋風
INV_HERORAT03_DESCRIPTION,"從迷霧彼端帶來死訊的恐怖化身。\n\n[c]戰力:[/c] 3, [c]體力:[/c] 4, [c]智力:[/c] 5, [c]精力:[/c] 4\n\n[c]透視之眼[/c]\n在抽卡時，每個牌堆最上面的卡牌正面朝上。"
INV_HERORAT03_TITLE,薩爾貢，死亡預言者
INV_HERORAT04_DESCRIPTION,"一隻陰險狡詐、善於背叛、具有雙重人格的老鼠。\n\n[c]戰力:[/c] 4, [c]體力:[/c] 4, [c]智力:[/c] 5, [c]精力:[/c] 3\n\n[c]街頭女皇[/c]\n格里葉的部族特性骰子加成數，與前一日所使用的詭術卡牌數量相等。"
INV_HERORAT04_TITLE,屠夫女爵格里葉
INV_HEROWOLF01_DESCRIPTION,"森在械鬥中無人能敵，堪稱天生的獵手。\n\n[c]戰力:[/c] 5, [c]體力:[/c] 5, [c]智力:[/c] 3, [c]精力:[/c] 3\n\n[c]劍術大師[/c]\n戰鬥中燒毀的劍卡牌可以穿透對手的防禦。"
INV_HEROWOLF01_TITLE,森，冬狼
INV_HEROWOLF02_DESCRIPTION,"算無遺策，出手必死。\n\n[c]戰力:[/c] 4, [c]體力:[/c] 5, [c]智力:[/c] 4, [c]精力:[/c] 3\n\n[c]女獵手[/c]\n里弗在發動攻擊前會先射箭造成 1 點傷害。如果目標被擊殺，她會留在原地（仍會消耗行動點數）。"
INV_HEROWOLF02_TITLE,里弗，嚎叫之箭
INV_HEROWOLF03_DESCRIPTION,"狼族狂熱勇士們的首領。堅不可摧。\n\n[c]戰力:[/c] 5, [c]體力:[/c] 6, [c]智力:[/c] 3, [c]精力:[/c] 2\n\n[c]女盾衛[/c]\n戰鬥中燒毀的護盾卡牌會反射對手的攻擊。"
INV_HEROWOLF03_TITLE,瑪迦納，堅不可摧。
INV_HEROWOLF04_DESCRIPTION,"遭到放逐的狼族王位繼承人，兇暴而備受鄙夷。\n\n[c]戰力:[/c] 6, [c]體力:[/c] 5, [c]智力:[/c] 3, [c]精力:[/c] 2, [c]汙穢:[/c] 1\n\n[c]狂戰士[/c]\n進攻時，如果尖牙屠殺了對手，則戰鬥會在對手反擊之前提前結束。"
INV_HEROWOLF04_TITLE,放逐者尖牙
INV_NOVELLA_100001_KING_1_DESCRIPTION,他以流放者之身來到愛門羅，離開時將成為他們的國王。
INV_NOVELLA_100001_KING_1_TITLE,國王之路第一章
INV_NOVELLA_100002_KING_2_DESCRIPTION,他得要先摧毀舊的東西，才能建立新的王國。
INV_NOVELLA_100002_KING_2_TITLE,國王之路第二章
INV_NOVELLA_100003_RABBIT01_DESCRIPTION,破敗家族的末裔已經無可失去。
INV_NOVELLA_100003_RABBIT01_TITLE,遠征者
INV_NOVELLA_100004_RAT01_DESCRIPTION,鼠族沒有簡單的工作。
INV_NOVELLA_100004_RAT01_TITLE,笑刀
INV_NOVELLA_100005_BEAR01_DESCRIPTION,當渡鴉的叫聲打破寂靜，森林的命運將由她決定。
INV_NOVELLA_100005_BEAR01_TITLE,森林姊妹
INV_NOVELLA_100006_WOLF01_DESCRIPTION,他是無法成王的王子。但是汙穢不在乎命運。
INV_NOVELLA_100006_WOLF01_TITLE,冬狼
INV_NOVELLA_100007_DRAGON_DESCRIPTION,從愛門羅的深處，傳來了呼喚聲。他們回歸了。
INV_NOVELLA_100007_DRAGON_TITLE,龍之部族
INV_RARITY_COMMON,普通
INV_RARITY_EPIC,史詩
INV_RARITY_LEGENDARY,傳奇
INV_RARITY_RARE,稀有
INV_RARITY_UNCOMMON,罕見
INV_S1_2001_CHEST_DESCRIPTION,一個神秘的上古藏寶箱，不知出自何人之手。用懷爾德之木造成。
INV_S1_2001_CHEST_TITLE,懷爾德寶箱
INV_S1_2002_KEY_DESCRIPTION,專為皇室打造，由轟鳴步行田野上的懷爾德樹下面的黃金鑄造而成。
INV_S1_2002_KEY_TITLE,懷爾德鑰匙
INV_S1_2011_DICE_COMMON1_DESCRIPTION,愛門羅市民之中最常見的骰子。
INV_S1_2011_DICE_COMMON1_TITLE,靛藍色骰子
INV_S1_2012_DICE_COMMON2_DESCRIPTION,愛門羅市民之中最常見的骰子。
INV_S1_2012_DICE_COMMON2_TITLE,綠色骰子
INV_S1_2013_DICE_COMMON3_DESCRIPTION,愛門羅市民之中最常見的骰子。
INV_S1_2013_DICE_COMMON3_TITLE,珊瑚色骰子
INV_S1_2014_DICE_COMMON4_DESCRIPTION,愛門羅市民之中最常見的骰子。
INV_S1_2014_DICE_COMMON4_TITLE,黃色骰子
INV_S1_2021_DICE_UNCOMMON1_DESCRIPTION,有時你也許會看到愛門羅的貴族在玩這種骰子。
INV_S1_2021_DICE_UNCOMMON1_TITLE,紫紅色褶皺骰子
INV_S1_2022_DICE_UNCOMMON2_DESCRIPTION,有時你也許會看到愛門羅的貴族在玩這種骰子。
INV_S1_2022_DICE_UNCOMMON2_TITLE,矢車菊藍斑點骰子
INV_S1_2023_DICE_UNCOMMON3_DESCRIPTION,有時你也許會看到愛門羅的貴族在玩這種骰子。
INV_S1_2023_DICE_UNCOMMON3_TITLE,洋紅斑點骰子
INV_S1_2031_DICE_RARE1_DESCRIPTION,對於慶祝心靈至日的人來說，沒有什麼比這些占卜骰子更令人崇敬了。
INV_S1_2031_DICE_RARE1_TITLE,心靈至日骰子
INV_S1_2032_DICE_RARE2_DESCRIPTION,這些上古骰子一般不會出現在愛門羅城鎮的喧鬧街市之中，雖然它們名字裡有「橡木」，但卻是十分神聖的東西。
INV_S1_2032_DICE_RARE2_TITLE,橡木榮耀骰子
INV_S1_2041_DICE_EPIC1_DESCRIPTION,這些骰子不知經何人之爪製作，它們是由懷爾德樹木和上等黃金製成，能使王侯貴婦慘遭厄運，也能讓小貓稱王。
INV_S1_2041_DICE_EPIC1_TITLE,古人的謀策骰子
INV_S1_BUNDLE_CHEST_20_DESCRIPTION,20 個懷爾德寶箱組合包。薄利多銷啦！
INV_S1_BUNDLE_CHEST_20_TITLE,懷爾德寶箱（x20）
INV_S1_BUNDLE_CHEST_50_DESCRIPTION,50 個懷爾德寶箱組合包。這可省下不少碎片！
INV_S1_BUNDLE_CHEST_50_TITLE,懷爾德寶箱（x50）
INV_S1_BUNDLE_CHEST_5_DESCRIPTION,5 個懷爾德寶箱組合包。便宜賣了。
INV_S1_BUNDLE_CHEST_5_TITLE,懷爾德寶箱（x5）
INV_S2_2101_CHEST_DESCRIPTION,在戰場前線所鑄，用來貯存戰時的致命武器。
INV_S2_2101_CHEST_TITLE,戰爭寶箱
INV_S2_2102_KEY_DESCRIPTION,軍閥拚命揮舞著戰錘。這把鑰匙，便是他們歌聲中的秘密。
INV_S2_2102_KEY_TITLE,戰爭之匙
INV_S2_2111_DICE_COMMON1_DESCRIPTION,愛門羅市民之中最常見的骰子。
INV_S2_2111_DICE_COMMON1_TITLE,酒紅色骰子
INV_S2_2112_DICE_COMMON2_DESCRIPTION,愛門羅市民之中最常見的骰子。
INV_S2_2112_DICE_COMMON2_TITLE,赤褐色骰子
INV_S2_2113_DICE_COMMON3_DESCRIPTION,愛門羅市民之中最常見的骰子。
INV_S2_2113_DICE_COMMON3_TITLE,血骰子
INV_S2_2114_DICE_COMMON4_DESCRIPTION,愛門羅市民之中最常見的骰子。
INV_S2_2114_DICE_COMMON4_TITLE,杏黃色骰子
INV_S2_2121_DICE_UNCOMMON1_DESCRIPTION,有時你也許會看到愛門羅的貴族在玩這種骰子。
INV_S2_2121_DICE_UNCOMMON1_TITLE,深紅色流血骰子
INV_S2_2122_DICE_UNCOMMON2_DESCRIPTION,有時你也許會看到愛門羅的貴族在玩這種骰子。
INV_S2_2122_DICE_UNCOMMON2_TITLE,血紅色流血骰子
INV_S2_2123_DICE_UNCOMMON3_DESCRIPTION,有時你也許會看到愛門羅的貴族在玩這種骰子。
INV_S2_2123_DICE_UNCOMMON3_TITLE,桃紅色流血骰子
INV_S2_2131_DICE_RARE1_DESCRIPTION,依我看愛門羅路邊擺的任何盾牌都不如這些粗糙的骰子可靠。
INV_S2_2131_DICE_RARE1_TITLE,信任骰子
INV_S2_2132_DICE_RARE2_DESCRIPTION,難道你不喜歡巨石嗎？那麼強？那麼堅定？那麼不動搖？
INV_S2_2132_DICE_RARE2_TITLE,巨石之力骰子
INV_S2_2141_DICE_EPIC1_DESCRIPTION,慈軟之人很少能搖這種骰子，因為操控晨星之人往往並非慈軟之人。
INV_S2_2141_DICE_EPIC1_TITLE,晨星骰子
INV_S2_2151_DICE_LEGENDARY1_DESCRIPTION,無盡業炎焚我心，熔火熾流灼我神，刺耳嘯號獻我魂。吾輩為孽，亂戰不戡；如薪如柴，平添其焰。
INV_S2_2151_DICE_LEGENDARY1_TITLE,心之火骰子
INV_S3_2201_CHEST_DESCRIPTION,究竟是什麼妖術使得這只裝滿詭詐寶物的邪惡寶箱獲得了生命，無人知曉。
INV_S3_2201_CHEST_TITLE,魔術箱
INV_S3_2202_KEY_DESCRIPTION,一把詭計多端的魔術鑰匙！用這把小淘氣輕輕一轉，收穫遠超你的意料。
INV_S3_2202_KEY_TITLE,魔術鑰匙
INV_S3_2211_DICE_COMMON1_DESCRIPTION,愛門羅市民之中最常見的骰子。
INV_S3_2211_DICE_COMMON1_TITLE,氣體骰子
INV_S3_2212_DICE_COMMON2_DESCRIPTION,愛門羅市民之中最常見的骰子。
INV_S3_2212_DICE_COMMON2_TITLE,血霧骰子
INV_S3_2213_DICE_COMMON3_DESCRIPTION,愛門羅市民之中最常見的骰子。
INV_S3_2213_DICE_COMMON3_TITLE,蒸汽骰子
INV_S3_2214_DICE_COMMON4_DESCRIPTION,愛門羅市民之中最常見的骰子。
INV_S3_2214_DICE_COMMON4_TITLE,煙霧骰子
INV_S3_2221_DICE_UNCOMMON1_DESCRIPTION,有時你也許會看到愛門羅的貴族在玩這種骰子。
INV_S3_2221_DICE_UNCOMMON1_TITLE,青色煙霧骰子
INV_S3_2222_DICE_UNCOMMON2_DESCRIPTION,有時你也許會看到愛門羅的貴族在玩這種骰子。
INV_S3_2222_DICE_UNCOMMON2_TITLE,薰衣草煙霧骰子
INV_S3_2223_DICE_UNCOMMON3_DESCRIPTION,有時你也許會看到愛門羅的貴族在玩這種骰子。
INV_S3_2223_DICE_UNCOMMON3_TITLE,翡翠煙霧骰子
INV_S3_2231_DICE_RARE1_DESCRIPTION,看好了，這骰子裡自有玄機。
INV_S3_2231_DICE_RARE1_TITLE,黑暗毒液骰子
INV_S3_2232_DICE_RARE2_DESCRIPTION,此物濺滿鮮血，飽經燒灼，盛燃的慾望之下包藏著滿滿的惡意。
INV_S3_2232_DICE_RARE2_TITLE,血石之火骰子
INV_S3_2241_DICE_EPIC1_DESCRIPTION,弄臣唱著可笑的打油詩取悅著國王，但是當他親吻國王戒指時，手中卻緊握著匕首。
INV_S3_2241_DICE_EPIC1_TITLE,弄臣的詭計骰子
INV_S3_2251_DICE_LEGENDARY1_DESCRIPTION,劇毒之氣是留給敵人而非朋友的，將這些毒霧包藏於此物之中，以免你那可悲的性命走向終結。
INV_S3_2251_DICE_LEGENDARY1_TITLE,嫉妒之毒骰子
INV_S4_2301_CHEST_DESCRIPTION,傳說中的德魯伊們。神話與床邊故事中的反派角色。他們留下的遺跡卻講述著另一個不同的故事。
INV_S4_2301_CHEST_TITLE,德魯伊箱子
INV_S4_2302_KEY_DESCRIPTION,德魯伊的語言與秘密都隨著他們的離去都陷入沉寂。據說這把鑰匙能解開往昔的低語。
INV_S4_2302_KEY_TITLE,德魯伊鑰匙
INV_S4_2311_DICE_COMMON1_DESCRIPTION,愛門羅市民之中最常見的骰子。
INV_S4_2311_DICE_COMMON1_TITLE,常春籐骰子
INV_S4_2312_DICE_COMMON2_DESCRIPTION,愛門羅市民之中最常見的骰子。
INV_S4_2312_DICE_COMMON2_TITLE,露珠骰子
INV_S4_2313_DICE_COMMON3_DESCRIPTION,愛門羅市民之中最常見的骰子。
INV_S4_2313_DICE_COMMON3_TITLE,風信子骰子
INV_S4_2314_DICE_COMMON4_DESCRIPTION,愛門羅市民之中最常見的骰子。
INV_S4_2314_DICE_COMMON4_TITLE,燧石骰子
INV_S4_2321_DICE_UNCOMMON1_DESCRIPTION,有時你也許會看到愛門羅的貴族在玩這種骰子。
INV_S4_2321_DICE_UNCOMMON1_TITLE,暗霧骰子
INV_S4_2322_DICE_UNCOMMON2_DESCRIPTION,有時你也許會看到愛門羅的貴族在玩這種骰子。
INV_S4_2322_DICE_UNCOMMON2_TITLE,河流骰子
INV_S4_2323_DICE_UNCOMMON3_DESCRIPTION,有時你也許會看到愛門羅的貴族在玩這種骰子。
INV_S4_2323_DICE_UNCOMMON3_TITLE,黃漩渦骰子
INV_S4_2331_DICE_RARE1_DESCRIPTION,德魯伊雖然對懷爾德虔敬有加，但更為人所知的或許還是他們的凶殘暴怒。這些骰子或許代表了他們對懷爾德之怒的認可。
INV_S4_2331_DICE_RARE1_TITLE,燒焦暴怒骰子
INV_S4_2332_DICE_RARE2_DESCRIPTION,有人認為德魯伊在古老靈線的交匯處建造了巨石陣，而這些靈線對於帷幕這一側的我們而言是不可見的。有人說，這只是哄小孩的童話罷了。
INV_S4_2332_DICE_RARE2_TITLE,靈線骰子
INV_S4_2341_DICE_EPIC1_DESCRIPTION,聽一些熊族賢者說，有人掌握了懷爾德的長生術，能夠長生不老。
INV_S4_2341_DICE_EPIC1_TITLE,常綠樹骰子
INV_S4_2351_DICE_LEGENDARY1_DESCRIPTION,德魯伊最好的饋贈就是讓我們對懷爾德心懷好奇。他們用巨石陣妝點著我們的土地，吸引著我們去探索發現，向世人分享其中的奧秘。
INV_S4_2351_DICE_LEGENDARY1_TITLE,德魯伊的承諾
INV_S5_2401_CHEST_DESCRIPTION,從愛門羅最為幽深黑暗的地牢中掠奪而來，這些寶箱就不應暴露在光天化日之下。若其可怕秘密被釋放於世，願懷爾德保佑我們所有人。
INV_S5_2401_CHEST_TITLE,可怕寶箱
INV_S5_2402_KEY_DESCRIPTION,賦予被禁錮之物自由，可為人之志向。但釋放刻意被禁錮之物，則可予人力量。
INV_S5_2402_KEY_TITLE,可怕鑰匙
INV_S5_2411_DICE_COMMON1_DESCRIPTION,愛門羅市民之中最常見的骰子。
INV_S5_2411_DICE_COMMON1_TITLE,毛地黃骰子
INV_S5_2412_DICE_COMMON2_DESCRIPTION,愛門羅市民之中最常見的骰子。
INV_S5_2412_DICE_COMMON2_TITLE,毒芹骰子
INV_S5_2413_DICE_COMMON3_DESCRIPTION,愛門羅市民之中最常見的骰子。
INV_S5_2413_DICE_COMMON3_TITLE,紫藤骰子
INV_S5_2414_DICE_COMMON4_DESCRIPTION,愛門羅市民之中最常見的骰子。
INV_S5_2414_DICE_COMMON4_TITLE,顛茄骰子
INV_S5_2421_DICE_UNCOMMON1_DESCRIPTION,有時你也許會看到愛門羅的貴族在玩這種骰子。
INV_S5_2421_DICE_UNCOMMON1_TITLE,壞疸斑點骰子
INV_S5_2422_DICE_UNCOMMON2_DESCRIPTION,有時你也許會看到愛門羅的貴族在玩這種骰子。
INV_S5_2422_DICE_UNCOMMON2_TITLE,凍傷斑點骰子
INV_S5_2423_DICE_UNCOMMON3_DESCRIPTION,有時你也許會看到愛門羅的貴族在玩這種骰子。
INV_S5_2423_DICE_UNCOMMON3_TITLE,紫紅斑點骰子
INV_S5_2431_DICE_RARE1_DESCRIPTION,這些骰子曾被早已脫離凡塵、遭汙穢侵蝕的爪子緊握，如今僅存的只有它們的怨念與憎惡。
INV_S5_2431_DICE_RARE1_TITLE,術士之嘲骰子
INV_S5_2432_DICE_RARE2_DESCRIPTION,既非死亡之風，亦非深紅之潮，也非蠕動之闇。沒有汙穢災禍能比膽汁瘟疫還更殘忍無情了。
INV_S5_2432_DICE_RARE2_TITLE,膽汁瘟疫骰子
INV_S5_2441_DICE_EPIC1_DESCRIPTION,要真正了解汙穢的本質就是去畏懼它，因此我們將所懼之物束之高閣。看來古代黑暗侍僧的作法和我們沒甚麼差別。
INV_S5_2441_DICE_EPIC1_TITLE,汙穢之鎖骰子
INV_S5_2451_DICE_LEGENDARY1_DESCRIPTION,古代文獻中記述了在枯萎之火的火焰中窺見蠕蟲之心的傳聞，但任何靠它取暖的傻瓜最後都陷入了瘋狂。
INV_S5_2451_DICE_LEGENDARY1_TITLE,枯萎之火骰子
INV_S6_2501_CHEST_DESCRIPTION,這個裝滿異域飾品和古老寶藏的神秘寶箱（就擱在商店旁邊）感覺上是你的老朋友斯基夫送來的禮物。\n\n奇怪的寶箱不需要鑰匙。
INV_S6_2501_CHEST_TITLE,奇怪的寶箱
INV_S6_2502_KEY_TITLE,奇怪的鑰匙
INV_S6_2511_DICE_COMMON1_DESCRIPTION,通常在愛門羅的民間發現的骰子。
INV_S6_2511_DICE_COMMON1_TITLE,紫羅蘭骰子
INV_S6_2512_DICE_COMMON2_DESCRIPTION,通常在愛門羅的民間發現的骰子。
INV_S6_2512_DICE_COMMON2_TITLE,巧克力骰子
INV_S6_2513_DICE_COMMON3_DESCRIPTION,通常在愛門羅的民間發現的骰子。
INV_S6_2513_DICE_COMMON3_TITLE,咖啡骰子
INV_S6_2514_DICE_COMMON4_DESCRIPTION,通常在愛門羅的民間發現的骰子。
INV_S6_2514_DICE_COMMON4_TITLE,橄欖骰子
INV_S6_2521_DICE_UNCOMMON1_DESCRIPTION,你可能會看到愛門羅的貴族不時地滾動著的骰子
INV_S6_2521_DICE_UNCOMMON1_TITLE,蜂蜜雲骰子
INV_S6_2522_DICE_UNCOMMON2_DESCRIPTION,你可能會看到愛門羅的貴族不時地滾動著的骰子
INV_S6_2522_DICE_UNCOMMON2_TITLE,紅酒雲骰子
INV_S6_2523_DICE_UNCOMMON3_DESCRIPTION,你可能會看到愛門羅的貴族不時地滾動著的骰子
INV_S6_2523_DICE_UNCOMMON3_TITLE,藍莓雲骰子
INV_S6_2531_DICE_RARE1_DESCRIPTION,這些骰子來自比東方沼澤地更遙遠的地方，它們在龍息之火中鑄造成形。
INV_S6_2531_DICE_RARE1_TITLE,舞動之龍骰子
INV_S6_2532_DICE_RARE2_DESCRIPTION,據說國王親自從另一個國度取來這些骰子，因為它們讓他回憶起了童年。
INV_S6_2532_DICE_RARE2_TITLE,薇洛之優雅骰子
INV_S6_2541_DICE_EPIC1_DESCRIPTION,這些被詛咒的骰子由沈沒之心珊瑚雕刻而成，所過之處，愛情不再純潔，羈絆不再堅韌，誓言不再神聖。
INV_S6_2541_DICE_EPIC1_TITLE,沈沒之心骰子
INV_S6_2551_DICE_LEGENDARY1_DESCRIPTION,愛門羅臭名昭著的（前任）大祭司 ── 狂人阿博特的私人骰子。
INV_S6_2551_DICE_LEGENDARY1_TITLE,阿博特之眼骰子
INV_S6_BUNDLE_CHEST_20_DESCRIPTION,20 個奇怪的寶箱組合包。買得越多，便宜越多！\n\n奇怪的寶箱不需要鑰匙。
INV_S6_BUNDLE_CHEST_20_TITLE,奇怪的寶箱（x 20）
INV_S6_BUNDLE_CHEST_5_DESCRIPTION,5 個奇怪的寶箱組合包。便宜賣了。\n\n奇怪的寶箱不需要鑰匙。
INV_S6_BUNDLE_CHEST_5_TITLE,奇怪的寶箱（x 5）
INV_S7_2601_CHEST_DESCRIPTION,若非深藏古老修道院之中，則必定在新衝擊出的隕石坑中發出些許火光 - 這些箱子中深藏秘密，奇妙無比。\n\n寰宇寶箱不需要鑰匙。\n\n這個寶箱也可以透過遊戲內的系統來獲得。\n\n星之先知的遺物收藏
INV_S7_2601_CHEST_TITLE,寰宇寶箱
INV_S7_2602_KEY_TITLE,寰宇鑰匙
INV_S7_2611_DICE_COMMON1_DESCRIPTION,愛門羅市民之中最常見的骰子。\n\n星之先知的遺物收藏
INV_S7_2611_DICE_COMMON1_TITLE,紫紅骰子
INV_S7_2612_DICE_COMMON2_DESCRIPTION,愛門羅市民之中最常見的骰子。\n\n星之先知的遺物收藏
INV_S7_2612_DICE_COMMON2_TITLE,楓紅骰子
INV_S7_2613_DICE_COMMON3_DESCRIPTION,愛門羅市民之中最常見的骰子。\n\n星之先知的遺物收藏
INV_S7_2613_DICE_COMMON3_TITLE,紅寶石骰子
INV_S7_2614_DICE_COMMON4_DESCRIPTION,愛門羅市民之中最常見的骰子。\n\n星之先知的遺物收藏
INV_S7_2614_DICE_COMMON4_TITLE,鈷藍骰子
INV_S7_2621_DICE_UNCOMMON1_DESCRIPTION,有時你也許會看到愛門羅的貴族在玩這種骰子。\n\n星之先知的遺物收藏
INV_S7_2621_DICE_UNCOMMON1_TITLE,濃綠裹尸布骰子
INV_S7_2622_DICE_UNCOMMON2_DESCRIPTION,有時你也許會看到愛門羅的貴族在玩這種骰子。\n\n星之先知的遺物收藏
INV_S7_2622_DICE_UNCOMMON2_TITLE,迷霧裹尸布骰子
INV_S7_2623_DICE_UNCOMMON3_DESCRIPTION,有時你也許會看到愛門羅的貴族在玩這種骰子。\n\n星之先知的遺物收藏
INV_S7_2623_DICE_UNCOMMON3_TITLE,水藍裹尸布骰子
INV_S7_2631_DICE_RARE1_DESCRIPTION,透過隱秘工藝製作而成，其中訣竅僅有愛門羅中最睿智者方得知曉；即便創作者也不知這些骰子潛藏的真正力量\n\n星之先知的遺物收藏
INV_S7_2631_DICE_RARE1_TITLE,智者密器骰子
INV_S7_2632_DICE_RARE2_DESCRIPTION,仰望星空，星辰將指引方向；懷揣它們，孤單將離你遠去。\n\n星之先知的遺物收藏
INV_S7_2632_DICE_RARE2_TITLE,前途指引骰子
INV_S7_2641_DICE_EPIC1_DESCRIPTION,某些人心中，星辰是為無邊機遇之海。而另一些人看來，星辰則是幽深囹圄之圍欄。儘管美麗，但無從脫逃。\n\n星之先知的遺物收藏
INV_S7_2641_DICE_EPIC1_TITLE,星之訴說者骰子
INV_S7_2651_DICE_LEGENDARY1_DESCRIPTION,夜空中閃耀之光，孩童眼中美麗閃亮。如許璀璨，如許純淨，是如無盡完美之點點微塵。\n\n星之先知的遺物收藏
INV_S7_2651_DICE_LEGENDARY1_TITLE,寰宇驚奇骰子
INV_S8_2701_CHEST_DESCRIPTION,許久以前便被遺棄於遙遠雪山之下的冰封寶物，誘惑著愛門羅各地的追求者前來尋覓。
INV_S8_2701_CHEST_TITLE,北極寶箱
INV_S8_2702_KEY_TITLE,北極鑰匙
INV_S8_2711_DICE_COMMON1_DESCRIPTION,通常在愛門羅的民間發現的骰子。
INV_S8_2711_DICE_COMMON1_TITLE,蔚藍骰子
INV_S8_2712_DICE_COMMON2_DESCRIPTION,通常在愛門羅的民間發現的骰子。
INV_S8_2712_DICE_COMMON2_TITLE,南瓜骰子
INV_S8_2713_DICE_COMMON3_DESCRIPTION,通常在愛門羅的民間發現的骰子。
INV_S8_2713_DICE_COMMON3_TITLE,鋼鐵骰子
INV_S8_2714_DICE_COMMON4_DESCRIPTION,通常在愛門羅的民間發現的骰子。
INV_S8_2714_DICE_COMMON4_TITLE,雪花石骰子
INV_S8_2721_DICE_UNCOMMON1_DESCRIPTION,有時你也許會看到愛門羅的貴族在玩這種骰子。
INV_S8_2721_DICE_UNCOMMON1_TITLE,鉻脈骰子
INV_S8_2722_DICE_UNCOMMON2_DESCRIPTION,有時你也許會看到愛門羅的貴族在玩這種骰子。
INV_S8_2722_DICE_UNCOMMON2_TITLE,鐵脈骰子
INV_S8_2723_DICE_UNCOMMON3_DESCRIPTION,有時你也許會看到愛門羅的貴族在玩這種骰子。
INV_S8_2723_DICE_UNCOMMON3_TITLE,炭脈骰子
INV_S8_2731_DICE_RARE1_DESCRIPTION,這些骰子燙得難以碰觸。每個骰子都是由山脈之心熾熱的碎片所鑄成。
INV_S8_2731_DICE_RARE1_TITLE,火山岩骰子
INV_S8_2732_DICE_RARE2_DESCRIPTION,無論耀陽有多麼刺眼、或者熾火有多麼灼熱。溫暖終將枯竭。冰雪終將降臨。冬降骰子終將回歸。
INV_S8_2732_DICE_RARE2_TITLE,冬降骰子
INV_S8_2741_DICE_EPIC1_DESCRIPTION,心靈石碎片嫁接於冰冷的赫肯鋼鐵之上。將懷爾德和蠕蟲交織成邪惡的組合。
INV_S8_2741_DICE_EPIC1_TITLE,邪紋骰子
INV_S8_2751_DICE_LEGENDARY1_DESCRIPTION,過於美麗，無法隱藏，過於珍貴，無法持有。過於完美，唯有此物。
INV_S8_2751_DICE_LEGENDARY1_TITLE,祕寶骰子
INV_SIGNET02_DESCRIPTION,[c]黑曜石印戒[/c]\n\n使你佔領的所有村落獲得偵查，並使任何從你手中奪取村落的生物獲得偵查，直到下一回合結束時為止。\n\n鼠族戒指。鼠族英雄均可佩戴。
INV_SIGNET03_DESCRIPTION,[c]紅寶石印戒[/c]\n\n在進入戰鬥的時候，你所擲出來的第一個劍會爆裂。\n\n鼠族印戒。所有鼠族英雄均可佩戴。
INV_SIGNET04_DESCRIPTION,[c]綠松石印戒[/c]\n\n獲得在遭受進攻之時會作用的閃避能力，且爆裂池 +2。\n\n鼠族印戒。所有鼠族英雄均可佩戴。
INV_SIGNET06_DESCRIPTION,[c]粉紅托帕石印戒[/c]\n\n你所佔領的每個村落能獲得的金幣收入都變成兩倍。\n\n兔族印戒。所有兔族英雄均可佩戴。
INV_SIGNET07_DESCRIPTION,[c]鑽石印戒[/c]\n\n每當裝備一件寶物或招募一名隨從時，就獲得威望 +1。\n\n兔族印戒。所有兔族英雄均可佩戴。
INV_SIGNET08_DESCRIPTION,[c]日長石印戒[/c]\n\n在白天時的戰鬥以及危機之中，你將可以獲得太陽 +1。\n\n兔族戒指。兔族英雄均可佩戴。
INV_SIGNET10_DESCRIPTION,[c]月長石印戒[/c]\n\n每一次在戰鬥中殺死敵人之時，你將可以獲得魔法 +2。\n\n狼族印戒。所有狼族英雄均可佩戴。
INV_SIGNET11_DESCRIPTION,[c]黑瑪瑙印戒[/c]\n\n每一次在戰鬥中殺死敵人之時，你將可以獲得金幣 +2。\n\n狼族印戒。所有狼族英雄均可佩戴。
INV_SIGNET12_DESCRIPTION,[c]天青石印戒[/c]\n\n可以無視山脈地形的移動懲罰，節省行動點數花費。\n\n狼族印戒。所有狼族英雄均可佩戴。
INV_SIGNET14_DESCRIPTION,[c]水晶印戒[/c]\n\n黎明的時候，如果你正處於巨石陣內，就能使汙穢 -1。\n\n熊族印戒。所有熊族英雄均可佩戴。
INV_SIGNET15_DESCRIPTION,[c]紫水晶印戒[/c]\n\n每燒毀一張咒術卡牌則魔法 +1，每燒毀一張汙穢的咒術卡牌則能獲得魔法 +2。\n\n熊族印戒。所有熊族英雄均可佩戴。
INV_SIGNET16_DESCRIPTION,[c]琥珀印戒[/c]\n\n戰鬥中燒毀的太陽與月亮符號卡牌全都計為攻擊，並且燒毀的第一張會爆炸。\n\n熊族戒指。熊族英雄均可佩戴。
INV_SIGNET17_DESCRIPTION,[c]丹泉石印戒[/c]\n\n每當成功地從危機中逃脫出來，你都可以獲得金幣 +2。\n\n鼠族印戒。所有鼠族英雄均可佩戴。
INV_SIGNET18_DESCRIPTION,[c]彩虹水晶印戒[/c]\n\n每逢黎明到來之時可使魔法 +1，且同時能獲得金幣 +1。\n\n兔族印戒。所有兔族英雄均可佩戴。
INV_SIGNET19_DESCRIPTION,[c]紅碧璽印戒[/c]\n\n當你生命值在 3 或以下的時候，你將會獲得戰力值 +3。\n\n狼族印戒。所有狼族英雄均可佩戴。
INV_SIGNET20_DESCRIPTION,[c]海藍寶石印戒[/c]\n\n在夜晚時的戰鬥以及危機之中，你將可以獲得月亮 +1。\n\n熊族戒指。熊族英雄均可佩戴。
INV_SIGNET22_DESCRIPTION,[c]貓眼石印戒[/c]\n\n每回合使用的第一張詭術卡牌將獲得 1 枚金幣的折扣。\n\n鼠族印戒。所有鼠族英雄均可佩戴。
INV_SIGNET23_DESCRIPTION,[c]尖晶石印戒[/c]\n\n所有任務不論類型，成功的機率全都可以獲得提升 20%。\n\n兔族印戒。所有兔族英雄均可佩戴。
INV_SIGNET24_DESCRIPTION,[c]孔雀石印戒[/c]\n\n任何生命值剩 3 或以下的敵方英雄將會被你偵測到，並且與他們戰鬥時賦予劍 +1。\n\n狼族戒指。狼族英雄均可佩戴。
INV_SIGNET25_DESCRIPTION,[c]塔菲石印戒[/c]\n\n處在森林的時候能擁有盾牌 +1，且同時會讓精力值 +1。\n\n熊族戒指。熊族英雄均可佩戴。
INV_SIGNET27_DESCRIPTION,[c]粉紅托帕石印戒（強盜部族）[/c]\n\n你所佔領的每個村落能獲得的金幣收入都變成兩倍。\n\n強盜部族印戒。所有強盜部族英雄均可佩戴。
INV_SIGNET28_DESCRIPTION,[c]紫水晶印戒（強盜部族）[/c]\n\n每燒毀一張咒術卡牌則魔法 +1，每燒毀一張汙穢的咒術卡牌則能獲得魔法 +2。\n\n強盜部族印戒。所有強盜部族英雄均可佩戴。
INV_SIGNET29_DESCRIPTION,[c]天青石印戒（強盜部族）[/c]\n\n可以無視山脈地形的移動懲罰，節省行動點數花費。\n\n強盜部族印戒。所有強盜部族英雄均可佩戴。
INV_SKIN_10011_WOLF01_DESCRIPTION,赫肯斯班守護者 ─ 森 · 格雷邁恩，絕不迴避戰鬥，尤其是身披神聖威儀戰甲之時。
INV_SKIN_10011_WOLF01_TITLE,赫肯斯鐵衛森
INV_SKIN_10021_RAT01_DESCRIPTION,每一隻狡猾的老鼠都需要一個堅若磐石的化身，而一道可靠的鬍鬚正是完美偽裝的基石。
INV_SKIN_10021_RAT01_TITLE,賊鬍子墨可利歐
INV_SKIN_10031_BEAR01_DESCRIPTION,來自熊族的懷爾德歌姬能與懷德爾直接建立心靈交流，透過她們的協助高歌出絕美的曲調。而薩娜她也能夠辦到這點。
INV_SKIN_10031_BEAR01_TITLE,懷爾德歌姬薩娜
INV_SKIN_10041_RABBIT01_DESCRIPTION,很多人聽過遠征者的偉大事蹟，但卻鮮少人有幸目睹她那穿梭在愛門羅古蹟深處的美麗身影。
INV_SKIN_10041_RABBIT01_TITLE,遠征者安柏
INV_SKIN_10051_WOLF02_DESCRIPTION,蒙面遊俠當中最有價值的成員。她知道，如果要勝過荒野，就必須與它一樣狂野。
INV_SKIN_10051_WOLF02_TITLE,荒野里弗
INV_SKIN_10061_RAT02_DESCRIPTION,夜母很照顧她的子女們，尤其這位最為致命的殺手。
INV_SKIN_10061_RAT02_TITLE,夜之姊妹佐莎
INV_SKIN_10071_BEAR02_DESCRIPTION,熊族的名嘴們無不高談闊論著布朗遭到放逐的過程，當中卻鮮少人承認他們因此造就出了一隻恐怖的巨獸。
INV_SKIN_10071_BEAR02_TITLE,軍閥布朗
INV_SKIN_10081_RABBIT02_DESCRIPTION,巴納比根本不在乎被人們冠上兔窩先驅的名號，他單純只是喜歡旗子罷了。
INV_SKIN_10081_RABBIT02_TITLE,先驅巴納比
INV_SKIN_10091_WOLF03_DESCRIPTION,有些戰士成為了傳說，他們站在遙不可及的高度上。而只有一位戰士能配得上狂怒之盾的稱號，那就是瑪迦納。
INV_SKIN_10091_WOLF03_TITLE,狂怒之盾瑪迦納
INV_SKIN_10101_RAT03_DESCRIPTION,要成為迷霧之王，得先駕馭死亡。一旦知道死亡的祕密後，還有什麼事物值得恐懼呢？
INV_SKIN_10101_RAT03_TITLE,迷霧之王薩爾貢
INV_SKIN_10111_BEAR03_DESCRIPTION,即使是古爾也知道強大防禦的重要性……他只是不太擅長組織防禦罷了。
INV_SKIN_10111_BEAR03_TITLE,重坦古爾
INV_SKIN_10121_RABBIT03_DESCRIPTION,當設計圖上的墨水乾涸後，大部分的建築師會就此拍拍屁股離去。但艾西莉亞可不一樣，她會親自檢驗每一棟建築物、每一綑建材，甚至每一根螺栓。
INV_SKIN_10121_RABBIT03_TITLE,建築高手艾西莉亞
INV_SKIN_10131_BANDIT01_DESCRIPTION,對於多數人來說，強盜部族就是一群匪徒而已，但是透過他們個人的所作所為來看，冥冥之中他們又自有大計。但是問題仍擺在這裡，既然雞鳴狗盜之徒毫無榮譽可言，那麼這幫愛惹是生非的傢伙們究竟是怎麼在王位的爭奪戰中如此迅速地崛起的呢...？
INV_SKIN_10131_BANDIT01_TITLE,黑色傭兵團崔絲
INV_SKIN_10141_BANDIT02_DESCRIPTION,對於多數人來說，強盜部族就是一群匪徒而已，但是透過他們個人的所作所為來看，冥冥之中他們又自有大計。但是問題仍擺在這裡，既然雞鳴狗盜之徒毫無榮譽可言，那麼這幫愛惹是生非的傢伙們究竟是怎麼在王位的爭奪戰中如此迅速地崛起的呢...？
INV_SKIN_10141_BANDIT02_TITLE,黑色傭兵團賽拉斯
INV_SKIN_10151_BANDIT03_DESCRIPTION,對於多數人來說，強盜部族就是一群匪徒而已，但是透過他們個人的所作所為來看，冥冥之中他們又自有大計。但是問題仍擺在這裡，既然雞鳴狗盜之徒毫無榮譽可言，那麼這幫愛惹是生非的傢伙們究竟是怎麼在王位的爭奪戰中如此迅速地崛起的呢...？
INV_SKIN_10151_BANDIT03_TITLE,黑色傭兵團霍雷斯
INV_SKIN_10161_BANDIT04_DESCRIPTION,對於多數人來說，強盜部族就是一群匪徒而已，但是透過他們個人的所作所為來看，冥冥之中他們又自有大計。但是問題仍擺在這裡，既然雞鳴狗盜之徒毫無榮譽可言，那麼這幫愛惹是生非的傢伙們究竟是怎麼在王位的爭奪戰中如此迅速地崛起的呢...？
INV_SKIN_10161_BANDIT04_TITLE,黑色傭兵團絲卡蕾特
INV_SKIN_PIECE_10000_WOLF_DESCRIPTION,將五個狼族英雄外觀碎片變形為狼族英雄的英雄外觀。
INV_SKIN_PIECE_10000_WOLF_TITLE,狼族外觀碎片
INV_SKIN_PIECE_10001_RAT_DESCRIPTION,將五個鼠族英雄外觀碎片變形為鼠族英雄的英雄外觀。
INV_SKIN_PIECE_10001_RAT_TITLE,鼠族外觀碎片
INV_SKIN_PIECE_10002_BEAR_DESCRIPTION,將五個熊族英雄外觀碎片變形為熊族英雄的英雄外觀。
INV_SKIN_PIECE_10002_BEAR_TITLE,熊族外觀碎片
INV_SKIN_PIECE_10003_RABBIT_DESCRIPTION,將五個兔族英雄外觀碎片變形為兔族英雄的英雄外觀。
INV_SKIN_PIECE_10003_RABBIT_TITLE,兔族外觀碎片
INV_TYPE_AMULET,護符
INV_TYPE_BADGE,徽章
INV_TYPE_BOOK,短篇故事
INV_TYPE_CHEST,箱子
INV_TYPE_CHESTKEY,箱子和鑰匙
INV_TYPE_DICESKIN,骰子
INV_TYPE_GIFTBARREL,禮物桶
INV_TYPE_HERO,英雄！
INV_TYPE_HEROSKIN,英雄外觀
INV_TYPE_HEROSKINPIECE,英雄外觀碎片
INV_TYPE_KEY,鑰匙
INV_TYPE_NOVELLA,短篇故事
INV_TYPE_SIGNET,印戒
ITEMCARDTYPE_NAME,道具
ITEMCARDTYPE_STATUSFEEDRECEIVEDMESSAGE,<hero>獲得了一張道具卡牌。
LOADING_SCREEN_TIP_1,在線上遇到了一些厲害的玩家？把他們添加到好友列表吧。
LOADING_SCREEN_TIP_10,戰鬥血腥而殘酷，做好準備；備好盔甲與卡牌來燃燒。
LOADING_SCREEN_TIP_11,最謹慎的施法者，會在魔法被黃昏重置之前，先把魔法用盡。
LOADING_SCREEN_TIP_12,危機放得好，能保住一座村落，甚至能阻止即將發生的戰鬥。
LOADING_SCREEN_TIP_13,真正的愛門羅大師懂得玩牌的重要，即使不是在自己的回合。
LOADING_SCREEN_TIP_14,在你的回合開始之前細算行動，但務必隨機應變，靈活取勝。
LOADING_SCREEN_TIP_15,用蓄意破壞者（詭術）可以在戰鬥中阻止對手的骰子爆炸。
LOADING_SCREEN_TIP_16,對自己用鏡像（咒術）可以在戰鬥中減少對手的骰子。
LOADING_SCREEN_TIP_17,某些卡牌搭配其它卡牌、印戒和適當的護符，效果會特別好。
LOADING_SCREEN_TIP_18,愛門羅很吃運氣。尋找並把握所有機會來權衡自己的勝算。
LOADING_SCREEN_TIP_19,算計出錯，得承擔多餘風險。愛門羅是殘酷無情的博弈遊戲。
LOADING_SCREEN_TIP_2,記得查看其他英雄的道具、護符、印戒、隨從和增益魔法。
LOADING_SCREEN_TIP_20,嘗試一下找出強力的英雄、印戒、護符和戰略組合。
LOADING_SCREEN_TIP_21,有些英雄比他人更擅長應對不同的狀況，請用心選擇戰鬥。
LOADING_SCREEN_TIP_22,發佈通緝懸賞來操控國王的守衛可以有效阻礙其他英雄。
LOADING_SCREEN_TIP_23,記得用商人協議或同盟條約這一類的卡牌來結交戰友或盟友。
LOADING_SCREEN_TIP_24,控制多個村落可以減少詭術卡牌的花費。
LOADING_SCREEN_TIP_25,勝利類型不會都一樣，開放思路變換策略，則機會自然到來。
LOADING_SCREEN_TIP_26,最上乘的勝利是經過一番鏖戰之後從對方爪中攫取而來的。
LOADING_SCREEN_TIP_27,愛門羅中一回合就能打破局面平衡。因此永遠不要放棄。
LOADING_SCREEN_TIP_28,你無法百戰百勝，戰鬥也容易元氣大傷。選擇戰鬥必須三思。
LOADING_SCREEN_TIP_29,國王是個強大的戰士，因此要謹慎地找準時機進行刺殺。
LOADING_SCREEN_TIP_3,完成全部任務是有力卻漫長的途徑。沒必要非得以此來取勝。
LOADING_SCREEN_TIP_30,妥善利用地形優勢。山地有額外防禦，夜間的森林可以潛行。
LOADING_SCREEN_TIP_31,某些咒術效果可疊加。用多張樹皮加護或邪慧之眼效果更好！
LOADING_SCREEN_TIP_32,在戰鬥或危機中燒掉不想要的牌，來為下次摸牌騰出手牌空間。
LOADING_SCREEN_TIP_33,某些咒術效果可疊加。用多張樹皮加護或邪慧之眼效果更好！
LOADING_SCREEN_TIP_34,用卡牌和護符增加自身的屬性值，可提高任務中的成功機率。
LOADING_SCREEN_TIP_35,你的第五個任務總會開啟通往離你部族屬地最近的王宮花園。
LOADING_SCREEN_TIP_36,解決一個特定危機所需的符號每次都是一樣的。
LOADING_SCREEN_TIP_37,中毒的生物每消耗 1 行動點數，就會造成生命值 -1。
LOADING_SCREEN_TIP_38,弒君之後你必須活下來，否則王位就將落入威望首領手中。
LOADING_SCREEN_TIP_39,腐化英雄殺死敵人則生命值 +1，殺死魔鴆還額外有汙穢 +1。
LOADING_SCREEN_TIP_4,王宮危機是個非常難對付的障礙，但只要精心策劃就能搞定。
LOADING_SCREEN_TIP_40,任務中選擇安全的選項方為明智之舉。
LOADING_SCREEN_TIP_41,王宮危機失敗後仍會留在原地，但被通過後就會永遠消失。
LOADING_SCREEN_TIP_42,國王的守衛會摧毀所有遇到的心靈石。
LOADING_SCREEN_TIP_43,在愛門羅，能保持手中卡牌的流動性是一項極為重要的技巧。
LOADING_SCREEN_TIP_44,在足夠狡猾的玩家的隊伍中，陌生人能夠起到極大的幫助。
LOADING_SCREEN_TIP_45,詭術危機考驗玩家的智力。咒術危機考驗玩家的精力。
LOADING_SCREEN_TIP_46,提前做好規劃。自己回合花的時間少可以縮短對手思考時間。
LOADING_SCREEN_TIP_47,你無法在其他英雄的回合對其使用卡牌，但你可以思考對策。
LOADING_SCREEN_TIP_48,趁對手在戰鬥中時施展你的謀略吧，他們不會盯著地圖看的。
LOADING_SCREEN_TIP_49,有時候對敵人施加增益或對自己施加減益效果會有好處。
LOADING_SCREEN_TIP_5,踏上汙穢之道先得被感染，但腐化後才能獲得其中真正力量。
LOADING_SCREEN_TIP_50,聰明的探險者會在隱身時探索地牢。
LOADING_SCREEN_TIP_51,不舒服時可以去村落裡晃晃，或許會遇到有人伸出援爪……
LOADING_SCREEN_TIP_52,一般而言出奇方可制勝。你得腦袋天馬行空，心中滿懷計謀。
LOADING_SCREEN_TIP_53,利用國王的新衣（詭術）對自己使用，卸下你的汙穢道具再重新裝備，以獲得額外汙穢！
LOADING_SCREEN_TIP_54,滿手汙穢卡牌？用微光屏障（咒術）將它們轉化成盾牌卡吧！
LOADING_SCREEN_TIP_55,心靈石不會連續在同一個巨石陣裡出現。
LOADING_SCREEN_TIP_56,危機難度提升的話會在旗子上出現骷髏標記。
LOADING_SCREEN_TIP_57,一定要仔細閱讀說明卡牌，只是忙中有錯。
LOADING_SCREEN_TIP_58,愛門羅只能有一個王，所謂朋友情誼，皆是過眼雲煙。
LOADING_SCREEN_TIP_59,進王宮後，用立即提升行動點數的卡，在同一回合攻擊國王。
LOADING_SCREEN_TIP_6,魔鴆是危險的生物，是純汙穢的化身。小心別讓牠們感染你。
LOADING_SCREEN_TIP_60,潛行時用傳送（咒術）或放逐（咒術）給對手來個出其不意。
LOADING_SCREEN_TIP_61,別急著進攻。盟友的價值往往比殺敵獲得的威望更高。
LOADING_SCREEN_TIP_62,喜歡你的冒險嗎？為愛門羅寫下你的評論，我們會非常感激！
LOADING_SCREEN_TIP_63,戰略大師能夠預測並且利用隨機性，掌控命運。
LOADING_SCREEN_TIP_64,還知道其他勇敢的英雄嗎？為愛門羅送上讚美吧！
LOADING_SCREEN_TIP_7,在夜裡地牢的獎勵更加豐厚，但是也會更加危險！
LOADING_SCREEN_TIP_8,運氣這東西，時好時壞。
LOADING_SCREEN_TIP_9,在戰鬥或危機中燒掉卡牌是減少風險確保勝利的好辦法。
LOADOUTITEM_AMU01_NAME,劃裂之符
LOADOUTITEM_AMU02_NAME,醉心之符
LOADOUTITEM_AMU03_NAME,思索之符
LOADOUTITEM_AMU04_NAME,靈感之符
LOADOUTITEM_AMU05_NAME,生長之符
LOADOUTITEM_AMU06_NAME,觀察之符
LOADOUTITEM_AMU07_NAME,偏愛之符
LOADOUTITEM_AMU08_NAME,敗壞之符
LOADOUTITEM_AMU09_NAME,聽者之符
LOADOUTITEM_AMU10_NAME,挖掘之符
LOADOUTITEM_AMU11_NAME,衝刺之符
LOADOUTITEM_AMU12_NAME,紀律之符
LOADOUTITEM_AMU13_NAME,抵抗之符
LOADOUTITEM_AMU14_NAME,恫嚇之符
LOADOUTITEM_AMU15_NAME,調和之符
LOADOUTITEM_AMU16_NAME,腐朽之符
LOADOUTITEM_AMU21_NAME,毀滅
LOADOUTITEM_CLN_DAY_NAME,白天
LOADOUTITEM_CLN_NIGHT_NAME,黑夜
LOADOUTITEM_CLN_STREETQUEEN_NAME,夜
LOADOUTITEM_PERMASCOUT_NAME,永久偵查
LOADOUTITEM_POW00_NAME,黑暗之心
LOADOUTITEM_POW01_NAME,劍術大師
LOADOUTITEM_POW02_NAME,古墓奇兵
LOADOUTITEM_POW03_NAME,女祭司
LOADOUTITEM_POW03_OLD_NAME,女祭司
LOADOUTITEM_POW03_old_NAME,
LOADOUTITEM_POW04_NAME,流氓
LOADOUTITEM_POW05_NAME,女獵手
LOADOUTITEM_POW06_NAME,修補匠
LOADOUTITEM_POW07_ALT2_NAME,疤痕施法者
LOADOUTITEM_POW07_ALT_NAME,疤痕施法者
LOADOUTITEM_POW07_NAME,疤痕施法者
LOADOUTITEM_POW07_alt2_NAME,
LOADOUTITEM_POW07_alt_NAME,
LOADOUTITEM_POW08_NAME,鬼影
LOADOUTITEM_POW09_NAME,扒手
LOADOUTITEM_POW10_NAME,屠夫
LOADOUTITEM_POW11_NAME,第九騎士
LOADOUTITEM_POW12_NAME,革命家
LOADOUTITEM_POW13_NAME,女盾衛
LOADOUTITEM_POW14_NAME,建築師
LOADOUTITEM_POW15_NAME,守護之樹人
LOADOUTITEM_POW16_NAME,透視之眼
LOADOUTITEM_POW17_NAME,狂戰士
LOADOUTITEM_POW18_NAME,砲手
LOADOUTITEM_POW19_NAME,街頭女皇
LOADOUTITEM_POW20_NAME,坩堝老嫗
LOADOUTITEM_POW21_NAME,迷惑
LOADOUTITEM_POW22_NAME,供奉
LOADOUTITEM_POW23_NAME,鞭笞者
LOADOUTITEM_POW24_NAME,騙子
LOADOUTITEM_SIG01_NAME,黑蛋白石印戒
LOADOUTITEM_SIG02_NAME,黑曜石印戒
LOADOUTITEM_SIG03_NAME,紅寶石印戒
LOADOUTITEM_SIG04_NAME,綠松石印戒
LOADOUTITEM_SIG05_NAME,祖母綠印戒
LOADOUTITEM_SIG06_NAME,粉紅托帕石印戒
LOADOUTITEM_SIG07_NAME,鑽石印戒
LOADOUTITEM_SIG08_NAME,日長石印戒
LOADOUTITEM_SIG09_NAME,藍寶石印戒
LOADOUTITEM_SIG10_NAME,月長石印戒
LOADOUTITEM_SIG11_NAME,黑瑪瑙印戒
LOADOUTITEM_SIG12_NAME,天青石印戒
LOADOUTITEM_SIG13_NAME,翡翠印戒
LOADOUTITEM_SIG14_NAME,水晶印戒
LOADOUTITEM_SIG15_NAME,紫水晶印戒
LOADOUTITEM_SIG16_NAME,琥珀印戒
LOADOUTITEM_SIG17_NAME,丹泉石印戒
LOADOUTITEM_SIG18_NAME,彩虹水晶印戒
LOADOUTITEM_SIG19_NAME,紅碧璽印戒
LOADOUTITEM_SIG20_NAME,海藍寶石印戒
LOADOUTITEM_SIG21_NAME,斯蘭德拜印戒
LOADOUTITEM_SIG22_NAME,貓眼石印戒
LOADOUTITEM_SIG23_NAME,尖晶石印戒
LOADOUTITEM_SIG24_NAME,孔雀石印戒
LOADOUTITEM_SIG25_NAME,塔菲石印戒
LOADOUTITEM_SIG35_NAME,硫磺
LOADOUTITEM_SIG36_NAME,玄武岩
LOADOUTITEM_SIG37_NAME,斧石
LOADOUTITEM_SIG38_NAME,朱砂
LOADOUTITEM_SIG39_NAME,透閃石
LOADOUTITEM_SIG40_NAME,蛇紋石
LOADOUTITEM_TRK_DISCOUNT_NAME,土地所有者
MAINMENU_ACHIEVEMENTS,成就
MAINMENU_CARD_GALLERY,卡牌庫
MAINMENU_CLAN_GROUNDS,部族屬地
MAINMENU_COLLECTIBLES,收藏品
MAINMENU_CONTINUELABEL,繼續
MAINMENU_CREDITS,製作群
MAINMENU_CROSSPLAY_WARNING,[F1DE85][b]Crossplay已啟用：[/b]  [FFFFFF]你可能會遇到跨平台的網路玩家。
MAINMENU_CYCLE_NEWSFEED,切換新聞
MAINMENU_FACEBOOK,臉書
MAINMENU_FACEBOOK_TOOLTIP,前往臉書頁面
MAINMENU_GAME_CENTER,Game Center
MAINMENU_GAME_CENTER_TOOLTIP,打開 Game Center 的成就列表
MAINMENU_GOOGLE_PLAY,Google Play
MAINMENU_GOOGLE_PLAY_TOOLTIP,打開 Google Play Games 的成就列表
MAINMENU_INVENTORY,物品欄
MAINMENU_JEWELLERY_BOX,珠寶盒
MAINMENU_MORE,更多
MAINMENU_MULTIPLAYER,多人遊戲
MAINMENU_MULTIPLAYER_ABANDON,放棄
MAINMENU_MULTIPLAYER_LOCAL,本地
MAINMENU_MULTIPLAYER_PRIVATE,私人
MAINMENU_MULTIPLAYER_PRIVATEGAME,私人遊戲
MAINMENU_MULTIPLAYER_PUBLIC,公開
MAINMENU_MULTIPLAYER_PUBLICEVENT,公開活動
MAINMENU_MULTIPLAYER_PUBLICGAME,公開遊戲
MAINMENU_MULTIPLAYER_RANKED,排名
MAINMENU_MULTIPLAYER_REJOIN,重新加入{0}
MAINMENU_MULTIPLAYER_SKIRMISH,遭遇戰
MAINMENU_OPEN_NEWSFEED,打開新聞提要連結
MAINMENU_OPTIONS,選項
MAINMENU_PRESS_TO_START,按<controller_icon>開始
MAINMENU_PROLOGUE,序幕
MAINMENU_QUIT,退出
MAINMENU_QUIT_ASK,真的要退出嗎？
MAINMENU_RATE,評分
MAINMENU_RATE_ASK,為遊戲評分
MAINMENU_RATE_LATER,現在不要
MAINMENU_REPORT_BUG,意見回報
MAINMENU_SINGLEPLAYER,單人遊戲
MAINMENU_SINGLEPLAYER_CUSTOM_GAME,自訂遊戲
MAINMENU_SINGLEPLAYER_GOOGLE_SAVES,雲端存儲
MAINMENU_SINGLEPLAYER_NEW_GAME,新遊戲
MAINMENU_SUBSCRIBE,訂閱
MAINMENU_SUBSCRIBED,已訂閱
MAINMENU_TOOLTIP_ABANDON,放棄你進行中的多人遊戲。
MAINMENU_TOOLTIP_ACHIEVEMENTS,查看你的成就
MAINMENU_TOOLTIP_CARDGALLERY,檢視你的卡牌收藏
MAINMENU_TOOLTIP_CHANGE_USER,以不同的帳戶登入
MAINMENU_TOOLTIP_CHECKOUTYOURCONTROLSCHEME,編輯你的控制設定
MAINMENU_TOOLTIP_CLANGROUNDS,查看你的英雄並設置你偏好的出戰配置！
MAINMENU_TOOLTIP_COLLECTIBLES,查看你在愛門羅中獲得的物品和成就
MAINMENU_TOOLTIP_CONTINUE,繼續你上次保存的遊戲
MAINMENU_TOOLTIP_CREDITS,成就愛門羅的人們
MAINMENU_TOOLTIP_CUSTOMGAME,對遊戲規則進行試驗，創建屬於你的愛門羅
MAINMENU_TOOLTIP_FREEDROP,每天上線都可領取免費寶箱！
MAINMENU_TOOLTIP_FREEDROP_HEADING,每日免費寶箱
MAINMENU_TOOLTIP_GAMEGUIDE,愛門羅系統和規則的參考指南
MAINMENU_TOOLTIP_GAME_CENTER,Game Center
MAINMENU_TOOLTIP_GOOGLE_PLAY,Google Play
MAINMENU_TOOLTIP_GOOGLE_SAVES,在Google雲端瀏覽你保存的遊戲
MAINMENU_TOOLTIP_INTERFACE,調整您的介面選項
MAINMENU_TOOLTIP_INVENTORY,瀏覽你所收集的各種物品
MAINMENU_TOOLTIP_ITEMSTORE,你可以在斯基夫的商店購買所有愛門羅遊戲中的好東西！
MAINMENU_TOOLTIP_JEWELLERYBOX,查看您所有的可解鎖物品和解鎖進度
MAINMENU_TOOLTIP_MORE,顯示更多按鍵
MAINMENU_TOOLTIP_MULTIPLAYER,在王座的爭奪過程中對抗其他玩家
MAINMENU_TOOLTIP_MULTIPLAYER_PARTY,MAINMENU_TOOLTIP_MULTIPLAYER_PARTY
MAINMENU_TOOLTIP_MULTIPLAYER_PRIVATE,與好友開始多人遊戲
MAINMENU_TOOLTIP_MULTIPLAYER_PUBLIC,在線上模式中測試你的力量
MAINMENU_TOOLTIP_MULTIPLAYER_PUBLIC_EVENT,以我們自訂的規則來進行線上模式。
MAINMENU_TOOLTIP_NEWGAME,開始一個新遊戲
MAINMENU_TOOLTIP_OPTIONS,客製化你的愛門羅體驗
MAINMENU_TOOLTIP_OPTIONS_GAMEPLAY,設置您偏好的遊戲體驗
MAINMENU_TOOLTIP_PRIVATEGAME,與朋友開始多人遊戲
MAINMENU_TOOLTIP_PROLOGUE,學習如何玩愛門羅
MAINMENU_TOOLTIP_PUBLICGAME,在線上模式中測試你的力量
MAINMENU_TOOLTIP_QUIT,返回桌面
MAINMENU_TOOLTIP_RATE,為遊戲評分
MAINMENU_TOOLTIP_REJOIN,重新加入您進行中的多人遊戲。
MAINMENU_TOOLTIP_SEND_FEEDBACK,提醒開發團隊關於錯誤的資訊，並分享您的建議
MAINMENU_TOOLTIP_SINGLEPLAYER,競逐愛門羅的王座
MAINMENU_TOOLTIP_SKIRMISH,與朋友或敵人進行線上多人遊戲
MAINMENU_TOOLTIP_SUBSCRIBE,通過訂閱來獲得愛門羅所提供的一切！
MAINMENU_TOOLTIP_SUBSCRIBE_HEADING,訂閱
MAINMENU_TOOLTIP_TWEAKYOURSETTINGS,調整你的音訊/畫面設定
MAINMENU_TOOLTIP_VIEW_DLC,開啟Nintendo eShop來看看可下載的DLC
MAINMENU_TOOLTIP_VIEW_DLC_PS4,打開PlayStation™Store檢視可用追加內容(DLC)
MAINMENU_TOOLTIP_VIEW_DLC_XB1,打開Xbox Games Store檢視可用追加下載內容(DLC)
MAINMENU_TUTORIAL,教程
MAINMENU_TWITTER,推特
MAINMENU_TWITTER_TOOLTIP,前往推特頁面
MAINMENU_VIEW_DLC,追加下載內容
MAINMENU_VISIT_FACEBOOK_TOOLTIP,前往愛門羅官方 Facebook
MAINMENU_VISIT_FORUMS,前往論壇
MAINMENU_VISIT_FORUMS_TOOLTIP,在LoG論壇加入討論
MAINMENU_VISIT_TWITCH_TOOLTIP,前往愛門羅官方 Twitch
MAINMENU_VISIT_TWITTER_TOOLTIP,前往愛門羅官方 Twitter
MAINMENU_VISIT_WIKI,前往Wiki
MAINMENU_VISIT_WIKI_TOOLTIP,前往愛門羅官方Wiki
MAPAUTUMN_NAME,秋季棋盤
MAPPACK01_DLC_DESCRIPTION,在愛門羅中兩個新季節，春季與秋季中展開的寶座旅程！
MAPPACK01_DLC_NAME,季節棋盤外觀組合包
MAPSPRING_NAME,春季棋盤
MAPSUMMER_NAME,夏季棋盤
MAPWINTER_NAME,冬季棋盤
MP_ERROR_AGE_RESTRICTED,由於年齡限制，此玩家無法使用多人遊戲的功能。
MP_ERROR_AUTH_OTHER_FAILED,由於檢測到一個未授權的玩家，已自動離開遊戲。
MP_ERROR_AUTH_OTHER_TIMEOUT,由於一個遠程玩家未能響應，已自動離開遊戲。
MP_ERROR_AUTH_SELF_BANNED,由於該帳戶現處於被封禁狀態，已自動離開遊戲。
MP_ERROR_AUTH_SELF_FAILED,由於該帳戶未被授權，已自動離開遊戲。
MP_ERROR_CONNECT_FAIL,無法開始多人遊戲，請檢查你的網路連結
MP_ERROR_CONNECT_FAIL_BANNED,無法開始多人遊戲，該帳戶已被封禁。
MP_ERROR_DISCONNECTED,抱歉，已失去網路連結。
MP_ERROR_GAME_UPDATE_REQUIRED,你需要升級該應用才能使用網路功能。
MP_ERROR_INVALID_VERSION,一個或多個玩家正在使用舊版本的愛門羅。請確保所有的玩家都已升級。
MP_ERROR_NOT_SIGNED_IN,未登入有效帳戶。
MP_ERROR_NO_CONNECTION,無法連結至網路。請檢查你的網路連結。
MP_ERROR_NO_MATCHMAKING,無法使用匹配系統。
MP_ERROR_SESSION_CLOSED,網路會談已開始或結束。
MP_ERROR_SESSION_CREATE_FAIL,無法創建網路會談。
MP_ERROR_SESSION_FULL,無法加入網路會談，玩家已滿。
MP_ERROR_SESSION_JOIN_FAIL,無法加入網路會談。
MP_ERROR_SESSION_KICKED,你已被踢出網路會談。
MP_ERROR_SESSION_LOST,已斷開與網路會談的連結。
MP_ERROR_SESSION_NOT_EXIST,無法加入遊戲。  網路會談不存在。
MP_ERROR_SIGN_IN_FAIL,網路無法登入。
MP_ERROR_SIGN_OUT,已連結的帳戶登出。
MP_ERROR_STEAM_UPDATE_CLIENT_REQUIRED,您遊玩的《愛門羅》未更新至伺服器使用之版本。請關閉遊戲並在 Steam 客戶端更新《愛門羅》。
MP_ERROR_SYSTEM_UPDATE_REQUIRED,系統軟體需要升級。
MP_ERROR_TIMED_OUT,抱歉，網路連結超時。
MP_ERROR_UPDATE_CLIENT_REQUIRED,您遊玩的《愛門羅》未更新至伺服器使用之版本。請關閉遊戲並下載最新更新。
MP_MSG_AFK_KICKED,由於AFK，你已被移出遊戲。
MP_MSG_CONVERT_TO_PUBLIC_QUEUE,該操作將會把私人遊戲的所有成員都置入單一的公開隊列大廳中，同時停用所有的私人遊戲功能。如果你想重新啟用任意私人遊戲的功能，就需要離開公開隊列，並創建一個新的私人遊戲。
MP_MSG_FINDING_GAME,尋找遊戲
MP_MSG_HOUSE_RULES_IN_PUBLIC,你正加入公共多人遊戲模式。無法使用自定遊戲規則，規則將被重置。
MP_MSG_INVALID_VERSION,你的：{0}，他們的：{1}
MP_MSG_NOT_PARTY_LEADER,只有隊長可以開始排隊尋找遊戲。
MP_MSG_PARTY_CONNECT_TIMEOUT,您有一位隊員無法加入遊戲。
MP_MSG_PARTY_DISCONNECTED,您有一位隊員離開了遊戲。
MP_MSG_QUEUE_ABANDON,您已離開遊戲配對搜尋。您可以在{0}秒後再次搜尋遊戲。
MP_MSG_QUEUE_BLOCKED,由於曾放棄過多人遊戲排隊，您暫時無法搜尋多人遊戲；您可以在{0}秒後再次搜尋遊戲。
MP_MSG_QUEUE_KICKED,您被從配對排隊中踢出。您可以在{0}秒後再次搜尋遊戲。
MP_MSG_RECRUIT_AI,你想要用AI填補該房間的空位嗎？
MP_MSG_SESSION_ENTERED,已進入房間
MP_MSG_SESSION_PLAYER_JOINED,<player>已加入
MP_MSG_SESSION_PLAYER_LEFT,<player>已離開
MP_MSG_SESSION_PLAYER_MASTER,<player>現在擁有房間控制權
MP_MSG_STARTING_GAME,開始遊戲
MP_MSG_STATUS_MATCHMAKING,等待玩家加入。
MP_MSG_STATUS_OTHER,正在玩愛門羅。
MP_MSG_STATUS_PLAYING_MULTI,正在進行多人遊戲。
MP_MSG_STATUS_PLAYING_SINGLE,正在進行單人遊戲。
MP_PS4_DEFAULT_INVITE_MESSAGE,加入我的愛門羅遊戲！
MP_PS4_DEFAULT_SESSION_NAME,賦予桌上遊戲全新的生命力
MP_PS4_ERROR_NOT_REGISTERED,需要註冊索尼娛樂在線帳戶。
MULTIPLAYER_AI,AI
MULTIPLAYER_INITIALISING_GAME,正在初始化多人遊戲……
MULTIPLAYER_LEAVE_QUEUE,離開隊列
MULTIPLAYER_PLAYERS_IN_QUEUE,隊列中的玩家
MULTIPLAYER_PUBLIC_GAME_READY,你的多人遊戲已準備好！
MULTIPLAYER_QUEUE_PLAYER_1,{1}
MULTIPLAYER_QUEUE_PLAYER_2,{2}
MULTIPLAYER_QUEUE_PLAYER_3,3
MULTIPLAYER_QUEUE_PLAYER_4,{4}
MULTIPLAYER_SINGLEPLAYER_HINT,你可以在等待多人遊戲時進行單人遊戲。
MULTIPLAYER_TOOLTIP_FINDGAME,加入公共多人在線遊戲隊列
MULTIPLAYER_TOOLTIP_HOUSERULES,定制你的愛門羅體驗
MULTIPLAYER_TOOLTIP_INVITEFRIENDS,集結你的冒險家團隊，進行公開或是私人遊戲。
MULTIPLAYER_TOOLTIP_JOINROOM,輸入房間密碼加入另一個大廳
MULTIPLAYER_TOOLTIP_LEAVEQUEUE,離開匹配並停止搜尋額外的玩家。
MULTIPLAYER_TOOLTIP_LEAVE_PARTY,離開這幫一無是處的刺客。謝天謝地。
MULTIPLAYER_TOOLTIP_READY,所有玩家都準備好時，將開始遊戲
MULTIPLAYER_TOOLTIP_RECRUITAI,以電腦控制的對手填滿空餘的欄位，僅限私人遊戲。
MULTIPLAYER_TOOLTIP_ROOMCODE,顯示其他玩家可以用來加入大廳的房間代碼
MULTIPLAYER_TOOLTIP_STARTPRIVATE,以當前的團隊進入私人遊戲來進行遊戲模式選擇，用AI來填滿剩餘的玩家欄位。
MULTIPLAYER_TOOLTIP_STARTPUBLIC,以當前的團隊進入公開遊戲來進行遊戲模式選擇，使用匹配來尋找其餘玩家。
MULTIPLAYER_WAITING_FOR_LOBBY,正等待大廳人滿……
MULTIPLAYER_WAITING_FOR_OTHER_PLAYERS,正等待其他玩家……
NEW_CONTENT_UNLOCKED_TITLE,已解鎖新內容！
NOTIFICATION_DECKSHUFFLED_FOLLOWER,隨從牌堆已洗牌
NOTIFICATION_DECKSHUFFLED_ITEM,道具牌堆已洗牌
NOTIFICATION_DECKSHUFFLED_SPELL,咒術牌堆已洗牌
NOTIFICATION_DECKSHUFFLED_TREASURE,寶藏牌堆已洗牌
NOTIFICATION_DECKSHUFFLED_TRICKERY,詭術牌堆已洗牌
NOVELLA_MENU_JUMPTOBOOKMARK,前進至書籤
NOVELLA_MENU_JUMPTOTITLE,前進至標題
NOVELLA_MENU_MODELANDSCAPE,橫向模式
NOVELLA_MENU_MODEPORTRAIT,直向模式
NOVELLA_MENU_TEXTSIZEDOWN,縮小字型
NOVELLA_MENU_TEXTSIZEUP,放大字型
NOVELLA_PROMPT_LEAVE,確定要退出閱讀器並返回主選單嗎？
NPC_BANE_01_NAME,魔鴆
NPC_KINGSGUARD_01_NAME,國王的守衛
NPC_KING_01_NAME,國王
NPC_KING_01_TOOLTIPBODYTEXT,曾經睿智與仁慈的愛門羅統治者現已墜入黑暗之中。
OPTIONS_AUDIO,音訊
OPTIONS_AUDIO_HEADING,音訊選項
OPTIONS_AUDIO_MUSIC_VOLUME,音樂音量
OPTIONS_AUDIO_SFX_VOLUME,音效音量
OPTIONS_AUDIO_VO_VOLUME,旁白音量
OPTIONS_AUTO_ENCOUNTER_PEEK,自動遭遇戰窺視
OPTIONS_AUTO_ENCOUNTER_PEEK_OFF,關閉
OPTIONS_AUTO_ENCOUNTER_PEEK_ON,開啟
OPTIONS_BATTERY_SAVER,省電模式
OPTIONS_CONTROLLERS_CONFIRM_BINDING,確認
OPTIONS_CONTROLLERS_ENDTURN_BINDING,結束回合
OPTIONS_CONTROLLERS_FOCUSCARD_BINDING,指定卡牌[b]右[/b]
OPTIONS_CONTROLLERS_HEROSHELF_BINDING,英雄選單
OPTIONS_CONTROLLERS_INFORMATION_BINDING,情報
OPTIONS_CONTROLLERS_LEFTSTICK_BINDING,[b]左搖桿[/b]\n移動游標\n擲骰
OPTIONS_CONTROLLERS_LEFTSTICK_BINDING_SWITCH,[b]L操控搖桿[/b]\n移動游標\n擲骰
OPTIONS_CONTROLLERS_LEFTSTICK_BINDING_XBOX,[b]LS[/b]\n移動游標\n擲骰
OPTIONS_CONTROLLERS_PS4_L1_BINDING,切換玩家[b]L1[/b]
OPTIONS_CONTROLLERS_PS4_L1_R1_BINDING,[b]L1 + R1[/b]聚焦至當前玩家
OPTIONS_CONTROLLERS_PS4_L2_BINDING,移動視角[b]L2[/b]
OPTIONS_CONTROLLERS_PS4_OPTIONS_BINDING,[b]選項[/b]\n選單
OPTIONS_CONTROLLERS_PS4_R1_BINDING,[b]R1[/b]切換玩家
OPTIONS_CONTROLLERS_PS4_R2_BINDING,[b]R2[/b]準備好一個選中的卡牌
OPTIONS_CONTROLLERS_PS4_TOUCHPAD_BINDING,[b]觸摸板按鍵[/b]\n摘要面板\n\n[b]觸摸板[/b]\n滑動擲骰
OPTIONS_CONTROLLERS_RIGHTSTICK_BINDING,[b]右搖桿[/b]縮放地圖\n[b]R3[/b]狀態反饋
OPTIONS_CONTROLLERS_RIGHTSTICK_BINDING_SWITCH,[b]R操控搖桿[/b]縮放地圖\n[b]按下R操控搖桿[/b]狀態反饋
OPTIONS_CONTROLLERS_RIGHTSTICK_BINDING_VITA,[b]右搖桿[/b]縮放地圖
OPTIONS_CONTROLLERS_RIGHTSTICK_BINDING_XBOX,[b]RS[/b]縮放地圖\n[b]按下RS[/b]狀態反饋
OPTIONS_CONTROLLERS_SELECTCARD_BINDING,選擇卡牌[b]上下[/b]
OPTIONS_CONTROLLERS_SELECTCARD_DOWN_BINDING,選擇卡牌[b]下[/b]
OPTIONS_CONTROLLERS_SELECTCARD_UP_BINDING,選擇卡牌[b]上[/b]
OPTIONS_CONTROLLERS_SWITCH_L_BINDING,切換玩家[b]L[/b]
OPTIONS_CONTROLLERS_SWITCH_L_R_BINDING,[b]L + R[/b]聚焦至當前玩家
OPTIONS_CONTROLLERS_SWITCH_MINUS_BINDING,[b]-[/b]\n摘要面板
OPTIONS_CONTROLLERS_SWITCH_PLUS_BINDING,[b]+[/b]\n選單
OPTIONS_CONTROLLERS_SWITCH_R_BINDING,[b]R[/b]切換玩家
OPTIONS_CONTROLLERS_SWITCH_SCREEN,觸碰
OPTIONS_CONTROLLERS_SWITCH_ZL_BINDING,移動視角[b]ZL[/b]
OPTIONS_CONTROLLERS_SWITCH_ZR_BINDING,[b]ZR[/b]準備好一個選中的卡牌
OPTIONS_CONTROLLERS_UNFOCUSCARD_BINDING,取消專注卡牌[b]左[/b]
OPTIONS_CONTROLLERS_VITA_REMOTE_L_BINDING,移動視角[b]按住L[/b]
OPTIONS_CONTROLLERS_VITA_REMOTE_OPTIONS_BINDING,[b]START[/b]\n選單
OPTIONS_CONTROLLERS_VITA_REMOTE_REARTOUCHPAD,[b]後觸摸板[/b]
OPTIONS_CONTROLLERS_VITA_REMOTE_R_BINDING,[b]按住R[/b]準備好一個選中的卡牌
OPTIONS_CONTROLLERS_VITA_REMOTE_TOUCHSCREEN,[b]觸控板按鍵[/b]\n摘要面板\n\n[b]觸控板[/b]\n滑動擲骰
OPTIONS_CONTROLLERS_XBOX360_BACK_BINDING,[b]BACK鍵[/b]\n摘要面板
OPTIONS_CONTROLLERS_XBOX360_START_BINDING,[b]開始[/b]\n選單
OPTIONS_CONTROLLERS_XBOXONE_LB_BINDING,切換玩家[b]LB[/b]
OPTIONS_CONTROLLERS_XBOXONE_LB_RB_BINDING,[b]LB + RB[/b]聚焦至當前玩家
OPTIONS_CONTROLLERS_XBOXONE_LT_BINDING,移動視角[b]LT[/b]
OPTIONS_CONTROLLERS_XBOXONE_MENU_BINDING,[b]選單[/b]\n選單
OPTIONS_CONTROLLERS_XBOXONE_RB_BINDING,[b]RB[/b]切換玩家
OPTIONS_CONTROLLERS_XBOXONE_RT_BINDING,[b]RT[/b]準備好一個選中的卡牌
OPTIONS_CONTROLLERS_XBOXONE_VIEW_BINDING,[b]檢視[/b]\n摘要面板
OPTIONS_CONTROLLER_VIBRATION,控制器震動
OPTIONS_CONTROLS,控制
OPTIONS_CONTROLS_FOCUS_CURRENT_TURNTAKER,聚焦至當前回合玩家
OPTIONS_CONTROLS_FOCUS_LOCAL_PLAYER,聚焦至本地玩家
OPTIONS_CONTROLS_FOCUS_NEXT_ENTITY,聚焦至下一個體
OPTIONS_CONTROLS_FOCUS_PALACE,聚焦至王宮
OPTIONS_CONTROLS_FOCUS_PREVIOUS_ENTITY,聚焦至上一個體
OPTIONS_CONTROLS_FOCUS_QUEST,聚焦至任務
OPTIONS_CONTROLS_FOCUS_TURNTAKER_1,聚焦至回合的第一個玩家
OPTIONS_CONTROLS_FOCUS_TURNTAKER_2,聚焦至回合的第二個玩家
OPTIONS_CONTROLS_FOCUS_TURNTAKER_3,聚焦至回合的第三個玩家
OPTIONS_CONTROLS_FOCUS_TURNTAKER_4,聚焦至回合的第四個玩家
OPTIONS_CONTROLS_HARDWARE_CURSOR,硬體游標
OPTIONS_CONTROLS_MOUSE_SENSITIVITY,滑鼠靈敏度
OPTIONS_CONTROLS_SCROLL_MAP_DOWN,向下滾動地圖
OPTIONS_CONTROLS_SCROLL_MAP_LEFT,向左滾動地圖
OPTIONS_CONTROLS_SCROLL_MAP_RIGHT,向右滾動地圖
OPTIONS_CONTROLS_SCROLL_MAP_UP,向上滾動地圖
OPTIONS_CONTROLS_SHOWHIDE_HERO_SHELF,顯示/隱藏英雄選單
OPTIONS_CONTROLS_SHOWHIDE_INVENTORY,顯示／隱藏裝備欄
OPTIONS_CONTROLS_SHOWHIDE_JOURNAL,顯示/隱藏日誌
OPTIONS_CONTROLS_SHOW_CONTROLLER,按下任意控制器按鍵以檢視控制器設定
OPTIONS_CONTROLS_SHOW_KEYBOARD_MOUSE,按下任意鍵以檢視鍵盤/鼠標控制設定
OPTIONS_CONTROLS_SHOW_SUMMARY,顯示摘要
OPTIONS_CONTROLS_SPEEDUP_AI_TURNS,快進
OPTIONS_CROSSPLAY_ENABLE,Crossplay
OPTIONS_CROSSPLAY_ENABLE_DESCRIPTION,啟用你與其他支援平台上的多人遊戲玩法。
OPTIONS_GAMEPLAY,遊戲偏好
OPTIONS_GAMEPLAY_FOCUS_CLOSEST_BANE,聚焦至最接近的魔鴆
OPTIONS_GAMEPLAY_FOCUS_CLOSEST_KINGSGUARD,聚焦至最近的國王的守衛
OPTIONS_GAMEPLAY_PREFERENCES_HEADING,遊戲偏好
OPTIONS_GAMEPLAY_PREFERENCES_WARNING,註：這些偏好可能在特定遊戲模式中被覆蓋
OPTIONS_GAMEPLAY_QUICK_AI_ENCOUNTERS,快速AI遭遇戰
OPTIONS_GAMEPLAY_QUICK_MODE,快速玩法模式
OPTIONS_GAMEPLAY_ROLL_DICE,擲骰
OPTIONS_GAMEPLAY_SETTINGS_HEADING,遊戲設置
OPTIONS_GAMEPLAY_TUTORIALS,教程
OPTIONS_HOUSE_RULES_FIRST_TIME_WARNING,歡迎你，冒險者！這些是愛門羅的遊戲規則，它們或是從玩家社區脫穎而出，或是出自我們工作室的試驗！
OPTIONS_HOUSE_RULES_HEADING,遊戲規則
OPTIONS_HOUSE_RULES_PROGRESSION_WARNING,警告：在自訂遊戲中無法獲得成就！
OPTIONS_HOUSE_RULES_PROGRESSION_WARNING_MULTIPLAYER,警告：更改遊戲規則將會禁用遊戲的成就及多人遊戲進程！
OPTIONS_INTERFACE,介面
OPTIONS_INTERFACE_HEADING,介面選項
OPTIONS_LANGUAGE,語言
OPTIONS_LANGUAGE_DESC,選擇語言
OPTIONS_SHOW_RANK,顯示玩家等級
OPTIONS_SHOW_RANK_OFF,關
OPTIONS_SHOW_RANK_ON,開
OPTIONS_VIDEO_AUDIO,畫面 & 音訊
OPTIONS_VIDEO_AUDIO_HEADING,畫面 & 音訊選項
OPTIONS_VIDEO_FULLSCREEN_MODE,屏幕模式
OPTIONS_VIDEO_FULLSCREEN_OFF,視窗模式
OPTIONS_VIDEO_FULLSCREEN_ON,全螢幕模式
OPTIONS_VIDEO_GRAPHICS_QUALITY,圖像品質
OPTIONS_VIDEO_RESOLUTION,螢幕解析度
OPTIONS_VIDEO_VSYNC,垂直同步模式
PALACEPERILCARDTYPE_NAME,王宮危機
PAUSE_MENU_AV_OPTIONS,音訊／畫面
PAUSE_MENU_CHANGE_USER,變更帳戶
PAUSE_MENU_CHANGE_USER_PROMPT,以不同帳戶登入將導致你離開遊戲。你確定希望繼續嗎？
PAUSE_MENU_CONTINUE,繼續
PAUSE_MENU_CONTROLS,控制
PAUSE_MENU_GAMEPLAY_OPTIONS,遊戲設置
PAUSE_MENU_GAME_GUIDE,遊戲指南
PAUSE_MENU_HOUSE_RULES,遊戲規則
PAUSE_MENU_INTERFACE_OPTIONS,介面
PAUSE_MENU_QUIT,退出
PAUSE_MENU_RESTART_ACT,重玩章節
PERIL_INSTRUCTION_TEXT,燃燒卡牌或擲骰\n來與符號相匹配
PERIL_RETURN_TO_BOARD,返回地圖
PERIL_STAT_VERSUS_PERIL,<stat_type> vs 危機
PERIL_TITLE,危機
PRESTIGELEADER_ANNOUNCE,「依照我忠誠的管家：<clan>部族的<hero>的建議，這個黎明的詔令將成為律法。」
PRESTIGELEADER_DAWN,第{0}天的黎明
PRESTIGELEADER_DESC,等待國王的詔令……
PRESTIGELEADER_DESC_LEADER,選擇一個國王的詔令。
PRESTIGELEADER_NONE_ANNOUNCE,「這個黎明的詔令將成為律法。」
PRESTIGELEADER_TITLE,國王將<clan>部族的<hero>叫到身旁。
PRESTIGELEADER_TITLE_LEADER,<hero>，國王將你視作威望首領，尋求你的建言。
PROLOGUEACT1CONFIG_DESCRIPTION,在森的故事中，學習移動和戰鬥的基礎。
PROLOGUEACT1CONFIG_NAME,狼的狩獵
PROLOGUEACT1CONFIG_REFILLCARDADVICE,你失去了你的<card>！這裡有另外一張。
PROLOGUEACT1CONFIG_REFILLRESOURCESADVICE,再給你一點<stat_type>，這樣你就能使用『<card>』了。
PROLOGUEACT2CONFIG_DESCRIPTION,在墨可利歐的故事中，學習卡牌玩法和愛門羅的危機。
PROLOGUEACT2CONFIG_NAME,鼠的故事
PROLOGUEACT2CONFIG_REFILLCARDADVICE,你失去了你的<card>！這裡有另外一張。
PROLOGUEACT2CONFIG_REFILLRESOURCESADVICE,再給你一點<stat_type>，這樣你就能使用『<card>』了。
PROLOGUEACT3CONFIG_DESCRIPTION,在安柏的故事中，學習使用法術以及操縱王國的政治
PROLOGUEACT3CONFIG_NAME,兔的任務
PROLOGUEACT3CONFIG_REFILLCARDADVICE,你失去了你的<card>！這裡有另外一張。
PROLOGUEACT3CONFIG_REFILLRESOURCESADVICE,再給你一點<stat_type>，這樣你就能使用『<card>』了。
PROLOGUEACT4CONFIG_DESCRIPTION,在薩娜的故事中，學習如何對抗汙穢以及發現不同的致勝途徑。
PROLOGUEACT4CONFIG_NAME,熊的巡禮
PROLOGUEACT4CONFIG_REFILLCARDADVICE,你失去了你的<card>！這裡有另外一張。
PROLOGUEACT4CONFIG_REFILLRESOURCESADVICE,再給你一點<stat_type>，這樣你就能使用『<card>』了。
PROLOGUESELECT_CONTINUE,繼續
PROLOGUE_ACT1_OUTRO_1,黑暗蠢蠢欲動著\n\n汙穢已經重新回歸愛門羅了
PROLOGUE_ACT1_OUTRO_2,被獵捕的狼被迫撤退\n\n而老鼠為了從中牟取利益而鬼鬼祟祟
PROLOGUE_ACT2_OUTRO_1,王國瀰漫著愁雲慘霧\n\n英雄們遁離戰場、重整旗鼓
PROLOGUE_ACT2_OUTRO_2,但在王國東方、旭日升起之時\n\n兔子的任務已經開始\n
PROLOGUE_ACT3_OUTRO_1,國王拋棄了他那純淨的道路\n\n汙穢日益強大、橫行無阻
PROLOGUE_ACT3_OUTRO_2,聰明的兔子擬定了捍衛自由的計畫\n\n熊族則在懷爾德樹下商討著和平之法
PROLOGUE_ACT4_OUTRO_1,從狼到熊，部族們宣稱\n\n奪取王座的時候到了
PROLOGUE_ACT4_OUTRO_2,汙穢四處傳播蔓延，它扭曲了我們國王的心智。\n\n崛起吧！諸位英雄們！ 拯救愛門羅的時刻到了！
PROLOGUE_AMBER_LETTER,[B20A0EFF]安柏女士，[-][000000FF]馳名的遠征者，向妳致以問候，願妳在\n旅途中一切順利。我們以沉重的心情帶來了可怕的\n消息：國王下令廢除了兔族的議會。我們所說的話\n已經不再能傳遞給他，而王國也將因此墮落沉淪。\n妳是愛門羅的傳奇人物，我們非常希望妳能夠鞏固\n妳的威望，並重獲國王的信任。在情況激化之前，\n我們還是能應對這一狀況的。[-]
PROLOGUE_AMBER_LETTER_SENDER,兔族大師 ─ 弗洛里安
PROLOGUE_MERCURIO_LETTER,[B20A0EFF]墨可利歐閣下，[-][000000FF]我們在王宮的耳目探聽到一些秘密\n計劃。看來，森高估了自己的能力而跑去尋找汙穢\n的道具了。國王已為他設下了陷阱，他的首級即將\n被懸賞。而這懸賞，我們希望由你奪得，讓他明白\n隨意干涉汙穢的後果，然後再由你取回那些道具。\n王牌間諜 ─ 內特 ‧ 芬尼特在南岸等著你，她的能力\n可以幫上你。祝你好運，願你如簧之舌保持鋒銳、\n程度更甚你的刀刃。切記，看完後銷毀這封信。[-]
PROLOGUE_MERCURIO_LETTER_SENDER,費斯滕
PROLOGUE_SANA_LETTER,[B20A0EFF]薩娜姊妹，[-][000000FF]我會長話短說。我相信妳也已經感受到\n黑暗正在蔓延，古老的魔法蠢蠢欲動，這正是汙穢\n的力量。長老們都一致認為，牠回來了。這波腐化\n必須被扼殺在搖籃之中。如果那魔鴆們再度崛起，\n我們可能會失去一切。[-]
PROLOGUE_SANA_LETTER_SENDER,修道院長 ─ 伊萊瑞斯
PROLOGUE_THANE_LETTER,[B20A0EFF]月光照耀著你，森。[-][000000FF]長老們焦躁不安，空氣中瀰漫\n著令人不快的氣息，我們懷疑黑暗勢力正在行動，\n似乎這一切和汙穢有關。一位狼族的騎士正在南岸\n的大門前等著你，他發現了鼠族在暗處裡蠢蠢欲動\n的跡象。或許他們就是這股不祥氣息的幕後黑手。\n我們已經派出一位嚮導指引你前往目標村落。儘管\n他話有點多，但也仍是個老練的探險者，他會好好\n為你服務的。願你的刀刃永不落空。[-]
PROLOGUE_THANE_LETTER_SENDER,狼穴教母 ─ 追雪 ‧ 格雷邁恩
PUSHNOTIFICATION_24_DESCRIPTION,你的每日寶箱已經準備就緒了！
PUSHNOTIFICATION_24_TITLE,領取你的每日寶箱！
PUSHNOTIFICATION_72_DESCRIPTION,英雄，愛門羅王國需要你！
PUSHNOTIFICATION_72_TITLE,愛門羅的王座虛位以待！
QUESTS_CHOOSE_QUEST_DESCRIPTION,「嘿，我聽說有什麼東西正在愛門羅的土地上騷動！可能只是謠言，但你有做出選擇的勇氣嗎？」
QUESTS_CHOOSE_QUEST_TITLE,選擇一個任務
QUESTS_TIER_1_QUEST_DESCRIPTION_0,「願懷爾德保佑你， <hero_name>。你在這裡真是太好了。這裡有很多需要注意的地方。」
QUESTS_TIER_1_QUEST_DESCRIPTION_1,「你總算來了。這裡有成百上千的災難需要解決，而你是唯一能幫上忙的人。」
QUESTS_TIER_1_QUEST_DESCRIPTION_2,「像你這樣的人在我們這兒不太常見。嗯，或許你待在這兒的時候可以調查一些東西。」
QUESTS_TIER_1_QUEST_DESCRIPTION_3,「哇！<hero_name>！我打聽到了一些消息，我猜你一定想知道！」
QUESTS_TIER_1_QUEST_DESCRIPTION_4,「啊！是<hero_name>！懷爾德知道我有消息要告訴你！」
QUESTS_TIER_1_QUEST_DESCRIPTION_5,「我還記得，在我還是你這個年紀的時候，追尋著童話。唔，我知道幾個你想要聽的。」
QUESTS_TIER_1_QUEST_DESCRIPTION_6,「有硬幣嗎？我聽說了一些你想知道的消息。」
QUESTS_TIER_1_QUEST_DESCRIPTION_7,「聽清楚了，『英雄』。你可以做很多事情，但也有很多人能夠代替你。所以好好幹活，不然我就去找別的傻瓜。」
QUESTS_TIER_1_QUEST_DESCRIPTION_8,「有傳言？我還有更有意義的事情要做！好吧……大部分是這樣的。我的確聽說了一兩件奇怪的事。」
QUESTS_TIER_1_QUEST_DESCRIPTION_9,「其他的英雄們都犯了錯誤。你是我唯一能夠信任的。這就是我所知道的。」
QUESTS_TIER_2_QUEST_DESCRIPTION_0,「曾經有那麼一天，整個愛門羅都團結一心。而現在，這裡的麻煩不計其數。」
QUESTS_TIER_2_QUEST_DESCRIPTION_1,「另一個英雄。你們幾個東奔西走。但你看上去依舊堅韌。或許你該做些真正的工作了。」
QUESTS_TIER_2_QUEST_DESCRIPTION_2,「一個英雄？唔。好吧，如果你想要去逐影，我在附近聽到了一些事情。」
QUESTS_TIER_2_QUEST_DESCRIPTION_3,「<hero_name>！見到你真是太高興了。我的父母正在談論一些可怕的事情。」
QUESTS_TIER_2_QUEST_DESCRIPTION_4,「你知道如果你在任務中需要幫忙，隨時都能來找我。我這裡有幾個你現在就可以來看的！」
QUESTS_TIER_2_QUEST_DESCRIPTION_5,「到了我這個年紀，你周圍的人就不會太注意自己說的話。我能聽到各種有趣的事情。」
QUESTS_TIER_2_QUEST_DESCRIPTION_6,「如果你知道一個秘密，就離乞丐們遠一點。我們能聽到的東西比你想到的東西要多。」
QUESTS_TIER_2_QUEST_DESCRIPTION_7,「如果你能以我的角度看待問題，你就會對成為『英雄』這件事更為謹慎了。」
QUESTS_TIER_2_QUEST_DESCRIPTION_8,「人們不再過多的談論事情了。信任已經消失了。可能是因為周圍危機四伏。」
QUESTS_TIER_2_QUEST_DESCRIPTION_9,「當我侍奉國王的時候，我聽說了很多會威脅到愛門羅的安全的事物。」
QUESTS_TIER_3_QUEST_DESCRIPTION_0,「白天正在變短，而黑夜正在變長，<hero_name>。我們需要你的幫助來把愛門羅從黑暗中拯救出來。」
QUESTS_TIER_3_QUEST_DESCRIPTION_1,「讓汙穢帶走國王和他的同類吧。得靠像你這樣的野獸挺身而出，否則愛門羅將化為灰燼。」
QUESTS_TIER_3_QUEST_DESCRIPTION_2,「我並不在乎這些，但是周圍有一些傳言。你可能會想瞭解一下……我猜。」
QUESTS_TIER_3_QUEST_DESCRIPTION_3,「<hero_name>！所有人都在談論黑暗中的危險。」
QUESTS_TIER_3_QUEST_DESCRIPTION_4,「<hero_name>。我一直注意著你可能會需要的消息。」
QUESTS_TIER_3_QUEST_DESCRIPTION_5,「我知道這聽起來跟個老癩蛤蟆似的，但是愛門羅最近不太樂觀。我知道一些像你這樣的年輕人能夠幫得上忙的地方。」
QUESTS_TIER_3_QUEST_DESCRIPTION_6,「真是漫長的一天，<hero_name>。不過如果你願意替我調查一些事情，我不介意讓這一天再延長一點。」
QUESTS_TIER_3_QUEST_DESCRIPTION_7,「你比大部分『英雄』要好。這是件好事。我們需要像你這樣有技術的人。這裡有些麻煩。」
QUESTS_TIER_3_QUEST_DESCRIPTION_8,「我曾經認為國王會保護我們……但是在疾行淨化之後？他做的太過火了。」
QUESTS_TIER_3_QUEST_DESCRIPTION_9,「如果國王的瘋狂不受遏制，那麼整個愛門羅都將處於危機之中。但是在我們能解決他之前，還有其他需要處理的事情。」
QUESTS_TIER_4_QUEST_DESCRIPTION_0,「終結即將到來，<hero_name>。在你面對國王之前，請再幫助我們一次。」
QUESTS_TIER_4_QUEST_DESCRIPTION_1,「這一切就快結束了，英雄。去吧。這片大地需要你。這是你欠愛門羅人民的。」
QUESTS_TIER_4_QUEST_DESCRIPTION_2,「即使是我，也能感受到愛門羅生病了。你得做點什麼，<hero_name>。愈快愈好。」
QUESTS_TIER_4_QUEST_DESCRIPTION_3,「我的媽媽說如果你不來幫忙，整個愛門羅將被燒盡。求你了。」
QUESTS_TIER_4_QUEST_DESCRIPTION_4,「<hero_name>！我不該在這裡。太危險了。我會告訴你我所聽說的事情，然後我就要回去躲起來了。」
QUESTS_TIER_4_QUEST_DESCRIPTION_5,「我沒有太多時間了。但我希望在死前能看到一些好事發生。」
QUESTS_TIER_4_QUEST_DESCRIPTION_6,「上一次發生這麼糟糕的事的時候，我失去了我的孩子。我不想再讓別人遭遇這種事情了。你得幫幫忙。」
QUESTS_TIER_4_QUEST_DESCRIPTION_7,「懷爾德在上！你也該出現了。你得開始工作了。愛門羅正遭遇著各種各樣的麻煩。」
QUESTS_TIER_4_QUEST_DESCRIPTION_8,「我不想假裝喜歡你們這些英雄，但是在像這樣的時候，你們是唯一能夠幫得上忙的人。我聽說有一些很可怕的危機。」
QUESTS_TIER_4_QUEST_DESCRIPTION_9,「沒有你的幫助，愛門羅一定會墮落的。我不想這麼說，但是我們需要你的幫助，最後一次。」
QUESTS_TIER_5_QUEST_DESCRIPTION_0,「是時候了，<hero_name>。如果你不現在殺死國王，整個愛門羅將萬劫不復。」
QUESTS_TIER_5_QUEST_DESCRIPTION_1,「它終於結束了。無論如何。去吧，帶著王冠回來，或者別回來了。」
QUESTS_TIER_5_QUEST_DESCRIPTION_2,「我從未想過我會這麼說……但是你會是個好國王。去殺掉國王，為自己奪得王位吧！」
QUESTS_TIER_5_QUEST_DESCRIPTION_3,「你做到了！我就知道你會……好吧……大體上。但是你還得再做一件事。」
QUESTS_TIER_5_QUEST_DESCRIPTION_4,「我們得行動了，<hero_name>。在你坐上王位的時候，你會記住我的。不是嗎？」
QUESTS_TIER_5_QUEST_DESCRIPTION_5,真想不到。我從沒想過我能活著看到新王登基的這一天。去吧，帶著我的祝福。
QUESTS_TIER_5_QUEST_DESCRIPTION_6,「你？在王座上！嘖！對我們乞丐而言都是一樣的……但是無論如何，祝你好運。」
QUESTS_TIER_5_QUEST_DESCRIPTION_7,「終於到了這個時刻。愛門羅將被從那個暴君的手中解放出來。我希望你不要成為一樣糟糕的國王。」
QUESTS_TIER_5_QUEST_DESCRIPTION_8,「你知道的，可能我是錯的。瘋王真的瘋了。我相信你會睿智的好好管理這個國家的。」
QUESTS_TIER_5_QUEST_DESCRIPTION_9,「是時候了。在你戴上愛門羅王冠的時候，能夠侍奉你將是我的榮耀。」
QUEST_BANDIT_1_1_QUESTINFODATA_ACTIONS_0_ACTIONTEXT,打掉他的武器——讓他看看你為何被選中，而非他。
QUEST_BANDIT_1_1_QUESTINFODATA_ACTIONS_0_DEFAULTOUTCOME_JOURNALTEXT,<hero_name> 沒能打掉這奸賊的武器，直到最後我們的英雄不得不在對決中殺了他。
QUEST_BANDIT_1_1_QUESTINFODATA_ACTIONS_0_DEFAULTOUTCOME_OUTCOMETEXT,你嘗試著解除你老友的武器，但他的刀刃無情地向你揮砍而來。在理解到這樣下去遲早會要了你的小命，你不得不對他痛下殺手。
QUEST_BANDIT_1_1_QUESTINFODATA_ACTIONS_0_TESTSUCCESSOUTCOME_JOURNALTEXT,<hero_name>還不忍殺掉一位老友。僅僅輕鬆一揮，這醋罐子的武器就被擊落在地上，他羞愧的逃進樹林裡了。
QUEST_BANDIT_1_1_QUESTINFODATA_ACTIONS_0_TESTSUCCESSOUTCOME_OUTCOMETEXT,你靈巧地揮舞著刀背，擊中了他的手腕，迅速地解除了他的武裝。他羞愧地逃走，留下了他的背包。
QUEST_BANDIT_1_1_QUESTINFODATA_ACTIONS_1_ACTIONTEXT,果斷地殺了他！
QUEST_BANDIT_1_1_QUESTINFODATA_ACTIONS_1_DEFAULTOUTCOME_JOURNALTEXT,在樹林中寒風颼颼不斷的吹著，<hero_name> 大步向前。「那麼我這就讓你明白，為什麼我是被選中之人。」戰鬥僅僅在幾秒內就結束了。
QUEST_BANDIT_1_1_QUESTINFODATA_ACTIONS_1_DEFAULTOUTCOME_OUTCOMETEXT,儘管你們曾經是一見如故的好友，但眼前這人已經被瘋狂的嫉妒心扭曲了。你很快地殺死了他，離開了幽谷，内心毫無波瀾。
QUEST_BANDIT_1_1_QUESTINFODATA_ENCOUNTERTEXT,你在樹林深處的幽谷中遇到了你的老朋友。他拔出了劍，指著你威脅。「我才更有資格！」他冷笑道。
QUEST_BANDIT_1_1_QUESTINFODATA_JOURNALENCOUNTERTEXT,我們的英雄很快地遇到了一位老朋友。他拔出了劍，打算通過殺死<hero_name>來證明自己更有奪得王位的能力。
QUEST_BANDIT_1_1_QUESTINFODATA_JOURNALRUMOURTEXT,正當<hero_name>準備啟程踏上他偉大的旅程之時，從內部出現了新的威脅。一位老友突然向你提出一場生死對決！
QUEST_BANDIT_1_1_QUESTINFODATA_RUMOURTEXT,看來你的一位老友認為他比你更夠格奪得王位。看來在出發前得好好肅清一下組織內部才行呢！
QUEST_BANDIT_1_1_QUESTINFODATA_TITLE,肅清內賊
QUEST_BANDIT_1_2_QUESTINFODATA_ACTIONS_0_ACTIONTEXT,獨自進攻奴隸營地
QUEST_BANDIT_1_2_QUESTINFODATA_ACTIONS_0_DEFAULTOUTCOME_JOURNALTEXT,<hero_name>想要單槍匹馬釋放他們。然而，這是愚蠢的決定，我們的英雄受了重傷，不得不逃跑。
QUEST_BANDIT_1_2_QUESTINFODATA_ACTIONS_0_DEFAULTOUTCOME_OUTCOMETEXT,為了證明自己的確夠資格角逐王座的打算，卻讓你踢到了鐵板。你被奴隸販子們給打的落花流水，你不得不逃跑。
QUEST_BANDIT_1_2_QUESTINFODATA_ACTIONS_0_TESTSUCCESSOUTCOME_JOURNALTEXT,<hero_name> 進攻了奴隸營，擊敗了所有的奴隸販子。奴隸們被釋放了，而<hero_name>也開啟了他角逐王座的道路。
QUEST_BANDIT_1_2_QUESTINFODATA_ACTIONS_0_TESTSUCCESSOUTCOME_OUTCOMETEXT,你衝進了奴隸販子營地，彷彿一陣死亡與毀滅的旋風一般。一個奴隸甚至想要加入你們，為你們的任務貢獻一份力量。
QUEST_BANDIT_1_2_QUESTINFODATA_ACTIONS_1_ACTIONTEXT,集結攻堅
QUEST_BANDIT_1_2_QUESTINFODATA_ACTIONS_1_DEFAULTOUTCOME_JOURNALTEXT,<hero_name>召來了他們的強盜大軍來一起進攻這座營地，成功釋放了所有的奴隸們，解放了這座山林。
QUEST_BANDIT_1_2_QUESTINFODATA_ACTIONS_1_DEFAULTOUTCOME_OUTCOMETEXT,你與你的強盜大軍一起解放了這座營地。儘管雙方都有不少死傷，但你依舊證明了自己的英雄身份。
QUEST_BANDIT_1_2_QUESTINFODATA_ENCOUNTERTEXT,多年來，你的強盜部族與<quest_tile>的奴隸販子們發生不少衝突。而現在正是證明你配得上愛門羅王座的時候了。
QUEST_BANDIT_1_2_QUESTINFODATA_JOURNALENCOUNTERTEXT,奴隸營像是一塊雄偉壯麗的巨石碑一般高高聳立在山林深處。我們的英雄看到數不盡的奴隸們在他們主人的鞭苔下辛苦的勞動著。
QUEST_BANDIT_1_2_QUESTINFODATA_JOURNALRUMOURTEXT,<quest_tile>的奴隸販子一直都是<hero_name>的眼中釘。他們的敗亡能助我們的英雄步上領導之路。
QUEST_BANDIT_1_2_QUESTINFODATA_RUMOURTEXT,如果你想要得到王座，你就得表現出一個首領應有的樣子。或許清除山中的奴隸販子的營地是個好主意？
QUEST_BANDIT_1_2_QUESTINFODATA_TITLE,山林死鬥
QUEST_BANDIT_1_3_QUESTINFODATA_ACTIONS_0_ACTIONTEXT,殺了守衛，再殺男爵
QUEST_BANDIT_1_3_QUESTINFODATA_ACTIONS_0_DEFAULTOUTCOME_JOURNALTEXT,強盜氏族絕不會膽怯畏戰！即使數量敵眾我寡，還是發動了攻擊！我們的英雄帶著一身的傷逃走了，看上去至少還留有一點尊嚴。
QUEST_BANDIT_1_3_QUESTINFODATA_ACTIONS_0_DEFAULTOUTCOME_OUTCOMETEXT,你拔出了你的佩劍與男爵的守衛們打了起來。不幸的是，你的身手太差，只能戰敗逃走了。
QUEST_BANDIT_1_3_QUESTINFODATA_ACTIONS_0_TESTSUCCESSOUTCOME_JOURNALTEXT,<hero_name>靈巧地閃避、揮舞著佩劍，如同收割雜草一般砍倒了守衛。接下來輪到男爵了 ── 他空洞的乞憐可打動不了我們英雄那等著揮下的劍刃。
QUEST_BANDIT_1_3_QUESTINFODATA_ACTIONS_0_TESTSUCCESSOUTCOME_OUTCOMETEXT,你衝向守衛，不久後就殺光了他們。接下來就輪到男爵了 ── 但這是在你奪走他一件精美寶物之後的事情了。
QUEST_BANDIT_1_3_QUESTINFODATA_ACTIONS_1_ACTIONTEXT,逃之夭夭
QUEST_BANDIT_1_3_QUESTINFODATA_ACTIONS_1_DEFAULTOUTCOME_JOURNALTEXT,強盜氏族全靠著強運存活下來的！但我們的英雄感覺自己的好運在今天就會有用盡的危險，因此他們選擇逃跑了。還是擇日再戰吧！
QUEST_BANDIT_1_3_QUESTINFODATA_ACTIONS_1_DEFAULTOUTCOME_OUTCOMETEXT,在成功殺死幾個守衛後，總算逃出了男爵對你設下的圈套 ── 當作偉大旅程的序章來說，這感覺還挺尷尬的，但至少你還保有一條小命。
QUEST_BANDIT_1_3_QUESTINFODATA_ENCOUNTERTEXT,你進入村落後，很快就發現寶藏的傳言不過是個圈套 ── 男爵已下令取你性命！
QUEST_BANDIT_1_3_QUESTINFODATA_JOURNALENCOUNTERTEXT,唉！當<hero_name>抵達的時候，發現這不過是狡猾的男爵對你設下的圈套！我們的英雄被包圍了！
QUEST_BANDIT_1_3_QUESTINFODATA_JOURNALRUMOURTEXT,我們英雄旅程的冒險篇章將從附近的這座小鎮開始。傳說中，狡猾的男爵通過壓搾小鎮居民獲取了巨額財富。
QUEST_BANDIT_1_3_QUESTINFODATA_RUMOURTEXT,當地一名男爵找到了深埋已久的寶藏，並自己私吞了全部。將寶藏洗劫一空對你的旅程應該會是個不錯的開始。
QUEST_BANDIT_1_3_QUESTINFODATA_TITLE,算計圈套
QUEST_BANDIT_1_4_QUESTINFODATA_ACTIONS_0_ACTIONTEXT,用你的機智談判農場的釋放
QUEST_BANDIT_1_4_QUESTINFODATA_ACTIONS_0_DEFAULTOUTCOME_JOURNALTEXT,我們的英雄試著進行談判說服，但是理性商談很快就演變成相互咒駡的場面。<hero_name>不得不繼續前行。
QUEST_BANDIT_1_4_QUESTINFODATA_ACTIONS_0_DEFAULTOUTCOME_OUTCOMETEXT,你嘗試說服與你競爭的強盜們，讓他們意識到這農莊不值得他們浪費時間。但是談判結果迅速急轉直下。出師不利。
QUEST_BANDIT_1_4_QUESTINFODATA_ACTIONS_0_TESTSUCCESSOUTCOME_JOURNALTEXT,我們的英雄的談判進行的非常順利，成功地說服強盜們離開此地。當地農民對你感到非常感激！
QUEST_BANDIT_1_4_QUESTINFODATA_ACTIONS_0_TESTSUCCESSOUTCOME_OUTCOMETEXT,敵對的強盜們很快就被說服了，認為不值得在這農莊上浪費時間。感激萬分的農民們送給你一塊心靈石當作謝禮！
QUEST_BANDIT_1_4_QUESTINFODATA_ACTIONS_1_ACTIONTEXT,趕走強盜
QUEST_BANDIT_1_4_QUESTINFODATA_ACTIONS_1_DEFAULTOUTCOME_JOURNALTEXT,我們的英雄打算趕走強盜，卻激怒了他們。他們放火燒了農莊，這場勝利似乎得不償失。
QUEST_BANDIT_1_4_QUESTINFODATA_ACTIONS_1_DEFAULTOUTCOME_OUTCOMETEXT,你出言恐嚇那群強盜們 ── 他們悻悻然地離開了，臨走時順便放火燒了農莊。看來這下子報酬全沒了！
QUEST_BANDIT_1_4_QUESTINFODATA_ENCOUNTERTEXT,這座農莊確實遭到了強盜們的侵擾 ── 事實上，他們是你的兇惡競爭對手。看來他們不會放過任何有利可圖的機會！
QUEST_BANDIT_1_4_QUESTINFODATA_JOURNALENCOUNTERTEXT,不幸的是，控制著這座農莊的強盜並不只是普通的對手，而是你在強盜部族中的兇惡競爭對手！
QUEST_BANDIT_1_4_QUESTINFODATA_JOURNALRUMOURTEXT,<hero_name>被引導至平原地區的一座小農莊，那裡有一個對立的強盜部族正在製造麻煩。
QUEST_BANDIT_1_4_QUESTINFODATA_RUMOURTEXT,附近有一座農莊正被強盜們騷擾著。正巧你也是一名強盜，我認為你很適合介入這個問題。
QUEST_BANDIT_1_4_QUESTINFODATA_TITLE,瓜分作物
QUEST_BANDIT_1_5_QUESTINFODATA_ACTIONS_0_ACTIONTEXT,投降，然後一起逃脫
QUEST_BANDIT_1_5_QUESTINFODATA_ACTIONS_0_DEFAULTOUTCOME_JOURNALTEXT,唉！我們的英雄的計劃竟然走漏了風聲。總算逃出了監獄，全身傷痕累累、心中羞愧無比。
QUEST_BANDIT_1_5_QUESTINFODATA_ACTIONS_0_DEFAULTOUTCOME_OUTCOMETEXT,你的絕妙計劃有一個致命缺陷：你自己。守衛們迅速地發現了你藏起來的撬鎖工具，你只好狼狽地逃出監獄。
QUEST_BANDIT_1_5_QUESTINFODATA_ACTIONS_0_TESTSUCCESSOUTCOME_JOURNALTEXT,<hero_name>身扣枷鎖，被押入了監牢。但有了藏起來的撬鎖工具，逃脫根本輕而易舉 ── 對你的英雄來說，對其他人亦是如此！
QUEST_BANDIT_1_5_QUESTINFODATA_ACTIONS_0_TESTSUCCESSOUTCOME_OUTCOMETEXT,夜幕降臨後，你拿出了藏起來的撬鎖工具，釋放了你的朋友們，帶他們奔向自由。其中一人提出了加入你的行列的請求！
QUEST_BANDIT_1_5_QUESTINFODATA_ACTIONS_1_ACTIONTEXT,破壞鐵窗
QUEST_BANDIT_1_5_QUESTINFODATA_ACTIONS_1_DEFAULTOUTCOME_JOURNALTEXT,<hero_name>爬到了附近的一個鐵窗那裡，給它開了個小缺口 ── 寬到能讓人勉強擠過，但並非所有人都能通過。
QUEST_BANDIT_1_5_QUESTINFODATA_ACTIONS_1_DEFAULTOUTCOME_OUTCOMETEXT,你爬到了他們牢房的鐵窗那裡，但只有幾個人能夠從你砍出的缺口逃脫。顯然這不是最好的越獄方法。
QUEST_BANDIT_1_5_QUESTINFODATA_ENCOUNTERTEXT,這個小鎮中的監獄戒備相當森嚴，有著許多樓層和守衛。這任務可不簡單。
QUEST_BANDIT_1_5_QUESTINFODATA_JOURNALENCOUNTERTEXT,我們的英雄站在這易守難攻的建築前沉思了一會，計畫著可行的方法。看來這次營救行動將讓我們在史書上流芳百世，或是屎臭萬年。
QUEST_BANDIT_1_5_QUESTINFODATA_JOURNALRUMOURTEXT,<hero_name>在通往王座的旅途中首先來到了一個小鎮，他們的強盜同夥們正被囚禁在一座大監獄裡腐爛。
QUEST_BANDIT_1_5_QUESTINFODATA_RUMOURTEXT,我們一些最忠誠的隨從們被當地守衛給抓住了。想救他們出來光靠蠻力似乎是行不通的！
QUEST_BANDIT_1_5_QUESTINFODATA_TITLE,劫獄救人
QUEST_BANDIT_1_6_QUESTINFODATA_ACTIONS_0_ACTIONTEXT,嘗試尋找寶藏
QUEST_BANDIT_1_6_QUESTINFODATA_ACTIONS_0_DEFAULTOUTCOME_JOURNALTEXT,<hero_name>試著想要找出寶藏，但寒冷的冰雪把一切埋了起來。我們的英雄不得不在寒霜吞噬他們前逃離。
QUEST_BANDIT_1_6_QUESTINFODATA_ACTIONS_0_DEFAULTOUTCOME_OUTCOMETEXT,你試著想盡可能找出線索，但寒冷的山脈將一切掩埋了起來。你幾乎被寒霜吞噬，不得不下山。
QUEST_BANDIT_1_6_QUESTINFODATA_ACTIONS_0_TESTSUCCESSOUTCOME_JOURNALTEXT,憑著智慧和敏銳的雙眼，<hero_name>很快就發現了一條能帶領他找到遠古寶藏的羊腸小道。
QUEST_BANDIT_1_6_QUESTINFODATA_ACTIONS_0_TESTSUCCESSOUTCOME_OUTCOMETEXT,憑著機智，你迅速地找到了一條通往狹窄山谷的小徑，並發現了一個被雪堆埋住的老舊寶箱。
QUEST_BANDIT_1_6_QUESTINFODATA_ACTIONS_1_ACTIONTEXT,離開山林
QUEST_BANDIT_1_6_QUESTINFODATA_ACTIONS_1_DEFAULTOUTCOME_JOURNALTEXT,<hero_name>馬上意識到，如果財寶現在還沒有被發現，或許永遠也不會被發現了。他們離開了山峰，這是個明智的選擇。
QUEST_BANDIT_1_6_QUESTINFODATA_ACTIONS_1_DEFAULTOUTCOME_OUTCOMETEXT,你認為如果到現在都沒有人能發現寶藏，那麼你也一定無法找到。你下了山，覺得這是個十分明智的選擇。
QUEST_BANDIT_1_6_QUESTINFODATA_ENCOUNTERTEXT,你爬上了山峰，搜索著任何能幫助你尋找寶藏的蛛絲馬跡。你心裡十分明白，它絕對就藏在這裡。
QUEST_BANDIT_1_6_QUESTINFODATA_JOURNALENCOUNTERTEXT,我們的英雄爬上了陡峭的山峰，四處尋找著寶藏的線索。如果它存在的話，應該就在附近的某個地方。
QUEST_BANDIT_1_6_QUESTINFODATA_JOURNALRUMOURTEXT,長久以來，有傳言說在<quest_tile>藏著寶藏。我們的英雄決定去一探究竟。
QUEST_BANDIT_1_6_QUESTINFODATA_RUMOURTEXT,在你過度陷入爭名奪利的風波之前，我建議你可以去尋找一下附近傳說中的寶藏。這對你會有所幫助的！
QUEST_BANDIT_1_6_QUESTINFODATA_TITLE,傳說中的寶藏
QUEST_BANDIT_1_7_QUESTINFODATA_ACTIONS_0_ACTIONTEXT,接近老獾。依靠你的心靈。
QUEST_BANDIT_1_7_QUESTINFODATA_ACTIONS_0_DEFAULTOUTCOME_JOURNALTEXT,<hero_name>試著接近老獾，但心靈的試煉早在開始前就已經宣告結束了。她隨後便消失了，永遠地從樹林中消失無蹤。
QUEST_BANDIT_1_7_QUESTINFODATA_ACTIONS_0_DEFAULTOUTCOME_OUTCOMETEXT,你試著接近老巫婆，但悲傷地發現自己似乎缺乏靈魂的力量。你沒能通過試煉，老巫婆的身影就這麼消失在一陣紫煙之中。
QUEST_BANDIT_1_7_QUESTINFODATA_ACTIONS_0_TESTSUCCESSOUTCOME_JOURNALTEXT,「你的懷爾德很強大，」老巫婆說道。「好好培養它，王座或許會是你的囊中之物。」她丟下心靈石，就這麼的消失無蹤了。
QUEST_BANDIT_1_7_QUESTINFODATA_ACTIONS_0_TESTSUCCESSOUTCOME_OUTCOMETEXT,在你接近老巫婆的時候 ，她感受到你擁有強大的懷爾德。她在你面前放下了心靈石，就這麼消失的無影無蹤。
QUEST_BANDIT_1_7_QUESTINFODATA_ACTIONS_1_ACTIONTEXT,威脅老巫婆
QUEST_BANDIT_1_7_QUESTINFODATA_ACTIONS_1_DEFAULTOUTCOME_JOURNALTEXT,<hero_name>拔劍威脅著老巫婆，叫她乖乖的把心靈石給交出來。老巫婆笑了笑……就這麼消失的無影無蹤，還把心靈石也帶走了。真該死的！
QUEST_BANDIT_1_7_QUESTINFODATA_ACTIONS_1_DEFAULTOUTCOME_OUTCOMETEXT,你拔出劍。「石頭在哪？」你威脅道。老巫婆什麼也沒說 ── 她不見了，在你眼前憑空消失了。哎呦！
QUEST_BANDIT_1_7_QUESTINFODATA_ENCOUNTERTEXT,你在樹林的深處找到了老巫婆，你感覺她身邊的氣息有點不太對勁。樹林突然一起彎曲傾斜了，頓時把天空給遮得密不透風。
QUEST_BANDIT_1_7_QUESTINFODATA_JOURNALENCOUNTERTEXT,我們的英雄前往了森林深處，並在幽谷中找到了老巫婆。但是感覺有甚麼不太對勁 ── 樹群們似乎在低語著……
QUEST_BANDIT_1_7_QUESTINFODATA_JOURNALRUMOURTEXT,<hero_name> 聽說有位乾癟的老巫婆拿著一塊心靈石。若有誰被認定夠資格，這塊心靈石就歸他所有。
QUEST_BANDIT_1_7_QUESTINFODATA_RUMOURTEXT,我聽說在附近的樹林裡藏有一塊心靈石……但持有它的老巫婆會對所有覬覦心靈石的人進行試煉！
QUEST_BANDIT_1_7_QUESTINFODATA_TITLE,老巫婆與心靈石
QUEST_BANDIT_1_8_QUESTINFODATA_ACTIONS_0_ACTIONTEXT,乞求懷爾德放過你的朋友
QUEST_BANDIT_1_8_QUESTINFODATA_ACTIONS_0_DEFAULTOUTCOME_JOURNALTEXT,懷爾德毫無動靜，我們的英雄不得不砍倒他們的朋友。造成了嚴重的傷害，但在<hero_name>身上汙穢的侵蝕也越來越嚴重。
QUEST_BANDIT_1_8_QUESTINFODATA_ACTIONS_0_DEFAULTOUTCOME_OUTCOMETEXT,懷爾德無視了你請求。你的朋友帶著敵意向你砍了過來，眼看被侵蝕的傷口越來越嚴重了。你不得不殺了你的朋友！
QUEST_BANDIT_1_8_QUESTINFODATA_ACTIONS_0_TESTSUCCESSOUTCOME_JOURNALTEXT,一道淨化烈焰回應了<hero_name>的呼喚，燃盡了神殿上的邪惡汙穢。我們英雄的朋友總算清醒了過來，準備好加入我們的行列提供協助了。
QUEST_BANDIT_1_8_QUESTINFODATA_ACTIONS_0_TESTSUCCESSOUTCOME_OUTCOMETEXT,懷爾德回應了你的呼喚，用火焰淨化了神殿。你的朋友毫髮未損地清醒了，準備好加入你的陣容。
QUEST_BANDIT_1_8_QUESTINFODATA_ACTIONS_1_ACTIONTEXT,讓他們解脫痛苦
QUEST_BANDIT_1_8_QUESTINFODATA_ACTIONS_1_DEFAULTOUTCOME_JOURNALTEXT,<hero_name>知道只要被汙穢佔據了身體，就幾乎沒有復原的可能性了。他們放火燒了神殿，將這股瘋狂永遠畫上句點。
QUEST_BANDIT_1_8_QUESTINFODATA_ACTIONS_1_DEFAULTOUTCOME_OUTCOMETEXT,我們無能為力了 ── 不管汙穢著床在甚麼地方，都是必須要根除的。你放火燒了神殿，殺了你的朋友。
QUEST_BANDIT_1_8_QUESTINFODATA_ENCOUNTERTEXT,你發現恐懼席捲了整座村莊。醫務室形同廢墟，破爛不堪，竟然是被你的朋友摧毀的。你追蹤著他的足跡來到了附近的一座神殿。
QUEST_BANDIT_1_8_QUESTINFODATA_JOURNALENCOUNTERTEXT,我們的英雄來到村莊，發現這裡被腐化的強盜佔據了。只有<hero_name> 才能阻止這瘋狂。
QUEST_BANDIT_1_8_QUESTINFODATA_JOURNALRUMOURTEXT,<hero_name>聽說有一名忠心的強盜，一位生死與共的摯友兼盟友，被汙穢感染了。但也許還來得及拯救他！
QUEST_BANDIT_1_8_QUESTINFODATA_RUMOURTEXT,一名我們忠心的夥伴遭到魔鴆襲擊負傷了。他在附近的醫務所接受治療中，但已經沒有多少時間了……
QUEST_BANDIT_1_8_QUESTINFODATA_TITLE,黑暗浸蝕
QUEST_BANDIT_1_9_QUESTINFODATA_ACTIONS_0_ACTIONTEXT,祈求祝福
QUEST_BANDIT_1_9_QUESTINFODATA_ACTIONS_0_DEFAULTOUTCOME_JOURNALTEXT,我們的英雄在石陣間跪了下來，但是由於缺乏心靈力量，無法有效與懷爾德締定連結。看來今天他們得不到任何祝福了。
QUEST_BANDIT_1_9_QUESTINFODATA_ACTIONS_0_DEFAULTOUTCOME_OUTCOMETEXT,你在巨石陣中跪了下來，試著專注祈禱 ── 但你缺乏能和懷爾德交流的靈魂力量。你感覺自己變虛弱了。
QUEST_BANDIT_1_9_QUESTINFODATA_ACTIONS_0_TESTSUCCESSOUTCOME_JOURNALTEXT,我們的英雄能感覺到巨石陣中有股不知名的力量在流動著。然後，在眼前憑空形成了一個寶藏箱！
QUEST_BANDIT_1_9_QUESTINFODATA_ACTIONS_0_TESTSUCCESSOUTCOME_OUTCOMETEXT,你在巨石陣中跪下，感受到一股能量環繞在你的身邊。在中央，憑空出現了一個寶藏！
QUEST_BANDIT_1_9_QUESTINFODATA_ACTIONS_1_ACTIONTEXT,在外頭祈禱
QUEST_BANDIT_1_9_QUESTINFODATA_ACTIONS_1_DEFAULTOUTCOME_JOURNALTEXT,比起隨意踏入遠古的靈魂石陣，我們的英雄知道更為保險的做法。他們保持距離祈求好運，並獲得了巨石陣的祝福。
QUEST_BANDIT_1_9_QUESTINFODATA_ACTIONS_1_DEFAULTOUTCOME_OUTCOMETEXT,你與巨石陣保持著一定的距離，並祈求旅程中一路平安。你感覺自己恢復了些許活力，但也就只是這樣而已。
QUEST_BANDIT_1_9_QUESTINFODATA_ENCOUNTERTEXT,你抵達了巨石陣，發現沒什麼與眾不同的 ── 只是一些豎立的巨石，還有上面爬滿了籐蔓而已。
QUEST_BANDIT_1_9_QUESTINFODATA_JOURNALENCOUNTERTEXT,<hero_name>觀察著巨石陣，沒發現什麼不同尋常的。這些只是平凡無比的灰色石頭罷了，它們上頭的標記全都死氣沉沉的。
QUEST_BANDIT_1_9_QUESTINFODATA_JOURNALRUMOURTEXT,我們的英雄聽說了一個古老的愛門羅傳統 ── 向附近的巨石陣中的德魯伊祈求祝福。
QUEST_BANDIT_1_9_QUESTINFODATA_RUMOURTEXT,你的旅程才剛剛開始，記得在執行任何挑戰前，先向巨石陣祈求祝福是一種傳統。
QUEST_BANDIT_1_9_QUESTINFODATA_TITLE,奇跡之陣
QUEST_BANDIT_2_10_QUESTINFODATA_ACTIONS_0_ACTIONTEXT,幫助移動馬車
QUEST_BANDIT_2_10_QUESTINFODATA_ACTIONS_0_DEFAULTOUTCOME_JOURNALTEXT,我們的英雄是個投機分子，但是他們並沒有強大到能夠移動馬車。這真是太尷尬了！
QUEST_BANDIT_2_10_QUESTINFODATA_ACTIONS_0_DEFAULTOUTCOME_OUTCOMETEXT,你決定幫助商人，但你缺乏移動貨車的力量。商人看上去實在失望極了！
QUEST_BANDIT_2_10_QUESTINFODATA_ACTIONS_0_TESTSUCCESSOUTCOME_JOURNALTEXT,我們的英雄輕鬆地將馬車推回路上。商人兌現了承諾，<hero_name> 很快便得到了一塊心靈石！
QUEST_BANDIT_2_10_QUESTINFODATA_ACTIONS_0_TESTSUCCESSOUTCOME_OUTCOMETEXT,你大喝一聲將馬車推回了路上。商人將你帶到了他的藏貨地點，這下心靈石是你的了。
QUEST_BANDIT_2_10_QUESTINFODATA_ACTIONS_1_ACTIONTEXT,威脅商人
QUEST_BANDIT_2_10_QUESTINFODATA_ACTIONS_1_DEFAULTOUTCOME_JOURNALTEXT,<hero_name> 不打算做沒先付錢的苦力，但是商人非常聰明，成功欺騙了我們的英雄，並從愛門羅逃之夭夭了。
QUEST_BANDIT_2_10_QUESTINFODATA_ACTIONS_1_DEFAULTOUTCOME_OUTCOMETEXT,你威脅要打斷商人的雙腿，他只好勉强告訴你他的秘密藏貨處，但是這裡沒有找到心靈石！你從此再也沒見到這名商人了！
QUEST_BANDIT_2_10_QUESTINFODATA_ACTIONS_2_ACTIONTEXT,「讓開。」
QUEST_BANDIT_2_10_QUESTINFODATA_ACTIONS_2_DEFAULTOUTCOME_JOURNALTEXT,我們的英雄隻身無法推動馬車，幸好鐵匠也在這裡。他們成功了，並得到了應有的報酬！
QUEST_BANDIT_2_10_QUESTINFODATA_ACTIONS_2_DEFAULTOUTCOME_OUTCOMETEXT,在鐵匠的幫助下輕鬆就推動了馬車。商人很慷慨地對你們送出了兩份大禮做為感謝！
QUEST_BANDIT_2_10_QUESTINFODATA_ENCOUNTERTEXT,商人絕望地喊道。「請不要搶劫我！幫我把馬車推回來，我就告訴你我藏心靈石的地方！」
QUEST_BANDIT_2_10_QUESTINFODATA_JOURNALENCOUNTERTEXT,商人提出了非常好的交易：如果<hero_name>幫忙推動馬車，他就會透漏心靈石的下落！
QUEST_BANDIT_2_10_QUESTINFODATA_JOURNALRUMOURTEXT,商人的馬車陷到了平原的泥沼中。這任務真是太簡單了！
QUEST_BANDIT_2_10_QUESTINFODATA_RUMOURTEXT,某個商人在平原上迷了路 ── 這可憐的傻瓜把馬車陷進了泥沼裡。看來會是個好下手的目標！
QUEST_BANDIT_2_10_QUESTINFODATA_TITLE,日行一善
QUEST_BANDIT_2_11_QUESTINFODATA_ACTIONS_0_ACTIONTEXT,闖入主廳
QUEST_BANDIT_2_11_QUESTINFODATA_ACTIONS_0_DEFAULTOUTCOME_JOURNALTEXT,我們的英雄無視了守衛，直接開始了行動！但是我們的英雄無力拯救居民，主廳在熊熊大火中持續焚燒了好幾個小時！
QUEST_BANDIT_2_11_QUESTINFODATA_ACTIONS_0_DEFAULTOUTCOME_OUTCOMETEXT,你衝向了前門，用肩膀撞了上去，大門紋絲不動。由於你缺乏力量，那一天死了不計其數的人。
QUEST_BANDIT_2_11_QUESTINFODATA_ACTIONS_0_TESTSUCCESSOUTCOME_JOURNALTEXT,我們的英雄無視了笨拙的守衛，輕鬆地撞開了門，在大火吞噬被困住的居民前釋放了他們。
QUEST_BANDIT_2_11_QUESTINFODATA_ACTIONS_0_TESTSUCCESSOUTCOME_OUTCOMETEXT,你無視守衛，撞開了門，釋放了被困住的居民。他們中的一位對你十分感激，為你的任務提供了幫助。
QUEST_BANDIT_2_11_QUESTINFODATA_ACTIONS_1_ACTIONTEXT,幫助守衛
QUEST_BANDIT_2_11_QUESTINFODATA_ACTIONS_1_DEFAULTOUTCOME_JOURNALTEXT,守衛決定先滅火，我們的英雄一起幫忙，但是火勢實在太大了。眼睜睜的看著主廳燒了好幾個小時，沒有任何居民活下來。
QUEST_BANDIT_2_11_QUESTINFODATA_ACTIONS_1_DEFAULTOUTCOME_OUTCOMETEXT,你並沒有採取行動，而是配合著城鎮的守衛。儘管你幫忙滅了火，但是他們的拖延導致了不計其數的死亡！
QUEST_BANDIT_2_11_QUESTINFODATA_ACTIONS_2_ACTIONTEXT,保護自己不被火焰灼傷
QUEST_BANDIT_2_11_QUESTINFODATA_ACTIONS_2_DEFAULTOUTCOME_JOURNALTEXT,我們的英雄不會讓無辜的人被活活燒死。在群英頭盔的保護下，他們勇敢地衝進了火海，救下了村民。
QUEST_BANDIT_2_11_QUESTINFODATA_ACTIONS_2_DEFAULTOUTCOME_OUTCOMETEXT,群英頭盔會保護你的！你衝進了屋子，熊熊的熱浪不斷的向你襲來，但你剛好有足夠的時間救出裡面所有的人。
QUEST_BANDIT_2_11_QUESTINFODATA_ACTIONS_3_ACTIONTEXT,力抗火海
QUEST_BANDIT_2_11_QUESTINFODATA_ACTIONS_3_DEFAULTOUTCOME_JOURNALTEXT,<hero_name>帶著皇室護盾衝進了火海。受困的村民跟著<hero_name>的步伐從裡面逃出來了！
QUEST_BANDIT_2_11_QUESTINFODATA_ACTIONS_3_DEFAULTOUTCOME_OUTCOMETEXT,你舉起了皇室護盾，衝進了火海中。火舌與烈焰都傷不了你。你勇往向前，成功清出了一條路。
QUEST_BANDIT_2_11_QUESTINFODATA_ENCOUNTERTEXT,你進入了小鎮，看到巨大的主廳被火海吞噬了，居民們被困在了裡面。守衛無能為力 ── 你得幫助他們！
QUEST_BANDIT_2_11_QUESTINFODATA_JOURNALENCOUNTERTEXT,但是，當<hero_name>靠近村莊的時候，空氣中瀰漫著嗆鼻的煙味。鎮子的主廳陷入了火海，居民被困住了！
QUEST_BANDIT_2_11_QUESTINFODATA_JOURNALRUMOURTEXT,一則奇聞軼事傳入了我們英雄的耳中：不遠處有一座動盪不安的村落。或許他們需要一名強大的領袖來指引他們？
QUEST_BANDIT_2_11_QUESTINFODATA_RUMOURTEXT,附近的小鎮處於十分不安的氛圍。不知道它為什麼會這樣，但是他們需要一名強大的領導者來帶領他們。
QUEST_BANDIT_2_11_QUESTINFODATA_TITLE,闖入火海
QUEST_BANDIT_2_12_QUESTINFODATA_ACTIONS_0_ACTIONTEXT,挖開泥土，掘出寶藏！
QUEST_BANDIT_2_12_QUESTINFODATA_ACTIONS_0_DEFAULTOUTCOME_JOURNALTEXT,<hero_name>使盡了全力，但是由於缺乏力量，沒能挖開上頭的泥土。寶藏還是被掩埋著，依舊不見天日。
QUEST_BANDIT_2_12_QUESTINFODATA_ACTIONS_0_DEFAULTOUTCOME_OUTCOMETEXT,你精疲力盡了，但是還是挖的不夠深。儘管你拚了命的挖，但還是沒能找到寶藏。你最終放棄了，一身疲憊，一無所獲。
QUEST_BANDIT_2_12_QUESTINFODATA_ACTIONS_0_TESTSUCCESSOUTCOME_JOURNALTEXT,大家都知道，<hero_name> 根本壯得跟頭牛似的！區區挖掘根本輕而易舉，很快的我們的英雄就挖出了寶藏。
QUEST_BANDIT_2_12_QUESTINFODATA_ACTIONS_0_TESTSUCCESSOUTCOME_OUTCOMETEXT,你瘋狂地挖掘著，每一鏟都讓你更接近寶藏。然後，你聽到鐺的一聲。你找到它了！
QUEST_BANDIT_2_12_QUESTINFODATA_ACTIONS_1_ACTIONTEXT,請求協助
QUEST_BANDIT_2_12_QUESTINFODATA_ACTIONS_1_DEFAULTOUTCOME_JOURNALTEXT,<hero_name>忠誠的強盜隨從挖開了上頭的泥土，寶藏正好夠大家分一分。但是我們的英雄卻什麼都沒拿到！
QUEST_BANDIT_2_12_QUESTINFODATA_ACTIONS_1_DEFAULTOUTCOME_OUTCOMETEXT,你的強盜隨從們挖開了掩埋寶藏的泥土，但是他們自己就分光了寶藏，甚麼都沒有留給你。
QUEST_BANDIT_2_12_QUESTINFODATA_ACTIONS_2_ACTIONTEXT,「我要把它炸開。」
QUEST_BANDIT_2_12_QUESTINFODATA_ACTIONS_2_DEFAULTOUTCOME_JOURNALTEXT,煉金術師調製的化合物成功炸開了泥土。但不幸的是，下頭埋藏的寶藏也遭到了波及，一起被炸壞了。
QUEST_BANDIT_2_12_QUESTINFODATA_ACTIONS_2_DEFAULTOUTCOME_OUTCOMETEXT,煉金術師跪了下來，將奇怪的綠色液體潑到泥土上。不久之後，發出一聲驚天巨響。泥土飛濺四射！
QUEST_BANDIT_2_12_QUESTINFODATA_ACTIONS_3_ACTIONTEXT,呼喚懷爾德
QUEST_BANDIT_2_12_QUESTINFODATA_ACTIONS_3_DEFAULTOUTCOME_JOURNALTEXT,蒙特和懷爾德之間有著強大的心靈聯繫，這在兔族間是眾所皆知的。銀月巨鐮指引著我們的英雄找到了他的遺骸。
QUEST_BANDIT_2_12_QUESTINFODATA_ACTIONS_3_DEFAULTOUTCOME_OUTCOMETEXT,銀月巨鐮發著光，奇異的光芒指向地下的更深處。你跟了上去，很快就找到了蒙特的遺體，攤開在一個打開的箱子前。
QUEST_BANDIT_2_12_QUESTINFODATA_ENCOUNTERTEXT,古墓已經被世代遺棄了好長一段時間，但是我們的英雄知道在哪裡能找到寶藏：埋藏在一個深坑裡。
QUEST_BANDIT_2_12_QUESTINFODATA_JOURNALENCOUNTERTEXT,我們的英雄發現了古墓的位置，但是這個深坑將會是場巨大的考驗。
QUEST_BANDIT_2_12_QUESTINFODATA_JOURNALRUMOURTEXT,傳說中，最古怪的兔族探險者蒙特將他的財富埋到了地下的深坑中。
QUEST_BANDIT_2_12_QUESTINFODATA_RUMOURTEXT,傳言說，有位瘋狂的兔族探險者擁有一筆巨額的財富，但是被埋到了一個深坑中。你覺得有辦法找到它嗎？
QUEST_BANDIT_2_12_QUESTINFODATA_TITLE,藏寶坑
QUEST_BANDIT_2_1_QUESTINFODATA_ACTIONS_0_ACTIONTEXT,勒索贖金
QUEST_BANDIT_2_1_QUESTINFODATA_ACTIONS_0_DEFAULTOUTCOME_JOURNALTEXT,不幸的是，我們的英雄缺乏智慧，竟然讓帳務官逃跑了。看來你永遠拿不到這份贖金了！
QUEST_BANDIT_2_1_QUESTINFODATA_ACTIONS_0_DEFAULTOUTCOME_OUTCOMETEXT,你在森林中等了好幾個小時，期待著甚麼時候才能拿到贖金。但贖金始終沒有送來，帳務官就這麼從你手中溜走了。
QUEST_BANDIT_2_1_QUESTINFODATA_ACTIONS_0_TESTSUCCESSOUTCOME_JOURNALTEXT,憑著智慧與辯才無礙的巧舌，我們的英雄成功說服了國王的守衛用一塊心靈石來交換帳務官的自由。
QUEST_BANDIT_2_1_QUESTINFODATA_ACTIONS_0_TESTSUCCESSOUTCOME_OUTCOMETEXT,我們的英雄憑著過人的機智說服國王的守衛用一塊心靈石來交換帳務官的自由之身。
QUEST_BANDIT_2_1_QUESTINFODATA_ACTIONS_1_ACTIONTEXT,洗劫帳務官
QUEST_BANDIT_2_1_QUESTINFODATA_ACTIONS_1_DEFAULTOUTCOME_JOURNALTEXT,失敗的機率太大了，沒人知道國王守衛會做出什麼舉動。我們的英雄選擇迅速地釋放了她。
QUEST_BANDIT_2_1_QUESTINFODATA_ACTIONS_1_DEFAULTOUTCOME_OUTCOMETEXT,帳務官的身上除了一本帳簿之外，就沒有什麼東西了。你瞭解了國王的財務狀況，除此之外就沒別的情報了。
QUEST_BANDIT_2_1_QUESTINFODATA_ACTIONS_2_ACTIONTEXT,欺騙帳務官
QUEST_BANDIT_2_1_QUESTINFODATA_ACTIONS_2_DEFAULTOUTCOME_JOURNALTEXT,還是別想著贖金了！我們的英雄用皇室旗幟證明了自己身分。<hero_name>被認為是同伴後，帳務官把秘密給一五一十地說了出來。
QUEST_BANDIT_2_1_QUESTINFODATA_ACTIONS_2_DEFAULTOUTCOME_OUTCOMETEXT,你揚起了皇室旗幟，欺騙了帳務官。她以為你是同伴，於是說出了寶藏的所在地。
QUEST_BANDIT_2_1_QUESTINFODATA_ACTIONS_3_ACTIONTEXT,欺騙帳務官
QUEST_BANDIT_2_1_QUESTINFODATA_ACTIONS_3_DEFAULTOUTCOME_JOURNALTEXT,還是別想著贖金了！我們的英雄用皇室旗幟證明了自己身分。<hero_name>被認為是同伴後，帳務官把秘密給一五一十地說了出來。
QUEST_BANDIT_2_1_QUESTINFODATA_ACTIONS_3_DEFAULTOUTCOME_OUTCOMETEXT,你揚起了皇室旗幟，欺騙了帳務官。他以為你是同伴，於是說出了寶藏的所在地。
QUEST_BANDIT_2_1_QUESTINFODATA_ACTIONS_4_ACTIONTEXT,「這些書可值錢多了！」
QUEST_BANDIT_2_1_QUESTINFODATA_ACTIONS_4_DEFAULTOUTCOME_JOURNALTEXT,這裡有這麼多珍稀的書籍可以販賣，誰還會在乎甚麼贖金呢？我們英雄的財務官計畫出能用最小的付出獲得最大利益的方法。
QUEST_BANDIT_2_1_QUESTINFODATA_ACTIONS_4_DEFAULTOUTCOME_OUTCOMETEXT,你的財務官算了算書卷的價值。他露出了微笑。你釋放了帳務官，把書給分了。真是大豐收呢！
QUEST_BANDIT_2_1_QUESTINFODATA_ENCOUNTERTEXT,當你的強盜們忙著對付守衛的時候，你帶走了帳務官。她懇求你放了她，決定權在你手上。
QUEST_BANDIT_2_1_QUESTINFODATA_JOURNALENCOUNTERTEXT,<hero_name>知道比殺了她更好的做法 ── 國王的守衛會用贖金來交換她的自由。
QUEST_BANDIT_2_1_QUESTINFODATA_JOURNALRUMOURTEXT,愛門羅的皇室帳務官會代理執行著國王的瘋狂計劃，這讓她們價值千金 ── 這對國王來說是如此，對強盜來說也是這樣。
QUEST_BANDIT_2_1_QUESTINFODATA_RUMOURTEXT,一名皇室帳務官將會穿過附近的森林。我在想國王願意出多少錢來保她的安全呢？
QUEST_BANDIT_2_1_QUESTINFODATA_TITLE,皇室帳務官
QUEST_BANDIT_2_2_QUESTINFODATA_ACTIONS_0_ACTIONTEXT,撬開鎖，解救其他人！
QUEST_BANDIT_2_2_QUESTINFODATA_ACTIONS_0_DEFAULTOUTCOME_JOURNALTEXT,當我們的英雄靈巧地撬著鎖時，馬上就吸引了守衛的注意。<hero_name>的計劃以失敗告終，不得不逃之夭夭。
QUEST_BANDIT_2_2_QUESTINFODATA_ACTIONS_0_DEFAULTOUTCOME_OUTCOMETEXT,你輕鬆地就撬開了鎖，但由於缺乏智慧，很快就被守衛給發現了。至少你保有一條小命的逃走了。
QUEST_BANDIT_2_2_QUESTINFODATA_ACTIONS_0_TESTSUCCESSOUTCOME_JOURNALTEXT,幸運的是，我們的英雄是個開鎖大師。帶領著憤怒的愛門羅人大軍，很快就解放了城鎮。
QUEST_BANDIT_2_2_QUESTINFODATA_ACTIONS_0_TESTSUCCESSOUTCOME_OUTCOMETEXT,你從鎖鏈中逃脫，很快就找到了被關押起來的其他人。你們找到了武器，並成功解放了城鎮。
QUEST_BANDIT_2_2_QUESTINFODATA_ACTIONS_1_ACTIONTEXT,苟且逃生
QUEST_BANDIT_2_2_QUESTINFODATA_ACTIONS_1_DEFAULTOUTCOME_JOURNALTEXT,我們的英雄掙脫了鎖鏈的束縛，並逃之夭夭。晦暗的秘密依舊隱藏在村莊裡，被關押的人也依舊不見天日。
QUEST_BANDIT_2_2_QUESTINFODATA_ACTIONS_1_DEFAULTOUTCOME_OUTCOMETEXT,你掙脫了鎖鏈，悄悄地溜出了城鎮。其他被抓人的哀嚎聲纏繞在你腦中，久久揮之不去。
QUEST_BANDIT_2_2_QUESTINFODATA_ACTIONS_2_ACTIONTEXT,「這鎖鬆的...」
QUEST_BANDIT_2_2_QUESTINFODATA_ACTIONS_2_DEFAULTOUTCOME_JOURNALTEXT,看來我們的英雄這下完蛋了，直到咒術師的到來。他輕鬆地劃開了鎖，並一起逃脫了守衛的掌握。
QUEST_BANDIT_2_2_QUESTINFODATA_ACTIONS_2_DEFAULTOUTCOME_OUTCOMETEXT,你的雙手沒有被銬住，但是守衛們並沒有注意到。咒術師對你眨了眨眼。你努力撐住，接著發動攻擊。總算逃離守衛的掌握了！
QUEST_BANDIT_2_2_QUESTINFODATA_ACTIONS_3_ACTIONTEXT,亮出皇室赦令
QUEST_BANDIT_2_2_QUESTINFODATA_ACTIONS_3_DEFAULTOUTCOME_JOURNALTEXT,如果不是因為皇室赦令，我們的英雄就要被抓起來了。守衛們不情願地讓<hero_name> 離開了。
QUEST_BANDIT_2_2_QUESTINFODATA_ACTIONS_3_DEFAULTOUTCOME_OUTCOMETEXT,守衛臉上沾沾自喜的笑容消失了。你被釋放了，離開了這座城市。沒有人敢動你一根汗毛！
QUEST_BANDIT_2_2_QUESTINFODATA_ENCOUNTERTEXT,在你進入大門之前，守衛攔下了你，把你打暈並五花大綁，準備就這麼把你給賣掉。這真是太糟糕了！
QUEST_BANDIT_2_2_QUESTINFODATA_JOURNALENCOUNTERTEXT,當<hero_name>進入大門時，很快就被守衛們制服了。「夥伴們，在這裡呢，」有人說道。「又有新奴隸了！」
QUEST_BANDIT_2_2_QUESTINFODATA_JOURNALRUMOURTEXT,<quest_tile>小鎮傳聞，進去的人再也沒回來。我們的英雄決定去調查一下。
QUEST_BANDIT_2_2_QUESTINFODATA_RUMOURTEXT,我聽到有傳言說，附近有一座村落奴役著我們的同類。我建議去看一下。
QUEST_BANDIT_2_2_QUESTINFODATA_TITLE,囚禁之村
QUEST_BANDIT_2_3_QUESTINFODATA_ACTIONS_0_ACTIONTEXT,協商「平」分
QUEST_BANDIT_2_3_QUESTINFODATA_ACTIONS_0_DEFAULTOUTCOME_JOURNALTEXT,協商開始了，但是我們的英雄愚蠢地想要拿走更多戰利品。作為回應，其他的強盜帶著所有東西逃走了。
QUEST_BANDIT_2_3_QUESTINFODATA_ACTIONS_0_DEFAULTOUTCOME_OUTCOMETEXT,正當你試著協商分走一部分戰利品的時候，其他的強盜發現你鬼鬼祟祟地想順手牽羊。他們對你動手，並拿走了所有的東西。
QUEST_BANDIT_2_3_QUESTINFODATA_ACTIONS_0_TESTSUCCESSOUTCOME_JOURNALTEXT,我們英雄的機智在那天派上了用場。<hero_name>用一招漂亮的話術成功地分走了裡頭最棒的寶藏。
QUEST_BANDIT_2_3_QUESTINFODATA_ACTIONS_0_TESTSUCCESSOUTCOME_OUTCOMETEXT,憑著你的聰明才智，其他強盜並不知道你分走了裡頭最大的戰利品，將寶藏給默默收入囊中。真是大豐收！
QUEST_BANDIT_2_3_QUESTINFODATA_ACTIONS_1_ACTIONTEXT,任其取之
QUEST_BANDIT_2_3_QUESTINFODATA_ACTIONS_1_DEFAULTOUTCOME_JOURNALTEXT,我們的英雄知道比與這些罪犯打交道更好的辦法 ── 事情總會變得亂七八糟。最好還是把這堆爛攤子扔給他們。
QUEST_BANDIT_2_3_QUESTINFODATA_ACTIONS_1_DEFAULTOUTCOME_OUTCOMETEXT,你知道糟糕的談判只會引發無謂的暴力衝突，決定把大篷車留給其他的強盜。至少國王的好日子沒了！
QUEST_BANDIT_2_3_QUESTINFODATA_ACTIONS_2_ACTIONTEXT,著裝進攻
QUEST_BANDIT_2_3_QUESTINFODATA_ACTIONS_2_DEFAULTOUTCOME_JOURNALTEXT,有著獅心胸甲的加護，我們的英雄所向披靡！他們殺出一條血路，帶走了剩下的戰利品！
QUEST_BANDIT_2_3_QUESTINFODATA_ACTIONS_2_DEFAULTOUTCOME_OUTCOMETEXT,有了獅心胸甲的保護，粗製濫造的強盜武器根本無法傷你分毫。儘管你奮勇戰鬥，他們還是偷走了一些寶藏。
QUEST_BANDIT_2_3_QUESTINFODATA_ACTIONS_3_ACTIONTEXT,「交給我吧！」
QUEST_BANDIT_2_3_QUESTINFODATA_ACTIONS_3_DEFAULTOUTCOME_JOURNALTEXT,有時候看起來樸實無華的物品才是無價珍寶！<hero_name>的商人辨別出真正有價值的珍品，並帶走了它。
QUEST_BANDIT_2_3_QUESTINFODATA_ACTIONS_3_DEFAULTOUTCOME_OUTCOMETEXT,你的商人向前一步，用你的威信來為貨物掛保證。這些貨物能在正確的買家手中能換來更好的價格。
QUEST_BANDIT_2_3_QUESTINFODATA_ACTIONS_4_ACTIONTEXT,能偷則偷
QUEST_BANDIT_2_3_QUESTINFODATA_ACTIONS_4_DEFAULTOUTCOME_JOURNALTEXT,不跟他們廢話了。<hero_name>使用冰鑒斗篷悄悄溜過，偷走所有能帶走的東西，然後消聲匿跡。
QUEST_BANDIT_2_3_QUESTINFODATA_ACTIONS_4_DEFAULTOUTCOME_OUTCOMETEXT,冰鑒斗篷發出微光，讓你從其他強盜的視線中消失。你躡手躡腳地接近了他們，然後偷走所有你能帶走的東西。真是大豐收啊！
QUEST_BANDIT_2_3_QUESTINFODATA_ENCOUNTERTEXT,你接近大篷車，發現它已經被一群強盜攔下了。如果你不小心點的話，場面恐怕會非常混亂。
QUEST_BANDIT_2_3_QUESTINFODATA_JOURNALENCOUNTERTEXT,理所當然，傳言中滿載貨物的大篷車沒走多遠就吸引了注意。另一個強盜部族出現了！
QUEST_BANDIT_2_3_QUESTINFODATA_JOURNALRUMOURTEXT,我們的英雄發現了一個大篷車，裡面裝滿了偷來的貨物並駛向國王的城堡。<hero_name>決定稍微 “借用” 一下。
QUEST_BANDIT_2_3_QUESTINFODATA_RUMOURTEXT,一輛大篷車正穿越平原，裝滿了從我們的人民身上偷來的貨物。或許你能把它們還回去？
QUEST_BANDIT_2_3_QUESTINFODATA_TITLE,劍拔弩張
QUEST_BANDIT_2_4_QUESTINFODATA_ACTIONS_0_ACTIONTEXT,單槍匹馬
QUEST_BANDIT_2_4_QUESTINFODATA_ACTIONS_0_DEFAULTOUTCOME_JOURNALTEXT,我們的英雄衝向了商隊，但守衛實在是太強了。他們把<hero_name>打得落花流水，把傷痕累累的他們扔在荒漠不管了。
QUEST_BANDIT_2_4_QUESTINFODATA_ACTIONS_0_DEFAULTOUTCOME_OUTCOMETEXT,你高舉武器，勇敢地衝向商隊 ── 但守衛們很快擊敗了你，你滿身傷痕地倒在了路邊。
QUEST_BANDIT_2_4_QUESTINFODATA_ACTIONS_0_TESTSUCCESSOUTCOME_JOURNALTEXT,我們的英雄拔出武器衝向商隊，眨眼間就把守衛們給幹掉了。心靈石很快就成為他們的囊中之物！
QUEST_BANDIT_2_4_QUESTINFODATA_ACTIONS_0_TESTSUCCESSOUTCOME_OUTCOMETEXT,你衝向商隊，輕而易舉地幹掉了守衛，很快整支商隊都停了下來。心靈石是你的了！
QUEST_BANDIT_2_4_QUESTINFODATA_ACTIONS_1_ACTIONTEXT,率眾進攻
QUEST_BANDIT_2_4_QUESTINFODATA_ACTIONS_1_DEFAULTOUTCOME_JOURNALTEXT,我們的英雄率領強盜部族衝向商隊，輕而易舉地幹掉了守衛。然而很不幸的，心靈石在一片混亂中搞丟了。
QUEST_BANDIT_2_4_QUESTINFODATA_ACTIONS_1_DEFAULTOUTCOME_OUTCOMETEXT,你帶領著族人輕鬆戰勝了商隊守衛，然而心靈石卻在混亂中不見了蹤影。
QUEST_BANDIT_2_4_QUESTINFODATA_ACTIONS_2_ACTIONTEXT,攔住他們！
QUEST_BANDIT_2_4_QUESTINFODATA_ACTIONS_2_DEFAULTOUTCOME_JOURNALTEXT,我們的英雄這次勇猛的劫掠至今仍被歌頌著。在商隊守衛們在來得及反應前，伏擊就已經結束了。寶貝輕鬆到手啦！
QUEST_BANDIT_2_4_QUESTINFODATA_ACTIONS_2_DEFAULTOUTCOME_OUTCOMETEXT,你用布兜遮住臉龐，以手持加農砲瞄向商隊的座駕並要脅停車！還沒等守衛反應過來，你已拿走寶貝並逃之夭夭了！
QUEST_BANDIT_2_4_QUESTINFODATA_ACTIONS_3_ACTIONTEXT,殺光他們！
QUEST_BANDIT_2_4_QUESTINFODATA_ACTIONS_3_DEFAULTOUTCOME_JOURNALTEXT,我們的英雄受黑暗引領。他們殺光了每一名守衛。被自己的所作所為壓垮，他們逃離了現場，但他們的魔法已經改變了。
QUEST_BANDIT_2_4_QUESTINFODATA_ACTIONS_3_DEFAULTOUTCOME_OUTCOMETEXT,在詛咒之刃的幫助下，你幹掉了所有的守衛。汙穢之息遍佈你全身，被恐懼感壟罩著。你最終逃離了現場，身體感覺不太對勁。
QUEST_BANDIT_2_4_QUESTINFODATA_ACTIONS_4_ACTIONTEXT,施展懷爾德之力
QUEST_BANDIT_2_4_QUESTINFODATA_ACTIONS_4_DEFAULTOUTCOME_JOURNALTEXT,英雄們將懷爾德的怒火傾瀉到了無助的守衛身上。雖然商人帶著石頭逃跑了，但商隊倒是交出了不少有用的工具。\n
QUEST_BANDIT_2_4_QUESTINFODATA_ACTIONS_4_DEFAULTOUTCOME_OUTCOMETEXT,在懷爾德烈焰權杖面前，守衛們毫無還手之力。你召喚出它的怒火，盡情屠戮。商人逃走了，但是留下了不少貨物。
QUEST_BANDIT_2_4_QUESTINFODATA_ENCOUNTERTEXT,商隊確實帶了很多金銀細軟，但你想找的是商人身上的心靈石。
QUEST_BANDIT_2_4_QUESTINFODATA_JOURNALENCOUNTERTEXT,<hero_name>在遠處觀察著商隊。商隊滿載著貴重商品，但英雄真正想要的是商人的心靈石。
QUEST_BANDIT_2_4_QUESTINFODATA_JOURNALRUMOURTEXT,我們的英雄聽說了一條有趣的流言 ── 一位傲慢而又富有的商人，正帶領一支貨運商隊穿過附近的平原。
QUEST_BANDIT_2_4_QUESTINFODATA_RUMOURTEXT,一位富有的商人正在穿過附近的平原。我聽說心靈石可能就在其中，當然，你得先解決他的守衛！
QUEST_BANDIT_2_4_QUESTINFODATA_TITLE,遊歷之石
QUEST_BANDIT_2_5_QUESTINFODATA_ACTIONS_0_ACTIONTEXT,屠殺整個公會
QUEST_BANDIT_2_5_QUESTINFODATA_ACTIONS_0_DEFAULTOUTCOME_JOURNALTEXT,我們的英雄英勇地想在賊窩裡把他們一網打盡，但這一切只換來了他們朋友的死亡。強盜部族的悲傷一天啊！
QUEST_BANDIT_2_5_QUESTINFODATA_ACTIONS_0_DEFAULTOUTCOME_OUTCOMETEXT,你想殺掉盜賊們，但卻技不如人。朋友不幸被殺，你則傷痕累累地逃了出來。
QUEST_BANDIT_2_5_QUESTINFODATA_ACTIONS_0_TESTSUCCESSOUTCOME_JOURNALTEXT,不過<hero_name>可不會容忍這些！在英雄的刀刃下，盜賊們紛紛殞命，愛門羅盜賊公會從此灰飛煙滅。
QUEST_BANDIT_2_5_QUESTINFODATA_ACTIONS_0_TESTSUCCESSOUTCOME_OUTCOMETEXT,你拔出武器交戰，不久就成功砍倒了盜賊公會的會長，其他的小賊也在之後相繼倒在了血泊中。你的朋友立誓永遠對你效忠！
QUEST_BANDIT_2_5_QUESTINFODATA_ACTIONS_1_ACTIONTEXT,棄卒保帥
QUEST_BANDIT_2_5_QUESTINFODATA_ACTIONS_1_DEFAULTOUTCOME_JOURNALTEXT,<hero_name>知道盜賊們總有一日會成為強力的盟友，為了維持長久的和平關係，於是狠心殺了自己的朋友。
QUEST_BANDIT_2_5_QUESTINFODATA_ACTIONS_1_DEFAULTOUTCOME_OUTCOMETEXT,你的利刃劃過摯友的喉嚨。你現在還不能和盜賊公會翻臉，畢竟對國王的戰爭即將到來。
QUEST_BANDIT_2_5_QUESTINFODATA_ACTIONS_2_ACTIONTEXT,與他們交涉
QUEST_BANDIT_2_5_QUESTINFODATA_ACTIONS_2_DEFAULTOUTCOME_JOURNALTEXT,<hero_name>戴上面具，用它所賜予的魅力請求寬大。最終，懲罰被減為暫時流放。
QUEST_BANDIT_2_5_QUESTINFODATA_ACTIONS_2_DEFAULTOUTCOME_OUTCOMETEXT,你戴上化妝面具，為你的朋友辯解。作為一名強盜，你也能言善道。新的懲罰已訂，是暫時流放。
QUEST_BANDIT_2_5_QUESTINFODATA_ACTIONS_3_ACTIONTEXT,「一定要動手啊！」
QUEST_BANDIT_2_5_QUESTINFODATA_ACTIONS_3_DEFAULTOUTCOME_JOURNALTEXT,<hero_name>別無選擇。只能通過傷害自己人，來保住他們的小命。就成果而言，算是成功了。僅此而已。
QUEST_BANDIT_2_5_QUESTINFODATA_ACTIONS_3_DEFAULTOUTCOME_OUTCOMETEXT,你裝出怒不可遏的樣子，提議自己下手。你刺穿了朋友的身體。等盜賊們離開後，你的藥劑師救回了他們的小命。
QUEST_BANDIT_2_5_QUESTINFODATA_ACTIONS_4_ACTIONTEXT,「這我作保！」
QUEST_BANDIT_2_5_QUESTINFODATA_ACTIONS_4_DEFAULTOUTCOME_JOURNALTEXT,<hero_name>的王牌間諜和盜賊公會有很多關係。她利用這些影響力減輕了可怕的懲罰。
QUEST_BANDIT_2_5_QUESTINFODATA_ACTIONS_4_DEFAULTOUTCOME_OUTCOMETEXT,王牌間諜是會長的老朋友。經過一番爭執後，他勉強同意把懲罰減為流放一年。
QUEST_BANDIT_2_5_QUESTINFODATA_ENCOUNTERTEXT,你很快發現，你的朋友想從賊那裡偷東西 ── 對他們來說，這是死罪。公會會長很不開心。
QUEST_BANDIT_2_5_QUESTINFODATA_JOURNALENCOUNTERTEXT,在公會大廳裡，強盜部族的人從盜賊那裡偷了東西，證據確鑿。懲罰只有死路一條。
QUEST_BANDIT_2_5_QUESTINFODATA_JOURNALRUMOURTEXT,強盜部族的一名忠實的隨從被愛門羅盜賊公會抓住了。我們的英雄前去求見。
QUEST_BANDIT_2_5_QUESTINFODATA_RUMOURTEXT,我們的一名成員被當地的盜賊公會給抓走了。我不是想勸你挑起事端，但我們必須保護自己的族人。
QUEST_BANDIT_2_5_QUESTINFODATA_TITLE,道上規矩
QUEST_BANDIT_2_6_QUESTINFODATA_ACTIONS_0_ACTIONTEXT,赤手空拳打敗他
QUEST_BANDIT_2_6_QUESTINFODATA_ACTIONS_0_DEFAULTOUTCOME_JOURNALTEXT,我們的英雄選擇赤手空拳，角鬥士對他的骨氣感到十分佩服，但這也注定了他無法獲勝。<hero_name>遍體鱗傷地離開了競技場。
QUEST_BANDIT_2_6_QUESTINFODATA_ACTIONS_0_DEFAULTOUTCOME_OUTCOMETEXT,你的選擇令野豬十分滿意，但他並沒有對你手下留情。遺憾的是，他的技藝更勝一籌，你帶著一身新傷敗下陣來。
QUEST_BANDIT_2_6_QUESTINFODATA_ACTIONS_0_TESTSUCCESSOUTCOME_JOURNALTEXT,即使是赤手空拳，我們的英雄依然知道，野豬必敗無疑！而他也確實敗了，優雅地將說好的寶藏作為獎品獻給<hero_name>。
QUEST_BANDIT_2_6_QUESTINFODATA_ACTIONS_0_TESTSUCCESSOUTCOME_OUTCOMETEXT,你的選擇令野豬讚歎不已，而當你在眾人面前擊敗他時，他更是讚不絕口！按照約定，你得到了一件珍貴的寶物作為獎品。
QUEST_BANDIT_2_6_QUESTINFODATA_ACTIONS_1_ACTIONTEXT,選擇長矛。從遠處將他擊倒。
QUEST_BANDIT_2_6_QUESTINFODATA_ACTIONS_1_DEFAULTOUTCOME_JOURNALTEXT,我們的英雄拿起一支長矛，希望能借助攻擊距離確保勝利。不過，野豬技藝精湛，兩人陷入了苦戰。
QUEST_BANDIT_2_6_QUESTINFODATA_ACTIONS_1_DEFAULTOUTCOME_OUTCOMETEXT,野豬拿起一柄大斧，顯然是他得意的武器。你們打得難分難解，最終以平局收場。
QUEST_BANDIT_2_6_QUESTINFODATA_ACTIONS_2_ACTIONTEXT,用汙穢來戰鬥
QUEST_BANDIT_2_6_QUESTINFODATA_ACTIONS_2_DEFAULTOUTCOME_JOURNALTEXT,我們的英雄是一名徹頭徹尾的強盜。他們絕不會放棄任何優勢，於是用被詛咒的烏鴉之喙匕首取得了勝利。
QUEST_BANDIT_2_6_QUESTINFODATA_ACTIONS_2_DEFAULTOUTCOME_OUTCOMETEXT,烏鴉之喙匕首將會帶來勝利。蠻力在技巧面前不值一提。你擊傷了強壯的野獸，然後揚長而去。獎勵對你來說算什麼？
QUEST_BANDIT_2_6_QUESTINFODATA_ACTIONS_3_ACTIONTEXT,「交給我吧！」
QUEST_BANDIT_2_6_QUESTINFODATA_ACTIONS_3_DEFAULTOUTCOME_JOURNALTEXT,<hero_name>的狂戰士自告奮勇代替我們的英雄上場。戰鬥十分慘烈，不過他還是擊敗了強壯的野獸，證明了自己的實力。
QUEST_BANDIT_2_6_QUESTINFODATA_ACTIONS_3_DEFAULTOUTCOME_OUTCOMETEXT,狂戰士上前一步。兩名戰士咆哮著向對方衝去。戰鬥持續了幾個小時，不過你的狂戰士最終艱難取勝。
QUEST_BANDIT_2_6_QUESTINFODATA_ACTIONS_4_ACTIONTEXT,「用這個吧！」
QUEST_BANDIT_2_6_QUESTINFODATA_ACTIONS_4_DEFAULTOUTCOME_JOURNALTEXT,英雄手下的礦工出了個主意。用一把鎬子或許可以取勝。我們的英雄贏下了比賽，並和礦工分享了獎勵。
QUEST_BANDIT_2_6_QUESTINFODATA_ACTIONS_4_DEFAULTOUTCOME_OUTCOMETEXT,鎬子看起來是把不錯的武器。你聽取了礦工的建議，用它乾淨利落地擊敗了強壯的野獸。
QUEST_BANDIT_2_6_QUESTINFODATA_ENCOUNTERTEXT,在森林深處一座簡陋的競技場裡，你遇到了一名挑戰者。這頭壯碩的野豬允許你在接下來的戰鬥中挑選一把趁手的武器。
QUEST_BANDIT_2_6_QUESTINFODATA_JOURNALENCOUNTERTEXT,在森林中一座簡陋的競技場，<hero_name>遇見了一名野豬鬥士。挑選武器的時刻到了。
QUEST_BANDIT_2_6_QUESTINFODATA_JOURNALRUMOURTEXT,一名戰士向我們的英雄發起了挑戰 — 力量與技巧的對決，而勝者將得到珍貴的寶物。
QUEST_BANDIT_2_6_QUESTINFODATA_RUMOURTEXT,某個當地的強壯野獸向你發起了挑戰。不知道他是什麼來頭，所以我建議你萬分小心。不過，如果贏了可以大賺一筆！
QUEST_BANDIT_2_6_QUESTINFODATA_TITLE,森林死鬥
QUEST_BANDIT_2_7_QUESTINFODATA_ACTIONS_0_ACTIONTEXT,接受你改變後的未來。走進巨石陣中
QUEST_BANDIT_2_7_QUESTINFODATA_ACTIONS_0_DEFAULTOUTCOME_JOURNALTEXT,當我們的英雄走進巨石陣，黑暗的力量足以將懷爾德從我們英雄的靈魂中驅除，搾取著他們的生命力。情形慘不忍睹！
QUEST_BANDIT_2_7_QUESTINFODATA_ACTIONS_0_DEFAULTOUTCOME_OUTCOMETEXT,當你走進巨石陣，一股力量向你襲來，生命力不斷被吸收。你急忙逃走，身心虛弱，痛苦萬分。
QUEST_BANDIT_2_7_QUESTINFODATA_ACTIONS_0_TESTSUCCESSOUTCOME_JOURNALTEXT,看來我們英雄的罪孽並非無藥可救、罪不可赦！懷爾德選擇了寬恕，並給了<hero_name>一塊心靈石作為獎賞。
QUEST_BANDIT_2_7_QUESTINFODATA_ACTIONS_0_TESTSUCCESSOUTCOME_OUTCOMETEXT,你走進巨石陣，感覺全身上下無比平靜。接著，一塊心靈石不知從何處顯現出來 ── 這是對你真誠的獎賞！
QUEST_BANDIT_2_7_QUESTINFODATA_ACTIONS_1_ACTIONTEXT,接受你黑暗的過去。步離巨石陣
QUEST_BANDIT_2_7_QUESTINFODATA_ACTIONS_1_DEFAULTOUTCOME_JOURNALTEXT,過往黑暗無比，我們的英雄深知在懷爾德眼中救贖已無可能。因此，他們永遠地離開了巨石陣。
QUEST_BANDIT_2_7_QUESTINFODATA_ACTIONS_1_DEFAULTOUTCOME_OUTCOMETEXT,你在巨石陣外遲疑著，最後總算悟出了一個道理：你只相信自己。你離開了巨石陣，感覺自己變聰明了。
QUEST_BANDIT_2_7_QUESTINFODATA_ACTIONS_2_ACTIONTEXT,手持懷爾德護符
QUEST_BANDIT_2_7_QUESTINFODATA_ACTIONS_2_DEFAULTOUTCOME_JOURNALTEXT,面對巨石陣的審判，懷爾德護符保護了我們的英雄。它的魔法為他們的旅途帶來了祝福。
QUEST_BANDIT_2_7_QUESTINFODATA_ACTIONS_2_DEFAULTOUTCOME_OUTCOMETEXT,不論你有著怎樣「豐富」的過去，都已經得到了原諒。你緊緊抓住了護符，大步流星地走上前去。護符發出了光芒，魔法在身上流淌。
QUEST_BANDIT_2_7_QUESTINFODATA_ACTIONS_3_ACTIONTEXT,「我夠資格。」
QUEST_BANDIT_2_7_QUESTINFODATA_ACTIONS_3_DEFAULTOUTCOME_JOURNALTEXT,懷爾德與陌生人似乎同樣難以捉摸。我們的英雄被他們同時賜予了魔法。\n
QUEST_BANDIT_2_7_QUESTINFODATA_ACTIONS_3_DEFAULTOUTCOME_OUTCOMETEXT,陌生人走進了巨石陣，一片烏雲遮住了月亮。他的眼睛發著光。他轉過身，舉起手。魔法流入了你的身體。
QUEST_BANDIT_2_7_QUESTINFODATA_ACTIONS_4_ACTIONTEXT,「這裡的魔法很簡單。」
QUEST_BANDIT_2_7_QUESTINFODATA_ACTIONS_4_DEFAULTOUTCOME_JOURNALTEXT,<hero_name>學徒的插手對巨石陣似乎並不怎麼奏效。巨石陣釋放了它的魔法，不過我們的英雄還是得到了一些。
QUEST_BANDIT_2_7_QUESTINFODATA_ACTIONS_4_DEFAULTOUTCOME_OUTCOMETEXT,學徒走上前去，唸了幾個咒語，巨石陣開始有反應了…不好的那種！ 光芒一閃而過，學徒發出了淒厲的尖叫！儘管如此，你感覺變得更加強大了。
QUEST_BANDIT_2_7_QUESTINFODATA_ENCOUNTERTEXT,你站在古老的巨石陣前，明白你複雜的過去會將這些都化為烏有。
QUEST_BANDIT_2_7_QUESTINFODATA_JOURNALENCOUNTERTEXT,試煉很簡單：走進巨石陣，如果你的內心是純淨的，就將獲得獎賞。然而，我們的英雄卻有一段不堪回首的過去！
QUEST_BANDIT_2_7_QUESTINFODATA_JOURNALRUMOURTEXT,追尋懷爾德之道的愛門羅強者們常常會來巨石陣尋求寬慰。我們的英雄也會加入他們的行列嗎？
QUEST_BANDIT_2_7_QUESTINFODATA_RUMOURTEXT,不知道像我們這樣的人能不能進巨石陣，不過有不少謠言說，懷爾德之道的強者們都在那裡得到了獎賞。
QUEST_BANDIT_2_7_QUESTINFODATA_TITLE,至黑之心
QUEST_BANDIT_2_8_QUESTINFODATA_ACTIONS_0_ACTIONTEXT,「吾即懷爾德」
QUEST_BANDIT_2_8_QUESTINFODATA_ACTIONS_0_DEFAULTOUTCOME_JOURNALTEXT,看來是道奇怪的問答，「沒錯。」我們的英雄答道。然而，漫遊者並不相信他們 ── 任務完全白費了！
QUEST_BANDIT_2_8_QUESTINFODATA_ACTIONS_0_DEFAULTOUTCOME_OUTCOMETEXT,漫遊者凝視著你靈魂的深處，看上去失望極了。「它對你毫無信心，我也一樣。」你兩手空空地離開了峽谷。
QUEST_BANDIT_2_8_QUESTINFODATA_ACTIONS_0_TESTSUCCESSOUTCOME_JOURNALTEXT,<hero_name>自信地答道：「是的，毫無疑問。」漫遊者對你的答案十分滿意，於是加入了我們英雄的行列。
QUEST_BANDIT_2_8_QUESTINFODATA_ACTIONS_0_TESTSUCCESSOUTCOME_OUTCOMETEXT,漫遊者凝視著你靈魂的深處。「它相信你注定成就大器，我也一樣。」陌生人宣誓永遠對你效忠。
QUEST_BANDIT_2_8_QUESTINFODATA_ACTIONS_1_ACTIONTEXT,「我主宰命運」
QUEST_BANDIT_2_8_QUESTINFODATA_ACTIONS_1_DEFAULTOUTCOME_JOURNALTEXT,當我們的英雄堅定地說出「不」的時候，漫遊者笑了 ── 不過他並沒有放棄，還是獻上了小小的祝福。
QUEST_BANDIT_2_8_QUESTINFODATA_ACTIONS_1_DEFAULTOUTCOME_OUTCOMETEXT,漫遊者笑了。「起碼你對於自己的信念很真誠。不過，懷爾德還是眷顧著你的。」
QUEST_BANDIT_2_8_QUESTINFODATA_ACTIONS_2_ACTIONTEXT,「非我所願。」
QUEST_BANDIT_2_8_QUESTINFODATA_ACTIONS_2_DEFAULTOUTCOME_JOURNALTEXT,漫遊者在看到我們英雄的魔鴆之爪時感到十分震驚！在得知 <hero_name> 與汙穢共舞著，決定給予了一樣禮物來幫助抵抗它。
QUEST_BANDIT_2_8_QUESTINFODATA_ACTIONS_2_DEFAULTOUTCOME_OUTCOMETEXT,你舉起了魔鴆之爪，讓一小部分汙穢發散出來。漫遊者睜大了眼睛。「那你可就更需要我的幫忙了。」
QUEST_BANDIT_2_8_QUESTINFODATA_ACTIONS_3_ACTIONTEXT,「汙穢當道。」
QUEST_BANDIT_2_8_QUESTINFODATA_ACTIONS_3_DEFAULTOUTCOME_JOURNALTEXT,在術士的魔法面前，漫遊者忍不住地顫抖了起來。他們提供了建議，並獻上了禮物。他說道：「當心汙穢啊！」
QUEST_BANDIT_2_8_QUESTINFODATA_ACTIONS_3_DEFAULTOUTCOME_OUTCOMETEXT,漫遊者對著術士皺了皺眉。「如果我沒猜錯，你走上的這條路可是更需要我來幫一把了。」
QUEST_BANDIT_2_8_QUESTINFODATA_ACTIONS_4_ACTIONTEXT,「聽不懂...」
QUEST_BANDIT_2_8_QUESTINFODATA_ACTIONS_4_DEFAULTOUTCOME_JOURNALTEXT,那傻瓜根本就是個喜劇大師，竟然把漫遊者也逗樂了，於是給了我們英雄一件禮物。一張落滿灰塵的咒術卡牌。
QUEST_BANDIT_2_8_QUESTINFODATA_ACTIONS_4_DEFAULTOUTCOME_OUTCOMETEXT,傻瓜開始了他的日常喜劇表演。嚴肅的漫遊者先是眉頭緊皺，接著露出笑容，最後捧腹大笑。他賜與了傻瓜一件禮物，而他又把它交給了你。
QUEST_BANDIT_2_8_QUESTINFODATA_ENCOUNTERTEXT,在森林深處的一個柳條編織的籠子裡，你發現了一位奇怪的漫遊者，顯然精神十分強大。他們詢問你是否對懷爾德抱有信仰。
QUEST_BANDIT_2_8_QUESTINFODATA_JOURNALENCOUNTERTEXT,一名漫遊者被關在密林深處的柳條籠裡，而他對我們的英雄只有一句話要問：他們對懷爾德抱有信仰嗎？
QUEST_BANDIT_2_8_QUESTINFODATA_JOURNALRUMOURTEXT,我們的英雄聽到了傳言，同行的強盜們抓到了一個奇怪的旅人，他直呼其名地要找<hero_name>。這是怎麼回事？
QUEST_BANDIT_2_8_QUESTINFODATA_RUMOURTEXT,我們在附近森林的同伴抓住了一個旅人，他想要見你。最好去看看這是怎麼一回事。
QUEST_BANDIT_2_8_QUESTINFODATA_TITLE,懷爾德旅人
QUEST_BANDIT_2_9_QUESTINFODATA_ACTIONS_0_ACTIONTEXT,進入藏寶室。你與懷爾德合一！
QUEST_BANDIT_2_9_QUESTINFODATA_ACTIONS_0_DEFAULTOUTCOME_JOURNALTEXT,我們的英雄決定一如既往地前進。但很不幸，真正的信徒識破了他們的虛偽，把他們趕了出去。
QUEST_BANDIT_2_9_QUESTINFODATA_ACTIONS_0_DEFAULTOUTCOME_OUTCOMETEXT,你從人群中穿過，但他們很快發現你並非為了尋求啟迪，而是為了寶藏而來。你只好從憤怒的人群中逃離了。
QUEST_BANDIT_2_9_QUESTINFODATA_ACTIONS_0_TESTSUCCESSOUTCOME_JOURNALTEXT,<hero_name>作為一名虔誠的信徒，自然是輕而易舉地穿過了人群。神殿的秘寶就這樣落入了強盜之手。
QUEST_BANDIT_2_9_QUESTINFODATA_ACTIONS_0_TESTSUCCESSOUTCOME_OUTCOMETEXT,你的懷爾德之力讓你穿過人群、步入了神殿，簡直輕而易舉。這裡的寶物很快就落入了你手中。
QUEST_BANDIT_2_9_QUESTINFODATA_ACTIONS_1_ACTIONTEXT,這不值得冒險。探索神殿的其他地方。
QUEST_BANDIT_2_9_QUESTINFODATA_ACTIONS_1_DEFAULTOUTCOME_JOURNALTEXT,<hero_name>瞭解被逮到的風險太大了。不過，搜索神殿還是幫助你得到了不少精神啟蒙。
QUEST_BANDIT_2_9_QUESTINFODATA_ACTIONS_1_DEFAULTOUTCOME_OUTCOMETEXT,你避開人群，成功溜進了神殿的後頭。那裡有一座小型的巨石陣，你站在中間，感覺心中充滿了希望。
QUEST_BANDIT_2_9_QUESTINFODATA_ACTIONS_2_ACTIONTEXT,讓侍從製造混亂
QUEST_BANDIT_2_9_QUESTINFODATA_ACTIONS_2_DEFAULTOUTCOME_JOURNALTEXT,侍從自己「心(不)甘情(不)願」地跑去製造混亂。我們的英雄趁著混亂之時，順手摸走了一張卡牌！
QUEST_BANDIT_2_9_QUESTINFODATA_ACTIONS_2_DEFAULTOUTCOME_OUTCOMETEXT,你讓侍從穿上了你的裝備，然後大喊「有異教徒啊！」。當他們追上去的時候，你溜進了神廟裡，偷走了一張咒術卡牌。
QUEST_BANDIT_2_9_QUESTINFODATA_ACTIONS_3_ACTIONTEXT,「我知道另一條進去的路。」
QUEST_BANDIT_2_9_QUESTINFODATA_ACTIONS_3_DEFAULTOUTCOME_JOURNALTEXT,從這裡到藍莓鎮的每一處遺跡，<hero_name>的探險者都瞭如指掌。他們從一條秘密通道進入了神廟。
QUEST_BANDIT_2_9_QUESTINFODATA_ACTIONS_3_DEFAULTOUTCOME_OUTCOMETEXT,擁擠的入口或許不太好進，不過你的探險者知道一個後門。你們溜了進去，然後平分了贓物。
QUEST_BANDIT_2_9_QUESTINFODATA_ACTIONS_4_ACTIONTEXT,從上頭潛入
QUEST_BANDIT_2_9_QUESTINFODATA_ACTIONS_4_DEFAULTOUTCOME_JOURNALTEXT,人群與魔法的雙重阻礙看起來似乎堅不可破。不過，穿著飛天翅靴的<hero_name>可以從空中進去啊！
QUEST_BANDIT_2_9_QUESTINFODATA_ACTIONS_4_DEFAULTOUTCOME_OUTCOMETEXT,環繞著神廟的人群與屏障並沒有延伸到地面之上。你用飛天翅靴從上方飛了過去，拿到了咒術卡牌！
QUEST_BANDIT_2_9_QUESTINFODATA_ENCOUNTERTEXT,你爬到神殿前，發現這裡充滿形形色色的懷爾德信徒。無謀貿然行動的話，你肯定會被發現的！
QUEST_BANDIT_2_9_QUESTINFODATA_JOURNALENCOUNTERTEXT,<hero_name>站在神殿前，發現那裡到處都是旅人和信徒。如果你偽裝混進去，肯定很快就會被發現的。
QUEST_BANDIT_2_9_QUESTINFODATA_JOURNALRUMOURTEXT,據說一座坐落在<quest_tile>的熊族神殿裡面有大量的金銀財寶。唯一的問題是，我們的英雄要怎麼進去呢？
QUEST_BANDIT_2_9_QUESTINFODATA_RUMOURTEXT,一座熊族的神殿坐落於群山之巔，裡面遍是寶物。要是你忠於懷爾德，或許能進去一探究竟！
QUEST_BANDIT_2_9_QUESTINFODATA_TITLE,盜靈賊
QUEST_BANDIT_3_10_QUESTINFODATA_ACTIONS_0_ACTIONTEXT,幫助戴爾文將武器搬出地牢。
QUEST_BANDIT_3_10_QUESTINFODATA_ACTIONS_0_DEFAULTOUTCOME_JOURNALTEXT,我們的英雄想幫戴爾文搬運一堆武器箱子，卻因為缺乏力量而白費力氣。很快地，有一些不好聽的流言就這樣傳開了。
QUEST_BANDIT_3_10_QUESTINFODATA_ACTIONS_0_DEFAULTOUTCOME_OUTCOMETEXT,你想幫助戴爾文來幫忙搬運箱子而進了地牢，然而不但缺乏力氣，反而還要勞煩戴爾文自己來搬。
QUEST_BANDIT_3_10_QUESTINFODATA_ACTIONS_0_TESTSUCCESSOUTCOME_JOURNALTEXT,<hero_name>一人單手就舉起了藏匿點的武器箱子，然後把它們發給部族的人們！
QUEST_BANDIT_3_10_QUESTINFODATA_ACTIONS_0_TESTSUCCESSOUTCOME_OUTCOMETEXT,有著強大的力量，移走幾個武器箱子對你根本不成問題，很快裡面的武器就發放到了你的族人手中。作為感謝，戴爾文給了你一顆心靈石。
QUEST_BANDIT_3_10_QUESTINFODATA_ACTIONS_1_ACTIONTEXT,帶人一起幫忙
QUEST_BANDIT_3_10_QUESTINFODATA_ACTIONS_1_DEFAULTOUTCOME_JOURNALTEXT,<hero_name>帶了幾個強盜來一起來搬武器 ── 強盜部族們齊心協力，很快地全體便著裝完畢！
QUEST_BANDIT_3_10_QUESTINFODATA_ACTIONS_1_DEFAULTOUTCOME_OUTCOMETEXT,你明白自己一個人做不來，於是帶了幾個隨從一起幫忙。工作進展很順利，但沒有得到什麼額外的獎賞。
QUEST_BANDIT_3_10_QUESTINFODATA_ACTIONS_2_ACTIONTEXT,「我有幾個便宜的工人。」
QUEST_BANDIT_3_10_QUESTINFODATA_ACTIONS_2_DEFAULTOUTCOME_JOURNALTEXT,<hero_name>的商人對這種事有好幾年的經驗了。他們叫來朋友幫忙，戴爾文覺得很滿意。\n
QUEST_BANDIT_3_10_QUESTINFODATA_ACTIONS_2_DEFAULTOUTCOME_OUTCOMETEXT,商人只花了幾個小時就叫來了附近的工人。箱子很快井然有序地搬了出來，你也拿了些留給自己用的武器。
QUEST_BANDIT_3_10_QUESTINFODATA_ACTIONS_3_ACTIONTEXT,「撈回的武器？不！」
QUEST_BANDIT_3_10_QUESTINFODATA_ACTIONS_3_DEFAULTOUTCOME_JOURNALTEXT,<hero_name>的鐵匠可不會讓我們的英雄使用這些破銅爛鐵來完成使命。他們自己動手鍛造煉鐵，最終打造出稱得上這任務的精良武器了！
QUEST_BANDIT_3_10_QUESTINFODATA_ACTIONS_3_DEFAULTOUTCOME_OUTCOMETEXT,鐵匠往地上吐了口痰。「我自己能造。」雖然花了幾個小時，不過強盜部族很快就整裝待發了。
QUEST_BANDIT_3_10_QUESTINFODATA_ENCOUNTERTEXT,你在一個古老的地牢外見到了族裡的武器大師 ── 戴爾文。「裡面有幾箱子武器，」他說。「能幫我把它們弄出來嗎？」
QUEST_BANDIT_3_10_QUESTINFODATA_JOURNALENCOUNTERTEXT,要面對國王的守衛，強盜們就必須有趁手的武器。強盜武器大師 ── 老狐狸戴爾文正隨時待命。
QUEST_BANDIT_3_10_QUESTINFODATA_JOURNALRUMOURTEXT,強盜部族正為<hero_name>的奪權大業緊鑼密鼓地準備著武裝，計劃著最終將國王推下王座。
QUEST_BANDIT_3_10_QUESTINFODATA_RUMOURTEXT,在你向王座發動猛攻時，你的強盜隨從們要負責牽制國王的守衛們。因此，需要為他們準備精良的武器！
QUEST_BANDIT_3_10_QUESTINFODATA_TITLE,武器走私者
QUEST_BANDIT_3_11_QUESTINFODATA_ACTIONS_0_ACTIONTEXT,與他們比力氣
QUEST_BANDIT_3_11_QUESTINFODATA_ACTIONS_0_DEFAULTOUTCOME_JOURNALTEXT,當<hero_name>發現比力氣的項目包含了扔樹幹時，他決定還是不和掠奪者湊熱鬧了！
QUEST_BANDIT_3_11_QUESTINFODATA_ACTIONS_0_DEFAULTOUTCOME_OUTCOMETEXT,看來在族裡最受歡迎比力氣的方式是扔樹幹，意思還真的是把樹幹給扔出去！你明智地默許同意，然後不戰而敗。
QUEST_BANDIT_3_11_QUESTINFODATA_ACTIONS_0_TESTSUCCESSOUTCOME_JOURNALTEXT,<hero_name>看到這扔樹幹的競賽後，他果斷地展示了自己的力量，乾淨利落地獲勝了！
QUEST_BANDIT_3_11_QUESTINFODATA_ACTIONS_0_TESTSUCCESSOUTCOME_OUTCOMETEXT,看來掠奪者們通過扔樹幹的方式來比試。幸好你有兩把刷子，俐落地贏了比賽！還帶著隨從的印記再度踏上了旅途！
QUEST_BANDIT_3_11_QUESTINFODATA_ACTIONS_1_ACTIONTEXT,殺掉他們的戰士
QUEST_BANDIT_3_11_QUESTINFODATA_ACTIONS_1_DEFAULTOUTCOME_JOURNALTEXT,不過<hero_name>才沒那個閒情逸致參加無聊的比試。強盜部族中唯一通用的鐵則就是相互廝殺，我們很快就會讓掠奪者們瞭解箇中道理的！
QUEST_BANDIT_3_11_QUESTINFODATA_ACTIONS_1_DEFAULTOUTCOME_OUTCOMETEXT,你直取了他們戰士長的腦袋瓜，對掠奪者的首領發出無聲地威脅恐嚇！你成功贏得了他們的結盟，卻沒有贏得他們的敬重！
QUEST_BANDIT_3_11_QUESTINFODATA_ACTIONS_2_ACTIONTEXT,趕走他們
QUEST_BANDIT_3_11_QUESTINFODATA_ACTIONS_2_DEFAULTOUTCOME_JOURNALTEXT,我們的英雄將懷爾德的力量轉化成了一場可怕的風暴，對掠奪者降下了天災，無情的將這支敵對部族給趕盡殺絕！
QUEST_BANDIT_3_11_QUESTINFODATA_ACTIONS_2_DEFAULTOUTCOME_OUTCOMETEXT,懷爾德護符的力量讓你對他們降下一場暴雨，無情的襲擊著四處逃逸的掠奪者們。你們趁亂殺得他們措手不及！
QUEST_BANDIT_3_11_QUESTINFODATA_ACTIONS_3_ACTIONTEXT,使用巫毒娃娃
QUEST_BANDIT_3_11_QUESTINFODATA_ACTIONS_3_DEFAULTOUTCOME_JOURNALTEXT,<hero_name>沒有時間能浪費在這群惡棍上了。用巫毒娃娃從遠方下咒，以我們英雄之名解決掉這群叛徒。
QUEST_BANDIT_3_11_QUESTINFODATA_ACTIONS_3_DEFAULTOUTCOME_OUTCOMETEXT,沒有人能逃過巫毒娃娃的力量的。你把巫毒娃娃的力量調聚在惡棍們身上。不久之後，慘叫聲響徹<quest_tile>。
QUEST_BANDIT_3_11_QUESTINFODATA_ACTIONS_4_ACTIONTEXT,「輕車熟路！」
QUEST_BANDIT_3_11_QUESTINFODATA_ACTIONS_4_DEFAULTOUTCOME_JOURNALTEXT,英雄的陌生人對<quest_tile>瞭如指掌。他們帶著英雄穿過這裡，把這些可恨的叛徒趕了出去。
QUEST_BANDIT_3_11_QUESTINFODATA_ACTIONS_4_DEFAULTOUTCOME_OUTCOMETEXT,在陌生人的帶領下，你成功潛入了樹林，襲擊了那幫人並把他們趕出了藏身處。很快地，<quest_tile>再一次迎來了寧靜。
QUEST_BANDIT_3_11_QUESTINFODATA_ENCOUNTERTEXT,我們的英雄深入密林，準備與卑鄙的掠奪者對決。他們是一群遵循著自己古老信條的強盜。
QUEST_BANDIT_3_11_QUESTINFODATA_JOURNALENCOUNTERTEXT,於是他們前去與他們對峙。然而，這些強盜遵循著不同的信條，若想贏得他們的尊敬，就得展現絕對的力量才行！
QUEST_BANDIT_3_11_QUESTINFODATA_JOURNALRUMOURTEXT,多年來，劫掠幫一直都是強盜部族中的眼中釘。<hero_name>必須要讓他們對部族俯首稱臣才行呢！
QUEST_BANDIT_3_11_QUESTINFODATA_RUMOURTEXT,若我們想要拿下愛門羅，就必須讓所有的強盜部族一同齊心協力才行。但就偏偏有一支部族一天到晚惹麻煩…
QUEST_BANDIT_3_11_QUESTINFODATA_TITLE,鐵人單項
QUEST_BANDIT_3_12_QUESTINFODATA_ACTIONS_0_ACTIONTEXT,爬上峭壁，從敞開的窗戶進去。
QUEST_BANDIT_3_12_QUESTINFODATA_ACTIONS_0_DEFAULTOUTCOME_JOURNALTEXT,我們的英雄想從打開的窗戶爬進去，但實在是太陡了。他們轟地一聲就摔在了鵝卵石路上！
QUEST_BANDIT_3_12_QUESTINFODATA_ACTIONS_0_DEFAULTOUTCOME_OUTCOMETEXT,等到街道變得空曠之後，你開始攀爬 ── 但你缺乏攀登的力量。你狠狠地摔在了下面的石頭上。
QUEST_BANDIT_3_12_QUESTINFODATA_ACTIONS_0_TESTSUCCESSOUTCOME_JOURNALTEXT,我們的英雄借助他們的神力，輕鬆攀上了牆壁。工具就此到手，還帶來一筆意外之財！
QUEST_BANDIT_3_12_QUESTINFODATA_ACTIONS_0_TESTSUCCESSOUTCOME_OUTCOMETEXT,你以過人的力量，憑著少少幾個落腳點就輕鬆地爬了上去！你找到了工具，還發現了意外的寶貝！
QUEST_BANDIT_3_12_QUESTINFODATA_ACTIONS_1_ACTIONTEXT,破門而入
QUEST_BANDIT_3_12_QUESTINFODATA_ACTIONS_1_DEFAULTOUTCOME_JOURNALTEXT,我們的英雄不喜歡拐彎抹角的方式。他一腳把門踹開，一股作氣衝上了樓，工具就這樣輕鬆到手了！
QUEST_BANDIT_3_12_QUESTINFODATA_ACTIONS_1_DEFAULTOUTCOME_OUTCOMETEXT,你踢開門，衝進了崗樓。你奪回了工具，但已經沒多少時間能搜刮別的寶貝了，只能趕緊逃跑！
QUEST_BANDIT_3_12_QUESTINFODATA_ACTIONS_2_ACTIONTEXT,「小意思啦！」
QUEST_BANDIT_3_12_QUESTINFODATA_ACTIONS_2_DEFAULTOUTCOME_JOURNALTEXT,與攀峰登頂來比，爬座小塔根本就不算挑戰！我們探險者幫助我們的英雄登上崗樓，帶走了開鎖工具。
QUEST_BANDIT_3_12_QUESTINFODATA_ACTIONS_2_DEFAULTOUTCOME_OUTCOMETEXT,在探險者的指導下，你輕鬆地登上了陡峭的牆壁。工具很快就奪了回來，你和他分了些戰利品。
QUEST_BANDIT_3_12_QUESTINFODATA_ENCOUNTERTEXT,你盯著守衛長的崗樓 ── 位於鵝卵石街道上方有一扇敞開的窗戶，但爬上去恐怕沒有多少落腳點。
QUEST_BANDIT_3_12_QUESTINFODATA_JOURNALENCOUNTERTEXT,<hero_name>理所當然地要把工具給奪回來。然而，溜進他房間的最佳方法就是爬上街道上方的那堵斷崖絕壁！
QUEST_BANDIT_3_12_QUESTINFODATA_JOURNALRUMOURTEXT,鎖匠沃拉克正研究著能潛入國王城堡的辦法，但是他的開鎖工具不幸被一名當地的守衛長給偷走了！
QUEST_BANDIT_3_12_QUESTINFODATA_RUMOURTEXT,當地的守衛長偷走了我們鎖匠沃拉克的開鎖工具。如果想潛入國王的城堡，我們就必須把它們奪回來！
QUEST_BANDIT_3_12_QUESTINFODATA_TITLE,翻窗入室
QUEST_BANDIT_3_1_QUESTINFODATA_ACTIONS_0_ACTIONTEXT,大膽出千
QUEST_BANDIT_3_1_QUESTINFODATA_ACTIONS_0_DEFAULTOUTCOME_JOURNALTEXT,我們的英雄打算出老千 ，但才疏計拙 ── 很快被守衛們識破了！<hero_name>被無情地趕了出去！
QUEST_BANDIT_3_1_QUESTINFODATA_ACTIONS_0_DEFAULTOUTCOME_OUTCOMETEXT,來來回回幾個牌局後，守衛便識破了你的伎倆。你被痛打一頓，被扔出了宅子！
QUEST_BANDIT_3_1_QUESTINFODATA_ACTIONS_0_TESTSUCCESSOUTCOME_JOURNALTEXT,幸好，我們的英雄曾是強盜部族裡的老千之王。可憐的貴族到最後都沒發現他的心靈石早就成了他人的囊中之物了！
QUEST_BANDIT_3_1_QUESTINFODATA_ACTIONS_0_TESTSUCCESSOUTCOME_OUTCOMETEXT,在你的卓越的技巧前，沒有人發現你藏在袖中的卡牌！你逼著貴族把心靈石放到了賭桌上…然後贏了下來！
QUEST_BANDIT_3_1_QUESTINFODATA_ACTIONS_1_ACTIONTEXT,公平對決！
QUEST_BANDIT_3_1_QUESTINFODATA_ACTIONS_1_DEFAULTOUTCOME_JOURNALTEXT,在守衛們嚴密的監視下，<hero_name>只好堂堂正正地對決了。雖然沒贏下心靈石，不過還是享受了一段美好的時光！
QUEST_BANDIT_3_1_QUESTINFODATA_ACTIONS_1_DEFAULTOUTCOME_OUTCOMETEXT,不得不承認，這遊戲還是挺有趣的。你一路贏到終局的三人，但就此飲恨了！
QUEST_BANDIT_3_1_QUESTINFODATA_ACTIONS_2_ACTIONTEXT,「把這藏好！」
QUEST_BANDIT_3_1_QUESTINFODATA_ACTIONS_2_DEFAULTOUTCOME_JOURNALTEXT,<hero_name>的咒術師是個出千大師。他們狠狠地從貴族身上撈了一把，然後在被發現之前逃之夭夭。
QUEST_BANDIT_3_1_QUESTINFODATA_ACTIONS_2_DEFAULTOUTCOME_OUTCOMETEXT,你的咒術師可是玩牌出千的好手。在他的幫助下，你贏了個痛快。在被守衛抓住之前快跑吧！
QUEST_BANDIT_3_1_QUESTINFODATA_ACTIONS_3_ACTIONTEXT,戴上化妝面具
QUEST_BANDIT_3_1_QUESTINFODATA_ACTIONS_3_DEFAULTOUTCOME_JOURNALTEXT,化妝面具不光能隱藏容貌，也會遮住臉部表情。有了它，我們的英雄在貴族的賭局裡大撈了一筆！
QUEST_BANDIT_3_1_QUESTINFODATA_ACTIONS_3_DEFAULTOUTCOME_OUTCOMETEXT,就算沒能得到心靈石，起碼還能在這賺上一筆。你戴上化妝面具，加入了牌局。有了它的偽裝，騙牌變得容易多了！
QUEST_BANDIT_3_1_QUESTINFODATA_ACTIONS_4_ACTIONTEXT,直接行搶
QUEST_BANDIT_3_1_QUESTINFODATA_ACTIONS_4_DEFAULTOUTCOME_JOURNALTEXT,我們的英雄被抓住了！正當貴族幻想著他的獎賞時，<hero_name>亮出了皇室赦令，然後假笑著揚長而去了。
QUEST_BANDIT_3_1_QUESTINFODATA_ACTIONS_4_DEFAULTOUTCOME_OUTCOMETEXT,你從桌上抓起東西就跑，逃向密室。你被發現了，不過出示了皇室赦令之後，他們釋放了你。
QUEST_BANDIT_3_1_QUESTINFODATA_ENCOUNTERTEXT,你憑著一封偽造的邀請函，混進了貴族奢華的宅院裡，坐上了賭桌。你猛然注意到，有不少守衛正盯著你瞧。
QUEST_BANDIT_3_1_QUESTINFODATA_JOURNALENCOUNTERTEXT,<hero_name>用假名參加了賭局，但賭注是真的！他們需要得到那顆心靈石！
QUEST_BANDIT_3_1_QUESTINFODATA_JOURNALRUMOURTEXT,撲克牌賭局？這下有意思了！我們的英雄正忙著爭奪王位，對這肯定沒有興趣的，但如果獎品是心靈石的話就另當別論了！
QUEST_BANDIT_3_1_QUESTINFODATA_RUMOURTEXT,這位熱愛賭博的貴族遲早會讓他身敗名裂的，再加上耍老千是你的拿手好戲！說不定能想辦法把心靈石從他那裡給騙過來！
QUEST_BANDIT_3_1_QUESTINFODATA_TITLE,賭場風雲
QUEST_BANDIT_3_2_QUESTINFODATA_ACTIONS_0_ACTIONTEXT,想辦法調製解藥
QUEST_BANDIT_3_2_QUESTINFODATA_ACTIONS_0_DEFAULTOUTCOME_JOURNALTEXT,我們的英雄想要弄清楚毒藥的來源，以此設法調製解藥，結果只讓旅行者死得更快罷了。
QUEST_BANDIT_3_2_QUESTINFODATA_ACTIONS_0_DEFAULTOUTCOME_OUTCOMETEXT,你粗略地聞了聞那支毒鏢 ── 或許是毒芹？不幸的是，你的「解藥」只是幫助可憐的旅行者提早解脫罷了。
QUEST_BANDIT_3_2_QUESTINFODATA_ACTIONS_0_TESTSUCCESSOUTCOME_JOURNALTEXT,我們的英雄仔細檢查了毒鏢，然後配出治療飛燕草毒的藥。旅行者得救了，並向<hero_name>提供了協助。
QUEST_BANDIT_3_2_QUESTINFODATA_ACTIONS_0_TESTSUCCESSOUTCOME_OUTCOMETEXT,你分析了毒鏢，最後發現毒素來自濃縮的飛燕草。你的解藥救下了旅行者，他們也因此向你效忠。
QUEST_BANDIT_3_2_QUESTINFODATA_ACTIONS_1_ACTIONTEXT,帶到附近的村子
QUEST_BANDIT_3_2_QUESTINFODATA_ACTIONS_1_DEFAULTOUTCOME_JOURNALTEXT,我們的英雄幫助旅行者來到了附近的村子。雖然他們要花很長時間才能從中毒恢復過來，但至少保住了性命！
QUEST_BANDIT_3_2_QUESTINFODATA_ACTIONS_1_DEFAULTOUTCOME_OUTCOMETEXT,你十萬火急地把旅行者帶回了附近的村子。旅行者得救了，但依然十分虛弱，無法繼續旅行了。
QUEST_BANDIT_3_2_QUESTINFODATA_ACTIONS_2_ACTIONTEXT,使用懷爾德的治癒之力
QUEST_BANDIT_3_2_QUESTINFODATA_ACTIONS_2_DEFAULTOUTCOME_JOURNALTEXT,我們的英雄救下了旅行者，然後把他們帶到了安全的地方。雖然旅行者傷得很重，無法繼續前進，不過他們給了<hero_name>一件禮物。
QUEST_BANDIT_3_2_QUESTINFODATA_ACTIONS_2_DEFAULTOUTCOME_OUTCOMETEXT,懷爾德烈焰權杖從可憐的旅行者身上抽走了毒液。他們癱倒在地，雖然傷得很重，但已沒有性命之虞。你救下一條命。
QUEST_BANDIT_3_2_QUESTINFODATA_ACTIONS_3_ACTIONTEXT,「來！解藥。」
QUEST_BANDIT_3_2_QUESTINFODATA_ACTIONS_3_DEFAULTOUTCOME_JOURNALTEXT,<hero_name>的煉金術師有一種萬能解毒藥，用它穩定了旅行者的病情。旅行者在恍惚之中送上一份大禮作為答謝。
QUEST_BANDIT_3_2_QUESTINFODATA_ACTIONS_3_DEFAULTOUTCOME_OUTCOMETEXT,你的煉金術師尋找著裝解藥的瓶子，數百個瓶子互相碰撞的鏗鏘聲在樹林中不斷迴盪著。終於，他找到解藥了。幸好及時趕上了。
QUEST_BANDIT_3_2_QUESTINFODATA_ACTIONS_4_ACTIONTEXT,「把他壓好！」
QUEST_BANDIT_3_2_QUESTINFODATA_ACTIONS_4_DEFAULTOUTCOME_JOURNALTEXT,在藥劑師的幫助下，我們的英雄救下了受傷的旅行者。雖然他們已經太過虛弱、難以繼續，但還是給了<hero_name>一件珍貴的禮物。
QUEST_BANDIT_3_2_QUESTINFODATA_ACTIONS_4_DEFAULTOUTCOME_OUTCOMETEXT,你緊緊壓住旅行者，而藥劑師則在他身邊忙前忙後。過了幾個小時，他的情況穩定了下來。你救下一條命。
QUEST_BANDIT_3_2_QUESTINFODATA_ENCOUNTERTEXT,<hero_name>走進森林後，發現幾步遠的地方有一個旅行者，脖子上插著一支毒鏢。看來沒多少時間了。
QUEST_BANDIT_3_2_QUESTINFODATA_JOURNALENCOUNTERTEXT,我們的英雄很快發現，一位無辜的旅行者被一支劇毒飛鏢偷襲了。若是<hero_name>不出手幫忙，他們就活不了多久了！
QUEST_BANDIT_3_2_QUESTINFODATA_JOURNALRUMOURTEXT,身為愛門羅眾多強盜的首領，一想到有離群的強盜團夥對無辜者用毒，就讓他們深感厭惡。必須將此等惡行畫上句號！
QUEST_BANDIT_3_2_QUESTINFODATA_RUMOURTEXT,我聽說附近有一夥強盜 ── 卑鄙地用毒液殺害過路的旅行者。或許值得調查看看。
QUEST_BANDIT_3_2_QUESTINFODATA_TITLE,劇毒飛鏢
QUEST_BANDIT_3_3_QUESTINFODATA_ACTIONS_0_ACTIONTEXT,悄悄穿過沼澤
QUEST_BANDIT_3_3_QUESTINFODATA_ACTIONS_0_DEFAULTOUTCOME_JOURNALTEXT,<hero_name>想要繞道潛入城堡，但沼澤裡埋伏的各種危險反而令我們的英雄身陷險境。最終，他們只好兩手空空地逃走了。
QUEST_BANDIT_3_3_QUESTINFODATA_ACTIONS_0_DEFAULTOUTCOME_OUTCOMETEXT,你繞了很長一段的遠路，然而卻遭到下半身陷進了流沙、上半身被蟲子大咬特咬的窘境。為了保住小命，你只好逃之夭夭。
QUEST_BANDIT_3_3_QUESTINFODATA_ACTIONS_0_TESTSUCCESSOUTCOME_JOURNALTEXT,<hero_name>的機智幫助他們度過了沼澤的重重危機。斯沃姆之門的寶藏很快就是他們的了！
QUEST_BANDIT_3_3_QUESTINFODATA_ACTIONS_0_TESTSUCCESSOUTCOME_OUTCOMETEXT,足智多謀的你很快穿過了可怕的沼澤，並通過了一道古老的鐵柵門。寶庫中最上等的寶物如今近在你眼前了。
QUEST_BANDIT_3_3_QUESTINFODATA_ACTIONS_1_ACTIONTEXT,從前門溜進去
QUEST_BANDIT_3_3_QUESTINFODATA_ACTIONS_1_DEFAULTOUTCOME_JOURNALTEXT,<hero_name>選擇了比較直接的方法。他們的潛行本領受到了考驗，但我們的英雄還是沒能進入寶庫。
QUEST_BANDIT_3_3_QUESTINFODATA_ACTIONS_1_DEFAULTOUTCOME_OUTCOMETEXT,你選擇了比較直接的方式。雖然你的機智受到了考驗，但守衛們很快發現了你，然後把你趕回了沼澤。
QUEST_BANDIT_3_3_QUESTINFODATA_ACTIONS_2_ACTIONTEXT,正面衝突
QUEST_BANDIT_3_3_QUESTINFODATA_ACTIONS_2_DEFAULTOUTCOME_JOURNALTEXT,我們的英雄選擇了戰鬥！他們對斯沃姆之門的堡壘發動了衝鋒，血洗了那些老鼠，然後將寶庫給搜刮一空！
QUEST_BANDIT_3_3_QUESTINFODATA_ACTIONS_2_DEFAULTOUTCOME_OUTCOMETEXT,你穿上獅心胸甲，一腳踹開了大門。在一陣激烈的廝殺後，你從斯沃姆之門搶走了不少財寶。
QUEST_BANDIT_3_3_QUESTINFODATA_ACTIONS_3_ACTIONTEXT,在冰鑒斗篷掩護下潛入
QUEST_BANDIT_3_3_QUESTINFODATA_ACTIONS_3_DEFAULTOUTCOME_JOURNALTEXT,雖然最後守衛們發現了<hero_name>，但有冰鑒斗篷在身，他們還是偷了不少老鼠們的財寶。\n
QUEST_BANDIT_3_3_QUESTINFODATA_ACTIONS_3_DEFAULTOUTCOME_OUTCOMETEXT,即使是眼睛最尖的老鼠守衛也沒有發現你，直到為時已晚。你溜進了斯沃姆之門，拿走了不少值錢的寶貝。
QUEST_BANDIT_3_3_QUESTINFODATA_ACTIONS_4_ACTIONTEXT,「潛行？哈。」
QUEST_BANDIT_3_3_QUESTINFODATA_ACTIONS_4_DEFAULTOUTCOME_JOURNALTEXT,在我們的英雄和狂戰士的合力衝鋒下，斯沃姆之門很快就淪陷了。雖然獲得了勝利，但老鼠們帶著財寶逃跑了。
QUEST_BANDIT_3_3_QUESTINFODATA_ACTIONS_4_DEFAULTOUTCOME_OUTCOMETEXT,狂戰士吆喝地揮動著戰斧，勇敢地衝進了敵陣。儘管這場戰鬥贏得非常漂亮，然而老鼠們卻趁亂帶著財寶溜之大吉了。
QUEST_BANDIT_3_3_QUESTINFODATA_ENCOUNTERTEXT,斯沃姆之門這座古老的城堡被鼠族佔據著。藏寶室就在深處，被許多冷血殺手層層把守著。
QUEST_BANDIT_3_3_QUESTINFODATA_JOURNALENCOUNTERTEXT,當然了，要想進入這座古堡還是挺難的。鼠族是很難對付的敵人，而這裡又是易守難攻之地。
QUEST_BANDIT_3_3_QUESTINFODATA_JOURNALRUMOURTEXT,有傳言說，鼠族在斯沃姆之門的古代要塞藏匿著如山的寶物。想當然爾，我們的英雄對此非常感興趣！
QUEST_BANDIT_3_3_QUESTINFODATA_RUMOURTEXT,在沼澤深處，有一座鼠族佔領的古老城堡，據說裡頭藏滿了金銀財寶。或許我們應該「沒收充公」一下？
QUEST_BANDIT_3_3_QUESTINFODATA_TITLE,要塞襲擊戰
QUEST_BANDIT_3_4_QUESTINFODATA_ACTIONS_0_ACTIONTEXT,殺了他們！
QUEST_BANDIT_3_4_QUESTINFODATA_ACTIONS_0_DEFAULTOUTCOME_JOURNALTEXT,但<hero_name>絕不會讓這份屈辱就此作罷！他們砍倒了這些殺手，雖然身負重傷，卻讓對方傷得更重。
QUEST_BANDIT_3_4_QUESTINFODATA_ACTIONS_0_DEFAULTOUTCOME_OUTCOMETEXT,你立馬拔出了武器，殺手們一擁而上。你把他們全數解決了，但在隨後的戰鬥中也身負重傷！
QUEST_BANDIT_3_4_QUESTINFODATA_ACTIONS_0_TESTSUCCESSOUTCOME_JOURNALTEXT,<hero_name>要讓這些蠢貨看看，自己為何能在眾多強盜中脫穎而出。他們一個接著一個倒下，我們的英雄獲得了最終的勝利！
QUEST_BANDIT_3_4_QUESTINFODATA_ACTIONS_0_TESTSUCCESSOUTCOME_OUTCOMETEXT,「馬上就讓你們知道我憑甚麼角逐王位！」你拔出了武器。戰鬥不久後就結束了，你從死者身上奪走了心靈石。
QUEST_BANDIT_3_4_QUESTINFODATA_ACTIONS_1_ACTIONTEXT,殺出重圍
QUEST_BANDIT_3_4_QUESTINFODATA_ACTIONS_1_DEFAULTOUTCOME_JOURNALTEXT,他們數量實在是太多了！我們的英雄在放倒了一人後，便趕緊逃到了平原擺脫了追殺，避免了慘死的下場。
QUEST_BANDIT_3_4_QUESTINFODATA_ACTIONS_1_DEFAULTOUTCOME_OUTCOMETEXT,你拔出武器衝上前去，殺掉了他們一人。其他人窮追不捨，但你總算在平原上甩掉了他們！
QUEST_BANDIT_3_4_QUESTINFODATA_ACTIONS_2_ACTIONTEXT,收買他們
QUEST_BANDIT_3_4_QUESTINFODATA_ACTIONS_2_DEFAULTOUTCOME_JOURNALTEXT,<hero_name>的財務官料到了這群強盜都看錢辦事，他僅憑一筆象徵性的小錢便說服了他們扔下武器。
QUEST_BANDIT_3_4_QUESTINFODATA_ACTIONS_2_DEFAULTOUTCOME_OUTCOMETEXT,你的財務官上前一步，兩眼閃閃發光。「在你們反對之前，先想想自己的錢包吧。如果你們是真正的強盜，就會跟著金子走。」
QUEST_BANDIT_3_4_QUESTINFODATA_ACTIONS_3_ACTIONTEXT,「膽敢無禮！」
QUEST_BANDIT_3_4_QUESTINFODATA_ACTIONS_3_DEFAULTOUTCOME_JOURNALTEXT,我們英雄的豐功偉業讓強盜們猶豫了。他們最後決定還是不要蹚渾水。
QUEST_BANDIT_3_4_QUESTINFODATA_ACTIONS_3_DEFAULTOUTCOME_OUTCOMETEXT,「你說你是傳說中搶了格林姆赫爾男爵的<hero_name>？那個大敗迪爾佈雷吉盜賊團的<hero_name>？」看來你名聲遠播！強盜們猶豫了！
QUEST_BANDIT_3_4_QUESTINFODATA_ACTIONS_4_ACTIONTEXT,下下馬威
QUEST_BANDIT_3_4_QUESTINFODATA_ACTIONS_4_DEFAULTOUTCOME_JOURNALTEXT,強盜準則第一條：力量決定一切！<hero_name>將最近的強盜直接砍成了兩半，其他人被嚇得不敢吭聲！
QUEST_BANDIT_3_4_QUESTINFODATA_ACTIONS_4_DEFAULTOUTCOME_OUTCOMETEXT,魔鴆之刃閃爍著黑光，將離你最近的強盜身軀撕成了兩半！那淒厲的慘叫聲嚇得他們如鳥獸散般四處逃命。你抹掉了臉上叛徒的血肉殘渣，露出了微笑！
QUEST_BANDIT_3_4_QUESTINFODATA_ENCOUNTERTEXT,在你從<quest_tile>開出一條路前進時，突然發現自己竟然被一群殺手給團團包圍了。他們竟然是你自家的強盜。
QUEST_BANDIT_3_4_QUESTINFODATA_JOURNALENCOUNTERTEXT,這場策反在<quest_tile>上演，我們的英雄被劍刃給團團包圍了。一群叛徒！
QUEST_BANDIT_3_4_QUESTINFODATA_JOURNALRUMOURTEXT,<hero_name>遭遇了一場命懸一線的埋伏，主謀竟然是自家的強盜！看來這群匪徒一點榮譽心都沒有！
QUEST_BANDIT_3_4_QUESTINFODATA_RUMOURTEXT,氏族裡並不是每位打手都認同你利用他們來奪取王座的，煩請萬分小心。
QUEST_BANDIT_3_4_QUESTINFODATA_TITLE,謀權篡位
QUEST_BANDIT_3_5_QUESTINFODATA_ACTIONS_0_ACTIONTEXT,殺光他們！
QUEST_BANDIT_3_5_QUESTINFODATA_ACTIONS_0_DEFAULTOUTCOME_JOURNALTEXT,<hero_name>衝進了地穴，不料裡頭敵人的數量實在太多了！打得我們英雄節節敗退，逃之夭夭！
QUEST_BANDIT_3_5_QUESTINFODATA_ACTIONS_0_DEFAULTOUTCOME_OUTCOMETEXT,你直衝進兔窩，但他們一擁而上，把你給團團包圍了！你打得措手不及，逼著只好落荒而逃了！
QUEST_BANDIT_3_5_QUESTINFODATA_ACTIONS_0_TESTSUCCESSOUTCOME_JOURNALTEXT,<hero_name>衝進了地穴，將他們一個不留的全部殺光，並順利救出了你的強盜夥伴。他們追隨著你的腳步一同踏上了旅程！
QUEST_BANDIT_3_5_QUESTINFODATA_ACTIONS_0_TESTSUCCESSOUTCOME_OUTCOMETEXT,你順利地淨空了地穴，殺光了他們所有人，成功救出了你強盜部族的夥伴！
QUEST_BANDIT_3_5_QUESTINFODATA_ACTIONS_1_ACTIONTEXT,啟動陷阱
QUEST_BANDIT_3_5_QUESTINFODATA_ACTIONS_1_DEFAULTOUTCOME_JOURNALTEXT,<hero_name>決定發動地穴中長年沒用的陷阱。他們全都被消滅了，一個不留活口，連同你的強盜同伴也一起陪葬！
QUEST_BANDIT_3_5_QUESTINFODATA_ACTIONS_1_DEFAULTOUTCOME_OUTCOMETEXT,你費力的撥弄著上頭複雜的陷阱機關，然後抓準時機一次全部發動。不分你我，裡頭無人生還！
QUEST_BANDIT_3_5_QUESTINFODATA_ACTIONS_2_ACTIONTEXT,「嚇嚇他們！」
QUEST_BANDIT_3_5_QUESTINFODATA_ACTIONS_2_DEFAULTOUTCOME_JOURNALTEXT,瘋王的威信依然管用。在他們看到皇室旗幟後，立馬嚇得拔腿逃跑。他們全被我們的英雄狠狠地騙了！\n
QUEST_BANDIT_3_5_QUESTINFODATA_ACTIONS_2_DEFAULTOUTCOME_OUTCOMETEXT,你把皇室旗幟插在了地穴外頭。「以國王的名義！再不跑統統殺光。」過不了多久，地穴再次地空空如也了。
QUEST_BANDIT_3_5_QUESTINFODATA_ACTIONS_3_ACTIONTEXT,「鎖住他們。」
QUEST_BANDIT_3_5_QUESTINFODATA_ACTIONS_3_DEFAULTOUTCOME_JOURNALTEXT,我們的英雄不打算訴諸武力。在礦工的請願下，他同意讓她好好地大展身手，將他們永遠地埋在了地穴之中，永世不見天日。\n
QUEST_BANDIT_3_5_QUESTINFODATA_ACTIONS_3_DEFAULTOUTCOME_OUTCOMETEXT,地穴有著無數隱藏出口，但被礦工給一個個找了出來。過不了多久，他們就會被掩埋在這不見天日的地穴之中，完全不知道悲慘的命運正等待著他們。
QUEST_BANDIT_3_5_QUESTINFODATA_ENCOUNTERTEXT,你追殺的兔族勢力潛伏在一座古老地穴裡。不過，你發現裏頭的陷阱竟然都還能用……
QUEST_BANDIT_3_5_QUESTINFODATA_JOURNALENCOUNTERTEXT,我們的英雄很快就找到了被他們潛伏的古老深坑。問題是，該怎麼對付他們呢？
QUEST_BANDIT_3_5_QUESTINFODATA_JOURNALRUMOURTEXT,一支當地的勢力竟然動手綁架強盜氏族的成員，很快地就吸引了<hero_name>的注意！
QUEST_BANDIT_3_5_QUESTINFODATA_RUMOURTEXT,當地勢力已經嚴重威脅到我們強盜氏族的存在了，他們甚至動手綁架了我們的同伴。看來是時候給他們來點苦頭嘗嘗了？
QUEST_BANDIT_3_5_QUESTINFODATA_TITLE,深入兔穴
QUEST_BANDIT_3_6_QUESTINFODATA_ACTIONS_0_ACTIONTEXT,該大顯身手啦！
QUEST_BANDIT_3_6_QUESTINFODATA_ACTIONS_0_DEFAULTOUTCOME_JOURNALTEXT,我們的英雄毅然決然參加比武！然而，很可惜的不久後就輸了，場面變得非常尷尬難看。
QUEST_BANDIT_3_6_QUESTINFODATA_ACTIONS_0_DEFAULTOUTCOME_OUTCOMETEXT,你高舉武器，並決定讓他們好好地開開眼界！不料，戰敗的場面讓你尷尬萬分。
QUEST_BANDIT_3_6_QUESTINFODATA_ACTIONS_0_TESTSUCCESSOUTCOME_JOURNALTEXT,我們的英雄毅然決然參加了比武！<hero_name>大顯身手地擊敗了所有的對手，並輕易的贏下了大獎！
QUEST_BANDIT_3_6_QUESTINFODATA_ACTIONS_0_TESTSUCCESSOUTCOME_OUTCOMETEXT,你以萬夫莫敵之勢打敗了一個又一個的對手，證明了你是他們中最強的。比武的優勝大獎你贏得實至名歸！
QUEST_BANDIT_3_6_QUESTINFODATA_ACTIONS_1_ACTIONTEXT,派代表出戰
QUEST_BANDIT_3_6_QUESTINFODATA_ACTIONS_1_DEFAULTOUTCOME_JOURNALTEXT,<hero_name>挑了一名優秀的同胞作為代表出戰。儘管沒有贏到最後，我們的英雄還是從中悟到了一些戰鬥本領！
QUEST_BANDIT_3_6_QUESTINFODATA_ACTIONS_1_DEFAULTOUTCOME_OUTCOMETEXT,既然可以派別人上場，何必冒險讓自己丟臉呢？然而他很快就落敗下場了。真是可惜！
QUEST_BANDIT_3_6_QUESTINFODATA_ACTIONS_2_ACTIONTEXT,戴上群英頭盔
QUEST_BANDIT_3_6_QUESTINFODATA_ACTIONS_2_DEFAULTOUTCOME_JOURNALTEXT,我們的英雄不想犯險讓自己重傷。他戴上了群英頭盔，並謹慎出戰。儘管只贏了個小獎回來，但至少沒有掛彩就很不錯了。
QUEST_BANDIT_3_6_QUESTINFODATA_ACTIONS_2_DEFAULTOUTCOME_OUTCOMETEXT,這場比武將會是場惡戰，但你又不想身受重傷。於是你戴上頭盔出戰了，結果不但毫髮無傷，而且還贏了個小獎回來。
QUEST_BANDIT_3_6_QUESTINFODATA_ACTIONS_3_ACTIONTEXT,彈藥上膛
QUEST_BANDIT_3_6_QUESTINFODATA_ACTIONS_3_DEFAULTOUTCOME_JOURNALTEXT,我們的英雄失去參賽資格了。攜帶手持加農砲是嚴令禁止的！不過<hero_name>還是贏了一份參賽獎。\n
QUEST_BANDIT_3_6_QUESTINFODATA_ACTIONS_3_DEFAULTOUTCOME_OUTCOMETEXT,面對手持加農砲的掃射，你毫無疑問的擊倒了所有人，但也一併失去了參賽資格。捧了個參賽獎回家感覺也是不錯的。
QUEST_BANDIT_3_6_QUESTINFODATA_ACTIONS_4_ACTIONTEXT,我也想參賽…
QUEST_BANDIT_3_6_QUESTINFODATA_ACTIONS_4_DEFAULTOUTCOME_JOURNALTEXT,我們的英雄注意到侍從也想參賽。出於同情，<hero_name>指導他一路拿下了體面的第三名。
QUEST_BANDIT_3_6_QUESTINFODATA_ACTIONS_4_DEFAULTOUTCOME_OUTCOMETEXT,你非常疼惜你的侍從，於是打算在賽前“臨陣磨槍”一下，由於你親傳的戰鬥技巧影響之下，他成功獲得了比賽第三名，也幫你贏了獎賞回來。
QUEST_BANDIT_3_6_QUESTINFODATA_ENCOUNTERTEXT,當地的強盜團伙們聚在一起，以你之名榮耀舉辦了一場比武大賽。想當然爾，你打從開始就想要是來奪冠的！
QUEST_BANDIT_3_6_QUESTINFODATA_JOURNALENCOUNTERTEXT,在得知這場比武大賽是以你的大名榮耀舉辦的，<hero_name>感覺有點受寵若驚就是了。
QUEST_BANDIT_3_6_QUESTINFODATA_JOURNALRUMOURTEXT,我們的英雄聽說了有一場格鬥大賽，聚集了各路強盜好手！勝者還能拿走不錯的獎勵！
QUEST_BANDIT_3_6_QUESTINFODATA_RUMOURTEXT,你的同夥們正在森林裡召開一場比武大賽還什麼的。而且聽說勝者能抱得豐厚的獎賞！
QUEST_BANDIT_3_6_QUESTINFODATA_TITLE,比武大賽
QUEST_BANDIT_3_7_QUESTINFODATA_ACTIONS_0_ACTIONTEXT,超渡亡靈
QUEST_BANDIT_3_7_QUESTINFODATA_ACTIONS_0_DEFAULTOUTCOME_JOURNALTEXT,我們的英雄懇求懷爾德超渡這可憐的冤魂，然而當食屍鬼開始吸取<hero_name>的靈魂時，顯然不會有救兵到來了。
QUEST_BANDIT_3_7_QUESTINFODATA_ACTIONS_0_DEFAULTOUTCOME_OUTCOMETEXT,你希望懷爾德會出手干預，然而甚麼事都沒有發生。在你拔腿狂奔之際，一副恐怖的面龐赫然浮現在你面前，牠冰冷的爪子吸走了你的力氣。
QUEST_BANDIT_3_7_QUESTINFODATA_ACTIONS_0_TESTSUCCESSOUTCOME_JOURNALTEXT,懷爾德灼熱的光芒淨化了幽靈所在的地牢，只留下了一塊熠熠發光的心靈石。
QUEST_BANDIT_3_7_QUESTINFODATA_ACTIONS_0_TESTSUCCESSOUTCOME_OUTCOMETEXT,你等了片刻，讓懷爾德之力穿透了迷霧並成功淨化了地牢。就在那裡，一塊閃亮的心靈石掉在了地上。
QUEST_BANDIT_3_7_QUESTINFODATA_ACTIONS_1_ACTIONTEXT,嘗試擊敗幽靈
QUEST_BANDIT_3_7_QUESTINFODATA_ACTIONS_1_DEFAULTOUTCOME_JOURNALTEXT,我們的英雄知道至少一種驅除食屍鬼的方法！可是當他們拔出佩劍的時候，幽靈就已經消失的無影無蹤了。不見了，但不會永遠消失。
QUEST_BANDIT_3_7_QUESTINFODATA_ACTIONS_1_DEFAULTOUTCOME_OUTCOMETEXT,你拔出了利劍準備對付幽靈，可牠似乎知道你在做甚麼打算。幽靈瞬間就消失得無影無蹤，然而濃重的迷霧卻還是縈繞不散。
QUEST_BANDIT_3_7_QUESTINFODATA_ACTIONS_2_ACTIONTEXT,用銀月巨鐮砍它
QUEST_BANDIT_3_7_QUESTINFODATA_ACTIONS_2_DEFAULTOUTCOME_JOURNALTEXT,幽靈完全抵擋不住銀月巨鐮的威力，你用這件德魯伊所賜給你的寶物消滅了幽靈。<quest_tile> 獲得淨化。\n
QUEST_BANDIT_3_7_QUESTINFODATA_ACTIONS_2_DEFAULTOUTCOME_OUTCOMETEXT,這件懷爾德賜與你的利刃閃爍著寒光、砍向了幽靈。幽靈發出了尖叫，向後退去，身上滲漏出魔法。魔力殘留了下來，流入了你的體內。
QUEST_BANDIT_3_7_QUESTINFODATA_ACTIONS_3_ACTIONTEXT,舉起魔鴆之爪
QUEST_BANDIT_3_7_QUESTINFODATA_ACTIONS_3_DEFAULTOUTCOME_JOURNALTEXT,據說傳奇的魔鴆之爪能從邪惡生物身上吸取汙穢。的確。我們的英雄就曾用它來逼退過魔鴆。
QUEST_BANDIT_3_7_QUESTINFODATA_ACTIONS_3_DEFAULTOUTCOME_OUTCOMETEXT,幽靈發出了淒厲的尖叫，隨著你高舉魔鴆之爪，有著更多的魔法被你吸收了。隨著最後的一聲悲鳴，幽靈逃走了！你感覺魔鴆之爪中的魔力越加強大了！
QUEST_BANDIT_3_7_QUESTINFODATA_ACTIONS_4_ACTIONTEXT,「退後！」
QUEST_BANDIT_3_7_QUESTINFODATA_ACTIONS_4_DEFAULTOUTCOME_JOURNALTEXT,黑暗幽靈對上了<hero_name>的邪惡術士。幽靈被成功驅逐了，再也不會回來了！
QUEST_BANDIT_3_7_QUESTINFODATA_ACTIONS_4_DEFAULTOUTCOME_OUTCOMETEXT,汙穢魔法從術士的手中噴發而出。那頭野獸尖聲嚎叫，被逼得節節後退。最後，牠轉身逃走，再也不敢回來了。
QUEST_BANDIT_3_7_QUESTINFODATA_ENCOUNTERTEXT,地牢裡覆蓋著重重的迷霧，伸手不見五指，濕氣穿透了你的皮膚、直深骨髓。緊接著，一隻幽靈現形了！
QUEST_BANDIT_3_7_QUESTINFODATA_JOURNALENCOUNTERTEXT,<hero_name>在迷霧重重的地牢裡摸索前進著，每向前跨出一步，空氣就越覺得沉重、深感呼吸困難。隨著一聲刺耳的尖嘯聲響，一隻幽靈現形了！
QUEST_BANDIT_3_7_QUESTINFODATA_JOURNALRUMOURTEXT,我們的英雄聽到一個詭異的傳言，說是愛門羅的某座地牢竟然鬧鬼了。也許英雄能去想想辦法？
QUEST_BANDIT_3_7_QUESTINFODATA_RUMOURTEXT,據說離這不遠的一座地牢內有靈騷現象，甚至嚇到了附近不少的居民。聽說你對驅魔儀式略懂略懂？
QUEST_BANDIT_3_7_QUESTINFODATA_TITLE,削弱之暗
QUEST_BANDIT_3_8_QUESTINFODATA_ACTIONS_0_ACTIONTEXT,讓懷爾德指引你
QUEST_BANDIT_3_8_QUESTINFODATA_ACTIONS_0_DEFAULTOUTCOME_JOURNALTEXT,我們的英雄祈求懷爾德顯靈，可是什麼事都沒有發生。這場獻祭儀式最終還是完成了，汙穢滲透進了這片森林。
QUEST_BANDIT_3_8_QUESTINFODATA_ACTIONS_0_DEFAULTOUTCOME_OUTCOMETEXT,懷爾德沒有對你的祈禱產生反應，你只聽見匕首手起刀落的聲音和那可憐的旅人發出的慘叫聲。在你逃跑的時候，汙穢也開始擴散開來。
QUEST_BANDIT_3_8_QUESTINFODATA_ACTIONS_0_TESTSUCCESSOUTCOME_JOURNALTEXT,幸好我們的英雄和懷爾德有著很強大的連結，邪惡祭司的汙穢之源被淨化了。祭品被解救了，加入了我們英雄的隊伍。
QUEST_BANDIT_3_8_QUESTINFODATA_ACTIONS_0_TESTSUCCESSOUTCOME_OUTCOMETEXT,懷爾德成功阻止了祭司，燒掉了他手中的匕首，還淨化了他的汙穢。充滿感激之情的旅人請求你讓他加入你的隊伍。
QUEST_BANDIT_3_8_QUESTINFODATA_ACTIONS_1_ACTIONTEXT,殺了祭司。
QUEST_BANDIT_3_8_QUESTINFODATA_ACTIONS_1_DEFAULTOUTCOME_JOURNALTEXT,我們的英雄衝向了祭司，馬上放倒了他。只可惜為時已晚，祭司的匕首已經刺穿了可憐旅人的心臟。
QUEST_BANDIT_3_8_QUESTINFODATA_ACTIONS_1_DEFAULTOUTCOME_OUTCOMETEXT,你幹掉了祭司，可惜沒來得及救下旅人。不過這個邪惡的祭司再也不能為非作歹了。
QUEST_BANDIT_3_8_QUESTINFODATA_ACTIONS_2_ACTIONTEXT,「束手就擒！」
QUEST_BANDIT_3_8_QUESTINFODATA_ACTIONS_2_DEFAULTOUTCOME_JOURNALTEXT,真是太走運了，學徒那歪打正著的魔法竟然成功制服了祭司。<hero_name>笑得人仰馬翻，但囚犯可不買帳。
QUEST_BANDIT_3_8_QUESTINFODATA_ACTIONS_2_DEFAULTOUTCOME_OUTCOMETEXT,學徒舉起了雙手，射出了一枚魔法飛彈。飛彈擊中了一棵樹，反彈到祭壇上，又彈到地上，然後彈起來打中了祭司。終於成功了！
QUEST_BANDIT_3_8_QUESTINFODATA_ACTIONS_3_ACTIONTEXT,「動手！」
QUEST_BANDIT_3_8_QUESTINFODATA_ACTIONS_3_DEFAULTOUTCOME_JOURNALTEXT,我們的英雄動作還不夠快！幸好還有王牌間諜在，只見他手腕一轉，飛刀就打傷了祭司。
QUEST_BANDIT_3_8_QUESTINFODATA_ACTIONS_3_DEFAULTOUTCOME_OUTCOMETEXT,一把飛刀從王牌間諜的袖子裡飛了出去，擊中了祭司的手掌。他逃跑了，旅人安全了，只是受到了不小的驚嚇。
QUEST_BANDIT_3_8_QUESTINFODATA_ACTIONS_4_ACTIONTEXT,振翅飛翔！
QUEST_BANDIT_3_8_QUESTINFODATA_ACTIONS_4_DEFAULTOUTCOME_JOURNALTEXT,我們的英雄穿著飛天翅靴迅速地衝進了祭壇，可憐的旅人趁著<hero_name>吸引注意的時候逃離了<quest_tile>。
QUEST_BANDIT_3_8_QUESTINFODATA_ACTIONS_4_DEFAULTOUTCOME_OUTCOMETEXT,在匕首還沒落下前，飛天翅靴幫助你直飛祭壇。你成功擊退了祭司，而他的祭品早已趁機逃脫。
QUEST_BANDIT_3_8_QUESTINFODATA_ENCOUNTERTEXT,你順著祭司的呢喃聲找去，發現了一座汙穢的祭壇！祭司的匕首懸在空中，正對著無辜的旅人！
QUEST_BANDIT_3_8_QUESTINFODATA_JOURNALENCOUNTERTEXT,當<hero_name>找到祭司的時候，他正在搞一場生祭，一個可憐的旅人就要成為祭品了！
QUEST_BANDIT_3_8_QUESTINFODATA_JOURNALRUMOURTEXT,我們的英雄知道了附近的森林裡有一個瘋祭司鬧出了不少動靜。因為汙穢的關係，這件事可能不簡單。
QUEST_BANDIT_3_8_QUESTINFODATA_RUMOURTEXT,森林裡好像有個什麼瘋祭司在搞什麼見不得人的勾當。我建議在他製造更大的麻煩前先收拾了他！
QUEST_BANDIT_3_8_QUESTINFODATA_TITLE,懸空的匕首
QUEST_BANDIT_3_9_QUESTINFODATA_ACTIONS_0_ACTIONTEXT,協助熊。
QUEST_BANDIT_3_9_QUESTINFODATA_ACTIONS_0_DEFAULTOUTCOME_JOURNALTEXT,<hero_name>闖了進去，撞見一隻古老的魔鴆，但你那貧乏的精神力使你成為了累贅。祭司被幹掉了，我們的英雄也只好逃命為上了。
QUEST_BANDIT_3_9_QUESTINFODATA_ACTIONS_0_DEFAULTOUTCOME_OUTCOMETEXT,你尾隨熊踏入莊園並立刻遭到一隻魔鴆的伏擊！你貧乏的精神力根本幫不上忙，熊落得慘死的下場，你也只能拔腿就逃。
QUEST_BANDIT_3_9_QUESTINFODATA_ACTIONS_0_TESTSUCCESSOUTCOME_JOURNALTEXT,<hero_name>和懷爾德之間強大的維繫幫助消滅了魔鴆！祭司鬆了一口氣，給了你一件寶貝當做感謝。
QUEST_BANDIT_3_9_QUESTINFODATA_ACTIONS_0_TESTSUCCESSOUTCOME_OUTCOMETEXT,你踏進莊園的剎那，一隻魔鴆殺過來！懷爾德幫助你消滅了這頭野獸，而祭司給了你一件不錯的寶貝作為回報。
QUEST_BANDIT_3_9_QUESTINFODATA_ACTIONS_1_ACTIONTEXT,告訴祭司你會在外面等。
QUEST_BANDIT_3_9_QUESTINFODATA_ACTIONS_1_DEFAULTOUTCOME_JOURNALTEXT,<hero_name>選擇了在外面等著。祭司義無反顧地闖了進去，但是莊園裡的魔鴆三兩下就把他幹掉了。
QUEST_BANDIT_3_9_QUESTINFODATA_ACTIONS_1_DEFAULTOUTCOME_OUTCOMETEXT,你覺得還是等在外面更安全點。事實也是如此，那祭司在進入莊園裡的瞬間就被一隻魔鴆幹掉了。
QUEST_BANDIT_3_9_QUESTINFODATA_ACTIONS_2_ACTIONTEXT,帶上皇室護盾
QUEST_BANDIT_3_9_QUESTINFODATA_ACTIONS_2_DEFAULTOUTCOME_JOURNALTEXT,總算發現在莊園裡面的那隻瘋狂的魔鴆了！然而，魔鴆那致命的揮擊突破不了皇室護盾的堅固防禦。這怪物很快地就被消滅了！
QUEST_BANDIT_3_9_QUESTINFODATA_ACTIONS_2_DEFAULTOUTCOME_OUTCOMETEXT,你在進入莊園時本能地舉起了盾牌。正好趕上！來自魔鴆的襲擊差點打碎你的胳膊。熊發出了怒號！
QUEST_BANDIT_3_9_QUESTINFODATA_ACTIONS_3_ACTIONTEXT,「我打前鋒！」
QUEST_BANDIT_3_9_QUESTINFODATA_ACTIONS_3_DEFAULTOUTCOME_JOURNALTEXT,那個傻瓜總是喜歡衝第一，憑藉他傳奇般的狗屎運閃過了魔鴆的攻擊。面對攻擊落空的傢伙很容易就能解決掉的！
QUEST_BANDIT_3_9_QUESTINFODATA_ACTIONS_3_DEFAULTOUTCOME_OUTCOMETEXT,那傻瓜溜進莊園裡，接著就尖叫著跑了出來。一隻魔鴆飛過他的頭頂，失衡地撞在地面上。你迅速地補上了一刀，終結了牠的性命。\n
QUEST_BANDIT_3_9_QUESTINFODATA_ACTIONS_4_ACTIONTEXT,探測汙穢
QUEST_BANDIT_3_9_QUESTINFODATA_ACTIONS_4_DEFAULTOUTCOME_JOURNALTEXT,每當烏鴉之喙匕首閃著血光的時候，魔鴆必在不遠處。我們的英雄提前感知到了邪惡的存在，因此能先發制人！
QUEST_BANDIT_3_9_QUESTINFODATA_ACTIONS_4_DEFAULTOUTCOME_OUTCOMETEXT,瞥一眼烏鴉之喙匕首就能知道很多事。它閃著血光，魔鴆不遠了。你有備而來，進入莊園裡並打敗了牠。
QUEST_BANDIT_3_9_QUESTINFODATA_ENCOUNTERTEXT,你在城門邊與熊進行會面，其自稱是懷爾德的代理人，是來為附近的莊園淨化汙穢的。
QUEST_BANDIT_3_9_QUESTINFODATA_JOURNALENCOUNTERTEXT,我們的英雄決定去見見這位祭司，結果發現他真是奇怪的不止一星半點。不過只要我們的英雄能出手相助，那就一定會有寶貝等著的！
QUEST_BANDIT_3_9_QUESTINFODATA_JOURNALRUMOURTEXT,<hero_name>接到了一份非常有意思的委託：一位熊族祭司請求幫忙驅逐附近一座莊園內的魔鴆！
QUEST_BANDIT_3_9_QUESTINFODATA_RUMOURTEXT,當奇人軼事來敲門... 竟然有位熊族祭司前來委託我們幫忙淨化一座古老莊園耶！
QUEST_BANDIT_3_9_QUESTINFODATA_TITLE,汙穢淨化者
QUEST_BANDIT_4_10_QUESTINFODATA_ACTIONS_0_ACTIONTEXT,潛下去並撬下心靈石。
QUEST_BANDIT_4_10_QUESTINFODATA_ACTIONS_0_DEFAULTOUTCOME_JOURNALTEXT,我們的英雄試著想要把石頭撬下來，可惜他們的力氣不夠沒成功，還差點溺死在水裡！
QUEST_BANDIT_4_10_QUESTINFODATA_ACTIONS_0_DEFAULTOUTCOME_OUTCOMETEXT,你深深吸了一口氣，潛到了雕像那裡，可是力氣不夠，撬石頭的時候你差點溺死！
QUEST_BANDIT_4_10_QUESTINFODATA_ACTIONS_0_TESTSUCCESSOUTCOME_JOURNALTEXT,我們的英雄深深吸了一口氣，潛入了水底，用力一拉就將石頭撬了下來！
QUEST_BANDIT_4_10_QUESTINFODATA_ACTIONS_0_TESTSUCCESSOUTCOME_OUTCOMETEXT,你潛入了水底，一用力將心靈石從雕像上撬了出來！那也太簡單了吧！
QUEST_BANDIT_4_10_QUESTINFODATA_ACTIONS_1_ACTIONTEXT,還是去更安全的地方找吧。
QUEST_BANDIT_4_10_QUESTINFODATA_ACTIONS_1_DEFAULTOUTCOME_JOURNALTEXT,我們的英雄不想潛入漆黑的湖底，僅僅為了一塊心靈石就冒生命危險，畢竟在旅途中小命也是很重要的。
QUEST_BANDIT_4_10_QUESTINFODATA_ACTIONS_1_DEFAULTOUTCOME_OUTCOMETEXT,你覺得冒著溺水的危險去找石頭並不理智，便轉而去偌大的地下城裡尋找其他的財寶，可惜一無所獲。
QUEST_BANDIT_4_10_QUESTINFODATA_ACTIONS_2_ACTIONTEXT,搜尋地下湖
QUEST_BANDIT_4_10_QUESTINFODATA_ACTIONS_2_DEFAULTOUTCOME_JOURNALTEXT,我們的英雄潛入了深深的湖底，在漆黑的水裡他們迷路了。幸運的是，藥劑師救下了他們，還有他們找到的財寶。
QUEST_BANDIT_4_10_QUESTINFODATA_ACTIONS_2_DEFAULTOUTCOME_OUTCOMETEXT,地下湖很大，很快你就發現自己可能來不及回頭了。醒來的時候你發現藥劑師在身邊，還有東西在你手裡。
QUEST_BANDIT_4_10_QUESTINFODATA_ACTIONS_3_ACTIONTEXT,「要下水嗎？喝了這個！」
QUEST_BANDIT_4_10_QUESTINFODATA_ACTIONS_3_DEFAULTOUTCOME_JOURNALTEXT,有了水下呼吸藥劑的幫助，我們的英雄能夠一覽湖底的風光了。可惜的是，藥效過去前，石頭還是沒有找到。
QUEST_BANDIT_4_10_QUESTINFODATA_ACTIONS_3_DEFAULTOUTCOME_OUTCOMETEXT,一瓶奇怪的藥水讓你肺裡的空氣能用上好幾個小時。多虧了你的煉金術師，你潛入了水裡，找到了不少好東西。
QUEST_BANDIT_4_10_QUESTINFODATA_ACTIONS_4_ACTIONTEXT,利用飛天翅靴來游泳
QUEST_BANDIT_4_10_QUESTINFODATA_ACTIONS_4_DEFAULTOUTCOME_JOURNALTEXT,我們的英雄在飛天翅靴的幫助下收集了湖裡的財寶。可惜的是，飛天翅靴沒有幫助<hero_name>找到沉沒的心靈石。
QUEST_BANDIT_4_10_QUESTINFODATA_ACTIONS_4_DEFAULTOUTCOME_OUTCOMETEXT,飛天翅靴不僅能飛翔，還能讓游泳速度更快。你拿到了湖裡的不少寶貝，可惜沒有那塊石頭。
QUEST_BANDIT_4_10_QUESTINFODATA_ENCOUNTERTEXT,你進入了古老的地下城，在深邃的地下四處搜尋著，很快就發現了沉沒在地下湖底的雕像。
QUEST_BANDIT_4_10_QUESTINFODATA_JOURNALENCOUNTERTEXT,於是<hero_name>冒險深入了一座古代地下城，發現雕像沉沒在深深的地下湖底。
QUEST_BANDIT_4_10_QUESTINFODATA_JOURNALRUMOURTEXT,在面對瘋王之前，有道謠言傳入了我們英雄的耳中。據說有一塊心靈石鑲在一尊古老的熊族雕像上。
QUEST_BANDIT_4_10_QUESTINFODATA_RUMOURTEXT,附近的一座古代地下城裡有一尊古老的熊族雕像。有傳聞說，它的眼睛就是一塊心靈石！
QUEST_BANDIT_4_10_QUESTINFODATA_TITLE,湖心石像
QUEST_BANDIT_4_11_QUESTINFODATA_ACTIONS_0_ACTIONTEXT,咬牙攻頂
QUEST_BANDIT_4_11_QUESTINFODATA_ACTIONS_0_DEFAULTOUTCOME_JOURNALTEXT,<hero_name>努力想要爬上山頂，可是他們的力量明顯不夠了。他們被迫無功而返。
QUEST_BANDIT_4_11_QUESTINFODATA_ACTIONS_0_DEFAULTOUTCOME_OUTCOMETEXT,你想要爬上山頂，可是氣候實在太惡劣了，而你也用盡了力氣。你不得無功而返。
QUEST_BANDIT_4_11_QUESTINFODATA_ACTIONS_0_TESTSUCCESSOUTCOME_JOURNALTEXT,<hero_name>輕鬆登上了山巔，在遠方王城清晰可見之處豎起了大旗。是時候讓國王瞧瞧等待他的是什麼了。
QUEST_BANDIT_4_11_QUESTINFODATA_ACTIONS_0_TESTSUCCESSOUTCOME_OUTCOMETEXT,憑著你超乎常人的耐力，大山也被你踩在了腳下。你在山巔豎起大旗，眺望遠方的王城。起義的時候到了！
QUEST_BANDIT_4_11_QUESTINFODATA_ACTIONS_1_ACTIONTEXT,就地插旗
QUEST_BANDIT_4_11_QUESTINFODATA_ACTIONS_1_DEFAULTOUTCOME_JOURNALTEXT,<hero_name>在那座山上感受到死亡冰冷的掌控，決定就地插旗。大山轉眼間便將旗幟吞沒。
QUEST_BANDIT_4_11_QUESTINFODATA_ACTIONS_1_DEFAULTOUTCOME_OUTCOMETEXT,致命的寒風削弱了你的力量，你決定就在這裡豎起旗幟。沒過幾分鐘，旗幟就被大雪覆蓋了。
QUEST_BANDIT_4_11_QUESTINFODATA_ACTIONS_2_ACTIONTEXT,「交給我吧！」
QUEST_BANDIT_4_11_QUESTINFODATA_ACTIONS_2_DEFAULTOUTCOME_JOURNALTEXT,隨著旅程的即將畫下句點，侍從終於證明了自己的能力。雄偉的大旗在大家眼中隨風飄揚，我們的侍從立下了大功！
QUEST_BANDIT_4_11_QUESTINFODATA_ACTIONS_2_DEFAULTOUTCOME_OUTCOMETEXT,侍從憑著年輕活力，不斷向上繼續攀爬。 不但成功立起了大旗，還協助你下了山。看來未來可以好好考慮他晉升為騎士呢！
QUEST_BANDIT_4_11_QUESTINFODATA_ACTIONS_3_ACTIONTEXT,「捨你其誰！」
QUEST_BANDIT_4_11_QUESTINFODATA_ACTIONS_3_DEFAULTOUTCOME_JOURNALTEXT,受到了吟遊詩人的鼓舞，我們的英雄繼續了他們的旅程。凶險的山頂終於被征服了，整個愛門羅都看見了旗幟。
QUEST_BANDIT_4_11_QUESTINFODATA_ACTIONS_3_DEFAULTOUTCOME_OUTCOMETEXT,吟遊詩人的話語鼓舞了你。你在寒風中舉步維艱，終於登上了山頂。吟遊詩人說對了，你能行，你很強！
QUEST_BANDIT_4_11_QUESTINFODATA_ACTIONS_4_ACTIONTEXT,「帶上這個！」
QUEST_BANDIT_4_11_QUESTINFODATA_ACTIONS_4_DEFAULTOUTCOME_JOURNALTEXT,鐵匠給了我們英雄一件自己的傳家秘寶 ── 一團傳奇的永恆之火。這團無盡的火焰溫暖了我們的英雄，他們挺了過來。
QUEST_BANDIT_4_11_QUESTINFODATA_ACTIONS_4_DEFAULTOUTCOME_OUTCOMETEXT,鐵匠遞給你他的秘寶 ── 一團用來點燃熔爐的永恆之火。它的溫暖幫著你度過了這趟險途。
QUEST_BANDIT_4_11_QUESTINFODATA_ENCOUNTERTEXT,攀登<quest_tile>的過程漫長而又危險，刺骨的寒風和酷冷的冰雪無情地考驗著你的決心。
QUEST_BANDIT_4_11_QUESTINFODATA_JOURNALENCOUNTERTEXT,我們的英雄踉蹌掙扎地向上攀爬，刺骨的寒風讓他們瑟瑟發抖。一個不小心他們就可能葬身在此！
QUEST_BANDIT_4_11_QUESTINFODATA_JOURNALRUMOURTEXT,<hero_name>明白現在是時候讓整個愛門羅得到強盜部族的庇護了。強盜部族的大旗要在愛門羅的最高峰上揚起！
QUEST_BANDIT_4_11_QUESTINFODATA_RUMOURTEXT,是時候讓瘋王瞭解我們強盜氏族的立場了！豎起我們的大旗讓全愛門羅的子民們瞧瞧，而那座山穹之巔似乎是個非常不錯的地點！
QUEST_BANDIT_4_11_QUESTINFODATA_TITLE,揭竿起義
QUEST_BANDIT_4_12_QUESTINFODATA_ACTIONS_0_ACTIONTEXT,偷溜進去。強行打開寶庫。
QUEST_BANDIT_4_12_QUESTINFODATA_ACTIONS_0_DEFAULTOUTCOME_JOURNALTEXT,<hero_name>的手下提前買通了守衛，可是寶庫的大門沉重無比，憑他們的力量完全開不了。真是可惜！
QUEST_BANDIT_4_12_QUESTINFODATA_ACTIONS_0_DEFAULTOUTCOME_OUTCOMETEXT,你的手下們買通了守衛，可是寶庫的大門不吃你這套。你試著用力推開它，但它卻紋絲不動！
QUEST_BANDIT_4_12_QUESTINFODATA_ACTIONS_0_TESTSUCCESSOUTCOME_JOURNALTEXT,守衛被買通了，剩下的就是寶庫大門了。<hero_name>很輕鬆地拉開了大門拿走了裡面的寶貝！
QUEST_BANDIT_4_12_QUESTINFODATA_ACTIONS_0_TESTSUCCESSOUTCOME_OUTCOMETEXT,你的手下提前買通了守衛，而你沒花多少功夫就打開寶庫拿了裡面的寶貝走人了！
QUEST_BANDIT_4_12_QUESTINFODATA_ACTIONS_1_ACTIONTEXT,請求協助
QUEST_BANDIT_4_12_QUESTINFODATA_ACTIONS_1_DEFAULTOUTCOME_JOURNALTEXT,<hero_name>的強盜朋友們很容易就闖進了寶庫……但也帶走了裡頭所有值錢的寶貝！盜賊們的榮耀竟然如此廉價！
QUEST_BANDIT_4_12_QUESTINFODATA_ACTIONS_1_DEFAULTOUTCOME_OUTCOMETEXT,有了強盜們的加入，大門簡直形同虛設。不過你的同胞們順便帶跑了所有值錢的寶貝，什麼也沒有給你留下。
QUEST_BANDIT_4_12_QUESTINFODATA_ACTIONS_2_ACTIONTEXT,「小事一樁！」
QUEST_BANDIT_4_12_QUESTINFODATA_ACTIONS_2_DEFAULTOUTCOME_JOURNALTEXT,<hero_name>的王牌間諜偷過的寶庫比她吃過的飯還多。她很輕易就得手了，隨後一同瓜分了寶貝。
QUEST_BANDIT_4_12_QUESTINFODATA_ACTIONS_2_DEFAULTOUTCOME_OUTCOMETEXT,你聽從了王牌間諜的提議，她策劃了一場大膽的劫案。儘管你似乎只是個吸引注意的幌子，你還是同意了並瓜分贓物。
QUEST_BANDIT_4_12_QUESTINFODATA_ACTIONS_3_ACTIONTEXT,使用冰鑒斗篷
QUEST_BANDIT_4_12_QUESTINFODATA_ACTIONS_3_DEFAULTOUTCOME_JOURNALTEXT,雖然寶庫是個太大的挑戰，但許多寶貝都無人看管。在冰鑒斗篷的幫助下，我們的英雄得以將它們收走。
QUEST_BANDIT_4_12_QUESTINFODATA_ACTIONS_3_DEFAULTOUTCOME_OUTCOMETEXT,在夜色的掩護下，沒人能發現這件傳奇的斗篷。在它的庇護下，你溜進了房子裡。簡簡單單。
QUEST_BANDIT_4_12_QUESTINFODATA_ACTIONS_4_ACTIONTEXT,哄騙混入
QUEST_BANDIT_4_12_QUESTINFODATA_ACTIONS_4_DEFAULTOUTCOME_JOURNALTEXT,化妝面具帶來的氤氳氣場讓我們的英雄有了不凡的魅力。他們騙過了守衛進到了房子裡，帶了幾樣東西出來了。
QUEST_BANDIT_4_12_QUESTINFODATA_ACTIONS_4_DEFAULTOUTCOME_OUTCOMETEXT,守衛只是看了一眼面具就被迷住了。有了它的加持，你闖進了幾個房間，偷走了幾件寶貝。
QUEST_BANDIT_4_12_QUESTINFODATA_ENCOUNTERTEXT,你進入了這個毫不起眼的小鎮，很快發現了寶庫就在一座不起眼卻又嚴密守護的石頭房裡。事情有些棘手了。
QUEST_BANDIT_4_12_QUESTINFODATA_JOURNALENCOUNTERTEXT,<hero_name>來到了小鎮，發現寶庫比想像的還要密不透風。他們怎麼才能進去呢？
QUEST_BANDIT_4_12_QUESTINFODATA_JOURNALRUMOURTEXT,強盜部族的智囊團有了重大的發現：國王的寶庫所在地！
QUEST_BANDIT_4_12_QUESTINFODATA_RUMOURTEXT,我們花了不少功夫，打探到了國王那座充滿奇珍異寶的寶庫的位置。就在附近的一座小鎮裡！
QUEST_BANDIT_4_12_QUESTINFODATA_TITLE,國王的寶庫
QUEST_BANDIT_4_1_QUESTINFODATA_ACTIONS_0_ACTIONTEXT,占卜心靈石的所在。
QUEST_BANDIT_4_1_QUESTINFODATA_ACTIONS_0_DEFAULTOUTCOME_JOURNALTEXT,然而，我們的英雄並沒有自己想像的那麼機靈，還觸發了致命陷阱。<hero_name>雖受了重傷，但至少保住了一條小命！
QUEST_BANDIT_4_1_QUESTINFODATA_ACTIONS_0_DEFAULTOUTCOME_OUTCOMETEXT,你努力搜尋心靈石的下落，下場卻是觸發了致命的陷阱！儘管傷痕累累，但至少保住了一條小命。
QUEST_BANDIT_4_1_QUESTINFODATA_ACTIONS_0_TESTSUCCESSOUTCOME_JOURNALTEXT,感謝懷爾德！我們的英雄靠著過人的機智閃過了一路上險惡的陷阱，而心靈石成功的納入了我們強盜部族的麾下！
QUEST_BANDIT_4_1_QUESTINFODATA_ACTIONS_0_TESTSUCCESSOUTCOME_OUTCOMETEXT,憑著你過人的智慧，一路上隱藏的陷阱全都成功迴避掉了，最終你進到了寶庫，成功獲得了心靈石！
QUEST_BANDIT_4_1_QUESTINFODATA_ACTIONS_1_ACTIONTEXT,另尋目標——找些更安全的寶物。
QUEST_BANDIT_4_1_QUESTINFODATA_ACTIONS_1_DEFAULTOUTCOME_JOURNALTEXT,在看到了自己同胞們的慘死的遺骸之後，我們的英雄打消了探索心靈石的計畫，認為這才是明智之舉。
QUEST_BANDIT_4_1_QUESTINFODATA_ACTIONS_1_DEFAULTOUTCOME_OUTCOMETEXT,你認為陷阱設在這裏或許是另有它因的，於是打消了探索地穴的計畫。你從這趟旅程當中增長了不少人生經歷。
QUEST_BANDIT_4_1_QUESTINFODATA_ACTIONS_2_ACTIONTEXT,「有暗門！」
QUEST_BANDIT_4_1_QUESTINFODATA_ACTIONS_2_DEFAULTOUTCOME_JOURNALTEXT,鼠族以為他們的工藝登峰造極、無人能比，認為能將這扇暗門給偽裝的維妙維肖。然而，這是騙不了探險者的耳目的！
QUEST_BANDIT_4_1_QUESTINFODATA_ACTIONS_2_DEFAULTOUTCOME_OUTCOMETEXT,看來探險者比起這裡的原建築師還更瞭解這地穴的構造。只要輕輕一推，一條隱藏密道就赫然出現在眼前，直通一處藏寶屋。
QUEST_BANDIT_4_1_QUESTINFODATA_ACTIONS_3_ACTIONTEXT,QUEST_BANDIT_4_1_QUESTINFODATA_ACTIONS_2_ACTIONTEXT
QUEST_BANDIT_4_1_QUESTINFODATA_ACTIONS_3_DEFAULTOUTCOME_JOURNALTEXT,QUEST_BANDIT_4_1_QUESTINFODATA_ACTIONS_2_DEFAULTOUTCOME_JOURNALTEXT
QUEST_BANDIT_4_1_QUESTINFODATA_ACTIONS_3_DEFAULTOUTCOME_OUTCOMETEXT,QUEST_BANDIT_4_1_QUESTINFODATA_ACTIONS_2_DEFAULTOUTCOME_OUTCOMETEXT
QUEST_BANDIT_4_1_QUESTINFODATA_ACTIONS_4_ACTIONTEXT,QUEST_BANDIT_4_1_QUESTINFODATA_ACTIONS_2_ACTIONTEXT
QUEST_BANDIT_4_1_QUESTINFODATA_ACTIONS_4_DEFAULTOUTCOME_JOURNALTEXT,QUEST_BANDIT_4_1_QUESTINFODATA_ACTIONS_2_DEFAULTOUTCOME_JOURNALTEXT
QUEST_BANDIT_4_1_QUESTINFODATA_ACTIONS_4_DEFAULTOUTCOME_OUTCOMETEXT,QUEST_BANDIT_4_1_QUESTINFODATA_ACTIONS_2_DEFAULTOUTCOME_OUTCOMETEXT
QUEST_BANDIT_4_1_QUESTINFODATA_ENCOUNTERTEXT,兔穴中迴響著至古以來亡者們的哀號。當中，有不少屍骸是屬於你們強盜氏族的同胞，在前往搜尋心靈石的途中而不幸遇害了。
QUEST_BANDIT_4_1_QUESTINFODATA_JOURNALENCOUNTERTEXT,我們的英雄沒有因而退縮，<hero_name>急忙動身前去尋找心靈石的下落，且能盡快安葬自己的強盜同胞。
QUEST_BANDIT_4_1_QUESTINFODATA_JOURNALRUMOURTEXT,我們的英雄聽說了有塊心靈石藏在一座古老的鼠族地穴中。已經有很多強盜同胞死在裡面了……
QUEST_BANDIT_4_1_QUESTINFODATA_RUMOURTEXT,據線人通報在一座古老的鼠族地穴中藏有一塊心靈石，但由於裡頭隱藏的陷阱，我們已經失去不少盜賊好手了。
QUEST_BANDIT_4_1_QUESTINFODATA_TITLE,鼠穴之石
QUEST_BANDIT_4_2_QUESTINFODATA_ACTIONS_0_ACTIONTEXT,交涉保命
QUEST_BANDIT_4_2_QUESTINFODATA_ACTIONS_0_DEFAULTOUTCOME_JOURNALTEXT,<hero_name>試著說服族長和強盜部族結盟。可談判的結果就和我們的英雄的下場一樣，由樹上重重落下。
QUEST_BANDIT_4_2_QUESTINFODATA_ACTIONS_0_DEFAULTOUTCOME_OUTCOMETEXT,你試著說服松鼠的族長自己值得信賴，可惜沒有成功，而你也從樹上被推了下來。
QUEST_BANDIT_4_2_QUESTINFODATA_ACTIONS_0_TESTSUCCESSOUTCOME_JOURNALTEXT,多虧了<hero_name>絕妙的交涉技巧，松鼠部落和強盜部族的長期同盟成立了。
QUEST_BANDIT_4_2_QUESTINFODATA_ACTIONS_0_TESTSUCCESSOUTCOME_OUTCOMETEXT,你的誇誇其談讓松鼠族長讚歎不已，他同意了你的條件，不僅如此，還給了你一張隨從卡牌作為約定！
QUEST_BANDIT_4_2_QUESTINFODATA_ACTIONS_1_ACTIONTEXT,放棄協商
QUEST_BANDIT_4_2_QUESTINFODATA_ACTIONS_1_DEFAULTOUTCOME_JOURNALTEXT,我們的英雄很快就意識到松鼠們是不會妥協的，<hero_name>草草結束了談話便溜走了。
QUEST_BANDIT_4_2_QUESTINFODATA_ACTIONS_1_DEFAULTOUTCOME_OUTCOMETEXT,你發覺這一切不過浪費時間，而且也害得自己身陷險境。如此的處境兩者兼具，於是你果斷打了退堂鼓。
QUEST_BANDIT_4_2_QUESTINFODATA_ACTIONS_2_ACTIONTEXT,插下皇室旗幟
QUEST_BANDIT_4_2_QUESTINFODATA_ACTIONS_2_DEFAULTOUTCOME_JOURNALTEXT,鑒於我們英雄的堅毅，再加上他們對瘋王的憎恨，松鼠們放過了<hero_name>，還給了他一枚象徵友好的徽記。
QUEST_BANDIT_4_2_QUESTINFODATA_ACTIONS_2_DEFAULTOUTCOME_OUTCOMETEXT,松鼠們不屑地嘲笑著，但是看見你朝著國王的印記吐了唾沫之後又開始竊竊私語起來。「你們大概很討厭我，但我敢打賭你們更討厭瘋王。」
QUEST_BANDIT_4_2_QUESTINFODATA_ACTIONS_3_ACTIONTEXT,「且慢一下。」
QUEST_BANDIT_4_2_QUESTINFODATA_ACTIONS_3_DEFAULTOUTCOME_JOURNALTEXT,<hero_name>九死一生保住了腦袋。商人的交涉很成功，最終促成合作對抗瘋王。
QUEST_BANDIT_4_2_QUESTINFODATA_ACTIONS_3_DEFAULTOUTCOME_OUTCOMETEXT,商人走上前來，舉起了示意著和平的手：「我相信你們也有需要的東西，我們何必見血呢？」松鼠們的族長笑了。
QUEST_BANDIT_4_2_QUESTINFODATA_ACTIONS_4_ACTIONTEXT,「有錢好辦事」
QUEST_BANDIT_4_2_QUESTINFODATA_ACTIONS_4_DEFAULTOUTCOME_JOURNALTEXT,財務官小心翼翼的與松鼠們交談著。多虧了這些憑空捏造的金幣承諾，我們英雄的腦袋還留在自己的肩膀上，而不是長矛上。
QUEST_BANDIT_4_2_QUESTINFODATA_ACTIONS_4_DEFAULTOUTCOME_OUTCOMETEXT,你的財務官上前一步，與松鼠們交涉著。對金幣的貪欲和你的人頭在天秤兩邊不斷的較勁著。最後貪欲獲得了勝利，感謝懷爾德。你安全了！
QUEST_BANDIT_4_2_QUESTINFODATA_ENCOUNTERTEXT,你被長矛頂著帶去了族長的小屋。他認為你的腦袋與其留在肩膀上，還不如掛在長矛上作為警示來得有用！
QUEST_BANDIT_4_2_QUESTINFODATA_JOURNALENCOUNTERTEXT,<hero_name>任憑自己被長槍頂著帶去老邁的酋長那裡。我們的英雄身陷險境，四周刀劍林立。
QUEST_BANDIT_4_2_QUESTINFODATA_JOURNALRUMOURTEXT,我們的英雄聽說有一群失落的松鼠戰士部落藏匿在叢林中。他們的能力或許能幫助我們奪取王座！
QUEST_BANDIT_4_2_QUESTINFODATA_RUMOURTEXT,我的朋友，聽我說啊！那座森林是很危險的，但也是著名的古代松鼠戰士們的藏身之地。他們或許能派得上用場！
QUEST_BANDIT_4_2_QUESTINFODATA_TITLE,森林條約
QUEST_BANDIT_4_3_QUESTINFODATA_ACTIONS_0_ACTIONTEXT,「這位旅行者受我保護。」
QUEST_BANDIT_4_3_QUESTINFODATA_ACTIONS_0_DEFAULTOUTCOME_JOURNALTEXT,<hero_name>想要糊弄那三名盜賊，說這個旅行者是受他們保護的。可惜這反而讓盜賊們轉而打劫我們的英雄！
QUEST_BANDIT_4_3_QUESTINFODATA_ACTIONS_0_DEFAULTOUTCOME_OUTCOMETEXT,你想要跟那三個傢伙說清楚這個旅客是你保護的人，可他們聽不進去，還把你打暈了。哎呦！
QUEST_BANDIT_4_3_QUESTINFODATA_ACTIONS_0_TESTSUCCESSOUTCOME_JOURNALTEXT,我們的英雄說了這個旅行者是受強盜部族保護的。盜賊們逃跑了，財寶獵人獻上一件好東西作為感謝。
QUEST_BANDIT_4_3_QUESTINFODATA_ACTIONS_0_TESTSUCCESSOUTCOME_OUTCOMETEXT,你告訴三個盜賊旅行者和你是一起的，他們識趣地溜走了。作為感謝，財寶獵人給了你一些剛找到的寶貝！
QUEST_BANDIT_4_3_QUESTINFODATA_ACTIONS_1_ACTIONTEXT,愛莫能助
QUEST_BANDIT_4_3_QUESTINFODATA_ACTIONS_1_DEFAULTOUTCOME_JOURNALTEXT,<hero_name>寡不敵眾，只能撤了。旅行者死了，財寶也丟了。可我們的英雄毫髮未傷。
QUEST_BANDIT_4_3_QUESTINFODATA_ACTIONS_1_DEFAULTOUTCOME_OUTCOMETEXT,他們有三個人，而你就只有一個人。看來還是讓老天幫她吧。在你轉身離開之後，依稀能夠聽見旅行者最後傳來的慘叫聲。
QUEST_BANDIT_4_3_QUESTINFODATA_ACTIONS_2_ACTIONTEXT,出手相救
QUEST_BANDIT_4_3_QUESTINFODATA_ACTIONS_2_DEFAULTOUTCOME_JOURNALTEXT,多虧了獅心胸甲，盜賊們被消滅了。財寶獵人和<hero_name>瓜分了財寶。
QUEST_BANDIT_4_3_QUESTINFODATA_ACTIONS_2_DEFAULTOUTCOME_OUTCOMETEXT,獅心胸甲正好派上了用場。戰鬥十分激烈，但所有你沒有擋下的攻擊都成功從你的胸甲上彈開了。最後你獲得了的勝利！
QUEST_BANDIT_4_3_QUESTINFODATA_ACTIONS_3_ACTIONTEXT,解決他們
QUEST_BANDIT_4_3_QUESTINFODATA_ACTIONS_3_DEFAULTOUTCOME_JOURNALTEXT,被詛咒的鋼劍，不可阻擋的黑暗之力。魔鴆之刃是把邪惡汙穢的兇器，而我們的英雄用它殺死了盜賊。
QUEST_BANDIT_4_3_QUESTINFODATA_ACTIONS_3_DEFAULTOUTCOME_OUTCOMETEXT,盜賊們一見你拔出魔鴆之刃時就嚇壞了，這讓你很滿意。你砍倒了他們，然後和嚇壞了的旅行者瓜分了財寶。
QUEST_BANDIT_4_3_QUESTINFODATA_ACTIONS_4_ACTIONTEXT,「衝啊！」
QUEST_BANDIT_4_3_QUESTINFODATA_ACTIONS_4_DEFAULTOUTCOME_JOURNALTEXT,身為一名殘忍噬血的盜賊，你早晚會發現有人比你還要更殘忍噬血。而<hero_name>的狂戰士就是那個人。
QUEST_BANDIT_4_3_QUESTINFODATA_ACTIONS_4_DEFAULTOUTCOME_OUTCOMETEXT,你的狂戰士怒吼著衝向那些盜賊，沒來得及躲開的人都被他猛烈的衝鋒輾碎了。
QUEST_BANDIT_4_3_QUESTINFODATA_ENCOUNTERTEXT,你順著傳言來到了一處空曠的古代平原上，很快就發現有一名財寶獵人被三個盜賊扣為了人質！
QUEST_BANDIT_4_3_QUESTINFODATA_JOURNALENCOUNTERTEXT,我們的英雄聽聞傳言有一個旅行者解開了謎題，而現實果真如此！只不過有三名惡徒為了謎題將她扣為了人質！
QUEST_BANDIT_4_3_QUESTINFODATA_JOURNALRUMOURTEXT,很久很久以前，著名的財寶獵人費爾辛萊留下了一個無人能解的謎題和一大堆財寶。直到今日！
QUEST_BANDIT_4_3_QUESTINFODATA_RUMOURTEXT,傳言說有一名旅行者總算解開了財寶獵人費爾辛萊的謎題！或許你能去佔點好處？
QUEST_BANDIT_4_3_QUESTINFODATA_TITLE,費爾辛萊的秘寶
QUEST_BANDIT_4_4_QUESTINFODATA_ACTIONS_0_ACTIONTEXT,打掉武器
QUEST_BANDIT_4_4_QUESTINFODATA_ACTIONS_0_DEFAULTOUTCOME_JOURNALTEXT,我們的英雄以為能讓這名戰士帶個口信回去，結果這頭狼反而把他們狠狠揍了一頓，迫使他們落荒而逃。
QUEST_BANDIT_4_4_QUESTINFODATA_ACTIONS_0_DEFAULTOUTCOME_OUTCOMETEXT,你本想將這隻小狗送回國王那裡，當作一個警告，但他證明是個相當可敬的對手。你挨了一頓好打才得以脫身。
QUEST_BANDIT_4_4_QUESTINFODATA_ACTIONS_0_TESTSUCCESSOUTCOME_JOURNALTEXT,我們的英雄三兩下就收拾了這名戰士，然後就讓他爬回了國王那裡，並捎了一條簡短的口信：「很快。」
QUEST_BANDIT_4_4_QUESTINFODATA_ACTIONS_0_TESTSUCCESSOUTCOME_OUTCOMETEXT,你使出了畢生所學，這名哨兵完全不是你的對手。你打掉了他的武器，讓他回去給國王帶一條口信：「很快。」
QUEST_BANDIT_4_4_QUESTINFODATA_ACTIONS_1_ACTIONTEXT,果斷殺掉
QUEST_BANDIT_4_4_QUESTINFODATA_ACTIONS_1_DEFAULTOUTCOME_JOURNALTEXT,我們的英雄沒時間和礙手礙腳的傢伙糾纏了，國王的瘋狂行徑就已經夠麻煩的了！他們在殺了狼族戰士後繼續趕路。
QUEST_BANDIT_4_4_QUESTINFODATA_ACTIONS_1_DEFAULTOUTCOME_OUTCOMETEXT,這頭狼不過是你通往國王道路上的又一個障礙，所有的障礙都得清除。你殺掉了這個哨兵，繼續趕路。
QUEST_BANDIT_4_4_QUESTINFODATA_ACTIONS_2_ACTIONTEXT,「你抓不到我們兩個的！」
QUEST_BANDIT_4_4_QUESTINFODATA_ACTIONS_2_DEFAULTOUTCOME_JOURNALTEXT,狼族可不是什麼聰明的傢伙。我們的英雄和超級傻瓜設局陷害了他。他只好無功而返，回國王那裡覆命了。
QUEST_BANDIT_4_4_QUESTINFODATA_ACTIONS_2_DEFAULTOUTCOME_OUTCOMETEXT,傻瓜往左邊跑，而你往右邊跑。愚蠢的狼戰士困惑地來回扭頭，猶豫不決。你輕鬆擺脫了他，大笑起來。
QUEST_BANDIT_4_4_QUESTINFODATA_ACTIONS_3_ACTIONTEXT,迫使狼族戰士逃跑
QUEST_BANDIT_4_4_QUESTINFODATA_ACTIONS_3_DEFAULTOUTCOME_JOURNALTEXT,我們的英雄使用巫毒娃娃下咒，凌虐著狼族戰士，慢慢地把他逼瘋了、逃跑了。我們的英雄終於可以通過了。
QUEST_BANDIT_4_4_QUESTINFODATA_ACTIONS_3_DEFAULTOUTCOME_OUTCOMETEXT,你躲在附近的樹叢裡，用巫毒娃娃對著狼族戰士下咒。你一點一點慢慢地折磨著牠。最後，狼戰士嗚咽著逃跑了。
QUEST_BANDIT_4_4_QUESTINFODATA_ACTIONS_4_ACTIONTEXT,近身作戰
QUEST_BANDIT_4_4_QUESTINFODATA_ACTIONS_4_DEFAULTOUTCOME_JOURNALTEXT,一次又一次的攻擊都被皇室護盾擋了下來。我們的英雄解決了狼族戰士。國王很快就能親自和他們搏戰了。
QUEST_BANDIT_4_4_QUESTINFODATA_ACTIONS_4_DEFAULTOUTCOME_OUTCOMETEXT,在皇室護盾防禦下，你成功貼近了暗殺者。他的攻擊很容易就格擋了下來，就在他身體失去重心之時，你對他揮下了致命一擊。
QUEST_BANDIT_4_4_QUESTINFODATA_ENCOUNTERTEXT,製造麻煩的狼族戰士原來是國王的代表。更確切的說，是一名刺客，被派來阻礙你通往王座的道路。
QUEST_BANDIT_4_4_QUESTINFODATA_JOURNALENCOUNTERTEXT,那個戰士似乎是皇廷僱傭的，是來阻止<hero_name>接近王座的！
QUEST_BANDIT_4_4_QUESTINFODATA_JOURNALRUMOURTEXT,一名陌生的狼族戰士在附近的一個森林裡製造麻煩，那裡是強盜部族的地盤。我們的英雄決定去調查一下。
QUEST_BANDIT_4_4_QUESTINFODATA_RUMOURTEXT,我們保護下的旅行者說有一個狼族的戰士攔住了他們穿過森林的小路。你最好去解決一下這個麻煩。
QUEST_BANDIT_4_4_QUESTINFODATA_TITLE,一夫當關
QUEST_BANDIT_4_5_QUESTINFODATA_ACTIONS_0_ACTIONTEXT,殺了他們！
QUEST_BANDIT_4_5_QUESTINFODATA_ACTIONS_0_DEFAULTOUTCOME_JOURNALTEXT,我們的英雄不能見死不救，但他們的戰鬥技巧敵不過四人眾。我們的英雄僥倖逃了出來，那位忠民就沒那麼走運了。
QUEST_BANDIT_4_5_QUESTINFODATA_ACTIONS_0_DEFAULTOUTCOME_OUTCOMETEXT,你衝進了拷問間，但暗殺四人眾是出了名的凶殘，除了換來滿身的傷痕逃走之外，你什麼也沒得到。
QUEST_BANDIT_4_5_QUESTINFODATA_ACTIONS_0_TESTSUCCESSOUTCOME_JOURNALTEXT,我們的英雄衝進了拷問間，不一會兒功夫就殺掉了四人眾。感謝懷爾德，忠民還留有一口氣。
QUEST_BANDIT_4_5_QUESTINFODATA_ACTIONS_0_TESTSUCCESSOUTCOME_OUTCOMETEXT,你亮出了自己的寶劍，殺掉了四人眾並救下了可憐的忠民，他願意為你效犬馬之勞！
QUEST_BANDIT_4_5_QUESTINFODATA_ACTIONS_1_ACTIONTEXT,尋求協助
QUEST_BANDIT_4_5_QUESTINFODATA_ACTIONS_1_DEFAULTOUTCOME_JOURNALTEXT,我們的英雄匆忙地去尋找強盜部族的幫助，總算將四人眾們團團包圍殲滅掉。可惜那位忠民最後沒有挺過來。
QUEST_BANDIT_4_5_QUESTINFODATA_ACTIONS_1_DEFAULTOUTCOME_OUTCOMETEXT,你回到了同伴那裡請求幫助，可是等你們回來的時候，效忠者已經死了。至少四人眾也因為他們自己的罪行付出了代價。
QUEST_BANDIT_4_5_QUESTINFODATA_ACTIONS_2_ACTIONTEXT,「我來救他！」
QUEST_BANDIT_4_5_QUESTINFODATA_ACTIONS_2_DEFAULTOUTCOME_JOURNALTEXT,學徒的咒術差點就讓<hero_name>送命了。幸好這掩護讓忠民得以脫身，但也害得他元氣大傷。
QUEST_BANDIT_4_5_QUESTINFODATA_ACTIONS_2_DEFAULTOUTCOME_OUTCOMETEXT,學徒施展了咒術，讓地牢裡充滿了令人窒息的迷霧。「哎呦喂呀。」你跌跌撞撞地穿過迷霧，總算救下了忠民。嘴裡咒罵著。
QUEST_BANDIT_4_5_QUESTINFODATA_ACTIONS_3_ACTIONTEXT,拔出銀月巨鐮
QUEST_BANDIT_4_5_QUESTINFODATA_ACTIONS_3_DEFAULTOUTCOME_JOURNALTEXT,在銀月巨鐮的加持下，我們的英雄完美地救下了忠民。更正，近乎完美才對。其中有一下不小心劃傷了他，害得他不能加入我們了。
QUEST_BANDIT_4_5_QUESTINFODATA_ACTIONS_3_DEFAULTOUTCOME_OUTCOMETEXT,地牢裡狹窄的空間讓人無處可躲。你揮舞著巨大的鐮刀，劃出大弧斬擊，幹掉了暗殺四人眾。
QUEST_BANDIT_4_5_QUESTINFODATA_ACTIONS_4_ACTIONTEXT,無畏衝鋒！
QUEST_BANDIT_4_5_QUESTINFODATA_ACTIONS_4_DEFAULTOUTCOME_JOURNALTEXT,我們的英雄發起了衝鋒，成功殺掉了國王的刺客。儘管忠民受了點傷，但至少也算是救下了一條無辜性命。
QUEST_BANDIT_4_5_QUESTINFODATA_ACTIONS_4_DEFAULTOUTCOME_OUTCOMETEXT,群英頭盔成功擋下了能夠敲爛你頭顱的致命一擊。即便四人眾們倒在了血泊中，遭難的忠民卻也受了不小的傷害。
QUEST_BANDIT_4_5_QUESTINFODATA_ENCOUNTERTEXT,你順著慘叫聲深入了地牢，發現暗殺四人眾正在折磨一位強盜部族的忠民！
QUEST_BANDIT_4_5_QUESTINFODATA_JOURNALENCOUNTERTEXT,等我們的英雄踏入地牢時，他們發現了有一名強盜部族的忠民正被四名喪心病狂的傢伙殘忍虐待著。
QUEST_BANDIT_4_5_QUESTINFODATA_JOURNALRUMOURTEXT,<hero_name>瞭解到暗殺四人眾的情報，他們作為施行國王殘忍暴政的代行者。看來調查到他們在附近的地牢裡落腳了。
QUEST_BANDIT_4_5_QUESTINFODATA_RUMOURTEXT,遠處有一座古老的地牢，那裡被國王麾下的刺客作為根據地利用了。或許是時候好好拜訪一下了？
QUEST_BANDIT_4_5_QUESTINFODATA_TITLE,暗殺四人眾
QUEST_BANDIT_4_6_QUESTINFODATA_ACTIONS_0_ACTIONTEXT,殺了國王守衛並解放村子。
QUEST_BANDIT_4_6_QUESTINFODATA_ACTIONS_0_DEFAULTOUTCOME_JOURNALTEXT,我們的英雄試著用武力解放村子，可是士兵的數量實在太多了。英雄受了重傷，逃出了採石場。
QUEST_BANDIT_4_6_QUESTINFODATA_ACTIONS_0_DEFAULTOUTCOME_OUTCOMETEXT,你衝進採石場，開始揮舞你的劍刃。可國王的守衛訓練有素，人數也是你的十倍。最後你帶著重傷逃走了。
QUEST_BANDIT_4_6_QUESTINFODATA_ACTIONS_0_TESTSUCCESSOUTCOME_JOURNALTEXT,他們英勇出擊，迅速解決了士兵並解放了可憐的村民們。<hero_name>證明了自己是真正的英雄！
QUEST_BANDIT_4_6_QUESTINFODATA_ACTIONS_0_TESTSUCCESSOUTCOME_OUTCOMETEXT,你的劍迅速解決了士兵，村民們甚至也來幫忙！終於獲救的他們，送了你一件不錯的寶貝作為感謝。
QUEST_BANDIT_4_6_QUESTINFODATA_ACTIONS_1_ACTIONTEXT,解放村民
QUEST_BANDIT_4_6_QUESTINFODATA_ACTIONS_1_DEFAULTOUTCOME_JOURNALTEXT,為了避免落得被圍攻的窘境，我們的英雄只好讓村民也加入戰鬥。即使很多人死去，但士兵們逃跑了！
QUEST_BANDIT_4_6_QUESTINFODATA_ACTIONS_1_DEFAULTOUTCOME_OUTCOMETEXT,你偷偷繞過了守衛，暗地幫村民武裝起來進行反抗。激烈的戰鬥讓很多人失去了性命，而剩下的守衛也逃跑了。
QUEST_BANDIT_4_6_QUESTINFODATA_ACTIONS_2_ACTIONTEXT,煙幕應該能讓他們逃走！
QUEST_BANDIT_4_6_QUESTINFODATA_ACTIONS_2_DEFAULTOUTCOME_JOURNALTEXT,村民們在<hero_name>的咒術師製造的煙幕裡逃走了，對此守衛們只能眼巴巴地看著。村民們得救了。
QUEST_BANDIT_4_6_QUESTINFODATA_ACTIONS_2_DEFAULTOUTCOME_OUTCOMETEXT,咒術師口中唸唸有詞，一會兒就在空中製造了一大片煙幕。村民們就趁亂逃走了。
QUEST_BANDIT_4_6_QUESTINFODATA_ACTIONS_3_ACTIONTEXT,出示皇室赦令
QUEST_BANDIT_4_6_QUESTINFODATA_ACTIONS_3_DEFAULTOUTCOME_JOURNALTEXT,在皇室赦令的影響下，守衛只好攤手放人了。村民們不情願地被放走，但他們無不高興地丟掉了手中的鎬子。
QUEST_BANDIT_4_6_QUESTINFODATA_ACTIONS_3_DEFAULTOUTCOME_OUTCOMETEXT,在你舉步向前時，守衛們舉起了手中的武器。「他們是自由的愛門羅子民！」你大喊著。守衛們只好被迫放了村民。
QUEST_BANDIT_4_6_QUESTINFODATA_ENCOUNTERTEXT,你在村子裡沒有發現任何村民的行蹤，他們所有人都已經被調去附近的一座採石場裡，在守衛的監視下辛苦勞動著。
QUEST_BANDIT_4_6_QUESTINFODATA_JOURNALENCOUNTERTEXT,<hero_name>稍做準備就迅速趕往了村莊的採石場。在那裡，無論老幼都在守衛的監視下做著苦力勞動。
QUEST_BANDIT_4_6_QUESTINFODATA_JOURNALRUMOURTEXT,<hero_name>知道附近發生了緊急事件：一座村莊被國王的守衛奴役控制了！我們的英雄能將他們從此等瘋狂行徑中解救出來嗎？
QUEST_BANDIT_4_6_QUESTINFODATA_RUMOURTEXT,附近有一座村莊在國王守衛的威脅下變成了慘無人道的勞動營。他們請求幫助，你沒理由不去吧？
QUEST_BANDIT_4_6_QUESTINFODATA_TITLE,被圍攻的聚落
QUEST_BANDIT_4_7_QUESTINFODATA_ACTIONS_0_ACTIONTEXT,以懷爾德為盾。
QUEST_BANDIT_4_7_QUESTINFODATA_ACTIONS_0_DEFAULTOUTCOME_JOURNALTEXT,<hero_name>想用懷爾德的力量打敗魔鴆，可惜懷爾德沒有提供幫助。我們的英雄在逃跑的時候被汙穢腐化了。
QUEST_BANDIT_4_7_QUESTINFODATA_ACTIONS_0_DEFAULTOUTCOME_OUTCOMETEXT,你祈求懷爾德保護你……但什麼都沒發生！在你逃出地牢的時候，感覺到魔鴆的腐化之力正在侵蝕你。
QUEST_BANDIT_4_7_QUESTINFODATA_ACTIONS_0_TESTSUCCESSOUTCOME_JOURNALTEXT,<hero_name>舉起了手，懷爾德回應了。魔鴆瞬間化成了一團火球，永遠從那個黑暗之地消亡了。
QUEST_BANDIT_4_7_QUESTINFODATA_ACTIONS_0_TESTSUCCESSOUTCOME_OUTCOMETEXT,作為懷爾德的代言人，懷爾德就是你黑暗中的盾牌。魔鴆化成一團火球消亡了，而你獲得了心靈石。
QUEST_BANDIT_4_7_QUESTINFODATA_ACTIONS_1_ACTIONTEXT,與魔鴆戰鬥！
QUEST_BANDIT_4_7_QUESTINFODATA_ACTIONS_1_DEFAULTOUTCOME_JOURNALTEXT,<hero_name>抽出了武器消滅了魔鴆。然而牠的黑暗之力的影響下，古老的地下通路竟然跟著崩塌了，而心靈石也隨之被永遠的深埋在裡頭。
QUEST_BANDIT_4_7_QUESTINFODATA_ACTIONS_1_DEFAULTOUTCOME_OUTCOMETEXT,你拔出了武器和魔鴆開始交鋒。但在你成功殺了牠後，地下通道也隨之崩塌，你只能空手而逃。
QUEST_BANDIT_4_7_QUESTINFODATA_ACTIONS_2_ACTIONTEXT,「怪物退後！」
QUEST_BANDIT_4_7_QUESTINFODATA_ACTIONS_2_DEFAULTOUTCOME_JOURNALTEXT,在魔鴆傷害<hero_name>前，我們英雄的術士及時地逼退了魔鴆，只可惜怪物帶著心靈石逃跑了。
QUEST_BANDIT_4_7_QUESTINFODATA_ACTIONS_2_DEFAULTOUTCOME_OUTCOMETEXT,術士的話語迴盪著汙穢之力。魔鴆畏縮了，尖嘯著逃走了，但牠也一併帶走了心靈石。
QUEST_BANDIT_4_7_QUESTINFODATA_ACTIONS_3_ACTIONTEXT,舉起懷爾德護符
QUEST_BANDIT_4_7_QUESTINFODATA_ACTIONS_3_DEFAULTOUTCOME_JOURNALTEXT,我們的英雄用懷爾德護符的力量逼退了這個怪物。如今牠痛苦的嘶鳴依舊迴盪在那座地牢裡。
QUEST_BANDIT_4_7_QUESTINFODATA_ACTIONS_3_DEFAULTOUTCOME_OUTCOMETEXT,魔鴆像看到烈陽一般退縮了，牠叼著石頭逃之夭夭，而你似乎感覺到護符吸收了法力變得更強了。
QUEST_BANDIT_4_7_QUESTINFODATA_ACTIONS_4_ACTIONTEXT,吸收魔鴆的力量
QUEST_BANDIT_4_7_QUESTINFODATA_ACTIONS_4_DEFAULTOUTCOME_JOURNALTEXT,魔鴆的羽毛和皮膚就像撕開的破布一樣被吸進了魔鴆之爪裡。我們的英雄心中沒有絲毫的罪惡感，這頭怪物活該如此悲慘。
QUEST_BANDIT_4_7_QUESTINFODATA_ACTIONS_4_DEFAULTOUTCOME_OUTCOMETEXT,你舉起了魔鴆之爪，魔鴆瞬間四分五裂，牠的力量被吸收了。在牠被你完全吸收之前，牠竟然粉碎了心靈石。
QUEST_BANDIT_4_7_QUESTINFODATA_ENCOUNTERTEXT,你進入了地牢，在佈滿枯骨的房間裡，你發現了一顆心靈石……還有一頭邪惡的魔鴆！
QUEST_BANDIT_4_7_QUESTINFODATA_JOURNALENCOUNTERTEXT,所以我們的英雄闖入了這座陰森的地牢。就在眾多的枯骨之間，祭司的心靈石靜靜地躺在那裡。接著傳來一陣刺耳的尖嘯聲！是一頭魔鴆！
QUEST_BANDIT_4_7_QUESTINFODATA_JOURNALRUMOURTEXT,<hero_name>聽傳言說有一位年邁的熊族祭司帶著一塊心靈石進入了一座地牢……然後再也沒有出來！
QUEST_BANDIT_4_7_QUESTINFODATA_RUMOURTEXT,不久前一位熊族的祭司帶著一塊心靈石進到了一座地牢裡，那之後就再也沒人見過他了。或許那石頭還在那裡？
QUEST_BANDIT_4_7_QUESTINFODATA_TITLE,熊之災禍
QUEST_BANDIT_4_8_QUESTINFODATA_ACTIONS_0_ACTIONTEXT,祈求懷爾德顯靈
QUEST_BANDIT_4_8_QUESTINFODATA_ACTIONS_0_DEFAULTOUTCOME_JOURNALTEXT,懷爾德肯定會顯靈救助無辜的！但是甚麼也沒有發生，我們的英雄被迫逃走，身體也被汙穢感染了。
QUEST_BANDIT_4_8_QUESTINFODATA_ACTIONS_0_DEFAULTOUTCOME_OUTCOMETEXT,懷爾德似乎嘲笑著你無理的請求，除了吸引那頭生物外，什麼事都沒有做。汙穢侵染了你，你只能逃走。
QUEST_BANDIT_4_8_QUESTINFODATA_ACTIONS_0_TESTSUCCESSOUTCOME_JOURNALTEXT,懷爾德肯定會幫助這個生物的！治癒的光芒在沼澤中閃耀，驅散了黑暗，並將旅行者從瘋狂中解放出來。
QUEST_BANDIT_4_8_QUESTINFODATA_ACTIONS_0_TESTSUCCESSOUTCOME_OUTCOMETEXT,沼澤中閃耀著光芒，汙穢已經清除，旅行者的感染也治好了。他們滿懷感激，決定協助你的任務！
QUEST_BANDIT_4_8_QUESTINFODATA_ACTIONS_1_ACTIONTEXT,殺死這個生物。牠的大限已到。
QUEST_BANDIT_4_8_QUESTINFODATA_ACTIONS_1_DEFAULTOUTCOME_JOURNALTEXT,我們的英雄明白，一切都已經太遲了。他們殺掉了這個可憐的生物，牠臨終的慘叫聲是一首痛苦與折磨的交響曲。
QUEST_BANDIT_4_8_QUESTINFODATA_ACTIONS_1_DEFAULTOUTCOME_OUTCOMETEXT,你靠近這個生物，拔出了武器。戰鬥很快就結束了，這個可憐靈魂痛苦的嚎叫聲在你的耳邊永遠迴盪。
QUEST_BANDIT_4_8_QUESTINFODATA_ACTIONS_2_ACTIONTEXT,讓這野獸解脫
QUEST_BANDIT_4_8_QUESTINFODATA_ACTIONS_2_DEFAULTOUTCOME_JOURNALTEXT,我們的英雄舉起手持加農砲，結束了這隻腐化野獸的性命。<hero_name>將屍體埋葬了起來，作為對牠靈魂最後的敬意。
QUEST_BANDIT_4_8_QUESTINFODATA_ACTIONS_2_DEFAULTOUTCOME_OUTCOMETEXT,一發手持加農砲便完成了任務。野獸一聲不響地倒下了。汙穢從倒下的屍體中滲出。
QUEST_BANDIT_4_8_QUESTINFODATA_ACTIONS_3_ACTIONTEXT,淨化這個生物
QUEST_BANDIT_4_8_QUESTINFODATA_ACTIONS_3_DEFAULTOUTCOME_JOURNALTEXT,青色的烈焰將這邪惡的野獸給啃噬殆盡。懷爾德烈焰權杖絕不寬容<quest_tile>中存在的邪惡之物。
QUEST_BANDIT_4_8_QUESTINFODATA_ACTIONS_3_DEFAULTOUTCOME_OUTCOMETEXT,懷爾德烈焰權杖發出青色的火焰，將這生物血肉中的汙穢焚燒得一乾二淨。牠最終死去了。<quest_tile>驅除了邪惡之物。
QUEST_BANDIT_4_8_QUESTINFODATA_ENCOUNTERTEXT,在黑暗的沼澤深處，你發現了汙穢的源頭 ── 某位迷路的旅行者，意志堅強，但已腐化得救不回來了。
QUEST_BANDIT_4_8_QUESTINFODATA_JOURNALENCOUNTERTEXT,汙穢之力在古老的沼澤中流動著，如同血管中流淌著血液一般。在沼澤之中，一位可憐的旅行者被邪惡的力量腐化了。
QUEST_BANDIT_4_8_QUESTINFODATA_JOURNALRUMOURTEXT,<hero_name>心裡明白，在登上王位之前，必須先清除愛門羅的汙穢。幸運的是，他們發現了一處源頭。
QUEST_BANDIT_4_8_QUESTINFODATA_RUMOURTEXT,先別急著奪取王位，我聽說沼澤裡有一個汙穢的源頭，正在向這片土地播撒邪惡。把它毀掉吧，這是你該做的。
QUEST_BANDIT_4_8_QUESTINFODATA_TITLE,汙穢之源
QUEST_BANDIT_4_9_QUESTINFODATA_ACTIONS_0_ACTIONTEXT,尋求懷爾德祝福
QUEST_BANDIT_4_9_QUESTINFODATA_ACTIONS_0_DEFAULTOUTCOME_JOURNALTEXT,我們的英雄走進巨石陣，然而迎接他的只有痛苦。他們的意志被削弱了，不得不走出巨石陣。
QUEST_BANDIT_4_9_QUESTINFODATA_ACTIONS_0_DEFAULTOUTCOME_OUTCOMETEXT,當你走進去的那一瞬，感覺無比虛弱，接著便感到了痛苦。你甚至都沒能開口說話，就被迫得退了出來。
QUEST_BANDIT_4_9_QUESTINFODATA_ACTIONS_0_TESTSUCCESSOUTCOME_JOURNALTEXT,我們的英雄走上前去，懷爾德則報以一片強大的治癒之光。在石陣的中央，出現了一件寶物。
QUEST_BANDIT_4_9_QUESTINFODATA_ACTIONS_0_TESTSUCCESSOUTCOME_OUTCOMETEXT,當你走進去的那一瞬，感受到了一股強大的暖流 ── 懷爾德回應了你的請求！一件瑰寶顯現在你的眼前。
QUEST_BANDIT_4_9_QUESTINFODATA_ACTIONS_1_ACTIONTEXT,尋求心靈啟迪
QUEST_BANDIT_4_9_QUESTINFODATA_ACTIONS_1_DEFAULTOUTCOME_JOURNALTEXT,我們的英雄明白，比起向懷爾德請求幫助，還不如尋求建議。懷爾德回應了，提供了精神啟迪。
QUEST_BANDIT_4_9_QUESTINFODATA_ACTIONS_1_DEFAULTOUTCOME_OUTCOMETEXT,你決定不要那些小玩意兒，而是向懷爾德尋求精神上的啟發。祂應許了你的請求，你離開時感覺自己變得更加睿智了。
QUEST_BANDIT_4_9_QUESTINFODATA_ACTIONS_2_ACTIONTEXT,欺騙懷爾德
QUEST_BANDIT_4_9_QUESTINFODATA_ACTIONS_2_DEFAULTOUTCOME_JOURNALTEXT,陌生人對懷爾德和汙穢都很瞭解，很清楚如何騙過他們。我們的英雄得到了……一些祝福。
QUEST_BANDIT_4_9_QUESTINFODATA_ACTIONS_2_DEFAULTOUTCOME_OUTCOMETEXT,陌生人握住了你的爪子，和你一同步入了巨石陣。在一起的話，你們就夠格了，於是一人得到了各得一半的祝福。
QUEST_BANDIT_4_9_QUESTINFODATA_ENCOUNTERTEXT,你站在古老的巨石陣前，感覺懷爾德的力量環繞著你。如果你想要得到祝福，這就來對地方了。
QUEST_BANDIT_4_9_QUESTINFODATA_JOURNALENCOUNTERTEXT,在一股古老的力量驅使下，他們來到了巨石陣，這種力量全愛門羅沒有人能夠真正明白。究竟是何種命運，在前方等待著他們呢？
QUEST_BANDIT_4_9_QUESTINFODATA_JOURNALRUMOURTEXT,<hero_name>明白，在迎來最終的試煉之前，或許應該尋求懷爾德之力的祝福。
QUEST_BANDIT_4_9_QUESTINFODATA_RUMOURTEXT,在你奪取王位之前，從德魯伊 ── 或者說懷爾德那裡獲取一些祝福或許是個好主意。當然了，獲取些別的也很好，能幫上忙就行。
QUEST_BANDIT_4_9_QUESTINFODATA_TITLE,禮從天降
QUEST_BANDIT_5_1_QUESTINFODATA_ACTIONS_0_ACTIONTEXT,撬鎖進入城堡
QUEST_BANDIT_5_1_QUESTINFODATA_ACTIONS_0_DEFAULTOUTCOME_JOURNALTEXT,我們英雄的盜竊技巧再加上沃拉克優良的撬鎖器，城堡的大門自然不在話下。國王已在前方等候多時了！
QUEST_BANDIT_5_1_QUESTINFODATA_ACTIONS_0_DEFAULTOUTCOME_OUTCOMETEXT,鎖的齒輪旋轉著滑了進去，在沃拉克的手藝面前，這簡直輕而易舉。大門應聲開啟，國王已於王座等候著您的大駕光臨。
QUEST_BANDIT_5_1_QUESTINFODATA_ENCOUNTERTEXT,你拿起了這把精心打造的開鎖器，憑藉著間諜與強盜同夥們所收集的情報，很快便找到了那扇緊鎖的城堡大門。
QUEST_BANDIT_5_1_QUESTINFODATA_JOURNALENCOUNTERTEXT,我們的英雄拿出了這套集結了有史以來擁有最強大盜竊技藝的開鎖器，也很快找到了足以抗衡如此偉大工藝的強大對手── 城堡大門！
QUEST_BANDIT_5_1_QUESTINFODATA_JOURNALRUMOURTEXT,強盜中最有名的鎖匠 ── 沃拉克，給我們的英雄遞了一個不起眼的松木盒。裡頭裝的，是有史以來最厲害的開鎖器！
QUEST_BANDIT_5_1_QUESTINFODATA_RUMOURTEXT,老沃拉克說道，他終於做出來了 ── 有史以來最完美的開鎖器！他想要見見你，這寶貝能幫助你進入城堡！
QUEST_BANDIT_5_1_QUESTINFODATA_TITLE,沃拉克的鑰匙
QUEST_BEAR_1_1_QUESTINFODATA_ACTIONS_0_ACTIONTEXT,衝啊！
QUEST_BEAR_1_1_QUESTINFODATA_ACTIONS_0_DEFAULTOUTCOME_JOURNALTEXT,我們的英雄衝上前去，準備戰鬥。然而這對<hero_name>來說有點太難了。他們掛了彩，落荒而逃。
QUEST_BEAR_1_1_QUESTINFODATA_ACTIONS_0_DEFAULTOUTCOME_OUTCOMETEXT,你來到地牢。這時你才發現，你高估了自己的力量。魔鴆發動了攻擊，你只能夾著尾巴逃跑了。
QUEST_BEAR_1_1_QUESTINFODATA_ACTIONS_0_TESTSUCCESSOUTCOME_JOURNALTEXT,在<hero_name>的力量面前，愛門羅的汙穢魔獸們根本不堪一擊。我們的英雄斬殺了魔鴆，打響了勝利的第一槍。
QUEST_BEAR_1_1_QUESTINFODATA_ACTIONS_0_TESTSUCCESSOUTCOME_OUTCOMETEXT,在你剛剛踏進去的時候，魔鴆就從陰影中發動了攻擊。不過你早有準備！你擊敗了這邪惡的魔獸後離開。這下可以準備領賞了。
QUEST_BEAR_1_1_QUESTINFODATA_ACTIONS_1_ACTIONTEXT,封堵地牢
QUEST_BEAR_1_1_QUESTINFODATA_ACTIONS_1_DEFAULTOUTCOME_JOURNALTEXT,<hero_name>沒有選擇面對那隻野獸，而是將牠關在了地牢裡。智慧戰勝了蠻力。真是一個適合未來王者的選擇。
QUEST_BEAR_1_1_QUESTINFODATA_ACTIONS_1_DEFAULTOUTCOME_OUTCOMETEXT,安全比懸賞更重要。你把魔鴆堵在了地牢裡。絕不能再讓這魔物禍害蒼生了。
QUEST_BEAR_1_1_QUESTINFODATA_ENCOUNTERTEXT,你在<quest_tile>的入口聞到了汙穢的味道。這裡看起來像是魔鴆的巢穴。這下子變得有點太冒險了。
QUEST_BEAR_1_1_QUESTINFODATA_JOURNALENCOUNTERTEXT,很顯然，這隻野獸已經在地牢裡潛伏很久了。<hero_name>必須小心處理。
QUEST_BEAR_1_1_QUESTINFODATA_JOURNALRUMOURTEXT,<hero_name>接下了一個消滅魔鴆的懸賞委託。這隻相當麻煩的生物就躲在<quest_tile>深處。
QUEST_BEAR_1_1_QUESTINFODATA_RUMOURTEXT,英雄們在途中接到了一個懸賞委託。用魔鴆的頭骨交換心靈石。而第一個目標深藏在附近的一座地牢裡。
QUEST_BEAR_1_1_QUESTINFODATA_TITLE,老辦法
QUEST_BEAR_1_2_QUESTINFODATA_ACTIONS_0_ACTIONTEXT,攻擊商隊
QUEST_BEAR_1_2_QUESTINFODATA_ACTIONS_0_DEFAULTOUTCOME_JOURNALTEXT,奴隸販子們比<hero_name>想像得要更強。雖然贏了下來，但囚車卻逃跑了。我們的英雄第一次嘗到了失敗的苦果。
QUEST_BEAR_1_2_QUESTINFODATA_ACTIONS_0_DEFAULTOUTCOME_OUTCOMETEXT,士兵們全面出動。篷車不見了。雖然你打退了老鼠們的攻擊，但囚犯們卻在戰鬥結束的時候逃走了。
QUEST_BEAR_1_2_QUESTINFODATA_ACTIONS_0_TESTSUCCESSOUTCOME_JOURNALTEXT,戰鬥很快就結束了。奴隸們被解放了，新的同伴加入了戰線，為<hero_name>的稱王大業打下了堅實的基礎。
QUEST_BEAR_1_2_QUESTINFODATA_ACTIONS_0_TESTSUCCESSOUTCOME_OUTCOMETEXT,老鼠守衛在技藝精湛的戰士們面前不堪一擊。你趕走了牠們，囚犯們熱情地高喊著你的名字。作為報答，有人加入了你的事業。
QUEST_BEAR_1_2_QUESTINFODATA_ACTIONS_1_ACTIONTEXT,通知國王的守衛
QUEST_BEAR_1_2_QUESTINFODATA_ACTIONS_1_DEFAULTOUTCOME_JOURNALTEXT,我們的英雄等待著時機，跟著商隊穿過平原，然後通知國王的守衛一起襲擊了他們。
QUEST_BEAR_1_2_QUESTINFODATA_ACTIONS_1_DEFAULTOUTCOME_OUTCOMETEXT,當商隊在入夜後停下時，你通知了附近村落的守衛。他們和你一起突襲了奴隸販子的營地，釋放了囚犯。
QUEST_BEAR_1_2_QUESTINFODATA_ENCOUNTERTEXT,在穿過<quest_tile>的廣闊平原時，你發現了一支商隊正在草叢間穿梭。該給這些奴隸販子上一課了。
QUEST_BEAR_1_2_QUESTINFODATA_JOURNALENCOUNTERTEXT,我們的英雄發現，一些卑鄙之徒正帶著他們的商隊穿過平原。是時候給愛門羅掀起一點波瀾了。
QUEST_BEAR_1_2_QUESTINFODATA_JOURNALRUMOURTEXT,奸詐的奴隸販子正帶著他們的囚犯穿過<quest_tile>。<hero_name>絕不能讓這樣的黑暗交易繼續下去。
QUEST_BEAR_1_2_QUESTINFODATA_RUMOURTEXT,老鼠綁架者們正在愛門羅運送他們的囚犯，準備作為奴隸出售。
QUEST_BEAR_1_2_QUESTINFODATA_TITLE,鼠道難
QUEST_BEAR_1_3_QUESTINFODATA_ACTIONS_0_ACTIONTEXT,擊殺野獸。
QUEST_BEAR_1_3_QUESTINFODATA_ACTIONS_0_DEFAULTOUTCOME_JOURNALTEXT,這隻野獸對正面對決沒什麼興趣。牠來了一記側擊，然後就逃走了。傷口看上去有點像是被感染了。
QUEST_BEAR_1_3_QUESTINFODATA_ACTIONS_0_DEFAULTOUTCOME_OUTCOMETEXT,你轉過身，咆哮著掃視著樹叢。野獸一閃而過，用爪子撓了你一下，然後消失了。傷口不大，但感覺不對勁。
QUEST_BEAR_1_3_QUESTINFODATA_ACTIONS_0_TESTSUCCESSOUTCOME_JOURNALTEXT,野獸被輕鬆地擊敗了。<hero_name>得到了一件寶藏，為他們的偉業打下了堅實的基礎。
QUEST_BEAR_1_3_QUESTINFODATA_ACTIONS_0_TESTSUCCESSOUTCOME_OUTCOMETEXT,這隻野獸就躲在你身後的灌木叢中。在你發起衝鋒時，牠尖叫了起來。你一陣痛打，把牠放倒在地，然後在牠的巢穴附近找到了寶物。
QUEST_BEAR_1_3_QUESTINFODATA_ACTIONS_1_ACTIONTEXT,把野獸嚇跑
QUEST_BEAR_1_3_QUESTINFODATA_ACTIONS_1_DEFAULTOUTCOME_JOURNALTEXT,要面對這隻野獸實在是太危險了。<hero_name>溜進了樹林，打算來日再戰。
QUEST_BEAR_1_3_QUESTINFODATA_ACTIONS_1_DEFAULTOUTCOME_OUTCOMETEXT,你小心翼翼地與這隻野獸戰鬥了一番。面對真正的危險，牠心生畏懼，尖叫著逃走了，但也帶走了牠的財寶。
QUEST_BEAR_1_3_QUESTINFODATA_ENCOUNTERTEXT,樹林看起來比你印象中更密。當你在灌木叢中艱難前進時，突然感到了有什麼正在盯著你，不由定住了腳步。
QUEST_BEAR_1_3_QUESTINFODATA_JOURNALENCOUNTERTEXT,當我們的英雄艱難地穿過濃密的樹叢時，感受到那隻汙穢生物冰冷的眼睛正在從陰影中注視著他們。
QUEST_BEAR_1_3_QUESTINFODATA_JOURNALRUMOURTEXT,<hero_name>聽到了一則傳聞，說是一隻汙穢野獸正在<quest_tile>中遊蕩。據說牠殺掉了一位帶著珍貴財寶的信使。
QUEST_BEAR_1_3_QUESTINFODATA_RUMOURTEXT,一位攜帶珍貴寶物的信使被一隻汙穢野獸殺害了。國王的守衛宣稱，殺掉野獸的人可以拿走財寶。
QUEST_BEAR_1_3_QUESTINFODATA_TITLE,流氓野獸
QUEST_BEAR_1_4_QUESTINFODATA_ACTIONS_0_ACTIONTEXT,繫上繩索，向上攀爬
QUEST_BEAR_1_4_QUESTINFODATA_ACTIONS_0_DEFAULTOUTCOME_JOURNALTEXT,我們英雄的繩索在高山的壓力下斷裂了。<hero_name>跌了下去，還好沒有直接掉進山谷裡。
QUEST_BEAR_1_4_QUESTINFODATA_ACTIONS_0_DEFAULTOUTCOME_OUTCOMETEXT,爬到一半的時候，你的繩索斷裂了。你抓住了岩壁的突出處，但石頭從山上落了下去。永遠拿不回來了。
QUEST_BEAR_1_4_QUESTINFODATA_ACTIONS_0_TESTSUCCESSOUTCOME_JOURNALTEXT,這種攀爬對<hero_name>來說不在話下。我們的英雄第一次品嚐到了勝利的滋味。愛門羅的王座也不遠了。
QUEST_BEAR_1_4_QUESTINFODATA_ACTIONS_0_TESTSUCCESSOUTCOME_OUTCOMETEXT,你避開一塊又一塊鬆散的岩石，一步一步地登上了突出部，拿到了石頭，然後順著繩索滑了下來。完美。
QUEST_BEAR_1_4_QUESTINFODATA_ACTIONS_1_ACTIONTEXT,標記下來，讓其他熊來做
QUEST_BEAR_1_4_QUESTINFODATA_ACTIONS_1_DEFAULTOUTCOME_JOURNALTEXT,這心靈石對於<hero_name>來說難以拿到，但作為一個統治者，不能總想著自己逞英雄。我們的英雄記下了這個位置，讓其他熊來找。
QUEST_BEAR_1_4_QUESTINFODATA_ACTIONS_1_DEFAULTOUTCOME_OUTCOMETEXT,或許你拿不到這塊石頭，但它要是落進了鼠族手裡，那可就糟糕了。你標出了這個位置，讓其他熊去找。
QUEST_BEAR_1_4_QUESTINFODATA_ENCOUNTERTEXT,天公作美，山峰十分平靜。然而，你發現心靈石處在山谷上方的一塊突出部上，搖搖欲墜。想要爬上去可能相當不容易。
QUEST_BEAR_1_4_QUESTINFODATA_JOURNALENCOUNTERTEXT,這一次，山上並沒有風暴肆虐。一路都很順暢，但想要拿到那塊石頭，卻是需要一個老練的攀登者才行。
QUEST_BEAR_1_4_QUESTINFODATA_JOURNALRUMOURTEXT,<hero_name>聽到了一則傳聞，說是有人發現一塊古老而又強力的心靈石就在<quest_tile>的高處。
QUEST_BEAR_1_4_QUESTINFODATA_RUMOURTEXT,有人在一座山頂看到了一塊心靈石。如果有哪隻熊夠膽爬上去，就能拿到手。
QUEST_BEAR_1_4_QUESTINFODATA_TITLE,高處不勝寒
QUEST_BEAR_1_5_QUESTINFODATA_ACTIONS_0_ACTIONTEXT,調解爭吵
QUEST_BEAR_1_5_QUESTINFODATA_ACTIONS_0_DEFAULTOUTCOME_JOURNALTEXT,我們英雄的好意被人利用了。陌生人逃走了，<hero_name>被攤主強迫承擔了他的債務。
QUEST_BEAR_1_5_QUESTINFODATA_ACTIONS_0_DEFAULTOUTCOME_OUTCOMETEXT,你大喊了一聲。攤主看了過來，可陌生人卻藉這個機會逃跑了。你被迫為那個碎掉的甕付了帳。
QUEST_BEAR_1_5_QUESTINFODATA_ACTIONS_0_TESTSUCCESSOUTCOME_JOURNALTEXT,<hero_name>替陌生人付了錢，解決這場小爭執。作為感謝，他們為我們英雄的事業提供了幫助。
QUEST_BEAR_1_5_QUESTINFODATA_ACTIONS_0_TESTSUCCESSOUTCOME_OUTCOMETEXT,你在他們動手之前平息了事態。陌生人沒有錢，於是提議，如果你能替他付錢，就加入你們。
QUEST_BEAR_1_5_QUESTINFODATA_ACTIONS_1_ACTIONTEXT,把他倆分開
QUEST_BEAR_1_5_QUESTINFODATA_ACTIONS_1_DEFAULTOUTCOME_JOURNALTEXT,我們的英雄在事態演變成暴力事件前就出手阻止了。汙穢使得愛門羅的居民們變得暴躁易怒了。
QUEST_BEAR_1_5_QUESTINFODATA_ACTIONS_1_DEFAULTOUTCOME_OUTCOMETEXT,你走到他們兩人中間，然後把他們分開。你命令他們離開。不管是誰的錯，都絕不能訴諸暴力。
QUEST_BEAR_1_5_QUESTINFODATA_ENCOUNTERTEXT,當你來到<quest_tile>的市場，發現一位攤主正與一名路人為了一個打破的甕激烈爭吵。
QUEST_BEAR_1_5_QUESTINFODATA_JOURNALENCOUNTERTEXT,集市的聲音傳入了<hero_name>的耳朵。在那裡，一位攤主正與一名路人吵得不可開交。
QUEST_BEAR_1_5_QUESTINFODATA_JOURNALRUMOURTEXT,<hero_name>啟程前往<quest_tile>。那裡舉辦的大集市對英雄們的事業很有幫助。
QUEST_BEAR_1_5_QUESTINFODATA_RUMOURTEXT,附近的村落有一個很大的集市。為了你的事業，你可以去那裡買些補給。
QUEST_BEAR_1_5_QUESTINFODATA_TITLE,有勞有得
QUEST_BEAR_1_6_QUESTINFODATA_ACTIONS_0_ACTIONTEXT,選一個文化要地。
QUEST_BEAR_1_6_QUESTINFODATA_ACTIONS_0_DEFAULTOUTCOME_JOURNALTEXT,<hero_name>找遍了每一個對鹿民來說重要的地方，但幾個小時後，終於承認了失敗。
QUEST_BEAR_1_6_QUESTINFODATA_ACTIONS_0_DEFAULTOUTCOME_OUTCOMETEXT,你開動腦筋，檢查了每一個覺得重要的地方。在數小時的搜索後，什麼都沒有。
QUEST_BEAR_1_6_QUESTINFODATA_ACTIONS_0_TESTSUCCESSOUTCOME_JOURNALTEXT,多虧了<hero_name>熟悉童話，他們很快就找到了埋寶藏的地方，並把它挖了出來。
QUEST_BEAR_1_6_QUESTINFODATA_ACTIONS_0_TESTSUCCESSOUTCOME_OUTCOMETEXT,有一篇童話裡提到了遊蕩的鹿，你順著它來到了附近的一條河邊。在岸邊，埋藏著你正在尋找的財寶。
QUEST_BEAR_1_6_QUESTINFODATA_ACTIONS_1_ACTIONTEXT,去古代地區尋找
QUEST_BEAR_1_6_QUESTINFODATA_ACTIONS_1_DEFAULTOUTCOME_JOURNALTEXT,很遺憾，財寶依然沒找到。不過，這一天的工作讓<hero_name>想起了很多早已遺忘的愛門羅歷史。
QUEST_BEAR_1_6_QUESTINFODATA_ACTIONS_1_DEFAULTOUTCOME_OUTCOMETEXT,希望不大，但總比沒有好。在搜尋了數個小時後，你決定放棄。你打算將來多看幾本歷史書。
QUEST_BEAR_1_6_QUESTINFODATA_ENCOUNTERTEXT,<quest_tile>似乎無邊無際。沒有任何線索指出財寶在哪，或是該從哪裡找起。
QUEST_BEAR_1_6_QUESTINFODATA_JOURNALENCOUNTERTEXT,<quest_tile>的草地綿延數里，完全沒有任何線索，寶藏的位置更是無從找起。<hero_name>的運氣或許不太好吧。
QUEST_BEAR_1_6_QUESTINFODATA_JOURNALRUMOURTEXT,<hero_name>聽到了一些故事，說是許多年以前，奇怪的鹿民把傳說中的財寶藏在了<quest_tile>。
QUEST_BEAR_1_6_QUESTINFODATA_RUMOURTEXT,傳說很多年前，遊蕩的鹿族德魯伊把寶藏埋藏了起來。說不定可以在奪取瘋王的王位時派上用場。
QUEST_BEAR_1_6_QUESTINFODATA_TITLE,埋葬的寶藏
QUEST_BEAR_1_7_QUESTINFODATA_ACTIONS_0_ACTIONTEXT,看著這幅幻景
QUEST_BEAR_1_7_QUESTINFODATA_ACTIONS_0_DEFAULTOUTCOME_JOURNALTEXT,似乎並不是什麼好景象。<hero_name>的任務似乎被詛咒了。我們的英雄會向這可怕的占卜屈服嗎？
QUEST_BEAR_1_7_QUESTINFODATA_ACTIONS_0_DEFAULTOUTCOME_OUTCOMETEXT,一幅幅的景象在你眼前不斷閃過。王座上的瘋王。被汙穢侵蝕的大地，充斥著痛苦與死亡。你倒下了。全身發著抖。這可不是什麼好兆頭。
QUEST_BEAR_1_7_QUESTINFODATA_ACTIONS_0_TESTSUCCESSOUTCOME_JOURNALTEXT,<hero_name>的旅途顯然受到了懷爾德的庇佑。當幻景消失，他們得到了一件禮物。
QUEST_BEAR_1_7_QUESTINFODATA_ACTIONS_0_TESTSUCCESSOUTCOME_OUTCOMETEXT,幻象充滿著艱難險阻。不過在旅途的最後，和平終於降臨。你感到手上浮現出了一塊冰冷的心靈石。
QUEST_BEAR_1_7_QUESTINFODATA_ACTIONS_1_ACTIONTEXT,閉上眼。無視幻象。
QUEST_BEAR_1_7_QUESTINFODATA_ACTIONS_1_DEFAULTOUTCOME_JOURNALTEXT,與其被變幻無常的懷爾德所玩弄，<hero_name>選擇了拒絕幻象。王座正等著，沒有時間去軟弱了。
QUEST_BEAR_1_7_QUESTINFODATA_ACTIONS_1_DEFAULTOUTCOME_OUTCOMETEXT,帶著痛苦和軟弱去開始一段旅程可不好。你閉上眼，把幻象從你的腦子裡趕出去。你會走自己的路。
QUEST_BEAR_1_7_QUESTINFODATA_ENCOUNTERTEXT,你跪在古老的石頭前，尋求未來之路的指引。你的雙眼蒙上一層迷霧。一幅痛苦的幻象浮現出來。
QUEST_BEAR_1_7_QUESTINFODATA_JOURNALENCOUNTERTEXT,石陣熱情地回應了<hero_name>的祈禱。他們用一幅奇怪的幻象祝福了我們的英雄。
QUEST_BEAR_1_7_QUESTINFODATA_JOURNALRUMOURTEXT,在我們的英雄踏上征程之前，<hero_name>決定來到<quest_tile>向懷爾德祈禱。
QUEST_BEAR_1_7_QUESTINFODATA_RUMOURTEXT,根據愛門羅人的傳統，他們會在行大事之前在巨石陣中進行祈禱。
QUEST_BEAR_1_7_QUESTINFODATA_TITLE,正途
QUEST_BEAR_1_8_QUESTINFODATA_ACTIONS_0_ACTIONTEXT,伸手探入池中
QUEST_BEAR_1_8_QUESTINFODATA_ACTIONS_0_DEFAULTOUTCOME_JOURNALTEXT,懷爾德湖認為<hero_name>還不夠格，便抽走了他們的力量。對於他們的任務來說，真是一個不好的兆頭。
QUEST_BEAR_1_8_QUESTINFODATA_ACTIONS_0_DEFAULTOUTCOME_OUTCOMETEXT,冷。冰冷。寒意侵徹著你的胳膊。你猛然縮手。可怕的聲音在空氣中迴盪著。裁決的結果並不好。你感覺十分虛弱。
QUEST_BEAR_1_8_QUESTINFODATA_ACTIONS_0_TESTSUCCESSOUTCOME_JOURNALTEXT,懷爾德湖裁決<hero_name>是夠格的。它給予了一件禮物。對於他們奪取王位的旅程來說，真是個不錯的開始。
QUEST_BEAR_1_8_QUESTINFODATA_ACTIONS_0_TESTSUCCESSOUTCOME_OUTCOMETEXT,一陣溫暖。令人通體舒暢的溫暖。湖水緩和著你的身軀。你感覺手中似乎多出了什麼東西。你將它拿出來一看。竟然是一件寶物！
QUEST_BEAR_1_8_QUESTINFODATA_ACTIONS_1_ACTIONTEXT,祈禱之後離開
QUEST_BEAR_1_8_QUESTINFODATA_ACTIONS_1_DEFAULTOUTCOME_JOURNALTEXT,比起為這種無聊的小事打擾懷爾德，<hero_name>只是獻上了祈禱。或許等到旅途結束時，他們還會再回到這裡。
QUEST_BEAR_1_8_QUESTINFODATA_ACTIONS_1_DEFAULTOUTCOME_OUTCOMETEXT,<hero_name>很謙遜。大業未成的時候就去接受裁決，或許太顯冒犯。
QUEST_BEAR_1_8_QUESTINFODATA_ENCOUNTERTEXT,懷爾德湖就在前方。平靜的湖水閃耀著光芒。只要伸手探入，就可以接受裁決。你的腦中閃過一絲疑問。該不該冒這個險？
QUEST_BEAR_1_8_QUESTINFODATA_JOURNALENCOUNTERTEXT,<hero_name>來到了懷爾德湖邊。冰冷的湖水正召喚著我們的英雄。然而，他們的心中充滿著疑惑。
QUEST_BEAR_1_8_QUESTINFODATA_JOURNALRUMOURTEXT,<hero_name>向<quest_tile>前進著。在密林中，一個神聖的湖泊或許會向合格的人送上祝福與寶藏。
QUEST_BEAR_1_8_QUESTINFODATA_RUMOURTEXT,據說，樹林深處的一個神秘的「懷爾德湖」將會向配得上的英雄們贈予禮物。
QUEST_BEAR_1_8_QUESTINFODATA_TITLE,懷爾德湖
QUEST_BEAR_1_9_QUESTINFODATA_ACTIONS_0_ACTIONTEXT,恢復他們對懷爾德的信仰
QUEST_BEAR_1_9_QUESTINFODATA_ACTIONS_0_DEFAULTOUTCOME_JOURNALTEXT,這群野蠻人根本聽不進去。或許<hero_name>對愛門羅抱著太高的期望。汙穢已經對這裡的居民侵蝕得太過嚴重了。
QUEST_BEAR_1_9_QUESTINFODATA_ACTIONS_0_DEFAULTOUTCOME_OUTCOMETEXT,你走上前去，不遺餘力地傳播懷爾德之道的教義。異教徒們哄堂大笑。連你自己都覺得在白費力氣。當你離開時，強盜們嘲笑著你。
QUEST_BEAR_1_9_QUESTINFODATA_ACTIONS_0_TESTSUCCESSOUTCOME_JOURNALTEXT,雖然<hero_name>的話語像是對牛彈琴，但還是有一個異教徒走了出來，宣誓向我們的英雄效忠。
QUEST_BEAR_1_9_QUESTINFODATA_ACTIONS_0_TESTSUCCESSOUTCOME_OUTCOMETEXT,大多數異教徒都不情願聽，但有一個人看上去有些猶豫。當晚，這個皈依者溜了出來，向你宣誓效忠。
QUEST_BEAR_1_9_QUESTINFODATA_ACTIONS_1_ACTIONTEXT,向營地召喚懷爾德之怒
QUEST_BEAR_1_9_QUESTINFODATA_ACTIONS_1_DEFAULTOUTCOME_JOURNALTEXT,<hero_name>絕不能容忍這種邪道存在。我們的英雄將整個蠻族的營地毀得四分五裂，親自證明了懷爾德的力量。
QUEST_BEAR_1_9_QUESTINFODATA_ACTIONS_1_DEFAULTOUTCOME_OUTCOMETEXT,在真正的懷爾德面前，這些虛偽的魔法和伎倆毫無勝算。你釋放出懷爾德的怒火，摧毀了營地。
QUEST_BEAR_1_9_QUESTINFODATA_ENCOUNTERTEXT,當你來到<quest_tile>深處後，發現了這群人藏在迷霧中的營地。
QUEST_BEAR_1_9_QUESTINFODATA_JOURNALENCOUNTERTEXT,異教徒們就藏在<quest_tile>深處。<hero_name>發現了他們的營地，已經做好了準備。
QUEST_BEAR_1_9_QUESTINFODATA_JOURNALRUMOURTEXT,<hero_name>聽到傳言，有一群略懂魔法的異教徒竟然在危害懷爾德。就是這種背信棄義的行為才導致汙穢四處傳播的。
QUEST_BEAR_1_9_QUESTINFODATA_RUMOURTEXT,一群異教徒拋棄了懷爾德之道。他們就躲在附近的森林裡，用黑暗的汙穢魔法汲取力量。
QUEST_BEAR_1_9_QUESTINFODATA_TITLE,異教徒
QUEST_BEAR_2_10_QUESTINFODATA_ACTIONS_0_ACTIONTEXT,將你的力量與懷爾德結合。
QUEST_BEAR_2_10_QUESTINFODATA_ACTIONS_0_DEFAULTOUTCOME_JOURNALTEXT,我們的英雄拼盡全力，並尋求了懷爾德的幫助，但魔法實在是太強了。後來再也沒有見到那個法師。
QUEST_BEAR_2_10_QUESTINFODATA_ACTIONS_0_DEFAULTOUTCOME_OUTCOMETEXT,你用上了全部力氣，還用上了懷爾德的治癒之力。然而魔法實在太強，你無奈落敗。
QUEST_BEAR_2_10_QUESTINFODATA_ACTIONS_0_TESTSUCCESSOUTCOME_JOURNALTEXT,我們的英雄輕而易舉地摧毀了魔法屏障，救出了困在裡面的法師。汙穢再也無法折磨這位強大的法師了！
QUEST_BEAR_2_10_QUESTINFODATA_ACTIONS_0_TESTSUCCESSOUTCOME_OUTCOMETEXT,你用強大的力量摧毀了屏障，成功地救出了法師，他對你心懷感激。汙穢的異教徒們對他的力量深感恐懼，才決定囚禁他的。
QUEST_BEAR_2_10_QUESTINFODATA_ACTIONS_1_ACTIONTEXT,向熊族其他成員尋求幫助。
QUEST_BEAR_2_10_QUESTINFODATA_ACTIONS_1_DEFAULTOUTCOME_JOURNALTEXT,我們的英雄轉而向熊族裡的其他人尋求幫助。很不幸，他們遲鈍的反應讓法師死得更早了。
QUEST_BEAR_2_10_QUESTINFODATA_ACTIONS_1_DEFAULTOUTCOME_OUTCOMETEXT,你離開法師的家，尋找熊族同胞的追隨者 ── 很不幸，等到屏障被摧毀時，法師已經死了。
QUEST_BEAR_2_10_QUESTINFODATA_ACTIONS_2_ACTIONTEXT,懷爾德烈焰權杖正發出奇怪的光芒……
QUEST_BEAR_2_10_QUESTINFODATA_ACTIONS_2_DEFAULTOUTCOME_JOURNALTEXT,<hero_name>向屏障舉起古老的權杖，垂死的汙穢發出尖叫，響徹空中。法師得救了，我們的英雄勝利了！
QUEST_BEAR_2_10_QUESTINFODATA_ACTIONS_2_DEFAULTOUTCOME_OUTCOMETEXT,你高舉權杖、施展秘術，將法師從卑劣的魔法中解救了出來。在懷爾德面前，汙穢的異教徒們休想得逞！
QUEST_BEAR_2_10_QUESTINFODATA_ACTIONS_3_ACTIONTEXT,「這對我來說不算什麼。」
QUEST_BEAR_2_10_QUESTINFODATA_ACTIONS_3_DEFAULTOUTCOME_JOURNALTEXT,陌生人前來援助我們的英雄，幫助被困的巫師逃出了他的魔法牢籠。背叛被遏止了，法師也安全了。
QUEST_BEAR_2_10_QUESTINFODATA_ACTIONS_3_DEFAULTOUTCOME_OUTCOMETEXT,陌生人雙目圓睜，跳進了屏障裡。你看得目瞪口呆。他幫助了法師，並與你平分了他的報賞。
QUEST_BEAR_2_10_QUESTINFODATA_ACTIONS_4_ACTIONTEXT,使用汙穢突破屏障
QUEST_BEAR_2_10_QUESTINFODATA_ACTIONS_4_DEFAULTOUTCOME_JOURNALTEXT,為了解救被困住的法師，<hero_name>被迫使用了汙穢的力量。烏鴉之喙匕首撕開了這道奇怪的屏障。
QUEST_BEAR_2_10_QUESTINFODATA_ACTIONS_4_DEFAULTOUTCOME_OUTCOMETEXT,你從刀鞘中拔出烏鴉之喙匕首，將它插進了屏障。一場耀眼的爆炸後，屏障粉碎了，法師得救了。
QUEST_BEAR_2_10_QUESTINFODATA_ENCOUNTERTEXT,一群人圍在門外，一堵綠色的牆擋住了路。即便是呼喚懷爾德，也未必能摧毀這堵牆。
QUEST_BEAR_2_10_QUESTINFODATA_JOURNALENCOUNTERTEXT,<hero_name>觀察著這道奇怪的牆，陷入了沉思，明白懷爾德的魔法還不足以將它驅散。
QUEST_BEAR_2_10_QUESTINFODATA_JOURNALRUMOURTEXT,有一條緊急消息 ── 一位忠誠的熊族法師被某種邪惡魔法製造的屏障困在了自己家裡。
QUEST_BEAR_2_10_QUESTINFODATA_RUMOURTEXT,熊族的一位忠誠的法師身陷重大危機！他的家被某種魔法屏障所保護著 ── 你得去幫幫他！
QUEST_BEAR_2_10_QUESTINFODATA_TITLE,屏障內外
QUEST_BEAR_2_11_QUESTINFODATA_ACTIONS_0_ACTIONTEXT,掙脫鐵鏈，來個出其不意！
QUEST_BEAR_2_11_QUESTINFODATA_ACTIONS_0_DEFAULTOUTCOME_JOURNALTEXT,我們的英雄嘗試掙脫鐵鏈，但卻徒勞無功。經過儀式的洗禮後，<hero_name>很快就感覺到邪惡的汙穢之力在體內滋長。
QUEST_BEAR_2_11_QUESTINFODATA_ACTIONS_0_DEFAULTOUTCOME_OUTCOMETEXT,你嘗試扯斷鐵鏈，但它們實在太過堅固了。異教徒使用邪惡的儀式對你灌注汙穢，並在之後把你給放走了。
QUEST_BEAR_2_11_QUESTINFODATA_ACTIONS_0_TESTSUCCESSOUTCOME_JOURNALTEXT,<hero_name>扯開了鐵鏈，異教徒們恐懼地尖叫著。我們的英雄放走了他們的囚犯，徹底結束了這場儀式。
QUEST_BEAR_2_11_QUESTINFODATA_ACTIONS_0_TESTSUCCESSOUTCOME_OUTCOMETEXT,對於熊族的力量來說，鐵鏈根本不算什麼。你救出了其他囚犯，並且獲得了一個重要的盟友！
QUEST_BEAR_2_11_QUESTINFODATA_ACTIONS_1_ACTIONTEXT,趁異教徒們分神的時候溜走。
QUEST_BEAR_2_11_QUESTINFODATA_ACTIONS_1_DEFAULTOUTCOME_JOURNALTEXT,<hero_name>等待著，眼睜睜地看著無數的無辜者被拖向他們的末日。逃走很容易，但代價很大。太大了。
QUEST_BEAR_2_11_QUESTINFODATA_ACTIONS_1_DEFAULTOUTCOME_OUTCOMETEXT,異教徒們將無數的無辜者拖向他們的末日，而你則等待著時機。你趁人不備溜了出去，但邪道依然存在。
QUEST_BEAR_2_11_QUESTINFODATA_ACTIONS_2_ACTIONTEXT,「別動。我來幫你！」
QUEST_BEAR_2_11_QUESTINFODATA_ACTIONS_2_DEFAULTOUTCOME_JOURNALTEXT,<hero_name>的咒術師施展了幾個精巧的技藝，救出了我們的英雄。他們一起打敗了抓住他們的人，逃了出去。
QUEST_BEAR_2_11_QUESTINFODATA_ACTIONS_2_DEFAULTOUTCOME_OUTCOMETEXT,咒術師低語著。魔法在空中炸裂，你的鐵鏈打開了。你發起了攻擊！擊傷了抓住你們的人之後，你們逃出生天。
QUEST_BEAR_2_11_QUESTINFODATA_ACTIONS_3_ACTIONTEXT,「噓！這邊！」
QUEST_BEAR_2_11_QUESTINFODATA_ACTIONS_3_DEFAULTOUTCOME_JOURNALTEXT,忠實的侍從前來幫助 <hero_name>了。他們一起逃離了危險的地穴，以及可怕的追捕者們！
QUEST_BEAR_2_11_QUESTINFODATA_ACTIONS_3_DEFAULTOUTCOME_OUTCOMETEXT,你忠誠的侍從躲開了追捕者，潛入進來解救了你。你們一同逃離了地穴，還帶著紀念品！
QUEST_BEAR_2_11_QUESTINFODATA_ACTIONS_4_ACTIONTEXT,「放了我們，不會虧待你們的……」
QUEST_BEAR_2_11_QUESTINFODATA_ACTIONS_4_DEFAULTOUTCOME_JOURNALTEXT,我們英雄的商人憑著他的三寸不爛之舌，向汙穢異教徒扯了一堆謊言，成功說服他們放人。等他們發現上當時，大概已經是好幾個禮拜之後的事情了。
QUEST_BEAR_2_11_QUESTINFODATA_ACTIONS_4_DEFAULTOUTCOME_OUTCOMETEXT,你的商人滔滔不絕的講著，汙穢教徒們全都湊了過來。儘管你很清楚他開的根本都是空頭支票，但是他成功換到了你的自由之身。
QUEST_BEAR_2_11_QUESTINFODATA_ENCOUNTERTEXT,當你走進去時，異教徒們伏擊了你！他們很快把你五花大綁了起來，然後把你帶到了大地深處。
QUEST_BEAR_2_11_QUESTINFODATA_JOURNALENCOUNTERTEXT,很不湊巧，異教徒們知道<hero_name>要來！他們偷襲了我們的英雄，把這位唯一能阻止他們的人用鐵鏈綁了起來。
QUEST_BEAR_2_11_QUESTINFODATA_JOURNALRUMOURTEXT,我們的英雄了解這次任務的重要：愛門羅決不容忍崇拜汙穢的人存在！必須阻止他們！
QUEST_BEAR_2_11_QUESTINFODATA_RUMOURTEXT,傳言說，有一群崇尚汙穢的異教徒在這個老舊的地牢定居了。動身前去阻止他們邪惡的行為吧！
QUEST_BEAR_2_11_QUESTINFODATA_TITLE,鐵鏈纏身
QUEST_BEAR_2_12_QUESTINFODATA_ACTIONS_0_ACTIONTEXT,趁盜賊還沒出現，幫老鼠一把。
QUEST_BEAR_2_12_QUESTINFODATA_ACTIONS_0_DEFAULTOUTCOME_JOURNALTEXT,可惜，寶藏紋絲不動。<hero_name>想要幫忙，但卻沒那個力氣！很快，其他的財寶獵人來了，把它據為己有！
QUEST_BEAR_2_12_QUESTINFODATA_ACTIONS_0_DEFAULTOUTCOME_OUTCOMETEXT,然而，你的力氣也搬不動寶箱。很快，你被一群其他獵人擋住了去路，只能灰溜溜地逃走了。
QUEST_BEAR_2_12_QUESTINFODATA_ACTIONS_0_TESTSUCCESSOUTCOME_JOURNALTEXT,<hero_name>輕鬆地拿走了巨大的寶箱，然後和這隻勇敢的老鼠平分了。熊族的傳家寶終於回來了！
QUEST_BEAR_2_12_QUESTINFODATA_ACTIONS_0_TESTSUCCESSOUTCOME_OUTCOMETEXT,你憑借一身的力氣，帶著寶箱離開了。雖然和那隻老鼠平分了寶貝，不過至少帶回了熊族的傳家寶！
QUEST_BEAR_2_12_QUESTINFODATA_ACTIONS_1_ACTIONTEXT,對付這隻老鼠。
QUEST_BEAR_2_12_QUESTINFODATA_ACTIONS_1_DEFAULTOUTCOME_JOURNALTEXT,<hero_name>絕不會把熊族的傳家寶分給別人！然而，當我們的英雄趕走老鼠的時候，其他劫掠者偷走了寶物！
QUEST_BEAR_2_12_QUESTINFODATA_ACTIONS_1_DEFAULTOUTCOME_OUTCOMETEXT,憑什麼要瓜分熊族的寶物？你趕走了老鼠，可當你回來的時候，你的戰利品已經被一群財寶獵人給偷走了。
QUEST_BEAR_2_12_QUESTINFODATA_ACTIONS_2_ACTIONTEXT,「搬什麼重東西嗎？我很確信我能解決！」
QUEST_BEAR_2_12_QUESTINFODATA_ACTIONS_2_DEFAULTOUTCOME_JOURNALTEXT,<hero_name>忠心耿耿的鐵匠搬起了寶箱，就像他在鍛造爐那裡舉鎚子一樣。三個人平分了寶藏，愉快地踏上了歸途。
QUEST_BEAR_2_12_QUESTINFODATA_ACTIONS_2_DEFAULTOUTCOME_OUTCOMETEXT,鐵匠不費吹灰之力便舉起了巨大的寶箱，然後帶到了安全的地方。最終，你們三人平分了財寶。
QUEST_BEAR_2_12_QUESTINFODATA_ACTIONS_3_ACTIONTEXT,「跟著那野獸！」
QUEST_BEAR_2_12_QUESTINFODATA_ACTIONS_3_DEFAULTOUTCOME_JOURNALTEXT,麋鹿再神秘，也要睡覺喝水。在王牌間諜的幫助下，我們的英雄追到了這隻野獸在河岸邊的窩。
QUEST_BEAR_2_12_QUESTINFODATA_ACTIONS_3_DEFAULTOUTCOME_OUTCOMETEXT,麋鹿逃走了。在王牌間諜的帶領下，你跟了上去。你發現這隻動物正在一個奇怪的池塘邊休憩。你喝下池塘裡的水，感覺自己變得更強了。
QUEST_BEAR_2_12_QUESTINFODATA_ENCOUNTERTEXT,你來到那裡，發現了一輛毀壞的篷車，一隻小老鼠正絕望地想把一個大寶箱從裡面拖出來。看起來沒什麼進展。
QUEST_BEAR_2_12_QUESTINFODATA_JOURNALENCOUNTERTEXT,<hero_name>發現一隻小老鼠爪上抓著一個財寶，但這個小東西好像根本不可能帶得動這箱子。
QUEST_BEAR_2_12_QUESTINFODATA_JOURNALRUMOURTEXT,一件珍貴的熊族財寶被人偷走了，但<hero_name>決定將它奪回來！我們的英雄能及時趕到那裡嗎？
QUEST_BEAR_2_12_QUESTINFODATA_RUMOURTEXT,一件古老的熊族財寶不久前不見了蹤影。你猜怎樣？傳聞說有一群財寶獵人在附近發現了它。
QUEST_BEAR_2_12_QUESTINFODATA_TITLE,見者有份
QUEST_BEAR_2_1_QUESTINFODATA_ACTIONS_0_ACTIONTEXT,按兵不動，靜待時機……
QUEST_BEAR_2_1_QUESTINFODATA_ACTIONS_0_DEFAULTOUTCOME_JOURNALTEXT,經過一番短暫的爭鬥，<hero_name>擊敗了<quest_tile>的殺手，不過自己也並非毫髮無傷。
QUEST_BEAR_2_1_QUESTINFODATA_ACTIONS_0_DEFAULTOUTCOME_OUTCOMETEXT,你想要堅守陣地，但瘋狂的殺手行動難以捉摸，讓你猝不及防。雖然你最後還是艱難取勝，但卻受了傷。
QUEST_BEAR_2_1_QUESTINFODATA_ACTIONS_0_TESTSUCCESSOUTCOME_JOURNALTEXT,不過<hero_name>沒費多大力氣就擊敗了他們。巨石陣得到了淨化，一位感激的<test_reward>加入了<hero_name>的冒險。
QUEST_BEAR_2_1_QUESTINFODATA_ACTIONS_0_TESTSUCCESSOUTCOME_OUTCOMETEXT,你選擇的攻擊時機相當完美，殺掉了瘋狂的殺手。一位陌生人走了上來，宣誓向你效忠，感謝你為他倒下的同伴復仇。
QUEST_BEAR_2_1_QUESTINFODATA_ACTIONS_1_ACTIONTEXT,衝啊！
QUEST_BEAR_2_1_QUESTINFODATA_ACTIONS_1_DEFAULTOUTCOME_JOURNALTEXT,<hero_name>以雷霆萬鈞之力衝向前去，熊族的可怕力量直接傾瀉在了那個瘋狂的殺手身上。黑暗的侵蝕被摧毀了，毀得不成樣子。
QUEST_BEAR_2_1_QUESTINFODATA_ACTIONS_1_DEFAULTOUTCOME_OUTCOMETEXT,你衝了過去 ── 雖然殺手很敏捷，在一隻成年熊的力量和體格面前，他們毫無還手之力。沒幾個人能抵抗得了。
QUEST_BEAR_2_1_QUESTINFODATA_ACTIONS_2_ACTIONTEXT,魔鴆之刃閃爍著光芒
QUEST_BEAR_2_1_QUESTINFODATA_ACTIONS_2_DEFAULTOUTCOME_JOURNALTEXT,用魔鴆之刃殺了這個瘋子。<hero_name>感到內心十分的矛盾。因為刀刃上的黑暗之力，要賠上的代價是否太大了？
QUEST_BEAR_2_1_QUESTINFODATA_ACTIONS_2_DEFAULTOUTCOME_OUTCOMETEXT,你那把被詛咒的劍竟然自己揮舞了起來。僅僅兩刀，瘋子就這樣倒地不起了。你感到很不安，但還是搜索了屍體，尋找有用的工具。
QUEST_BEAR_2_1_QUESTINFODATA_ACTIONS_3_ACTIONTEXT,「<hero_name>，離遠點！」
QUEST_BEAR_2_1_QUESTINFODATA_ACTIONS_3_DEFAULTOUTCOME_JOURNALTEXT,沒等那個瘋子傷害到我們的英雄，就被<hero_name>的強大同伴殺死了。侵蝕被清除了。
QUEST_BEAR_2_1_QUESTINFODATA_ACTIONS_3_DEFAULTOUTCOME_OUTCOMETEXT,你的狂戰士衝向前去，瘋子完全不是他的對手。他被殺掉了，他的屍體上留下了一些獎勵。
QUEST_BEAR_2_1_QUESTINFODATA_ACTIONS_4_ACTIONTEXT,穿上盔甲
QUEST_BEAR_2_1_QUESTINFODATA_ACTIONS_4_DEFAULTOUTCOME_JOURNALTEXT,我們的英雄對於奴隸販子們的三流攻擊早有準備。<hero_name>戴上了群英頭盔，以熊之怒發起了攻擊。
QUEST_BEAR_2_1_QUESTINFODATA_ACTIONS_4_DEFAULTOUTCOME_OUTCOMETEXT,你來到村莊的廣場上時，奴隸販子們發動了突襲。你戴上群英頭盔，發起了攻擊。這場戰鬥很快就會結束。
QUEST_BEAR_2_1_QUESTINFODATA_ENCOUNTERTEXT,當你到達那裡，兩個人隨著一陣耀眼的光芒現出身形。其中一個很快就被另一個殺害，而殺手直奔你而來！
QUEST_BEAR_2_1_QUESTINFODATA_JOURNALENCOUNTERTEXT,來到<quest_tile>的巨石陣後，<hero_name>目睹了一場謀殺。殺手立刻就朝我們的英雄衝了過來……
QUEST_BEAR_2_1_QUESTINFODATA_JOURNALRUMOURTEXT,我們的英雄本來沒什麼線索，不過「黑暗的侵蝕」這句話很顯然激起了他們的興趣，因此，他們啟程前往<quest_tile>。
QUEST_BEAR_2_1_QUESTINFODATA_RUMOURTEXT,當地的一些長老說，不遠處的一個巨石陣受到了黑暗的侵蝕。
QUEST_BEAR_2_1_QUESTINFODATA_TITLE,命運之日\n
QUEST_BEAR_2_2_QUESTINFODATA_ACTIONS_0_ACTIONTEXT,殺掉奴隸販子。
QUEST_BEAR_2_2_QUESTINFODATA_ACTIONS_0_DEFAULTOUTCOME_JOURNALTEXT,一想到整個鎮子的人都會被賣掉然後遭遇悲慘的命運，我們的英雄怒不可遏，立刻和奴隸販子們廝打起來，然後很快就後悔了。
QUEST_BEAR_2_2_QUESTINFODATA_ACTIONS_0_DEFAULTOUTCOME_OUTCOMETEXT,「來啊，垃圾奴隸販子們！」你高叫著。可是，奴隸販子們的數量比你想像中還要多。你帶著一身傷逃走了。
QUEST_BEAR_2_2_QUESTINFODATA_ACTIONS_0_TESTSUCCESSOUTCOME_JOURNALTEXT,<hero_name>以超凡的勇武放倒了每一個奴隸販子。解放<quest_tile>只是額外收穫。
QUEST_BEAR_2_2_QUESTINFODATA_ACTIONS_0_TESTSUCCESSOUTCOME_OUTCOMETEXT,多虧了你的戰鬥技巧，奴隸販子們很快就倒下了。感激的村民們向你獻上了奴隸販子最珍貴的財寶作為謝禮。
QUEST_BEAR_2_2_QUESTINFODATA_ACTIONS_1_ACTIONTEXT,向奴隸頭子挑戰。
QUEST_BEAR_2_2_QUESTINFODATA_ACTIONS_1_DEFAULTOUTCOME_JOURNALTEXT,奴隸頭子和熊族英雄在街上相遇了。最後，<hero_name>迅捷的一擊將<quest_tile>解放了出來。
QUEST_BEAR_2_2_QUESTINFODATA_ACTIONS_1_DEFAULTOUTCOME_OUTCOMETEXT,奴隸頭子只不過會虛張聲勢，還沒等他說完威脅你的話，就一命嗚呼了。奴隸販子們四散而逃。
QUEST_BEAR_2_2_QUESTINFODATA_ACTIONS_2_ACTIONTEXT,舉起皇室旗幟
QUEST_BEAR_2_2_QUESTINFODATA_ACTIONS_2_DEFAULTOUTCOME_JOURNALTEXT,<hero_name>舉起皇室旗幟，奴隸販子們立刻屈服了。他們嚇得抱頭鼠竄，村落再一次迎來了和平。\n
QUEST_BEAR_2_2_QUESTINFODATA_ACTIONS_2_DEFAULTOUTCOME_OUTCOMETEXT,你高舉皇室旗幟 ，向躲藏起來的奴隸販子們展示著瘋王的紋章。他們畏懼你的權威，紛紛逃離了村落。
QUEST_BEAR_2_2_QUESTINFODATA_ACTIONS_3_ACTIONTEXT,「藏在陰影裡也沒有用。」
QUEST_BEAR_2_2_QUESTINFODATA_ACTIONS_3_DEFAULTOUTCOME_JOURNALTEXT,<hero_name>的術士向倒霉的奴隸販子們釋放了汙穢之力。他們骯髒的行為得到了應有的報應。
QUEST_BEAR_2_2_QUESTINFODATA_ACTIONS_3_DEFAULTOUTCOME_OUTCOMETEXT,你的術士扭曲了奴隸販子們藏身的陰影。緊閉的屋子裡迴盪著慘叫聲。村子又一次安全了。
QUEST_BEAR_2_2_QUESTINFODATA_ACTIONS_4_ACTIONTEXT,「有什麼事，儘管招呼我。」
QUEST_BEAR_2_2_QUESTINFODATA_ACTIONS_4_DEFAULTOUTCOME_JOURNALTEXT,當奴隸販子們向我們的英雄發動襲擊時，忠誠的狂戰士與<hero_name>並肩作戰，一同將<quest_tile>從邪惡中解放了出來。
QUEST_BEAR_2_2_QUESTINFODATA_ACTIONS_4_DEFAULTOUTCOME_OUTCOMETEXT,你的狂戰士與你站在一起，你們一同消滅了所有敢於接近你們的下賤生物。
QUEST_BEAR_2_2_QUESTINFODATA_ENCOUNTERTEXT,你不明白為什麼鎮子上的人都不願和你說話，不過你很快就發現，奴隸販子們正從緊閉的窗戶後窺視著你。
QUEST_BEAR_2_2_QUESTINFODATA_JOURNALENCOUNTERTEXT,面對問題，<quest_tile>裡剩下的幾個村民都支支吾吾，很顯然，奴隸販子對這裡的控制十分嚴密。
QUEST_BEAR_2_2_QUESTINFODATA_JOURNALRUMOURTEXT,有傳聞說，<quest_tile>已經變成了一座鬼鎮，我們的英雄決定啟程去調查這次大規模失蹤事件。
QUEST_BEAR_2_2_QUESTINFODATA_RUMOURTEXT,一座曾經繁華的貿易城鎮，如今居民卻已寥寥無幾。去看看這座村鎮的人們到底發生了什麼吧。
QUEST_BEAR_2_2_QUESTINFODATA_TITLE,鬼鎮
QUEST_BEAR_2_3_QUESTINFODATA_ACTIONS_0_ACTIONTEXT,在公開戰鬥中消滅魔鴆。
QUEST_BEAR_2_3_QUESTINFODATA_ACTIONS_0_DEFAULTOUTCOME_JOURNALTEXT,趁魔鴆們羽翼未豐時趕緊消滅牠們，我們的英雄直衝向前，但卻寡不敵眾，<hero_name>最終負傷。
QUEST_BEAR_2_3_QUESTINFODATA_ACTIONS_0_DEFAULTOUTCOME_OUTCOMETEXT,很遺憾，你的技巧不足以擊敗魔鴆，只得落荒而逃。汙穢依然在那座村子裡蔓延，直到今日。
QUEST_BEAR_2_3_QUESTINFODATA_ACTIONS_0_TESTSUCCESSOUTCOME_JOURNALTEXT,<hero_name>深知死亡只會招致死亡。他向魔鴆衝去，把牠們全都殺掉了。感激的住民們獻上了一塊心靈石作為感謝。
QUEST_BEAR_2_3_QUESTINFODATA_ACTIONS_0_TESTSUCCESSOUTCOME_OUTCOMETEXT,你向魔鴆衝去，運用嫻熟的戰鬥技巧保護自己。很快，鎮子得到了淨化，你則收到了一塊心靈石作為謝禮。
QUEST_BEAR_2_3_QUESTINFODATA_ACTIONS_1_ACTIONTEXT,僱傭剩下的村民幫助你。
QUEST_BEAR_2_3_QUESTINFODATA_ACTIONS_1_DEFAULTOUTCOME_JOURNALTEXT,於是，<hero_name>召集起了剩下的村民。雖然在接下來的戰鬥中，很多人失去了生命，但<quest_tile>再次安全了。
QUEST_BEAR_2_3_QUESTINFODATA_ACTIONS_1_DEFAULTOUTCOME_OUTCOMETEXT,你請求村民們幫助你消滅他們腐化的同胞。在接下來的戰鬥中，很多人失去了生命，但至少摧毀了魔鴆。
QUEST_BEAR_2_3_QUESTINFODATA_ACTIONS_2_ACTIONTEXT,手持加農砲上膛
QUEST_BEAR_2_3_QUESTINFODATA_ACTIONS_2_DEFAULTOUTCOME_JOURNALTEXT,魔鴆還沒準備好面對手持加農砲的怒火。牠們死的死、逃的逃，永遠地離開了這個村子。
QUEST_BEAR_2_3_QUESTINFODATA_ACTIONS_2_DEFAULTOUTCOME_OUTCOMETEXT,手持加農砲閃耀著火光！空氣中瀰漫著炮火聲與硝煙味。魔鴆尖叫著，那些沒有來得及逃離的都被消滅了。
QUEST_BEAR_2_3_QUESTINFODATA_ACTIONS_3_ACTIONTEXT,舉起你的盾牌
QUEST_BEAR_2_3_QUESTINFODATA_ACTIONS_3_DEFAULTOUTCOME_JOURNALTEXT,魔鴆撲向了我們的英雄，他及時舉起皇室護盾。<hero_name>沒有被擊倒！他們起身反擊，最終獲得了勝利！
QUEST_BEAR_2_3_QUESTINFODATA_ACTIONS_3_DEFAULTOUTCOME_OUTCOMETEXT,十幾把魔鴆之刃鏗鏘作響地砍在你的皇室護盾上。無一穿透！你殺掉了魔鴆，解救了這座村落。
QUEST_BEAR_2_3_QUESTINFODATA_ACTIONS_4_ACTIONTEXT,「咱們來些小表演吧！」
QUEST_BEAR_2_3_QUESTINFODATA_ACTIONS_4_DEFAULTOUTCOME_JOURNALTEXT,從一個翠綠色的小瓶子中，浮現出了一隻懷爾德烈焰鳳凰，消滅了那些野獸。在火焰的光芒中，煉金術師狡黠的笑容閃爍著。
QUEST_BEAR_2_3_QUESTINFODATA_ACTIONS_4_DEFAULTOUTCOME_OUTCOMETEXT,煉金術師將一個瓶子扔在地上，誕生出了一隻綠色的火鳳凰，一個接一個地消滅了魔鴆。
QUEST_BEAR_2_3_QUESTINFODATA_ENCOUNTERTEXT,在居民們的帶領下，你很快發現自己被大大小小的魔鴆們所包圍了。你必須趕快行動，阻止邪惡的傳播！
QUEST_BEAR_2_3_QUESTINFODATA_JOURNALENCOUNTERTEXT,然而，我們的英雄發現自己來得太晚了。魔鴆們已經來到了鎮上，牠們的憤火所降下的災厄，慘狀實在無法用言語形容。
QUEST_BEAR_2_3_QUESTINFODATA_JOURNALRUMOURTEXT,<hero_name>聽說了有關獻祭和黑暗契約的傳聞，於是趕忙前往<quest_tile>結束這場毫無意義的殺戮。
QUEST_BEAR_2_3_QUESTINFODATA_RUMOURTEXT,森林中的住民們被迫把自己的親人獻給魔鴆，以此乞求寬恕。趁這些蠢貨還沒害死更多的生命，快點動身吧。
QUEST_BEAR_2_3_QUESTINFODATA_TITLE,淨化森林
QUEST_BEAR_2_4_QUESTINFODATA_ACTIONS_0_ACTIONTEXT,嘗試接近麋鹿。
QUEST_BEAR_2_4_QUESTINFODATA_ACTIONS_0_DEFAULTOUTCOME_JOURNALTEXT,然而，麋鹿的眼睛令我們的英雄難以承受，在牠熾熱目光的凝視下，<hero_name>的意志被削弱了。
QUEST_BEAR_2_4_QUESTINFODATA_ACTIONS_0_DEFAULTOUTCOME_OUTCOMETEXT,麋鹿轉過身面向你，牠的視線實在太過強烈，令你頭痛欲裂。你趕緊移開目光，感覺好多了，但還是很虛弱。
QUEST_BEAR_2_4_QUESTINFODATA_ACTIONS_0_TESTSUCCESSOUTCOME_JOURNALTEXT,僅僅是一瞥，英雄就與麋鹿進行了一番對話。一塊心靈石顯現了出來，而<hero_name>的道路從未如此清晰。
QUEST_BEAR_2_4_QUESTINFODATA_ACTIONS_0_TESTSUCCESSOUTCOME_OUTCOMETEXT,你接近了麋鹿。牠轉身面向你，雖然沒有說話，但這隻古老的生物令你的心中充滿了決心。
QUEST_BEAR_2_4_QUESTINFODATA_ACTIONS_1_ACTIONTEXT,離開這隻麋鹿。
QUEST_BEAR_2_4_QUESTINFODATA_ACTIONS_1_DEFAULTOUTCOME_JOURNALTEXT,我們的英雄遠遠地注視著這隻高貴的生物，牠穿過平原，就此消失。<hero_name>明白，或許他們一輩子也忘不了這件事了。
QUEST_BEAR_2_4_QUESTINFODATA_ACTIONS_1_DEFAULTOUTCOME_OUTCOMETEXT,你保持著距離，麋鹿遠遠地瞥了你一眼，你明白，在你面前的是一個真正的神靈。牠點了點頭，消失了。
QUEST_BEAR_2_4_QUESTINFODATA_ACTIONS_2_ACTIONTEXT,「我想玩玩！」
QUEST_BEAR_2_4_QUESTINFODATA_ACTIONS_2_DEFAULTOUTCOME_JOURNALTEXT,<quest_tile>手下的傻瓜用奇怪的表演逗樂了麋鹿。牠向傻瓜傳述了一個古老的秘密，而傻瓜則分享給了我們的英雄。
QUEST_BEAR_2_4_QUESTINFODATA_ACTIONS_2_DEFAULTOUTCOME_OUTCOMETEXT,還沒等你拒絕，你的傻瓜就跳到了麋鹿面前。令你意外的是，麋鹿並沒有逃走。相反，牠對他一陣耳語，而秘密最後傳到了你這裡。
QUEST_BEAR_2_4_QUESTINFODATA_ACTIONS_3_ACTIONTEXT,看著麋鹿。
QUEST_BEAR_2_4_QUESTINFODATA_ACTIONS_3_DEFAULTOUTCOME_JOURNALTEXT,<hero_name>埋伏以待，用冰鑒斗篷隱蔽身形。看着麋鹿讓英雄與懷爾德的聯繫愈發緊密了。
QUEST_BEAR_2_4_QUESTINFODATA_ACTIONS_3_DEFAULTOUTCOME_OUTCOMETEXT,在這件精工細作的斗篷遮掩下，你潛伏在草叢中。當你看着麋鹿時，你感到這個生命的一部分魔法強化了你。
QUEST_BEAR_2_4_QUESTINFODATA_ENCOUNTERTEXT,當你站在高草叢中時，你察覺到前面有東西：一隻巨大的麋鹿。毛皮閃耀著金色的光芒，鹿角的色澤如同象牙，還有一雙寶石藍的眼睛。
QUEST_BEAR_2_4_QUESTINFODATA_JOURNALENCOUNTERTEXT,經過了一段漫長的旅程，我們的英雄終於到達了<quest_tile>。沒過多久，威嚴的鹿就出現了。出現在我們的英雄面前的彷彿一位神祇。
QUEST_BEAR_2_4_QUESTINFODATA_JOURNALRUMOURTEXT,當然，一位超凡脫俗的神祇對我們的英雄登上王座的征程很有益處。所以<hero_name>朝聖神鹿的旅程開始了……
QUEST_BEAR_2_4_QUESTINFODATA_RUMOURTEXT,來自各地的朝聖者在這片平原四處彷徨，尋找著那頭威嚴的白鹿。或許可以去看看這幫大驚小怪的傢伙到底在忙什麼？
QUEST_BEAR_2_4_QUESTINFODATA_TITLE,草叢中的神祇
QUEST_BEAR_2_5_QUESTINFODATA_ACTIONS_0_ACTIONTEXT,解讀古代標記。
QUEST_BEAR_2_5_QUESTINFODATA_ACTIONS_0_DEFAULTOUTCOME_JOURNALTEXT,<hero_name>被<quest_tile>的黑曜石陌生人所引誘，現在和之前的許多人一樣，聽到了它那讓人痛苦的低語。
QUEST_BEAR_2_5_QUESTINFODATA_ACTIONS_0_DEFAULTOUTCOME_OUTCOMETEXT,你閱讀了那些古代符號，但有一股黑暗的力量縈繞其中。你試著停下，但它們那邪惡的警告永遠在你腦海中迴響。
QUEST_BEAR_2_5_QUESTINFODATA_ACTIONS_0_TESTSUCCESSOUTCOME_JOURNALTEXT,在充分展現了自身的才智後，我們的英雄成功解讀了巨石上的謎題，找到了地牢深處的寶藏。
QUEST_BEAR_2_5_QUESTINFODATA_ACTIONS_0_TESTSUCCESSOUTCOME_OUTCOMETEXT,以你的智力而言，這些詭異的謎題毫無難度，其中的秘密很快就揭曉了，讓你取得了你的獎品。
QUEST_BEAR_2_5_QUESTINFODATA_ACTIONS_1_ACTIONTEXT,警告他那巨石的黑暗本質。
QUEST_BEAR_2_5_QUESTINFODATA_ACTIONS_1_DEFAULTOUTCOME_JOURNALTEXT,汙穢滋長蔓延的契機在於；即便連強者也無法抵抗它的誘惑。幸運的是，意識到它恐怖的本質，這位學者總算恢復了理智。
QUEST_BEAR_2_5_QUESTINFODATA_ACTIONS_1_DEFAULTOUTCOME_OUTCOMETEXT,「這塊巨石能吞噬你的意志。」你告訴學者。他被你嚴肅的警告嚇到了，立即取消了這次探索。
QUEST_BEAR_2_5_QUESTINFODATA_ACTIONS_2_ACTIONTEXT,「這些符號很邪惡」
QUEST_BEAR_2_5_QUESTINFODATA_ACTIONS_2_DEFAULTOUTCOME_JOURNALTEXT,如果我們的英雄沒有離開，他們就得面對遺跡的恐怖魔法了。但感謝王牌間諜的情報，他們知道及時逃離。
QUEST_BEAR_2_5_QUESTINFODATA_ACTIONS_2_DEFAULTOUTCOME_OUTCOMETEXT,王牌間諜發現曾經有汙穢邪教徒在<quest_tile>聚集。意識到你所面臨的危險，你逃跑了。幸好還來得及。
QUEST_BEAR_2_5_QUESTINFODATA_ACTIONS_3_ACTIONTEXT,魔鴆之爪散發著熱量
QUEST_BEAR_2_5_QUESTINFODATA_ACTIONS_3_DEFAULTOUTCOME_JOURNALTEXT,魔鴆之爪上的汙穢魔法為我們的英雄揭示了符號的秘密。這的確是一件威力強大的寶藏！
QUEST_BEAR_2_5_QUESTINFODATA_ACTIONS_3_DEFAULTOUTCOME_OUTCOMETEXT,你下意識地發現你的爪子在不由自主地伸向貝恩之爪。當你的手指握住它時，許多標記變得清晰了。
QUEST_BEAR_2_5_QUESTINFODATA_ACTIONS_4_ACTIONTEXT,「我見過這些標記。」
QUEST_BEAR_2_5_QUESTINFODATA_ACTIONS_4_DEFAULTOUTCOME_JOURNALTEXT,<hero_name>的吟遊詩人曾經在旅途中見過這些奇怪的符號。有了學者的幫助，他成功解讀了這個符號。
QUEST_BEAR_2_5_QUESTINFODATA_ACTIONS_4_DEFAULTOUTCOME_OUTCOMETEXT,你的吟遊詩人記得曾經在一段古代文獻中見過這些符號，於是走上前去。他解讀了符號的大部分含義。發掘古代秘密。
QUEST_BEAR_2_5_QUESTINFODATA_ENCOUNTERTEXT,你在地下墓穴的深處發現了正在研究古代象形符號的學者。作為熊族的一員，他請求你加入。
QUEST_BEAR_2_5_QUESTINFODATA_JOURNALENCOUNTERTEXT,在<quest_tile>深處，<hero_name>發現了正在研讀古代謎題的學者。學者立即請求熊族伸出援手。
QUEST_BEAR_2_5_QUESTINFODATA_JOURNALRUMOURTEXT,對探險和寶藏的吸引下，我們的英雄決定協助一名學者在一座惡名昭彰地牢裡探索汙穢遺物。
QUEST_BEAR_2_5_QUESTINFODATA_RUMOURTEXT,學者需要有人協助他探索一座地牢；一座藏有<test_reward>汙穢遺物的地牢。
QUEST_BEAR_2_5_QUESTINFODATA_TITLE,以血寫就
QUEST_BEAR_2_6_QUESTINFODATA_ACTIONS_0_ACTIONTEXT,為熊族爭取一筆獎金。
QUEST_BEAR_2_6_QUESTINFODATA_ACTIONS_0_DEFAULTOUTCOME_JOURNALTEXT,我們的英雄，原本取得了一些進展，但不幸地選擇了得寸進尺，冒犯了兩家，很快就發現自己已被驅逐了。
QUEST_BEAR_2_6_QUESTINFODATA_ACTIONS_0_DEFAULTOUTCOME_OUTCOMETEXT,你試著為熊族爭取一些額外的金幣，但你的智力不足，你所做的一切都在讓你的東道主們變得不爽，最終談判無果而終。
QUEST_BEAR_2_6_QUESTINFODATA_ACTIONS_0_TESTSUCCESSOUTCOME_JOURNALTEXT,一個部族不能只有鐵血，也得有一些智慧。所以，<hero_name>贏得了兩家的歡心，為部族取得了贏得榮光的機遇。
QUEST_BEAR_2_6_QUESTINFODATA_ACTIONS_0_TESTSUCCESSOUTCOME_OUTCOMETEXT,依賴你的智慧，你讓兩家作出了同等的安排。作為報償，他們資助了與知名<test_reward>的引薦。
QUEST_BEAR_2_6_QUESTINFODATA_ACTIONS_1_ACTIONTEXT,夠了！把他們的所有物對半分。
QUEST_BEAR_2_6_QUESTINFODATA_ACTIONS_1_DEFAULTOUTCOME_JOURNALTEXT,厭煩了這些蠢貨的無謂爭吵，<hero_name>直接將兩家的所有物平分。據傳他們之間仍然糾紛不斷。
QUEST_BEAR_2_6_QUESTINFODATA_ACTIONS_1_DEFAULTOUTCOME_OUTCOMETEXT,厭倦了他們之間的無聊爭吵，你匆忙地將兩家的所有物平分了。你離開時，已經聽到他們又一次開始爭吵了。
QUEST_BEAR_2_6_QUESTINFODATA_ACTIONS_2_ACTIONTEXT,讓他們重新與懷爾德連結。
QUEST_BEAR_2_6_QUESTINFODATA_ACTIONS_2_DEFAULTOUTCOME_JOURNALTEXT,稍稍展示一下受到懷爾德庇佑的護符，就已經足以讓他們停下爭執。兩家意識到領土不能如此輕易地被「奪取」。
QUEST_BEAR_2_6_QUESTINFODATA_ACTIONS_2_DEFAULTOUTCOME_OUTCOMETEXT,你將懷爾德護符分別遞給了爭吵中的兩家。觸摸它，他們意識到自己的爭端有多麼瑣碎。
QUEST_BEAR_2_6_QUESTINFODATA_ACTIONS_3_ACTIONTEXT,「讓我看看他們有什麼問題。」
QUEST_BEAR_2_6_QUESTINFODATA_ACTIONS_3_DEFAULTOUTCOME_JOURNALTEXT,所以<hero_name>派出了財務官檢查帳目。足夠摧毀兩大家族的齷齪事很快浮現了出來，而這解決了紛爭。
QUEST_BEAR_2_6_QUESTINFODATA_ACTIONS_3_DEFAULTOUTCOME_OUTCOMETEXT,你的財務官告知了兩家他們分別存在的稅務違規狀況。突然間他們都覺得這點小事沒什麼好吵的。真是滑稽。
QUEST_BEAR_2_6_QUESTINFODATA_ACTIONS_4_ACTIONTEXT,「爭取他們。」
QUEST_BEAR_2_6_QUESTINFODATA_ACTIONS_4_DEFAULTOUTCOME_JOURNALTEXT,我們的英雄無法做到在不惹怒其中一方的情況下解決紛爭。因此，在此刻，他們使用了化妝面具來化解這個局面。
QUEST_BEAR_2_6_QUESTINFODATA_ACTIONS_4_DEFAULTOUTCOME_OUTCOMETEXT,化妝面具為佩戴者帶來了無與倫比的魅力。你用它說服了兩家坐下來講道理。爭論完全沒有必要。
QUEST_BEAR_2_6_QUESTINFODATA_ENCOUNTERTEXT,談判在一間簡單的木製大廳中舉辦。兩家為土地使用、家族權力、貿易路線之類的瑣事爭論不休。
QUEST_BEAR_2_6_QUESTINFODATA_JOURNALENCOUNTERTEXT,聽到了他們的情況後，<hero_name>對兩家之間那些雞毛蒜皮的事情並不感興趣。但他們仍然堅持前進。
QUEST_BEAR_2_6_QUESTINFODATA_JOURNALRUMOURTEXT,<hero_name>自認為有資格做道德批判，於是出發去<quest_tile>拜訪爭論中的那兩家。
QUEST_BEAR_2_6_QUESTINFODATA_RUMOURTEXT,兩個具有巨大政治影響力的家族彼此紛爭不休，於是請求熊族派遣一名成員來幫他們協調停戰。
QUEST_BEAR_2_6_QUESTINFODATA_TITLE,一切適度
QUEST_BEAR_2_7_QUESTINFODATA_ACTIONS_0_ACTIONTEXT,召喚懷爾德給予指引。
QUEST_BEAR_2_7_QUESTINFODATA_ACTIONS_0_DEFAULTOUTCOME_JOURNALTEXT,狼狽不堪、精疲力盡，還失去了懷爾德的眷顧。我們的英雄下了山，雖然失敗了但仍未崩潰。還有一個王座正虛席以待呢。
QUEST_BEAR_2_7_QUESTINFODATA_ACTIONS_0_DEFAULTOUTCOME_OUTCOMETEXT,不幸的是，你的呼喚沒有得到回答。當你失敗地逃離<quest_tile>時，你回過頭望向那恐怖的風暴，卻什麼都沒看見。
QUEST_BEAR_2_7_QUESTINFODATA_ACTIONS_0_TESTSUCCESSOUTCOME_JOURNALTEXT,在<quest_tile>之巔，<hero_name>爆發了一場激烈的心靈大戰，擊敗了一隻恐怖的魔鴆，獲得了一顆心靈石。
QUEST_BEAR_2_7_QUESTINFODATA_ACTIONS_0_TESTSUCCESSOUTCOME_OUTCOMETEXT,懷爾德聽到了你的呼喚，風暴很快就消散了，讓你能在山巔面對那隻邪惡的魔鴆並將其斬於您的劍下。
QUEST_BEAR_2_7_QUESTINFODATA_ACTIONS_1_ACTIONTEXT,繼續前進。完全依賴直覺。
QUEST_BEAR_2_7_QUESTINFODATA_ACTIONS_1_DEFAULTOUTCOME_JOURNALTEXT,在<quest_tile>那山頂兇惡、猛烈、鋪天蓋地的白色暴風雪之中，魔鴆與英雄展開了激烈的大戰。戰後，我們的英雄仍然屹立不搖。
QUEST_BEAR_2_7_QUESTINFODATA_ACTIONS_1_DEFAULTOUTCOME_OUTCOMETEXT,你設法贏得了戰鬥，但暴風雪變得更猛烈了。你驚險地逃過一劫。最後你戰勝了那隻魔鴆。
QUEST_BEAR_2_7_QUESTINFODATA_ACTIONS_2_ACTIONTEXT,「這邊！快點！」
QUEST_BEAR_2_7_QUESTINFODATA_ACTIONS_2_DEFAULTOUTCOME_JOURNALTEXT,忠誠的礦工引領著<hero_name>來到了山巔，在這裡他們與那頭怪物大戰，最終讓懷爾德的正義得以伸張。
QUEST_BEAR_2_7_QUESTINFODATA_ACTIONS_2_DEFAULTOUTCOME_OUTCOMETEXT,那頭巨大的犛牛領著你穿過了一條隱蔽的小道。登上山巔後，你擊敗了那頭黑暗怪物，將牠的邪惡存在完全地清除出了這座山。
QUEST_BEAR_2_7_QUESTINFODATA_ACTIONS_3_ACTIONTEXT,全副武裝，衝鋒！
QUEST_BEAR_2_7_QUESTINFODATA_ACTIONS_3_DEFAULTOUTCOME_JOURNALTEXT,高山對穿著飛天翅靴的英雄而言毫無威脅。<hero_name>攀上山頂，穿越了風暴，最終擊敗了邪惡的怪物。
QUEST_BEAR_2_7_QUESTINFODATA_ACTIONS_3_DEFAULTOUTCOME_OUTCOMETEXT,連暴風雪也無法撼動你那獅心胸甲的保護。你迎著風雪大步向前。當魔鴆向你襲擊時，牠的厲爪也完全無法對你造成任何威脅。
QUEST_BEAR_2_7_QUESTINFODATA_ACTIONS_4_ACTIONTEXT,「喂！那裡的景色！看吶！」
QUEST_BEAR_2_7_QUESTINFODATA_ACTIONS_4_DEFAULTOUTCOME_JOURNALTEXT,這聽起來可能很怪，但那個整天只知道遊山玩水的傻瓜卻讓我們的英雄找到了消滅魔鴆的方法。沒錯，遊山玩水。
QUEST_BEAR_2_7_QUESTINFODATA_ACTIONS_4_DEFAULTOUTCOME_OUTCOMETEXT,「聽啊！回聲聲聲聲聲聲聲聲聲~~」那個傻瓜大喊著，造成了一場雪崩。魔鴆因為逃避不及，身體被埋在了雪堆裡，你輕而易舉地解決了牠。
QUEST_BEAR_2_7_QUESTINFODATA_ENCOUNTERTEXT,你絕望地試圖刨出一條通往山峰的路，雖然摔落兩次但仍然再一次爬了上去。一場猛烈的風暴讓你根本看不見目標的位置。
QUEST_BEAR_2_7_QUESTINFODATA_JOURNALENCOUNTERTEXT,不僅僅是攀登上山頂的路途讓我們的英雄傷痕累累，還有一場暴風雪刮得英雄遍體鱗傷。但不管怎麼說，<hero_name>都是熊族的英雄！
QUEST_BEAR_2_7_QUESTINFODATA_JOURNALRUMOURTEXT,一隻魔鴆佔據了<quest_tile>的山頂的消息傳到了<hero_name>耳中，我們的英雄自願前去除掉這隻怪獸。
QUEST_BEAR_2_7_QUESTINFODATA_RUMOURTEXT,一頭從鄰近村落所召喚的魔鴆佔領了山巔，詛咒且君臨傲視著山嶙所曾有的一切美景。
QUEST_BEAR_2_7_QUESTINFODATA_TITLE,山巔的魔鴆
QUEST_BEAR_2_8_QUESTINFODATA_ACTIONS_0_ACTIONTEXT,召喚懷爾德。清理森林。
QUEST_BEAR_2_8_QUESTINFODATA_ACTIONS_0_DEFAULTOUTCOME_JOURNALTEXT,<hero_name>出聲呼喚懷爾德，但回應的卻是汙穢的呢喃。我們的英雄停止了呼喚，而青鳥的歌聲逐漸消失在黑暗之中。
QUEST_BEAR_2_8_QUESTINFODATA_ACTIONS_0_DEFAULTOUTCOME_OUTCOMETEXT,你出聲呼喚懷爾德，但一群汙穢的鴉群在旁嘲笑著你的無能。你趕在被牠們的憎恨吞噬你之前，趕緊逃離了森林。
QUEST_BEAR_2_8_QUESTINFODATA_ACTIONS_0_TESTSUCCESSOUTCOME_JOURNALTEXT,<hero_name>呼喚懷爾德，而祂對黑暗的憤怒也確然毫不留情，頃刻便至。一隻路過的<test_reward>被這力量壓得跪了下來。
QUEST_BEAR_2_8_QUESTINFODATA_ACTIONS_0_TESTSUCCESSOUTCOME_OUTCOMETEXT,你施展了一個咒語，隨即一股強大的脈衝輻射了整個森林。畏懼於你的力量，<test_reward>請求成為你的隨從。
QUEST_BEAR_2_8_QUESTINFODATA_ACTIONS_1_ACTIONTEXT,結束牠的痛苦。
QUEST_BEAR_2_8_QUESTINFODATA_ACTIONS_1_DEFAULTOUTCOME_JOURNALTEXT,英雄為鳥兒的悲慘遭遇而傷心，幫助鳥兒得到了最終的寧靜。隨著牠的去世，這裡縈繞的恐懼也很快消散了。
QUEST_BEAR_2_8_QUESTINFODATA_ACTIONS_1_DEFAULTOUTCOME_OUTCOMETEXT,你把垂死的鳥兒握在爪子裡，賜予了牠最後的寧靜，終結了牠悲慘的生命。森林中的恐懼伴隨著鳥兒的臨終一曲，消散在了風中。
QUEST_BEAR_2_8_QUESTINFODATA_ACTIONS_2_ACTIONTEXT,「退開！」
QUEST_BEAR_2_8_QUESTINFODATA_ACTIONS_2_DEFAULTOUTCOME_JOURNALTEXT,我們英雄的隨從將青鳥從恐懼的魔爪中拯救了出來。她展翅高飛、步入雲端，汙穢也隨著青鳥的歌聲一同煙消雲散。
QUEST_BEAR_2_8_QUESTINFODATA_ACTIONS_2_DEFAULTOUTCOME_OUTCOMETEXT,經過藥劑師的精心照料，鳥兒成功地從汙穢的可怕束縛中重獲自由。牠高興地鳴叫著，飛走了。「別擔心。她會活下來的。」他說。
QUEST_BEAR_2_8_QUESTINFODATA_ACTIONS_3_ACTIONTEXT,摧毀黑暗工具。
QUEST_BEAR_2_8_QUESTINFODATA_ACTIONS_3_DEFAULTOUTCOME_JOURNALTEXT,使用神秘的德魯伊加持的強大力量，<hero_name>摧毀了所有的黑暗符咒，清理了森林。
QUEST_BEAR_2_8_QUESTINFODATA_ACTIONS_3_DEFAULTOUTCOME_OUTCOMETEXT,沒有了這些黑暗工具的維持，儀式將不會起任何作用。你抽出了閃著微光的巨鐮，砸碎了每一個工具。
QUEST_BEAR_2_8_QUESTINFODATA_ACTIONS_4_ACTIONTEXT,拿走巫毒娃娃
QUEST_BEAR_2_8_QUESTINFODATA_ACTIONS_4_DEFAULTOUTCOME_JOURNALTEXT,這個黑暗儀式是一個聚積汙穢之力的法術。幸運的是，我們英雄的巫毒娃娃讓他們得以吸取這股魔力，為己所用。
QUEST_BEAR_2_8_QUESTINFODATA_ACTIONS_4_DEFAULTOUTCOME_OUTCOMETEXT,你將巫毒娃娃放在了鳥兒旁邊。黑暗魔法瞬間湧進了巫毒娃娃。鳥兒逃過了死亡的命運。魔力在你體內流淌著。
QUEST_BEAR_2_8_QUESTINFODATA_ENCOUNTERTEXT,你很快發現了汙穢的源頭：一隻小鳥，被釘在一根樹樁上，保持在生與死之間的虛無狀態。何其惡毒的巫術。
QUEST_BEAR_2_8_QUESTINFODATA_JOURNALENCOUNTERTEXT,在<quest_tile>深處，我們的英雄發現了一隻被困在生與死之間的青鳥，看來是殘忍的黑暗儀式所造成的。
QUEST_BEAR_2_8_QUESTINFODATA_JOURNALRUMOURTEXT,村民們提到有一大群的烏鴉在<quest_tile>聚集。<hero_name>知道這可能代表著一件事——汙穢，於是動身前往調查。
QUEST_BEAR_2_8_QUESTINFODATA_RUMOURTEXT,有傳言說一片森林的深處會傳出非常可怕的嚎叫。當地人說起有烏鴉在森林上空盤旋。
QUEST_BEAR_2_8_QUESTINFODATA_TITLE,汙穢與鴉群
QUEST_BEAR_2_9_QUESTINFODATA_ACTIONS_0_ACTIONTEXT,堅信懷爾德。
QUEST_BEAR_2_9_QUESTINFODATA_ACTIONS_0_DEFAULTOUTCOME_JOURNALTEXT,最終，我們的英雄沒能在這樣一個黑暗的地方與那惡意的存在成功建立聯繫。所以，<hero_name>逃跑了。
QUEST_BEAR_2_9_QUESTINFODATA_ACTIONS_0_DEFAULTOUTCOME_OUTCOMETEXT,不幸的是，你沒有足夠的能力在這樣黑暗的地方與懷爾德成功溝通。無計可施之下，你只能趕緊逃離了這裡。
QUEST_BEAR_2_9_QUESTINFODATA_ACTIONS_0_TESTSUCCESSOUTCOME_JOURNALTEXT,通過我們的英雄，懷爾德平復了這裡不安的靈魂，使<hero_name>得以取得了墓穴中收藏的<test_reward>。
QUEST_BEAR_2_9_QUESTINFODATA_ACTIONS_0_TESTSUCCESSOUTCOME_OUTCOMETEXT,通過你，懷爾德以治癒光環充滿了古老的墓穴和它受詛咒的骸骨。曾經縈繞在這片沼澤的惡意就此消散了。
QUEST_BEAR_2_9_QUESTINFODATA_ACTIONS_1_ACTIONTEXT,摧毀墓穴。
QUEST_BEAR_2_9_QUESTINFODATA_ACTIONS_1_DEFAULTOUTCOME_JOURNALTEXT,沒有任何犯錯的空間，<hero_name>退後，用一波威力巨大的魔法轟擊墓穴，徹底摧毀了它和它的主人。
QUEST_BEAR_2_9_QUESTINFODATA_ACTIONS_1_DEFAULTOUTCOME_OUTCOMETEXT,這座墳墓屬於一位古代狼族國王，他渴望掌控王位。我們的英雄很快摧毀了墳墓，也讓這裡的恐怖陰影逐漸消散了。
QUEST_BEAR_2_9_QUESTINFODATA_ACTIONS_2_ACTIONTEXT,快逃，現在！有什麼東西錯得很離譜。
QUEST_BEAR_2_9_QUESTINFODATA_ACTIONS_2_DEFAULTOUTCOME_JOURNALTEXT,沼澤深處，有什麼可怕的東西在召喚我們的英雄，極其渴望將英雄拖向那裡。飛天翅靴可能是英雄唯一的逃生希望。
QUEST_BEAR_2_9_QUESTINFODATA_ACTIONS_2_DEFAULTOUTCOME_OUTCOMETEXT,墓穴中的一些東西渴望你的靈魂 ── 但在你永遠迷失之前，飛天翅靴帶你飛出沼澤來到了安全地帶。
QUEST_BEAR_2_9_QUESTINFODATA_ACTIONS_3_ACTIONTEXT,治癒墓穴中的腐化
QUEST_BEAR_2_9_QUESTINFODATA_ACTIONS_3_DEFAULTOUTCOME_JOURNALTEXT,這個古代墓穴中的腐化被懷爾德烈焰權杖的純粹力量阻擋了。剎那間，黑暗的沼澤顯得格外靜謐。
QUEST_BEAR_2_9_QUESTINFODATA_ACTIONS_3_DEFAULTOUTCOME_OUTCOMETEXT,將懷爾德烈焰權杖放到祭壇上，隨即傳來了一陣清亮悅耳的響聲。一種平靜的感覺洋溢在空氣之中。你感到魔力在你體內奔湧。
QUEST_BEAR_2_9_QUESTINFODATA_ACTIONS_4_ACTIONTEXT,「協助我，學徒。」
QUEST_BEAR_2_9_QUESTINFODATA_ACTIONS_4_DEFAULTOUTCOME_JOURNALTEXT,在陰暗的沼澤中，熊族與學徒合力與汙穢戰鬥著。在他們無間的合作之下，當即將黑暗逐出了這片墓穴與大地。
QUEST_BEAR_2_9_QUESTINFODATA_ACTIONS_4_DEFAULTOUTCOME_OUTCOMETEXT,你們聯手淨化這個墓穴。黑暗負隅頑抗，但有你的學徒援手，懷爾德更勝一籌。
QUEST_BEAR_2_9_QUESTINFODATA_ENCOUNTERTEXT,在沼澤的中心，你發現了一座古代岩石墓穴半掩在泥濘中。其中散發出的強烈憤怒時刻考驗著你的靈魂。
QUEST_BEAR_2_9_QUESTINFODATA_JOURNALENCOUNTERTEXT,我們的英雄不需要太過深入<quest_tile>就能知道有什麼可怕的東西潛伏其中。而且墓穴看上去也非常可怕。
QUEST_BEAR_2_9_QUESTINFODATA_JOURNALRUMOURTEXT,愛門羅的大地不斷感染惡化，汙穢不斷四處傳播。想到淨化這片沼澤的最佳人選，誰比熊族還要更合適的呢？
QUEST_BEAR_2_9_QUESTINFODATA_RUMOURTEXT,懷爾德的力量正逐漸消亡，一切的元凶都指向被汙穢所汙染的沼澤。看來我們需要淨化這些沼澤！
QUEST_BEAR_2_9_QUESTINFODATA_TITLE,墓穴
QUEST_BEAR_3_10_QUESTINFODATA_ACTIONS_0_ACTIONTEXT,繼續前進！
QUEST_BEAR_3_10_QUESTINFODATA_ACTIONS_0_DEFAULTOUTCOME_JOURNALTEXT,不幸的是，這還不足以夠到那個傳說中的心靈石。我們勇敢的英雄不得不在被這片平原吞噬之前撤離。
QUEST_BEAR_3_10_QUESTINFODATA_ACTIONS_0_DEFAULTOUTCOME_OUTCOMETEXT,你試著戰勝荒蕪平原的嚴苛環境，但更感到死亡正在飛速降臨。你不得不在失去一切之前倉皇逃離。
QUEST_BEAR_3_10_QUESTINFODATA_ACTIONS_0_TESTSUCCESSOUTCOME_JOURNALTEXT,英雄能有所準備真是太好了，因為這次旅程最終被證明遠比之前的任何旅程都要難。但最終，英雄還是取得了心靈石！
QUEST_BEAR_3_10_QUESTINFODATA_ACTIONS_0_TESTSUCCESSOUTCOME_OUTCOMETEXT,你逼迫自己突破極限，忍受高溫、脫水，垂死掙扎著。但你找到了心靈石 ── 你贏了！
QUEST_BEAR_3_10_QUESTINFODATA_ACTIONS_1_ACTIONTEXT,不，不可能的。忘了心靈石吧。
QUEST_BEAR_3_10_QUESTINFODATA_ACTIONS_1_DEFAULTOUTCOME_JOURNALTEXT,儘管心靈石是如此珍貴，但<hero_name>並不是個傻瓜。英雄評估了這個任務所要付出的代價，明智地撤回了安全地帶。
QUEST_BEAR_3_10_QUESTINFODATA_ACTIONS_1_DEFAULTOUTCOME_OUTCOMETEXT,你知道橫穿荒蕪平原的旅途可能會輕易要了你的性命，因此決定減少損失，撤離到安全地帶。
QUEST_BEAR_3_10_QUESTINFODATA_ACTIONS_2_ACTIONTEXT,「喝吧。你會沒事的。」
QUEST_BEAR_3_10_QUESTINFODATA_ACTIONS_2_DEFAULTOUTCOME_JOURNALTEXT,如果我們的英雄身邊沒有藥劑師相伴，那這片荒蕪平原或許會變得十分致命。但這次旅途實際上很簡單，最終找到了一張咒術卡牌。
QUEST_BEAR_3_10_QUESTINFODATA_ACTIONS_2_DEFAULTOUTCOME_OUTCOMETEXT,沙漠確實很荒蕪，但你的藥劑師保證你全程安全前進。你沒能找到心靈石，但發現一具乾枯的骷髏手中拿著一張咒術卡牌。
QUEST_BEAR_3_10_QUESTINFODATA_ACTIONS_3_ACTIONTEXT,「這？很熱？哈。」
QUEST_BEAR_3_10_QUESTINFODATA_ACTIONS_3_DEFAULTOUTCOME_JOURNALTEXT,這片平原能烤熟這個沒防護的人的血肉，但對鐵匠而言，這只是有點暖和而已。我們的英雄被迫著進去了。超級痛苦。
QUEST_BEAR_3_10_QUESTINFODATA_ACTIONS_3_DEFAULTOUTCOME_OUTCOMETEXT,鐵匠拖著你就往裡走，完全無視了你的抱怨。心靈石與你無緣，但你發現一具乾枯的骷髏手中拿著一張咒術卡牌。
QUEST_BEAR_3_10_QUESTINFODATA_ACTIONS_4_ACTIONTEXT,讓侍從背著你的裝備
QUEST_BEAR_3_10_QUESTINFODATA_ACTIONS_4_DEFAULTOUTCOME_JOURNALTEXT,穿越荒蕪平原的旅程簡直是一場折磨，直到<hero_name>意識到其實可以讓侍從來背自己的裝備。
QUEST_BEAR_3_10_QUESTINFODATA_ACTIONS_4_DEFAULTOUTCOME_OUTCOMETEXT,有了你的侍從背著所有工具與裝備，這次旅程變得非常輕鬆。儘管你沒能找到心靈石，但走過這一遭之後你感到整個人煥然一新。
QUEST_BEAR_3_10_QUESTINFODATA_ENCOUNTERTEXT,你的旅程開端很順利，但炙熱的高溫與荒蕪的草地很快就開始發威了。這塊石頭值得如此冒險嗎？
QUEST_BEAR_3_10_QUESTINFODATA_JOURNALENCOUNTERTEXT,但我們的英雄感到自己已經完全準備好探索一片如同荒漠般的平原了，準備集結所有力量共渡難關。
QUEST_BEAR_3_10_QUESTINFODATA_JOURNALRUMOURTEXT,這片荒蕪的平原中央隱藏著一個秘密：一塊心靈石。拱衛著它的是整個愛門羅最難通過的一些地形。
QUEST_BEAR_3_10_QUESTINFODATA_RUMOURTEXT,不要讓地上的雜草騙了你 ── 這片土地非常乾燥。如沙漠一般。但如果你想要得到藏在這裡的心靈石，你就需要準備好。
QUEST_BEAR_3_10_QUESTINFODATA_TITLE,心靈荒漠
QUEST_BEAR_3_11_QUESTINFODATA_ACTIONS_0_ACTIONTEXT,舉起大篷車救出商人。
QUEST_BEAR_3_11_QUESTINFODATA_ACTIONS_0_DEFAULTOUTCOME_JOURNALTEXT,我們的英雄拼盡全力想舉起大篷車，但每次嘗試都只是讓它在泥沼裡陷得越來越深。商人完了。
QUEST_BEAR_3_11_QUESTINFODATA_ACTIONS_0_DEFAULTOUTCOME_OUTCOMETEXT,你用爪子緊緊抓住大篷車的木框架，但你的力量並不足以解救商人。他很快就在痛苦中嚥了氣。
QUEST_BEAR_3_11_QUESTINFODATA_ACTIONS_0_TESTSUCCESSOUTCOME_JOURNALTEXT,我們的英雄沒有浪費任何時間，立即上前舉起了大篷車把它放平，解救了商人，並獲得了一張隨從卡牌作為報答！
QUEST_BEAR_3_11_QUESTINFODATA_ACTIONS_0_TESTSUCCESSOUTCOME_OUTCOMETEXT,你用爪子緊緊抓住大篷車的木框架，把大篷車舉起來放平了。感激涕零的商人贈送了你一張隨從卡牌作為感謝。
QUEST_BEAR_3_11_QUESTINFODATA_ACTIONS_1_ACTIONTEXT,砸碎大篷車。解救商人。
QUEST_BEAR_3_11_QUESTINFODATA_ACTIONS_1_DEFAULTOUTCOME_JOURNALTEXT,我們的英雄很快開始拆解大篷車，讓它更容易被舉起來。商人得救了，但他的貨物都沒了！
QUEST_BEAR_3_11_QUESTINFODATA_ACTIONS_1_DEFAULTOUTCOME_OUTCOMETEXT,你一片片拆開了大篷車，最終救出了商人，但他的生計都完蛋了。他看上去不怎麼高興。
QUEST_BEAR_3_11_QUESTINFODATA_ACTIONS_2_ACTIONTEXT,「讓我們把他弄出來……然後要點折扣。」
QUEST_BEAR_3_11_QUESTINFODATA_ACTIONS_2_DEFAULTOUTCOME_JOURNALTEXT,在忠誠的商人隨從幫助下，我們的英雄很快就救出了商人。不僅如此，商人隨從還跟那個商人談判，要到了一張卡牌作為酬謝！
QUEST_BEAR_3_11_QUESTINFODATA_ACTIONS_2_DEFAULTOUTCOME_OUTCOMETEXT,你忠誠的隨從商人幫助你解救了這個商人，而且這兩個商人立刻就開始了談判！你得到了一張珍貴的卡牌作為感謝！
QUEST_BEAR_3_11_QUESTINFODATA_ACTIONS_3_ACTIONTEXT,利用飛天翅靴
QUEST_BEAR_3_11_QUESTINFODATA_ACTIONS_3_DEFAULTOUTCOME_JOURNALTEXT,如果沒有飛天翅靴的力量，這個商人大概就要完蛋了。有了這雙靴子，英雄把他從十死無生的困局中解救了出來。
QUEST_BEAR_3_11_QUESTINFODATA_ACTIONS_3_DEFAULTOUTCOME_OUTCOMETEXT,飛天翅靴賦予你的速度與力量讓你成功把商人拉了出來。他把一些貨物送給你作為酬謝。
QUEST_BEAR_3_11_QUESTINFODATA_ENCOUNTERTEXT,你追蹤著商人的車轍印找到了他 ── 他把自己搞得翻進沼澤裡去了。他的腿斷了，被卡在了框架下面。
QUEST_BEAR_3_11_QUESTINFODATA_JOURNALENCOUNTERTEXT,那裡，在泥沼裡，大篷車橫躺著，翻倒在地還壓碎了可憐的商人的腿。<hero_name>需要解救他，而且要趕快。
QUEST_BEAR_3_11_QUESTINFODATA_JOURNALRUMOURTEXT,一個當地商人失蹤了，他的車轍印一路通向附近的一個沼澤深處。我們的英雄出發去找出這個商人遭遇了什麼樣的命運。
QUEST_BEAR_3_11_QUESTINFODATA_RUMOURTEXT,商人在一片沼澤裡失蹤了，我們都擔心他會不會遭遇了不幸。看你能否找出他遭遇了什麼吧。
QUEST_BEAR_3_11_QUESTINFODATA_TITLE,失蹤的商人
QUEST_BEAR_3_12_QUESTINFODATA_ACTIONS_0_ACTIONTEXT,砸碎石板。
QUEST_BEAR_3_12_QUESTINFODATA_ACTIONS_0_DEFAULTOUTCOME_JOURNALTEXT,<hero_name>試著砸碎石板，但最終，寶藏仍然被永遠封在了石板之中。我們的英雄只能黯然帶著失敗離去了。
QUEST_BEAR_3_12_QUESTINFODATA_ACTIONS_0_DEFAULTOUTCOME_OUTCOMETEXT,你高高舉起手中的武器，以最大的力量砸了下去……什麼都沒發生。雖然你盡全力嘗試了，但這個寶藏最終還是哪裡都去不了了！
QUEST_BEAR_3_12_QUESTINFODATA_ACTIONS_0_TESTSUCCESSOUTCOME_JOURNALTEXT,幸運的是，<hero_name>被選中執行這個任務並不是沒有理由的！石板被砸成了碎片，寶藏也被取了出來！
QUEST_BEAR_3_12_QUESTINFODATA_ACTIONS_0_TESTSUCCESSOUTCOME_OUTCOMETEXT,你高高舉起手中的武器，重重砸了下去 ── 石板四分五裂，顯露出了裡面的一件價值連城的聖物！
QUEST_BEAR_3_12_QUESTINFODATA_ACTIONS_1_ACTIONTEXT,將寶藏移動到安全的地方。
QUEST_BEAR_3_12_QUESTINFODATA_ACTIONS_1_DEFAULTOUTCOME_JOURNALTEXT,我們的英雄意識到寶藏難以取得，至少現在不行。所以<hero_name>把它藏了起來，讓後代來發現它。
QUEST_BEAR_3_12_QUESTINFODATA_ACTIONS_1_DEFAULTOUTCOME_OUTCOMETEXT,知道自己可能沒法取出聖物，你只能將它藏了起來。部族的後代勇士們可能用得著它吧。
QUEST_BEAR_3_12_QUESTINFODATA_ACTIONS_2_ACTIONTEXT,「封在石頭裡了？讓我來吧。」
QUEST_BEAR_3_12_QUESTINFODATA_ACTIONS_2_DEFAULTOUTCOME_JOURNALTEXT,<hero_name>的礦工砸碎了石板，但裡面的聖物也一起被砸壞了。我們的英雄還是帶著一張有用的咒術卡牌離開了！
QUEST_BEAR_3_12_QUESTINFODATA_ACTIONS_2_DEFAULTOUTCOME_OUTCOMETEXT,礦工用鎬子猛擊石板，但似乎也傷害到聖物，讓它無法再被使用了。你還是帶著一張隱藏起來的珍貴咒術卡牌離開了。
QUEST_BEAR_3_12_QUESTINFODATA_ACTIONS_3_ACTIONTEXT,使用汙穢腐蝕石板
QUEST_BEAR_3_12_QUESTINFODATA_ACTIONS_3_DEFAULTOUTCOME_JOURNALTEXT,我們的英雄試著用汙穢來腐蝕石板，聖物也一同被破壞了。但我們的英雄找到了一張隱藏起來的咒術卡牌。
QUEST_BEAR_3_12_QUESTINFODATA_ACTIONS_3_DEFAULTOUTCOME_OUTCOMETEXT,用烏鴉之喙匕首刺向石板，讓汙穢腐蝕石板，聖物也一同被破壞了。但我們的英雄找到了一張隱藏起來的咒術卡牌。
QUEST_BEAR_3_12_QUESTINFODATA_ACTIONS_4_ACTIONTEXT,「讓我來吧。」
QUEST_BEAR_3_12_QUESTINFODATA_ACTIONS_4_DEFAULTOUTCOME_JOURNALTEXT,<hero_name>的煉金術師砸碎了石頭，但裡面的聖物也一起被砸壞了。我們的英雄還是帶著一張有用的咒術卡牌離開了！
QUEST_BEAR_3_12_QUESTINFODATA_ACTIONS_4_DEFAULTOUTCOME_OUTCOMETEXT,煉金術師的炸彈炸碎了石塊，但似乎也炸壞了聖物，讓它再也無法被使用了。你還是帶著一張隱藏起來的珍貴咒術卡牌離開了。
QUEST_BEAR_3_12_QUESTINFODATA_ENCOUNTERTEXT,你進入了村莊深處的古代神殿，發現了一件封存於石板中的寶藏。這……會很麻煩。
QUEST_BEAR_3_12_QUESTINFODATA_JOURNALENCOUNTERTEXT,但這件寶物被封藏在一塊古代石板中，以防止它被沒有資格染指的人取走。
QUEST_BEAR_3_12_QUESTINFODATA_JOURNALRUMOURTEXT,附近的一座村莊中發現了一個古老的熊族藏寶地。我們的英雄受部族長老命令前去取得它。
QUEST_BEAR_3_12_QUESTINFODATA_RUMOURTEXT,一些當地人找到了一個古代熊族的藏寶地，長老們命令你，部族的英雄，前去取得它。
QUEST_BEAR_3_12_QUESTINFODATA_TITLE,懷爾德藏寶處
QUEST_BEAR_3_1_QUESTINFODATA_ACTIONS_0_ACTIONTEXT,運用你的智力……你能信任她麼？
QUEST_BEAR_3_1_QUESTINFODATA_ACTIONS_0_DEFAULTOUTCOME_JOURNALTEXT,我們的英雄仍然進入了小屋，但隨後那隻狡猾的狐狸竟然試圖對英雄施展法術！<hero_name>被咒語削弱，狼狽地逃走了。
QUEST_BEAR_3_1_QUESTINFODATA_ACTIONS_0_DEFAULTOUTCOME_OUTCOMETEXT,你同意去瞭解自身的宿命，可那狐狸竟然直接迎頭撒了你一臉刺痛藥粉。狡詐的女巫！你逃走了，但受到了嚴重的削弱。
QUEST_BEAR_3_1_QUESTINFODATA_ACTIONS_0_TESTSUCCESSOUTCOME_JOURNALTEXT,我們的英雄很快意識到這不是什麼算命的，而是一個女巫！<hero_name>砍倒了她，並且從她的隨身物品中找到了一塊心靈石。
QUEST_BEAR_3_1_QUESTINFODATA_ACTIONS_0_TESTSUCCESSOUTCOME_OUTCOMETEXT,等等……森林中有一間小屋？骷髏？這不是什麼預言者！她是一個女巫！趕在她對你施法之前，你很快砍倒了她。
QUEST_BEAR_3_1_QUESTINFODATA_ACTIONS_1_ACTIONTEXT,離開這個狐狸預言者。
QUEST_BEAR_3_1_QUESTINFODATA_ACTIONS_1_DEFAULTOUTCOME_JOURNALTEXT,我們的英雄很清楚，絕對不能貿然走進森林中的古怪小屋！<hero_name>離開了森林，慶幸自己的明智！
QUEST_BEAR_3_1_QUESTINFODATA_ACTIONS_1_DEFAULTOUTCOME_OUTCOMETEXT,稍稍思考了一下，我們的英雄覺得這趟旅程不是什麼好主意。你很快撤退了，並為自己的決定感到慶幸。
QUEST_BEAR_3_1_QUESTINFODATA_ACTIONS_2_ACTIONTEXT,占卜這個老巫婆的真實意圖……
QUEST_BEAR_3_1_QUESTINFODATA_ACTIONS_2_DEFAULTOUTCOME_JOURNALTEXT,英雄舉起了懷爾德護符。老狐狸發出嘶吼聲，然後在<hero_name>面前直接炸成了一團火焰！
QUEST_BEAR_3_1_QUESTINFODATA_ACTIONS_2_DEFAULTOUTCOME_OUTCOMETEXT,你感到懷爾德護符有些發熱。當你舉起它時，那隻老狐狸發出嘶吼聲，然後炸成了一團火焰。你覺得這是件好事。
QUEST_BEAR_3_1_QUESTINFODATA_ACTIONS_3_ACTIONTEXT,「她在施展魔法！快跑！」
QUEST_BEAR_3_1_QUESTINFODATA_ACTIONS_3_DEFAULTOUTCOME_JOURNALTEXT,正當我們的英雄準備向前時，學徒高聲發出了警告。正好趕上。巫婆的攻擊沒有打中。<hero_name>得救了。
QUEST_BEAR_3_1_QUESTINFODATA_ACTIONS_3_DEFAULTOUTCOME_OUTCOMETEXT,巫婆對著發出警告的學徒嘶吼。她的手掌中發出了閃光。發動了攻擊！但你的學徒一把把你撲到了一邊。你們一同逃離了。
QUEST_BEAR_3_1_QUESTINFODATA_ACTIONS_4_ACTIONTEXT,使用魔鴆之爪
QUEST_BEAR_3_1_QUESTINFODATA_ACTIONS_4_DEFAULTOUTCOME_JOURNALTEXT,在我們的英雄正要走向巫婆的時候，此時卻想起了魔鴆之爪。它顯現出了巫婆的邪惡本性，她拔腿逃跑了。
QUEST_BEAR_3_1_QUESTINFODATA_ACTIONS_4_DEFAULTOUTCOME_OUTCOMETEXT,安全第一。你舉起了魔鴆之爪，發出了漆黑的光芒。巫婆被汙穢腐蝕了。她發出了淒厲的慘叫，然後逃走了。這下你安全了。
QUEST_BEAR_3_1_QUESTINFODATA_ENCOUNTERTEXT,一頭老狐狸居住在森林深處。她要求你相信她 ── 但她壁爐架上的那個熊頭骨讓你覺得這可能不是什麼好主意。
QUEST_BEAR_3_1_QUESTINFODATA_JOURNALENCOUNTERTEXT,預言者的小屋位於森林深處，天空中縈繞著一種悲慘的氣息。看上去這隻狐狸不值得信任……
QUEST_BEAR_3_1_QUESTINFODATA_JOURNALRUMOURTEXT,<hero_name>被一個居住在森林中的老巫婆召喚 ── 那是一個預言者！或許她的魔法能解釋英雄的未來之路？
QUEST_BEAR_3_1_QUESTINFODATA_RUMOURTEXT,森林中的一個老巫婆在找你。看上去她認為她能預知你的未來！或許值得一看。
QUEST_BEAR_3_1_QUESTINFODATA_TITLE,預言者
QUEST_BEAR_3_2_QUESTINFODATA_ACTIONS_0_ACTIONTEXT,談判以使你的朋友獲釋。
QUEST_BEAR_3_2_QUESTINFODATA_ACTIONS_0_DEFAULTOUTCOME_JOURNALTEXT,<hero_name>想方設法要釋放這位忠誠的特務，但最終全是徒然。英雄沒能贏得拍賣，再也沒人見到過<hero_name>的朋友。
QUEST_BEAR_3_2_QUESTINFODATA_ACTIONS_0_DEFAULTOUTCOME_OUTCOMETEXT,拍賣者無視了你的懇求，拍賣終究還是開始了。你沒能贏得拍賣，你的朋友被他們拖走了。
QUEST_BEAR_3_2_QUESTINFODATA_ACTIONS_0_TESTSUCCESSOUTCOME_JOURNALTEXT,快速思考了一會兒，<hero_name>走向拍賣者。進行了一些威脅後，我們英雄的好朋友被釋放了！
QUEST_BEAR_3_2_QUESTINFODATA_ACTIONS_0_TESTSUCCESSOUTCOME_OUTCOMETEXT,你走向拍賣者，向其解釋了你的朋友在熊族中的重要性。他很快被釋放了 ── 經過一點點威脅之後。
QUEST_BEAR_3_2_QUESTINFODATA_ACTIONS_1_ACTIONTEXT,引發一場騷亂，幫助你的朋友逃跑。
QUEST_BEAR_3_2_QUESTINFODATA_ACTIONS_1_DEFAULTOUTCOME_JOURNALTEXT,我們的英雄可不會照著這些罪犯的規則辦事！相反，<hero_name>煽動了一場暴力騷亂，永遠阻止了這場拍賣！
QUEST_BEAR_3_2_QUESTINFODATA_ACTIONS_1_DEFAULTOUTCOME_OUTCOMETEXT,你在這個小鎮的廣場上灑下了不滿的種子，引發了一場暴力騷亂 ── 你的朋友藉機逃脫，但對你的行動深感厭惡。
QUEST_BEAR_3_2_QUESTINFODATA_ACTIONS_2_ACTIONTEXT,舉起皇室旗幟
QUEST_BEAR_3_2_QUESTINFODATA_ACTIONS_2_DEFAULTOUTCOME_JOURNALTEXT,<hero_name>絕不會讓一場奴隸交易逍遙法外。英雄舉起了皇室旗幟。國王的權威確保了忠民被安然釋放。
QUEST_BEAR_3_2_QUESTINFODATA_ACTIONS_2_DEFAULTOUTCOME_OUTCOMETEXT,在愛門羅，奴隸貿易是被嚴厲禁止的。舉起了皇室旗幟，你發出了一聲震撼整個市場的怒吼。忠民很快被釋放了。
QUEST_BEAR_3_2_QUESTINFODATA_ACTIONS_3_ACTIONTEXT,揮舞皇室赦令
QUEST_BEAR_3_2_QUESTINFODATA_ACTIONS_3_DEFAULTOUTCOME_JOURNALTEXT,我們的英雄取出了皇室赦令，並將之高高舉起。面對瘋王的旨意，奴隸販子不得不釋放了忠民。
QUEST_BEAR_3_2_QUESTINFODATA_ACTIONS_3_DEFAULTOUTCOME_OUTCOMETEXT,你走向奴隸市場，並高舉著皇室赦令。奴隸販子不情願地釋放了他的囚犯。忠民自由了。
QUEST_BEAR_3_2_QUESTINFODATA_ACTIONS_4_ACTIONTEXT,「我認識這個奴隸販子。」
QUEST_BEAR_3_2_QUESTINFODATA_ACTIONS_4_DEFAULTOUTCOME_JOURNALTEXT,我們的英雄轉向財務官，他看上去認識這個拍賣者。不過一會兒，<hero_name>的朋友就被釋放了！
QUEST_BEAR_3_2_QUESTINFODATA_ACTIONS_4_DEFAULTOUTCOME_OUTCOMETEXT,你將此事交給了財務官，他很快設法釋放了你的朋友。如釋重負的他贈送給你一份珍貴的獎品作為答謝。
QUEST_BEAR_3_2_QUESTINFODATA_ENCOUNTERTEXT,你到來時，這座村莊非常熱鬧。儘管你很快瞭解到這是因為你的一位朋友即將在奴隸市場中被拍賣。
QUEST_BEAR_3_2_QUESTINFODATA_JOURNALENCOUNTERTEXT,我們的英雄衝向現場，發現城鎮廣場滿是熙熙攘攘的各種活動。那裡，在市場裡，是<hero_name>朋友！
QUEST_BEAR_3_2_QUESTINFODATA_JOURNALRUMOURTEXT,<hero_name>聽說了一個非常悲傷的傳言：一位忠誠的熊族好友將在一個奴隸市場被拍賣！
QUEST_BEAR_3_2_QUESTINFODATA_RUMOURTEXT,我們的一位同胞在附近的一個村莊被抓為了奴隸。如果你趕緊的話還來得及救到他們！
QUEST_BEAR_3_2_QUESTINFODATA_TITLE,奴隸市場
QUEST_BEAR_3_3_QUESTINFODATA_ACTIONS_0_ACTIONTEXT,用你的智慧找到有用的寶藏。
QUEST_BEAR_3_3_QUESTINFODATA_ACTIONS_0_DEFAULTOUTCOME_JOURNALTEXT,<hero_name>試圖追蹤熊部族的行動，但不幸的是，最終追蹤了一條飢餓的蛇回到牠的巢穴！
QUEST_BEAR_3_3_QUESTINFODATA_ACTIONS_0_DEFAULTOUTCOME_OUTCOMETEXT,你試圖追蹤古戰場的蹤跡 ── 但你的智慧只將你帶進了一條飢餓的蛇的巢穴！
QUEST_BEAR_3_3_QUESTINFODATA_ACTIONS_0_TESTSUCCESSOUTCOME_JOURNALTEXT,而後，<hero_name>依靠著他們的智慧追蹤到了一個死去很久的部族之母，找到了她失落已久的寶藏。
QUEST_BEAR_3_3_QUESTINFODATA_ACTIONS_0_TESTSUCCESSOUTCOME_OUTCOMETEXT,你依靠著自己的智慧，追蹤著古老的線索，在一條古舊的小路上找到了一位古老部族之母的安息之地 ── 以及一個能幫上你的寶藏！
QUEST_BEAR_3_3_QUESTINFODATA_ACTIONS_1_ACTIONTEXT,找到高地，並觀望四周。
QUEST_BEAR_3_3_QUESTINFODATA_ACTIONS_1_DEFAULTOUTCOME_JOURNALTEXT,<hero_name>試圖找到高地來搜索地標或者線索。不幸的是，草把一切都遮住了，我們的英雄空著爪子離開了。
QUEST_BEAR_3_3_QUESTINFODATA_ACTIONS_1_DEFAULTOUTCOME_OUTCOMETEXT,你沒有參與寶藏狩獵，而是去了高地。不幸的是，高高的草遮住了你的視線 ── 你空著爪子離開了。
QUEST_BEAR_3_3_QUESTINFODATA_ACTIONS_2_ACTIONTEXT,「或許我能幫上忙。」
QUEST_BEAR_3_3_QUESTINFODATA_ACTIONS_2_DEFAULTOUTCOME_JOURNALTEXT,<hero_name>去找了忠誠的探險者，他很快就找出了古老的財寶，裡面有幾張沒用過的咒術卡牌。
QUEST_BEAR_3_3_QUESTINFODATA_ACTIONS_2_DEFAULTOUTCOME_OUTCOMETEXT,你忠誠的探險者很快就找到了線索，不久他就挖出了一個寶藏，裡面裝著一張有用的咒術卡牌！
QUEST_BEAR_3_3_QUESTINFODATA_ACTIONS_3_ACTIONTEXT,用懷爾德烈焰權杖引導你
QUEST_BEAR_3_3_QUESTINFODATA_ACTIONS_3_DEFAULTOUTCOME_JOURNALTEXT,戰場裡藏著許多神秘之物。多到即使到了今天，<quest_tile>依舊被人們搜索著。我們的英雄在那天找到了其中的一個。
QUEST_BEAR_3_3_QUESTINFODATA_ACTIONS_3_DEFAULTOUTCOME_OUTCOMETEXT,當你舉起懷爾德烈焰權杖的時候，草隨之搖擺。你向前看去，風將你的注意力引向了一批古老的咒術卡牌。
QUEST_BEAR_3_3_QUESTINFODATA_ENCOUNTERTEXT,這個古老的戰場上曾發生過一場熊和狼族之間的戰鬥。現在，平原上高高的草掩蓋住了一切。
QUEST_BEAR_3_3_QUESTINFODATA_JOURNALENCOUNTERTEXT,在得知熊部族的寶藏可能會對他們的任務有所幫助之後，<hero_name>來到了平原，搜尋著有用的東西。
QUEST_BEAR_3_3_QUESTINFODATA_JOURNALRUMOURTEXT,在遠古時期，熊和狼族在平原上開戰。現在，戰爭的殘留物被挖到了地面上。
QUEST_BEAR_3_3_QUESTINFODATA_RUMOURTEXT,幾個旅行者提到，雨水沖刷出了附近古戰場的一些骨骸和寶藏。或許值得一看。
QUEST_BEAR_3_3_QUESTINFODATA_TITLE,後果
QUEST_BEAR_3_4_QUESTINFODATA_ACTIONS_0_ACTIONTEXT,先解決守衛，然後是術士。
QUEST_BEAR_3_4_QUESTINFODATA_ACTIONS_0_DEFAULTOUTCOME_JOURNALTEXT,我們的英雄試圖擊敗守衛，但他們太過強大了。<hero_name> 被擊敗了，失敗地被丟出了村莊。
QUEST_BEAR_3_4_QUESTINFODATA_ACTIONS_0_DEFAULTOUTCOME_OUTCOMETEXT,你舉起武器與守衛對抗，但他們的力量很快就壓過了你。議員嘲笑著你的無力，把你丟了出去。
QUEST_BEAR_3_4_QUESTINFODATA_ACTIONS_0_TESTSUCCESSOUTCOME_JOURNALTEXT,但僅憑這些可無法阻止我們的英雄！<hero_name>擊敗了守衛和術士，將這個村莊從汙穢中拯救出來！
QUEST_BEAR_3_4_QUESTINFODATA_ACTIONS_0_TESTSUCCESSOUTCOME_OUTCOMETEXT,在幾個來回之後，守衛們被殺死了。議員想要施放黑暗魔法終結你的生命，但你擊敗了他。
QUEST_BEAR_3_4_QUESTINFODATA_ACTIONS_1_ACTIONTEXT,等待一個合適的時機。
QUEST_BEAR_3_4_QUESTINFODATA_ACTIONS_1_DEFAULTOUTCOME_JOURNALTEXT,我們的英雄等待士兵們放鬆警惕，然後擊敗了他們 ── 不過悲傷的是，術士已經逃走了。
QUEST_BEAR_3_4_QUESTINFODATA_ACTIONS_1_DEFAULTOUTCOME_OUTCOMETEXT,你等待議員離開，然後面對了守衛們。你擊敗了他們，但術士已經逃離了村莊。
QUEST_BEAR_3_4_QUESTINFODATA_ACTIONS_2_ACTIONTEXT,魔鴆之刃的呼喚
QUEST_BEAR_3_4_QUESTINFODATA_ACTIONS_2_DEFAULTOUTCOME_JOURNALTEXT,魔鴆之刃會帶給它的持有者強大的力量。我們的英雄無法抵抗對守衛們試刀的誘惑。這是一場十分短暫的戰鬥。
QUEST_BEAR_3_4_QUESTINFODATA_ACTIONS_2_DEFAULTOUTCOME_OUTCOMETEXT,正當守衛們放鬆戒心的時候，你對他們發起了由汙穢和鋼鐵所組成的激烈攻勢。議員逃跑了，但也害怕得不敢回來了。
QUEST_BEAR_3_4_QUESTINFODATA_ACTIONS_3_ACTIONTEXT,「他的魔法沒法與我的相提並論！」
QUEST_BEAR_3_4_QUESTINFODATA_ACTIONS_3_DEFAULTOUTCOME_JOURNALTEXT,<hero_name>的術士與另一個進行了魔法對決。在困惑的守衛們的注視下，我們英雄的夥伴獲勝了。僅此而已。
QUEST_BEAR_3_4_QUESTINFODATA_ACTIONS_3_DEFAULTOUTCOME_OUTCOMETEXT,你的術士翻了翻白眼。守衛們直到最後一刻才發現事情變得不對勁。他們的主人倒下了，被黑暗的汙穢魔法擊敗了。
QUEST_BEAR_3_4_QUESTINFODATA_ACTIONS_4_ACTIONTEXT,「現在過來。很容易擺脫他們。」
QUEST_BEAR_3_4_QUESTINFODATA_ACTIONS_4_DEFAULTOUTCOME_JOURNALTEXT,多虧了王牌間諜的幫助，<hero_name>擺脫了守衛，並擊敗了術士。這場戰鬥很短暫，但勝利的果實很甜美。
QUEST_BEAR_3_4_QUESTINFODATA_ACTIONS_4_DEFAULTOUTCOME_OUTCOMETEXT,你的間諜大師帶你穿過扭曲的小巷，來到擁擠的街上。你甩開了守衛，前往了術士之塔。
QUEST_BEAR_3_4_QUESTINFODATA_ENCOUNTERTEXT,議員以一小隊士兵迎接了你。看上去他們是要護送你四處走動，確保你不會惹麻煩。
QUEST_BEAR_3_4_QUESTINFODATA_JOURNALENCOUNTERTEXT,我們的英雄匆忙地前往村莊，卻發現被懷疑的術士察覺到了<hero_name>的計劃。一支小軍隊等在大門前。
QUEST_BEAR_3_4_QUESTINFODATA_JOURNALRUMOURTEXT,<hero_name>聽到了傳言，當地村落的一名議員與汙穢有所勾結 ── 他的真實身分是一名邪惡的術士！
QUEST_BEAR_3_4_QUESTINFODATA_RUMOURTEXT,附近的村莊有一個議員 ── 當地人似乎認為他是一個術士。看看你能不能查到什麼。
QUEST_BEAR_3_4_QUESTINFODATA_TITLE,術士遊戲
QUEST_BEAR_3_5_QUESTINFODATA_ACTIONS_0_ACTIONTEXT,跟你的對手聯手。逃出去！
QUEST_BEAR_3_5_QUESTINFODATA_ACTIONS_0_DEFAULTOUTCOME_JOURNALTEXT,<hero_name>拒絕屈服，而是向守衛發起了攻擊。萊維德的王國留了下來，但我們的英雄至少逃走了。
QUEST_BEAR_3_5_QUESTINFODATA_ACTIONS_0_DEFAULTOUTCOME_OUTCOMETEXT,你轉而攻擊守衛，但你的對手就沒這麼幸運了。你沒能救下他們，羞愧地逃離了山脈。
QUEST_BEAR_3_5_QUESTINFODATA_ACTIONS_0_TESTSUCCESSOUTCOME_JOURNALTEXT,<hero_name>拒絕投降，而是為了自由向守衛發起了絕望的戰鬥！很快，萊維德的王國化作了塵土。
QUEST_BEAR_3_5_QUESTINFODATA_ACTIONS_0_TESTSUCCESSOUTCOME_OUTCOMETEXT,你向守衛發起了進攻 ── 你的對手迅速地加入了你，你們一起殺死了這座山脈上的每一個邪惡生物。
QUEST_BEAR_3_5_QUESTINFODATA_ACTIONS_1_ACTIONTEXT,殺死你的對手來打動萊維德。
QUEST_BEAR_3_5_QUESTINFODATA_ACTIONS_1_DEFAULTOUTCOME_JOURNALTEXT,<hero_name>不想殺死任何不應被殺的生物，但為了逃脫萊維德的追捕，我們的英雄不得不殺死了他們的對手。
QUEST_BEAR_3_5_QUESTINFODATA_ACTIONS_1_DEFAULTOUTCOME_OUTCOMETEXT,你向你的對手尋求寬恕，但他們必須為愛門羅而死。你贏得了戰鬥，很快就被釋放了。
QUEST_BEAR_3_5_QUESTINFODATA_ACTIONS_2_ACTIONTEXT,穿上你的護甲並逃走！
QUEST_BEAR_3_5_QUESTINFODATA_ACTIONS_2_DEFAULTOUTCOME_JOURNALTEXT,獅心胸甲阻擋了萊維德的士兵的每一下攻擊。我們的英雄殺了很多人，然後從鋼鐵擂台中逃了出去。
QUEST_BEAR_3_5_QUESTINFODATA_ACTIONS_2_DEFAULTOUTCOME_OUTCOMETEXT,萊維德的武器在獅心胸甲上碎裂。你一邊戰鬥一邊穿過鬥技場的大門，逃下了山。
QUEST_BEAR_3_5_QUESTINFODATA_ACTIONS_3_ACTIONTEXT,使用皇室護盾輕鬆逃走。
QUEST_BEAR_3_5_QUESTINFODATA_ACTIONS_3_DEFAULTOUTCOME_JOURNALTEXT,有著皇室護盾擋在他們和守衛之間，<hero_name>單爪擊敗了萊維德的軍隊，將這座山從他的瘋狂中解放。
QUEST_BEAR_3_5_QUESTINFODATA_ACTIONS_3_DEFAULTOUTCOME_OUTCOMETEXT,你舉起了皇室護盾，守衛們的攻擊沒有什麼效果。你曾經的對手給了你一張珍貴的卡牌作為謝禮。
QUEST_BEAR_3_5_QUESTINFODATA_ACTIONS_4_ACTIONTEXT,開火
QUEST_BEAR_3_5_QUESTINFODATA_ACTIONS_4_DEFAULTOUTCOME_JOURNALTEXT,萊維德的鬥技場非常殘忍。我們的英雄只看到了一條出路，勝利！他們使用手持加農砲並殺死對手，贏得了自由。
QUEST_BEAR_3_5_QUESTINFODATA_ACTIONS_4_DEFAULTOUTCOME_OUTCOMETEXT,鬥技場不是一個以榮耀獲勝的地方。你舉起了手持加農砲然後開火，殺死了你的對手。作為勝利者，你自由了，並得到了報酬。
QUEST_BEAR_3_5_QUESTINFODATA_ENCOUNTERTEXT,你被強者萊維德抓了起來，不得不在他山中的鬥技場中戰鬥。你的對手正等著你！
QUEST_BEAR_3_5_QUESTINFODATA_JOURNALENCOUNTERTEXT,唉，我們的英雄很快就發現自己被丟進了鬥技場，被迫與一位無辜的英雄作戰，以取悅萊維德！
QUEST_BEAR_3_5_QUESTINFODATA_JOURNALRUMOURTEXT,我們的英雄聽說了有關強者萊維德的事情 ── 他是一位瘋狂的軍閥，逼迫英雄們在鋼鐵和石頭堆砌的擂台中殊死搏鬥。
QUEST_BEAR_3_5_QUESTINFODATA_RUMOURTEXT,穿過這些山脈的時候要小心！聽說強者萊維德管理著這裡，他會把戰士們抓起來，並迫使他們進行生死搏鬥。
QUEST_BEAR_3_5_QUESTINFODATA_TITLE,鋼鐵擂台
QUEST_BEAR_3_6_QUESTINFODATA_ACTIONS_0_ACTIONTEXT,殺死所有的三位首領 ── 為了愛門羅。
QUEST_BEAR_3_6_QUESTINFODATA_ACTIONS_0_DEFAULTOUTCOME_JOURNALTEXT,<hero_name>試著殺死這些罪犯，但強盜們更強大也更迅速，擊敗了我們的英雄，並迫使他們逃走。
QUEST_BEAR_3_6_QUESTINFODATA_ACTIONS_0_DEFAULTOUTCOME_OUTCOMETEXT,殺死這三個人無疑會讓愛門羅變得更好，但你缺乏做到這一點的技術。他們很快擊敗了你，迫使你逃走。
QUEST_BEAR_3_6_QUESTINFODATA_ACTIONS_0_TESTSUCCESSOUTCOME_JOURNALTEXT,什麼是與罪犯最好的協商方式？當然是殺死他們！我們的英雄殺死了這些人，拿走了寶藏！
QUEST_BEAR_3_6_QUESTINFODATA_ACTIONS_0_TESTSUCCESSOUTCOME_OUTCOMETEXT,你得出了一個解決方案：將這三個罪犯敗類從這片土地上清除！你殺死了他們，將寶藏據為己有。
QUEST_BEAR_3_6_QUESTINFODATA_ACTIONS_1_ACTIONTEXT,仲裁這三人之間的決鬥。
QUEST_BEAR_3_6_QUESTINFODATA_ACTIONS_1_DEFAULTOUTCOME_JOURNALTEXT,我們的英雄覺得最好的解決方法就是讓這三個罪犯首領進行決鬥。勝者奪走寶藏，爭鬥結束了。
QUEST_BEAR_3_6_QUESTINFODATA_ACTIONS_1_DEFAULTOUTCOME_OUTCOMETEXT,你站到遠處，讓這三個人決鬥。兩個罪犯倒下了，第三個人拿走了寶藏。比什麼都沒得到要好！
QUEST_BEAR_3_6_QUESTINFODATA_ACTIONS_2_ACTIONTEXT,「它是我們的！進攻！」
QUEST_BEAR_3_6_QUESTINFODATA_ACTIONS_2_DEFAULTOUTCOME_JOURNALTEXT,協商需要花費時間，而我們的英雄還有一個王座要奪。在狂戰士的幫助下，他們殺死了強盜，分享了寶藏。
QUEST_BEAR_3_6_QUESTINFODATA_ACTIONS_2_DEFAULTOUTCOME_OUTCOMETEXT,狂戰士抓起了最近的兩個強盜，把他們的頭撞在一起。你殺死了第三個人。你和你的同伴分享了寶藏。
QUEST_BEAR_3_6_QUESTINFODATA_ACTIONS_3_ACTIONTEXT,從箱子裡偷走寶藏
QUEST_BEAR_3_6_QUESTINFODATA_ACTIONS_3_DEFAULTOUTCOME_JOURNALTEXT,在強盜們對自己該分到多少而爭論不休時，我們的英雄用冰鑒斗篷溜到箱子那裡，盡其所能地拿走了寶物。
QUEST_BEAR_3_6_QUESTINFODATA_ACTIONS_3_DEFAULTOUTCOME_OUTCOMETEXT,冰鑒斗篷讓你如幽魂般從強盜中溜過。你盡可能地從箱子裡拿走了寶物，然後逃走了。
QUEST_BEAR_3_6_QUESTINFODATA_ACTIONS_4_ACTIONTEXT,將箱子據為己有
QUEST_BEAR_3_6_QUESTINFODATA_ACTIONS_4_DEFAULTOUTCOME_JOURNALTEXT,化妝面具的力量總是被小瞧。我們的英雄得以用詭計和謊言拿到一份寶物。
QUEST_BEAR_3_6_QUESTINFODATA_ACTIONS_4_DEFAULTOUTCOME_OUTCOMETEXT,強盜們大笑：「你算老幾？」你戴上了化妝面具。你用詭術和謊言得到了一份寶物。
QUEST_BEAR_3_6_QUESTINFODATA_ENCOUNTERTEXT,你抵達了現場，發現當地的三個強盜部族正對一個鎖起來的箱子爭論不休，都聲稱自己擁有得到其中寶物的權利。
QUEST_BEAR_3_6_QUESTINFODATA_JOURNALENCOUNTERTEXT,<hero_name>知道，任何分歧都可能導致不計其數的無辜生命的損失，便前去仲裁這場糾紛。
QUEST_BEAR_3_6_QUESTINFODATA_JOURNALRUMOURTEXT,我們的英雄被告知當地的一個犯罪糾紛：一個盜賊將他的戰利品掉在了三個犯罪集團的邊界之中。
QUEST_BEAR_3_6_QUESTINFODATA_RUMOURTEXT,看上去倒在三個強盜集團邊界之中的盜賊已經去見造物主了。現在強盜們在爭論該由誰拿走戰利品！
QUEST_BEAR_3_6_QUESTINFODATA_TITLE,死去盜賊的箱子
QUEST_BEAR_3_7_QUESTINFODATA_ACTIONS_0_ACTIONTEXT,接近光芒。
QUEST_BEAR_3_7_QUESTINFODATA_ACTIONS_0_DEFAULTOUTCOME_JOURNALTEXT,我們的英雄接近了光芒，但是似乎有什麼不對。溫暖的光芒變得灼熱刺人，我們的英雄逃走了，皮毛被懷爾德之火燒焦。
QUEST_BEAR_3_7_QUESTINFODATA_ACTIONS_0_DEFAULTOUTCOME_OUTCOMETEXT,你靠近了光芒，但一開始令人舒適的溫暖變成了刺人的灼熱。當你逃走的時候，你的皮毛差點著火。
QUEST_BEAR_3_7_QUESTINFODATA_ACTIONS_0_TESTSUCCESSOUTCOME_JOURNALTEXT,我們的英雄感受到了與懷爾德的強烈聯繫，便接近了它。光芒變得愈加明亮，產生了實體，變成了一塊心靈石！
QUEST_BEAR_3_7_QUESTINFODATA_ACTIONS_0_TESTSUCCESSOUTCOME_OUTCOMETEXT,你向奇怪的光芒邁進一步，感受到身周令人平靜的溫暖。光芒產生了實體……一塊心靈石落到了地上。
QUEST_BEAR_3_7_QUESTINFODATA_ACTIONS_1_ACTIONTEXT,離開光芒。
QUEST_BEAR_3_7_QUESTINFODATA_ACTIONS_1_DEFAULTOUTCOME_JOURNALTEXT,我們的英雄很聰明，知道懷爾德不是能干預的，並決定不管那個光芒。或許這才是最好的選擇。
QUEST_BEAR_3_7_QUESTINFODATA_ACTIONS_1_DEFAULTOUTCOME_OUTCOMETEXT,無論在哪裡，最好不要摻和懷爾德。在離開的時候，你感受到了與懷爾德的強烈聯繫，但是什麼都沒有發生。
QUEST_BEAR_3_7_QUESTINFODATA_ACTIONS_2_ACTIONTEXT,毀掉畸變
QUEST_BEAR_3_7_QUESTINFODATA_ACTIONS_2_DEFAULTOUTCOME_JOURNALTEXT,凶猛、失控的魔法對愛門羅人來說是非常危險的。<hero_name>使用銀月巨鐮淨化了異變。安全第一。
QUEST_BEAR_3_7_QUESTINFODATA_ACTIONS_2_DEFAULTOUTCOME_OUTCOMETEXT,最好還是不要放著懷爾德不管就離開。你高舉著銀月巨鐮，閃著微光的刀刃劃過了裂隙。它消失了，但魔力殘存了下來。
QUEST_BEAR_3_7_QUESTINFODATA_ACTIONS_3_ACTIONTEXT,「它是懷爾德的一個裂縫。我可能能幫上忙。」
QUEST_BEAR_3_7_QUESTINFODATA_ACTIONS_3_DEFAULTOUTCOME_JOURNALTEXT,咒術師精通將懷爾德的意志轉化為實體。光芒化作了一個珍貴的東西，一個來自懷爾德的禮物！
QUEST_BEAR_3_7_QUESTINFODATA_ACTIONS_3_DEFAULTOUTCOME_OUTCOMETEXT,你忠誠的咒術師舉起了他的手，裂縫做出了反應，化作了一個珍貴的東西 ── 它是一個來自懷爾德的禮物！
QUEST_BEAR_3_7_QUESTINFODATA_ACTIONS_4_ACTIONTEXT,「我要跳進去！」
QUEST_BEAR_3_7_QUESTINFODATA_ACTIONS_4_DEFAULTOUTCOME_JOURNALTEXT,再一次，這個傻瓜魯莽地撞入最大的危險的行為被證實是有用的。裂縫以魔法融合了他們和我們的英雄。\n
QUEST_BEAR_3_7_QUESTINFODATA_ACTIONS_4_DEFAULTOUTCOME_OUTCOMETEXT,超級傻瓜向裂縫撲去。你捂上了自己的眼睛。當你再次看去的時候，裂縫消失了，傻瓜睡著了，魔力殘留在空氣中。
QUEST_BEAR_3_7_QUESTINFODATA_ENCOUNTERTEXT,你接近了巨石陣，發現它的上方有一個奇怪的光芒。感覺它與懷爾德有著什麼關係。
QUEST_BEAR_3_7_QUESTINFODATA_JOURNALENCOUNTERTEXT,<hero_name>在接近巨石陣的時候看見了一個發光體 ── 一個超越世間常理的某種懷爾德物質不斷在半空中漂浮著。
QUEST_BEAR_3_7_QUESTINFODATA_JOURNALRUMOURTEXT,一個奇怪的光芒在一小堆豎立的石頭附近現形。但它的目的是什麼？我們的英雄將會找出它！
QUEST_BEAR_3_7_QUESTINFODATA_RUMOURTEXT,從附近的巨石陣中傳出了奇怪的光芒。雖然不能確定它是什麼，但是或許值得去看一下。
QUEST_BEAR_3_7_QUESTINFODATA_TITLE,懷爾德之淚
QUEST_BEAR_3_8_QUESTINFODATA_ACTIONS_0_ACTIONTEXT,尋求懷爾德的指引。
QUEST_BEAR_3_8_QUESTINFODATA_ACTIONS_0_DEFAULTOUTCOME_JOURNALTEXT,<hero_name>試著召喚懷爾德以求得幫助，但什麼事都沒發生。漫遊者還是被困在那裡……直到身體枯瘦如柴。
QUEST_BEAR_3_8_QUESTINFODATA_ACTIONS_0_DEFAULTOUTCOME_OUTCOMETEXT,你乞求懷爾德，協助這迷途的靈魂遠離汙穢，但祂竟然無視了你的呼喚。看來漫遊者永遠不會從沉睡中醒來了！
QUEST_BEAR_3_8_QUESTINFODATA_ACTIONS_0_TESTSUCCESSOUTCOME_JOURNALTEXT,<hero_name>與懷爾德進行了交談，將祂帶到漫遊者那裡，最終將他們從精神上的戰場中釋放了出來。
QUEST_BEAR_3_8_QUESTINFODATA_ACTIONS_0_TESTSUCCESSOUTCOME_OUTCOMETEXT,你向懷爾德低語著懇求，感覺到自己的心靈為之一振 ── 你的和漫遊者的都是。他們的眼睛睜開了，最終被釋放了。
QUEST_BEAR_3_8_QUESTINFODATA_ACTIONS_1_ACTIONTEXT,留下漫遊者。
QUEST_BEAR_3_8_QUESTINFODATA_ACTIONS_1_DEFAULTOUTCOME_JOURNALTEXT,但<hero_name>考慮到了摻進這樣的一場戰鬥的後果 ── 他們可能是毀滅性的！所以他們沒有管漫遊者。
QUEST_BEAR_3_8_QUESTINFODATA_ACTIONS_1_DEFAULTOUTCOME_OUTCOMETEXT,如果這名漫遊者在沉睡中與汙穢進行無止境的戰鬥，你認為最安全的選項就是離他們遠一點。沒錯，這絕對是最安全的選擇！
QUEST_BEAR_3_8_QUESTINFODATA_ACTIONS_2_ACTIONTEXT,「陷入恍惚的漫遊者？我知道一個好曲子。」
QUEST_BEAR_3_8_QUESTINFODATA_ACTIONS_2_DEFAULTOUTCOME_JOURNALTEXT,<hero_name>有一個計劃 ── 吟遊詩人那令人難忘的旋律會將漫遊者從他們的牢獄中帶回來！這方法奏效了，漫遊者自由了！
QUEST_BEAR_3_8_QUESTINFODATA_ACTIONS_2_DEFAULTOUTCOME_OUTCOMETEXT,吟遊詩人演奏起了令人難忘的曲子，穿透了圍繞在漫遊者身邊的迷霧。被救下來的漫遊者為了感謝你的幫助，給予你報酬。
QUEST_BEAR_3_8_QUESTINFODATA_ACTIONS_3_ACTIONTEXT,「我之前做過這些夢。」
QUEST_BEAR_3_8_QUESTINFODATA_ACTIONS_3_DEFAULTOUTCOME_JOURNALTEXT,陌生人的做法對愛門羅的一切而言是個迷。那天，這種做法拯救了做夢的人，為我們的英雄贏得了一個禮物。
QUEST_BEAR_3_8_QUESTINFODATA_ACTIONS_3_DEFAULTOUTCOME_OUTCOMETEXT,陌生人向前一步，眼睛微微發光。他在做夢的人的耳邊低語。你不知道他說了什麼，但是做夢的人喘息著醒來了。
QUEST_BEAR_3_8_QUESTINFODATA_ACTIONS_4_ACTIONTEXT,使用巫毒娃娃
QUEST_BEAR_3_8_QUESTINFODATA_ACTIONS_4_DEFAULTOUTCOME_JOURNALTEXT,如果沒有我們英雄的協助，陌生人的汙穢夢境會把他們給榨乾的。幸運的是，<hero_name>的巫毒娃娃能把他們從睡夢中喚醒。
QUEST_BEAR_3_8_QUESTINFODATA_ACTIONS_4_DEFAULTOUTCOME_OUTCOMETEXT,只要一根頭髮就夠了。你激活了巫毒娃娃。用針刺了幾下之後，陌生人從恍惚中醒了過來。
QUEST_BEAR_3_8_QUESTINFODATA_ENCOUNTERTEXT,漫遊者跟你一開始想的不太一樣，並非只是在冥想而已 ── 他們在自己的意識中迷失了，被困在了汙穢之中！
QUEST_BEAR_3_8_QUESTINFODATA_JOURNALENCOUNTERTEXT,漫遊者被汙穢困在了夢境中，他們的心靈與邪惡之力進行著彷彿永無止境的戰鬥。我們的英雄得幫幫他們！
QUEST_BEAR_3_8_QUESTINFODATA_JOURNALRUMOURTEXT,在路的一邊，一位漫遊者神情恍惚地坐著，好像在冥想。然而，在這平靜的表象背後是更為嚴峻的考驗。
QUEST_BEAR_3_8_QUESTINFODATA_RUMOURTEXT,剛剛從一個商人那裡聽說，有一個漫遊者在路邊上冥想 ── 如果他們能醒過來的話，會是珍貴的盟友！
QUEST_BEAR_3_8_QUESTINFODATA_TITLE,寧靜與心靈
QUEST_BEAR_3_9_QUESTINFODATA_ACTIONS_0_ACTIONTEXT,聆聽懷爾德。尋求指引。
QUEST_BEAR_3_9_QUESTINFODATA_ACTIONS_0_DEFAULTOUTCOME_JOURNALTEXT,<hero_name>聆聽懷爾德的指引，但什麼都沒有聽到。他們一次又一次地尋求，但在那個老神殿裡什麼都沒能找到。
QUEST_BEAR_3_9_QUESTINFODATA_ACTIONS_0_DEFAULTOUTCOME_OUTCOMETEXT,你閉上了眼睛，聆聽懷爾德的指引，但什麼都沒有發生。在尋找了幾個小時之後，你一無所獲地離開了。
QUEST_BEAR_3_9_QUESTINFODATA_ACTIONS_0_TESTSUCCESSOUTCOME_JOURNALTEXT,<hero_name>聆聽了懷爾德的指引，很快就發現了殘存的寶藏，就藏在地板下面！
QUEST_BEAR_3_9_QUESTINFODATA_ACTIONS_0_TESTSUCCESSOUTCOME_OUTCOMETEXT,你閉上了眼睛，聆聽懷爾德。它將你向下推 ── 到地上。不，是在地板下面！你在那裡找到了一個藏起來的聖物！
QUEST_BEAR_3_9_QUESTINFODATA_ACTIONS_1_ACTIONTEXT,對懷爾德表示尊敬。
QUEST_BEAR_3_9_QUESTINFODATA_ACTIONS_1_DEFAULTOUTCOME_JOURNALTEXT,<hero_name>無視了遠古寶藏的呼喚，而是選擇修復神殿。至少這是一種精神上的鼓舞。
QUEST_BEAR_3_9_QUESTINFODATA_ACTIONS_1_DEFAULTOUTCOME_OUTCOMETEXT,你沒有管遠古的寶藏，而是盡力地修復了老舊的神殿。懷爾德指引著你 ── 這次旅行值得你這麼做。
QUEST_BEAR_3_9_QUESTINFODATA_ACTIONS_2_ACTIONTEXT,「會不會有寶藏藏在地板下面？或者牆裡面？」
QUEST_BEAR_3_9_QUESTINFODATA_ACTIONS_2_DEFAULTOUTCOME_JOURNALTEXT,<hero_name>求助於礦工，很快，鎬子敲到了一塊老石頭，帶出了被藏在石縫中的咒術卡牌。
QUEST_BEAR_3_9_QUESTINFODATA_ACTIONS_2_DEFAULTOUTCOME_OUTCOMETEXT,你讓你的礦工把鎬子帶到神殿，神殿在施工的過程中損壞了，但是你得到了一張可以使用的珍貴的咒術卡牌！
QUEST_BEAR_3_9_QUESTINFODATA_ACTIONS_3_ACTIONTEXT,「會不會有寶藏藏在地板下面？或者牆裡面？」
QUEST_BEAR_3_9_QUESTINFODATA_ACTIONS_3_DEFAULTOUTCOME_JOURNALTEXT,<hero_name>求助於礦工，很快，鎬子敲到了一塊老石頭，帶出了被藏在石縫中的咒術卡牌。
QUEST_BEAR_3_9_QUESTINFODATA_ACTIONS_3_DEFAULTOUTCOME_OUTCOMETEXT,你讓你的礦工把鎬子帶到神殿，神殿在過程中被摧毀了，但是你發掘出了一張可以使用的珍貴咒術卡牌！
QUEST_BEAR_3_9_QUESTINFODATA_ENCOUNTERTEXT,你抵達了神殿，看到了令人遺憾的場面：古代藝術品都被偷走或是毀掉了。還有什麼剩下的嗎？
QUEST_BEAR_3_9_QUESTINFODATA_JOURNALENCOUNTERTEXT,我們的英雄爬到了最高點，試圖搜尋可能留下的東西 ── 無論是什麼，古熊部族的聖物可能會在任務中幫助他們。
QUEST_BEAR_3_9_QUESTINFODATA_JOURNALRUMOURTEXT,在一座莊嚴的山脈之巔，矗立著一座古熊族神殿。搶掠者幾乎奪走了所有的東西。幾乎。
QUEST_BEAR_3_9_QUESTINFODATA_RUMOURTEXT,在<quest_tile>發現了一座熊族神殿。搶掠者把東西拿了個一乾二淨，但是或許還有什麼留在這裡？
QUEST_BEAR_3_9_QUESTINFODATA_TITLE,懷爾德的失落神殿
QUEST_BEAR_4_10_QUESTINFODATA_ACTIONS_0_ACTIONTEXT,試著救下所有東西。
QUEST_BEAR_4_10_QUESTINFODATA_ACTIONS_0_DEFAULTOUTCOME_JOURNALTEXT,<hero_name>嘗試著將財寶和書籍帶走，卻缺乏必要的力量。圖書館被燒毀了，一切都沒了。
QUEST_BEAR_4_10_QUESTINFODATA_ACTIONS_0_DEFAULTOUTCOME_OUTCOMETEXT,你想要帶走古書，但你的力量不足。你不得不放下所有東西逃離火海。
QUEST_BEAR_4_10_QUESTINFODATA_ACTIONS_0_TESTSUCCESSOUTCOME_JOURNALTEXT,<hero_name>拿起了書和寶藏。在國王的守衛趕來之前，我們的英雄僅憑自己的力量就將它們帶到了安全的地方。
QUEST_BEAR_4_10_QUESTINFODATA_ACTIONS_0_TESTSUCCESSOUTCOME_OUTCOMETEXT,你迅速地移動，將書籍和寶藏拖到了安全的地方。你保護了不朽的熊族知識。
QUEST_BEAR_4_10_QUESTINFODATA_ACTIONS_1_ACTIONTEXT,只拿走最寶貴的書籍。
QUEST_BEAR_4_10_QUESTINFODATA_ACTIONS_1_DEFAULTOUTCOME_JOURNALTEXT,<hero_name>動作迅速，保下了幾本最珍貴的書籍。那天損失了很多知識，但是事情本會更糟糕。
QUEST_BEAR_4_10_QUESTINFODATA_ACTIONS_1_DEFAULTOUTCOME_OUTCOMETEXT,你知道不可能救下所有東西，所以在逃走前只拿上了幾個東西。有點東西總比什麼都沒有好。
QUEST_BEAR_4_10_QUESTINFODATA_ACTIONS_2_ACTIONTEXT,把守衛引開
QUEST_BEAR_4_10_QUESTINFODATA_ACTIONS_2_DEFAULTOUTCOME_JOURNALTEXT,我們的英雄用化妝面具給到來的守衛下達假命令。工藝品安全了，但是守衛也可能會回來。
QUEST_BEAR_4_10_QUESTINFODATA_ACTIONS_2_DEFAULTOUTCOME_OUTCOMETEXT,化妝面具足以令守衛以為你能夠指揮他們。你引開了他們，暫時地。
QUEST_BEAR_4_10_QUESTINFODATA_ACTIONS_3_ACTIONTEXT,「快！把他們藏到我的大篷車裡！」
QUEST_BEAR_4_10_QUESTINFODATA_ACTIONS_3_DEFAULTOUTCOME_JOURNALTEXT,我們的英雄的商人催促<hero_name>快點行動，他們把許多工藝品藏進了她的貨車，匆忙離開了城市。
QUEST_BEAR_4_10_QUESTINFODATA_ACTIONS_3_DEFAULTOUTCOME_OUTCOMETEXT,商人的大篷車有足夠的空間裝下這些無價之寶。你將這些東西偷偷運出去，救下了許多熊族的歷史。
QUEST_BEAR_4_10_QUESTINFODATA_ACTIONS_4_ACTIONTEXT,「需要人手嗎？我來幫你！」
QUEST_BEAR_4_10_QUESTINFODATA_ACTIONS_4_DEFAULTOUTCOME_JOURNALTEXT,<hero_name>讓強大的狂戰士幫忙，不過他不怎麼聰明，在出鎮的路上落下了許多工藝品和書籍。
QUEST_BEAR_4_10_QUESTINFODATA_ACTIONS_4_DEFAULTOUTCOME_OUTCOMETEXT,你忠誠的狂戰士幫忙搬運書籍。他很強壯，但是有些愚笨，落下了許多珍貴的物品。不過，能救下一些東西總比什麼都沒有好。
QUEST_BEAR_4_10_QUESTINFODATA_ENCOUNTERTEXT,你抵達了小村落，從遠處就能看到濃煙升起。國王的守衛正在接近，令你沒時間做出計劃。
QUEST_BEAR_4_10_QUESTINFODATA_JOURNALENCOUNTERTEXT,國王的守衛就在路上，從遠處就能看到煙在升起。幾乎沒有時間救下部族的古工藝品和文獻！
QUEST_BEAR_4_10_QUESTINFODATA_JOURNALRUMOURTEXT,在附近的一個村落裡，國王的守衛正要燒掉熊族的文獻和寶物。<hero_name>前去救下它們。
QUEST_BEAR_4_10_QUESTINFODATA_RUMOURTEXT,熊族的工藝品和書籍正處於被國王的守衛燒掉的危險之中！去吧！去救下它們！
QUEST_BEAR_4_10_QUESTINFODATA_TITLE,圖書館
QUEST_BEAR_4_11_QUESTINFODATA_ACTIONS_0_ACTIONTEXT,撐過去。找出給你下毒的人！
QUEST_BEAR_4_11_QUESTINFODATA_ACTIONS_0_DEFAULTOUTCOME_JOURNALTEXT,暗殺者大笑著，看著<hero_name>倒在森林中，失去了意識。我們的英雄能夠活下來，純粹是靠運氣。
QUEST_BEAR_4_11_QUESTINFODATA_ACTIONS_0_DEFAULTOUTCOME_OUTCOMETEXT,你靠著自己的力量想要挺過去，但是毒藥的毒性太強了。國王的暗殺者這天佔了上風。
QUEST_BEAR_4_11_QUESTINFODATA_ACTIONS_0_TESTSUCCESSOUTCOME_JOURNALTEXT,但是這還不足以阻止<hero_name>！忍著疼痛，我們的英雄殺死了暗殺者！
QUEST_BEAR_4_11_QUESTINFODATA_ACTIONS_0_TESTSUCCESSOUTCOME_OUTCOMETEXT,你轉身衝進了矮樹叢中。國王的暗殺者很震驚 ── 當你殺死他並拿走他的背包的時候更震驚了。
QUEST_BEAR_4_11_QUESTINFODATA_ACTIONS_1_ACTIONTEXT,在毒藥發揮作用的時候躲起來。
QUEST_BEAR_4_11_QUESTINFODATA_ACTIONS_1_DEFAULTOUTCOME_JOURNALTEXT,<hero_name>轉身逃進了森林，躲避著暗殺者尋找的目光。毒藥的藥效過了，我們的英雄安全了。
QUEST_BEAR_4_11_QUESTINFODATA_ACTIONS_1_DEFAULTOUTCOME_OUTCOMETEXT,你從暗殺者身邊逃開，在陷入昏迷之前躍入了一個隘谷。你在幾個小時後獨自醒來。
QUEST_BEAR_4_11_QUESTINFODATA_ACTIONS_2_ACTIONTEXT,「你中毒了！來 ── 解毒劑給你！」
QUEST_BEAR_4_11_QUESTINFODATA_ACTIONS_2_DEFAULTOUTCOME_JOURNALTEXT,幸運的是，<hero_name>忠誠的煉金術師迅速地做出了解毒劑。我們的英雄很快就抓住了暗殺者，結束了他的生命。
QUEST_BEAR_4_11_QUESTINFODATA_ACTIONS_2_DEFAULTOUTCOME_OUTCOMETEXT,煉金術師很快就治好了你的病痛，讓你能夠輕鬆地追上國王的暗殺者，終結了他的罪惡行徑。
QUEST_BEAR_4_11_QUESTINFODATA_ACTIONS_3_ACTIONTEXT,「等等！你得等等。」
QUEST_BEAR_4_11_QUESTINFODATA_ACTIONS_3_DEFAULTOUTCOME_JOURNALTEXT,毒藥很強，如果不是藥劑師，我們的英雄可能已經死了。暗殺者的詭計發揮了作用。
QUEST_BEAR_4_11_QUESTINFODATA_ACTIONS_3_DEFAULTOUTCOME_OUTCOMETEXT,你的身體變得虛弱，你靠在樹上。藥劑師待在你的身邊，照顧你直至毒性消退。
QUEST_BEAR_4_11_QUESTINFODATA_ACTIONS_4_ACTIONTEXT,展示皇室旗幟
QUEST_BEAR_4_11_QUESTINFODATA_ACTIONS_4_DEFAULTOUTCOME_JOURNALTEXT,國王的殺手不會去殺一個忠誠的人。皇室旗幟足以證明這一點。暗殺者提供了解毒劑。
QUEST_BEAR_4_11_QUESTINFODATA_ACTIONS_4_DEFAULTOUTCOME_OUTCOMETEXT,國王的暗殺者？你舉起了皇室旗幟，讓他明白你是盟友。不久之後，一隻老鼠衝出了灌木叢，爪子裡抓著解毒劑。
QUEST_BEAR_4_11_QUESTINFODATA_ENCOUNTERTEXT,當你穿越森林的時候，突然萬物俱寂。你感覺非常不舒服……而後，你感覺有什麼紮在你的脖子上。一支劇毒飛鏢！
QUEST_BEAR_4_11_QUESTINFODATA_JOURNALENCOUNTERTEXT,在森林中現身的是狼蛛 ── 國王的私人殺手，牠對我們的英雄發射了一支毒鏢！
QUEST_BEAR_4_11_QUESTINFODATA_JOURNALRUMOURTEXT,<hero_name>聽到了傳言 ── 國王派出的暗殺者正在狩獵中。毫無疑問，這在不久之後就不再是傳言了。
QUEST_BEAR_4_11_QUESTINFODATA_RUMOURTEXT,穿過<quest_tile>的時候最好小心一點。有傳言說國王派出了一個暗殺者來找你！
QUEST_BEAR_4_11_QUESTINFODATA_TITLE,狼蛛
QUEST_BEAR_4_12_QUESTINFODATA_ACTIONS_0_ACTIONTEXT,用你的力量移動方尖碑。
QUEST_BEAR_4_12_QUESTINFODATA_ACTIONS_0_DEFAULTOUTCOME_JOURNALTEXT,我們的英雄盡力了，但移動這個石製方尖碑實在太難了。<hero_name>的朋友注定要死在下面的黑暗中。
QUEST_BEAR_4_12_QUESTINFODATA_ACTIONS_0_DEFAULTOUTCOME_OUTCOMETEXT,你盡了全力，想要移動這塊石頭，但是失敗了。你的朋友永遠地被關在了下面。
QUEST_BEAR_4_12_QUESTINFODATA_ACTIONS_0_TESTSUCCESSOUTCOME_JOURNALTEXT,幸運的是，多虧了熊族的力量，方尖碑被挪開了。<hero_name>的朋友很快就被放了出來！
QUEST_BEAR_4_12_QUESTINFODATA_ACTIONS_0_TESTSUCCESSOUTCOME_OUTCOMETEXT,你用盡了所有的力量，一點一點挪動著巨大的石塊，將其從被擋住的過道上移開。你的朋友被放出來了，發誓要加入你的隊伍。
QUEST_BEAR_4_12_QUESTINFODATA_ACTIONS_1_ACTIONTEXT,去尋求幫助。
QUEST_BEAR_4_12_QUESTINFODATA_ACTIONS_1_DEFAULTOUTCOME_JOURNALTEXT,在很長、很可怕的一段時間裡，<hero_name>的朋友沒能得到幫助。這足以從根本上撼動他們的友誼了。
QUEST_BEAR_4_12_QUESTINFODATA_ACTIONS_1_DEFAULTOUTCOME_OUTCOMETEXT,你把你的朋友丟在黑暗中，尋求當地人的幫助。你的朋友很快被放出來了，但是他對你已經沒那麼信任了。
QUEST_BEAR_4_12_QUESTINFODATA_ACTIONS_2_ACTIONTEXT,「我可以把你的朋友放出來！用我的魔法！你會見識到的！」
QUEST_BEAR_4_12_QUESTINFODATA_ACTIONS_2_DEFAULTOUTCOME_JOURNALTEXT,<hero_name>忠誠的學徒想要移動石頭，但只移動了它下面的土地！不過你被困住的朋友還是被放了出來！
QUEST_BEAR_4_12_QUESTINFODATA_ACTIONS_2_DEFAULTOUTCOME_OUTCOMETEXT,你的學徒對方尖碑舉起了爪子，但是什麼都沒有發生。然後，碰！地面炸開了，給你的朋友打開了一個通道！
QUEST_BEAR_4_12_QUESTINFODATA_ACTIONS_3_ACTIONTEXT,「我可以把你的朋友放出來！用我的魔法！你會見識到的！」
QUEST_BEAR_4_12_QUESTINFODATA_ACTIONS_3_DEFAULTOUTCOME_JOURNALTEXT,<hero_name>忠誠的學徒想要移動石頭，但只移動了它下面的土地！不過你被困住的朋友還是被放了出來！
QUEST_BEAR_4_12_QUESTINFODATA_ACTIONS_3_DEFAULTOUTCOME_OUTCOMETEXT,你的學徒對方尖碑舉起了爪子，但是什麼都沒有發生。然後，碰！地面炸開了，給你的朋友打開了一個通道！
QUEST_BEAR_4_12_QUESTINFODATA_ACTIONS_4_ACTIONTEXT,「這簡單！」
QUEST_BEAR_4_12_QUESTINFODATA_ACTIONS_4_DEFAULTOUTCOME_JOURNALTEXT,我們的英雄的礦工看到石頭的時候笑了。他們只用了一會兒就把石頭抬到一邊去了，打開了通路。
QUEST_BEAR_4_12_QUESTINFODATA_ACTIONS_4_DEFAULTOUTCOME_OUTCOMETEXT,礦工向前一跳，手裡拿著鎬子。敲敲打打幾分鐘後，一條道路被清理出來了。
QUEST_BEAR_4_12_QUESTINFODATA_ENCOUNTERTEXT,在與你的朋友探索地牢的時候，發生了地震，將一塊石製方尖碑擋在了你們之間！
QUEST_BEAR_4_12_QUESTINFODATA_JOURNALENCOUNTERTEXT,在地下深處，發生了一場地震，將<hero_name>的朋友擋在了一塊巨大的石製方尖碑後面。
QUEST_BEAR_4_12_QUESTINFODATA_JOURNALRUMOURTEXT,<hero_name>發現一個忠誠的旅途夥伴想要去附近的地牢探險。然而，他們會發現情況比他們想像的複雜！
QUEST_BEAR_4_12_QUESTINFODATA_RUMOURTEXT,一個忠於熊部族的探險者希望你加入他們對附近一個地牢的探險。那裡可能會有一些珍貴的財寶！
QUEST_BEAR_4_12_QUESTINFODATA_TITLE,方尖碑
QUEST_BEAR_4_1_QUESTINFODATA_ACTIONS_0_ACTIONTEXT,殺掉魔鴆！
QUEST_BEAR_4_1_QUESTINFODATA_ACTIONS_0_DEFAULTOUTCOME_JOURNALTEXT,<hero_name> 衝向了那頭生物，但是敵不過汙穢帶來的力量。我們的英雄逃走了，從此再也沒有人見過那個孩子了。
QUEST_BEAR_4_1_QUESTINFODATA_ACTIONS_0_DEFAULTOUTCOME_OUTCOMETEXT,你衝向魔鴆，但你的戰鬥技巧並不足以戰勝這個黑暗生物。你不得不逃跑，汙穢纏繞在你身上。
QUEST_BEAR_4_1_QUESTINFODATA_ACTIONS_0_TESTSUCCESSOUTCOME_JOURNALTEXT,<hero_name> 衝向了這個可怕的生物，多年的訓練終於派上了用場。魔鴆倒下了，小孩得救了。
QUEST_BEAR_4_1_QUESTINFODATA_ACTIONS_0_TESTSUCCESSOUTCOME_OUTCOMETEXT,你舉起了武器，衝向了失落地牢中黑暗大廳裡的邪惡的魔鴆。你的技巧無人能敵，那個生物落敗了。
QUEST_BEAR_4_1_QUESTINFODATA_ACTIONS_1_ACTIONTEXT,不管魔鴆，直接解救小孩。
QUEST_BEAR_4_1_QUESTINFODATA_ACTIONS_1_DEFAULTOUTCOME_JOURNALTEXT,我們的英雄從魔鴆下面鑽過，砸開了牢籠，解救了小狗。他們安然無恙地逃跑了，但是邪惡的化身依舊存在著，一個永遠的威脅。
QUEST_BEAR_4_1_QUESTINFODATA_ACTIONS_1_DEFAULTOUTCOME_OUTCOMETEXT,你閃躲著這個邪惡的生物，撬開了牢籠，解救了小狗。但是，魔鴆依然存在著，牠的邪惡將永遠是一個威脅。
QUEST_BEAR_4_1_QUESTINFODATA_ACTIONS_2_ACTIONTEXT,戴上群英頭盔
QUEST_BEAR_4_1_QUESTINFODATA_ACTIONS_2_DEFAULTOUTCOME_JOURNALTEXT,汙穢生物的力量無法穿透群英頭盔的防禦。<hero_name>殺死了魔鴆，解救了被嚇壞的小狗。
QUEST_BEAR_4_1_QUESTINFODATA_ACTIONS_2_DEFAULTOUTCOME_OUTCOMETEXT,魔鴆尖嘯著，你披上了盔甲。在一陣猛擊中，牠的尖喙並沒有鑿穿你的盔甲。你殺掉了這隻魔物，拯救了小狗。
QUEST_BEAR_4_1_QUESTINFODATA_ACTIONS_3_ACTIONTEXT,「我來收拾這個邪惡的生物！」\n
QUEST_BEAR_4_1_QUESTINFODATA_ACTIONS_3_DEFAULTOUTCOME_JOURNALTEXT,<hero_name>的侍從一陣亂衝，撞壞了一條通道的支柱。通道坍方砸死了那隻魔鴆 ── 而小狗得救了！
QUEST_BEAR_4_1_QUESTINFODATA_ACTIONS_3_DEFAULTOUTCOME_OUTCOMETEXT,侍從衝了過去，舉起了盾牌，但是沒有擊中。他一頭撞斷了橫樑！魔鴆被壓死了，而小狗獲救了！
QUEST_BEAR_4_1_QUESTINFODATA_ENCOUNTERTEXT,你跟著小狗的腳印進入了地牢深處，很快就發現他被困住了 ── 成為了一個黑暗生物的囚徒。
QUEST_BEAR_4_1_QUESTINFODATA_JOURNALENCOUNTERTEXT,小狗的腳印很容易追蹤，引導著<hero_name>穿過了扭曲的通道，抵達了一個由魔鴆看守的牢籠！
QUEST_BEAR_4_1_QUESTINFODATA_JOURNALRUMOURTEXT,<hero_name> 聽說有一隻小狗失蹤了，在附近的一座危險、遭到遺忘的地牢應該與此拖不了關係…
QUEST_BEAR_4_1_QUESTINFODATA_RUMOURTEXT,一隻小狗在附近的村莊失蹤了。據說他跑進了附近的地牢裡……可能會有危險。
QUEST_BEAR_4_1_QUESTINFODATA_TITLE,黑暗中的叫喊
QUEST_BEAR_4_2_QUESTINFODATA_ACTIONS_0_ACTIONTEXT,不管勝率作戰！
QUEST_BEAR_4_2_QUESTINFODATA_ACTIONS_0_DEFAULTOUTCOME_JOURNALTEXT,不幸的是，<hero_name>沒能召來奇跡 ── 強盜大軍如割草般解決了他們，抹去了這個村莊。
QUEST_BEAR_4_2_QUESTINFODATA_ACTIONS_0_DEFAULTOUTCOME_OUTCOMETEXT,你和老狼站在一起，但是顯然你無法擊敗迫近的軍隊。側面挨了一刀後，你不得不逃走。
QUEST_BEAR_4_2_QUESTINFODATA_ACTIONS_0_TESTSUCCESSOUTCOME_JOURNALTEXT,但<hero_name>不想放棄！兩個戰士背靠背地擊敗了強盜大軍，保住了這個村莊！
QUEST_BEAR_4_2_QUESTINFODATA_ACTIONS_0_TESTSUCCESSOUTCOME_OUTCOMETEXT,有老狼在你身邊，你擊敗了強盜大軍。在他死去的時候，老狼送給了你一張隨從卡牌，作為最後一戰的謝禮。
QUEST_BEAR_4_2_QUESTINFODATA_ACTIONS_1_ACTIONTEXT,留下狼族的戰士，讓他迎接自己的命運。
QUEST_BEAR_4_2_QUESTINFODATA_ACTIONS_1_DEFAULTOUTCOME_JOURNALTEXT,<hero_name>在戰鬥開始之前就知道輸定了，於是我們的英雄沒有管愚蠢的狼。村莊很快就淪陷了。
QUEST_BEAR_4_2_QUESTINFODATA_ACTIONS_1_DEFAULTOUTCOME_OUTCOMETEXT,老狼悲傷地對你點了點頭，但還是想要兌現自己的諾言。你在離開的路上，看到地平線處升起濃重的黑煙。
QUEST_BEAR_4_2_QUESTINFODATA_ACTIONS_2_ACTIONTEXT,穿上你的獅心胸甲衝過去！
QUEST_BEAR_4_2_QUESTINFODATA_ACTIONS_2_DEFAULTOUTCOME_JOURNALTEXT,穿上古老的獅心胸甲，我們的英雄在接下來的戰鬥中成為了無法阻攔的力量。村莊被拯救了！
QUEST_BEAR_4_2_QUESTINFODATA_ACTIONS_2_DEFAULTOUTCOME_OUTCOMETEXT,你穿上了傳奇的獅心胸甲，你知道它會保護你。你成功地守護了村莊，殺死了強盜。
QUEST_BEAR_4_2_QUESTINFODATA_ACTIONS_3_ACTIONTEXT,「好鋼會擋住他們的。」
QUEST_BEAR_4_2_QUESTINFODATA_ACTIONS_3_DEFAULTOUTCOME_JOURNALTEXT,鐵匠的熟練雙手從沸騰的熔爐中製造出了足夠多的武器，足以抵擋強盜的衝擊。平原的居民們安全了。
QUEST_BEAR_4_2_QUESTINFODATA_ACTIONS_3_DEFAULTOUTCOME_OUTCOMETEXT,每個村民都帶來了他們的煤炭和柴火。熔爐建好了，製造出了足夠抵禦強盜的武器。
QUEST_BEAR_4_2_QUESTINFODATA_ACTIONS_4_ACTIONTEXT,「索林？白狼？」
QUEST_BEAR_4_2_QUESTINFODATA_ACTIONS_4_DEFAULTOUTCOME_JOURNALTEXT,統治者的真正目的是為了鼓舞。我們的英雄在吟遊詩人的幫助下做到了。老狼單槍匹馬對強盜發起了反擊。
QUEST_BEAR_4_2_QUESTINFODATA_ACTIONS_4_DEFAULTOUTCOME_OUTCOMETEXT,老戰士低下了頭。你的吟遊詩人開始彈奏講述他勇猛的故事。索林感受到了榮耀，他衝了過去，獨自擊敗了進攻的人。
QUEST_BEAR_4_2_QUESTINFODATA_ENCOUNTERTEXT,你抵達的時候，發現居民們都嚇得呆住了。唯一站出來的戰士是一個年邁的狼族戰士，他尋求著最後一次戰鬥。
QUEST_BEAR_4_2_QUESTINFODATA_JOURNALENCOUNTERTEXT,於是我們的英雄長途跋涉來到村莊，得知這裡唯一的戰士是一隻尋找著最後一戰的老狼。情況看起來有些糟糕。
QUEST_BEAR_4_2_QUESTINFODATA_JOURNALRUMOURTEXT,我們的英雄聽說在一個小平原，有一個聚落正遭受強盜的威脅。只有真正的戰士才能抵擋這樣的進攻！
QUEST_BEAR_4_2_QUESTINFODATA_RUMOURTEXT,一些平原居民正在尋求幫助。情況是，強盜隨時可能到來，他們正在找能夠趕走強盜的戰士。
QUEST_BEAR_4_2_QUESTINFODATA_TITLE,最後一場痛快的戰鬥
QUEST_BEAR_4_3_QUESTINFODATA_ACTIONS_0_ACTIONTEXT,殺死他們的首領。
QUEST_BEAR_4_3_QUESTINFODATA_ACTIONS_0_DEFAULTOUTCOME_JOURNALTEXT,不幸的是，我們的英雄不夠迅速！強盜的首領感受到了威脅，下令殺死<hero_name>，而我們的英雄逃走了。
QUEST_BEAR_4_3_QUESTINFODATA_ACTIONS_0_DEFAULTOUTCOME_OUTCOMETEXT,你想要有所動作，但強盜首領發現了你的背叛。他下令殺死你，你失敗了，不得不逃走。
QUEST_BEAR_4_3_QUESTINFODATA_ACTIONS_0_TESTSUCCESSOUTCOME_JOURNALTEXT,但是我們的英雄太快了！一揮爪子，刺眼的光芒淨化了強盜身上的汙穢，拯救了森林和它的居民們免於邪惡。
QUEST_BEAR_4_3_QUESTINFODATA_ACTIONS_0_TESTSUCCESSOUTCOME_OUTCOMETEXT,你在強盜首領說話之前舉起了爪子，他被一陣白光淨化了。他倒下了，其他的人迅速地逃走了。
QUEST_BEAR_4_3_QUESTINFODATA_ACTIONS_1_ACTIONTEXT,進攻！不要仁慈。
QUEST_BEAR_4_3_QUESTINFODATA_ACTIONS_1_DEFAULTOUTCOME_JOURNALTEXT,我們的英雄先殺死了守衛，但很快就意識到他們只是被洗腦了！森林被拯救了，但是強盜首領逃走了。
QUEST_BEAR_4_3_QUESTINFODATA_ACTIONS_1_DEFAULTOUTCOME_OUTCOMETEXT,你攻擊了守衛，但很快你就意識到他們被強盜首領洗腦了。森林得到了淨化，但褻瀆者逃走了。
QUEST_BEAR_4_3_QUESTINFODATA_ACTIONS_2_ACTIONTEXT,「你想見識真正的力量嗎？」
QUEST_BEAR_4_3_QUESTINFODATA_ACTIONS_2_DEFAULTOUTCOME_JOURNALTEXT,<quest_tile>見證了一場黑暗魔法的對決。傳教士敗給了我們英雄的術士，他的門徒逃之夭夭。一敗塗地。
QUEST_BEAR_4_3_QUESTINFODATA_ACTIONS_2_DEFAULTOUTCOME_OUTCOMETEXT,兩位汙穢法師都高舉了他們的雙手。紫色的激光一閃而過。這是真正的魔法。你瞠目結舌地呆望著。你的同伴大聲地呼叫著。傳教士化作了一抹灰燼。
QUEST_BEAR_4_3_QUESTINFODATA_ACTIONS_3_ACTIONTEXT,以汙穢對抗汙穢
QUEST_BEAR_4_3_QUESTINFODATA_ACTIONS_3_DEFAULTOUTCOME_JOURNALTEXT,<hero_name>沒等強盜首領說話，而是丟出了烏鴉之喙匕首，結束了他的生命。森林被拯救了！
QUEST_BEAR_4_3_QUESTINFODATA_ACTIONS_3_DEFAULTOUTCOME_OUTCOMETEXT,你筆直地向強盜首領扔出了匕首。匕首正中他的喉嚨，迅速吸乾了他身上的汙穢，淨化了森林中的邪惡。
QUEST_BEAR_4_3_QUESTINFODATA_ACTIONS_4_ACTIONTEXT,拔出然後開火
QUEST_BEAR_4_3_QUESTINFODATA_ACTIONS_4_DEFAULTOUTCOME_JOURNALTEXT,愛門羅的居民依舊對手持加農砲的威力感到震驚。我們的英雄僅用一發就轟爆了傳教士，然後逃跑了。\n
QUEST_BEAR_4_3_QUESTINFODATA_ACTIONS_4_DEFAULTOUTCOME_OUTCOMETEXT,在矛兵行動之前，你秀出手持加農砲並射死了傳教士。在他的信眾哀嚎的時候，你逃走了。
QUEST_BEAR_4_3_QUESTINFODATA_ENCOUNTERTEXT,你進入了森林的中央，被矛頭指著 ── 這個強盜傳教士顯然在當地有著很大的權力。
QUEST_BEAR_4_3_QUESTINFODATA_JOURNALENCOUNTERTEXT,我們的英雄很快被抓住了，被帶到了森林的中央。在那裡站著強盜的首領，準備結束<hero_name>的生命！
QUEST_BEAR_4_3_QUESTINFODATA_JOURNALRUMOURTEXT,<hero_name>被提醒過，附近的森林中有一個身為褻瀆者的強盜首領，向人們灌輸反抗懷爾德的思想。得阻止他！
QUEST_BEAR_4_3_QUESTINFODATA_RUMOURTEXT,有傳言說，附近的森林中，有一位傳教者正傳播反抗懷爾德的思想。這只有一個可能：汙穢崇拜者。快去阻止他們！
QUEST_BEAR_4_3_QUESTINFODATA_TITLE,褻瀆者強盜
QUEST_BEAR_4_4_QUESTINFODATA_ACTIONS_0_ACTIONTEXT,搜索這個地區。用上你所有的智慧。
QUEST_BEAR_4_4_QUESTINFODATA_ACTIONS_0_DEFAULTOUTCOME_JOURNALTEXT,不幸的是，這對我們的英雄來說超過能力範圍了，道路還是難以找到。<hero_name>失敗了，不得不從山上逃走。
QUEST_BEAR_4_4_QUESTINFODATA_ACTIONS_0_DEFAULTOUTCOME_OUTCOMETEXT,你試著憑借自己的智慧找到通路，但是你什麼都沒有看到。很快地你被完全驅逐出去，失敗了，不得不逃走。
QUEST_BEAR_4_4_QUESTINFODATA_ACTIONS_0_TESTSUCCESSOUTCOME_JOURNALTEXT,但即使是邪惡魔法都無法趕走我們的英雄！憑藉著自己的智慧，<hero_name>抵達了山峰，輕鬆地殺死了魔法大師！
QUEST_BEAR_4_4_QUESTINFODATA_ACTIONS_0_TESTSUCCESSOUTCOME_OUTCOMETEXT,啊哈！在一堆令人毛骨悚然的骨頭後有一條老舊的小路，直達山頂。你輕鬆地將魔法大師趕下了山峰。
QUEST_BEAR_4_4_QUESTINFODATA_ACTIONS_1_ACTIONTEXT,逃離山峰！
QUEST_BEAR_4_4_QUESTINFODATA_ACTIONS_1_DEFAULTOUTCOME_JOURNALTEXT,唉，我們的英雄知道最好不要在魔法大師的地盤上和他們戰鬥。<hero_name>夾起尾巴逃走了，覺得自己做了聰明的決定。
QUEST_BEAR_4_4_QUESTINFODATA_ACTIONS_1_DEFAULTOUTCOME_OUTCOMETEXT,要是你凍死在這些該死的山上，你就拿不到愛門羅的王位了！你做出了聰明的決定，逃走了。
QUEST_BEAR_4_4_QUESTINFODATA_ACTIONS_2_ACTIONTEXT,魔鴆之爪會找出這個傻瓜！
QUEST_BEAR_4_4_QUESTINFODATA_ACTIONS_2_DEFAULTOUTCOME_JOURNALTEXT,幸運的是，拿著魔鴆之爪，魔法大師痛苦的叫聲很快將我們的英雄帶了過去！很快，山頂上的邪惡被淨化了。
QUEST_BEAR_4_4_QUESTINFODATA_ACTIONS_2_DEFAULTOUTCOME_OUTCOMETEXT,你舉起了魔鴆之爪，聽著感染了汙穢的魔法大師的尖叫。你很快找到了聲音傳出的地方，輕鬆地殺死了他。
QUEST_BEAR_4_4_QUESTINFODATA_ACTIONS_3_ACTIONTEXT,利用飛天翅靴
QUEST_BEAR_4_4_QUESTINFODATA_ACTIONS_3_DEFAULTOUTCOME_JOURNALTEXT,如果不是飛天翅靴，風暴可能會將我們英雄的皮膚從他們的骨頭上剝下來。有了它們，我們的英雄殺死了法師。
QUEST_BEAR_4_4_QUESTINFODATA_ACTIONS_3_DEFAULTOUTCOME_OUTCOMETEXT,飛天翅靴讓你飛到空中，穿過了風雪，來到了風暴的上方。你在山頂找到了魔法大師。一場簡單的戰鬥。
QUEST_BEAR_4_4_QUESTINFODATA_ACTIONS_4_ACTIONTEXT,「他們肯定在風暴上方！」
QUEST_BEAR_4_4_QUESTINFODATA_ACTIONS_4_DEFAULTOUTCOME_JOURNALTEXT,我們的英雄被暴風雪阻攔了視線，迷失了方向，最後被他們的探險者救了出來。很快，魔法大師倒下了，山被淨化了。
QUEST_BEAR_4_4_QUESTINFODATA_ACTIONS_4_DEFAULTOUTCOME_OUTCOMETEXT,你的探險者拉著你穿過了阻攔視線的暴風雪。在山頂，你找到了陷入恍惚的魔法大師。真是容易發現的目標。
QUEST_BEAR_4_4_QUESTINFODATA_ENCOUNTERTEXT,你爬上了山，小心地順著道路行走 ── 但暴風雪阻擋了你的視線，掩埋了通路。
QUEST_BEAR_4_4_QUESTINFODATA_JOURNALENCOUNTERTEXT,但是，爬上山頂非常冒險，<hero_name>很快就在冰雪中迷了路。
QUEST_BEAR_4_4_QUESTINFODATA_JOURNALRUMOURTEXT,據說附近的山頂有一個卑鄙的魔法大師，被永遠的風暴環繞著。我們的英雄想要擊敗他。
QUEST_BEAR_4_4_QUESTINFODATA_RUMOURTEXT,一名精通汙穢之道的魔法大師召喚了無盡的暴風雪壟罩著這座山峰。必須趕在邪惡蔓延之前阻止他的惡行！
QUEST_BEAR_4_4_QUESTINFODATA_TITLE,山上的魔法大師
QUEST_BEAR_4_5_QUESTINFODATA_ACTIONS_0_ACTIONTEXT,從遠處觀察當地人。
QUEST_BEAR_4_5_QUESTINFODATA_ACTIONS_0_DEFAULTOUTCOME_JOURNALTEXT,但是很不幸，我們的英雄缺乏找到「一些東西」的智慧，不得不空著爪子逃走了。那會是什麼呢？
QUEST_BEAR_4_5_QUESTINFODATA_ACTIONS_0_DEFAULTOUTCOME_OUTCOMETEXT,不幸的是，由於缺乏智慧，村民們似乎一直知道你在哪裡。你不得不空著爪子離開了村莊。
QUEST_BEAR_4_5_QUESTINFODATA_ACTIONS_0_TESTSUCCESSOUTCOME_JOURNALTEXT,我們的英雄憑著自己的聰明才智，發現一座藏在地下的汙穢祭壇。在成功毀掉它之後，將村莊從瘋狂中解救了出來。
QUEST_BEAR_4_5_QUESTINFODATA_ACTIONS_0_TESTSUCCESSOUTCOME_OUTCOMETEXT,你跟著當地人來到了一個神秘的地下祭壇，看上去與汙穢有所關係。你破壞了祭壇，將他們從瘋狂中解救了出來。
QUEST_BEAR_4_5_QUESTINFODATA_ACTIONS_1_ACTIONTEXT,撤退回旅館。
QUEST_BEAR_4_5_QUESTINFODATA_ACTIONS_1_DEFAULTOUTCOME_JOURNALTEXT,我們的英雄撤退回旅店，重新擬定計畫。但是發現村民們的雙眼已經變成紫色，露出了汙穢的真面目！<hero_name>害怕地逃走了！
QUEST_BEAR_4_5_QUESTINFODATA_ACTIONS_1_DEFAULTOUTCOME_OUTCOMETEXT,你採取了地方官的建議，但村民們馬上把給你包圍了，他們的雙眼閃著代表汙穢的紫色光芒。你害怕的逃走了！
QUEST_BEAR_4_5_QUESTINFODATA_ACTIONS_2_ACTIONTEXT,躲在冰鑒斗篷裡
QUEST_BEAR_4_5_QUESTINFODATA_ACTIONS_2_DEFAULTOUTCOME_JOURNALTEXT,我們的英雄用冰鑒斗篷躲到了村民看不到的地方。在找到黑暗的源頭後摧毀了它。
QUEST_BEAR_4_5_QUESTINFODATA_ACTIONS_2_DEFAULTOUTCOME_OUTCOMETEXT,用那冰鑒斗篷躲起來之後，你跟隨著村民們。其中一個人把你領到汙穢祭壇處。在摧毀它之後，奇怪的「黑暗」消失了。
QUEST_BEAR_4_5_QUESTINFODATA_ACTIONS_3_ACTIONTEXT,「我知道該去哪。」
QUEST_BEAR_4_5_QUESTINFODATA_ACTIONS_3_DEFAULTOUTCOME_JOURNALTEXT,<hero_name>的王牌間諜很快就找到了邪惡的源頭：一個與汙穢有關的祭壇！你們兩人破壞了祭壇，成功拯救了村莊。
QUEST_BEAR_4_5_QUESTINFODATA_ACTIONS_3_DEFAULTOUTCOME_OUTCOMETEXT,王牌間諜靠著他敏銳的直覺很快找到了邪惡的源頭：一個汙穢祭壇！你破壞了它，將村莊從瘋狂中解救了出來。
QUEST_BEAR_4_5_QUESTINFODATA_ENCOUNTERTEXT,一開始，村莊看上去很普通。鎮上的地方官甚至向你介紹了當地的旅館，但是有什麼感覺不太對。
QUEST_BEAR_4_5_QUESTINFODATA_JOURNALENCOUNTERTEXT,一開始，村莊看上去相當正常，但是所有人都有點太好了 ── 有些太過於熱心了。有什麼藏在背後。
QUEST_BEAR_4_5_QUESTINFODATA_JOURNALRUMOURTEXT,沒有人能說得清是怎麼回事，但當地村落的村民們有些……奇怪。我們的英雄前去調查。
QUEST_BEAR_4_5_QUESTINFODATA_RUMOURTEXT,這個村落被某種黑暗之力籠罩著。不確定具體的是甚麼，但能肯定的是，這絕對跟汙穢拖不了關係。你得去找出真相。
QUEST_BEAR_4_5_QUESTINFODATA_TITLE,令人好奇的村莊
QUEST_BEAR_4_6_QUESTINFODATA_ACTIONS_0_ACTIONTEXT,穿過附近的一個狹隘的山谷。
QUEST_BEAR_4_6_QUESTINFODATA_ACTIONS_0_DEFAULTOUTCOME_JOURNALTEXT,<hero_name>想要讓貨車穿過狹隘的山峽谷，但強盜們也不是傻子。他們攔下了貨車，搶走了所有的財物。
QUEST_BEAR_4_6_QUESTINFODATA_ACTIONS_0_DEFAULTOUTCOME_OUTCOMETEXT,悲傷的是，強盜們比你更聰明。他們跑到你們前面，在峽谷的另一邊攔下了你們，搶走了你們的財物。
QUEST_BEAR_4_6_QUESTINFODATA_ACTIONS_0_TESTSUCCESSOUTCOME_JOURNALTEXT,在迅速地思考之後，<hero_name>將貨車帶到了附近的一個峽谷那裡，將強盜們的兵力分散開。我們的英雄一個接一個地解決了他們。
QUEST_BEAR_4_6_QUESTINFODATA_ACTIONS_0_TESTSUCCESSOUTCOME_OUTCOMETEXT,強盜上鉤了，在峽谷中分散了兵力，讓你能夠一個一個地解決他們。
QUEST_BEAR_4_6_QUESTINFODATA_ACTIONS_1_ACTIONTEXT,將貨車帶到附近的沼澤處。
QUEST_BEAR_4_6_QUESTINFODATA_ACTIONS_1_DEFAULTOUTCOME_JOURNALTEXT,<hero_name>跑去了沼澤 ── 強盜們要是跟著他們，就中招了！不幸的是，許多貨車都陷進了泥潭裡。
QUEST_BEAR_4_6_QUESTINFODATA_ACTIONS_1_DEFAULTOUTCOME_OUTCOMETEXT,強盜們覺得你真是瘋了才會跑到沼澤去。貨車逃脫了，但是許多都陷進了泥潭裡，連同你的報酬一起。
QUEST_BEAR_4_6_QUESTINFODATA_ACTIONS_2_ACTIONTEXT,「我知道一個古老的花招。」
QUEST_BEAR_4_6_QUESTINFODATA_ACTIONS_2_DEFAULTOUTCOME_JOURNALTEXT,財務官設了一個古老的商人花招來愚弄強盜。貨車繼續前行，沒有受到打擾。
QUEST_BEAR_4_6_QUESTINFODATA_ACTIONS_2_DEFAULTOUTCOME_OUTCOMETEXT,財務官搜索了貨車。他用稻草填滿了一個袋子，然後把它從後面推了出去。強盜們抓起它就跑了。狠狠地被愚弄了。
QUEST_BEAR_4_6_QUESTINFODATA_ACTIONS_3_ACTIONTEXT,解決這些強盜
QUEST_BEAR_4_6_QUESTINFODATA_ACTIONS_3_DEFAULTOUTCOME_JOURNALTEXT,此時，<hero_name>的名號已響徹愛門羅。強盜們認出了我們的英雄和他們的皇室護盾，決定逃走。
QUEST_BEAR_4_6_QUESTINFODATA_ACTIONS_3_DEFAULTOUTCOME_OUTCOMETEXT,拿著皇室護盾，你慢慢走向強盜，準備戰鬥。光是看到你，就讓他們停了下來，然後逃走了。真是謝天謝地。
QUEST_BEAR_4_6_QUESTINFODATA_ACTIONS_4_ACTIONTEXT,「這些強盜沒辦法搶走不真實存在的東西！讓我來吧。」
QUEST_BEAR_4_6_QUESTINFODATA_ACTIONS_4_DEFAULTOUTCOME_JOURNALTEXT,<hero_name>忠誠的咒術師創造了大篷車的鏡像，愚弄了強盜們，爭取到了逃離這片平原的時間。
QUEST_BEAR_4_6_QUESTINFODATA_ACTIONS_4_DEFAULTOUTCOME_OUTCOMETEXT,咒術師只用了一個簡單的咒語，創造出了一個開往另一個方向的大篷車的幻象。強盜們很快就去追它了。
QUEST_BEAR_4_6_QUESTINFODATA_ENCOUNTERTEXT,你跟著大篷車走了幾個小時，意識到你被一群強盜跟上了。他們一定在計劃著搶劫你！
QUEST_BEAR_4_6_QUESTINFODATA_JOURNALENCOUNTERTEXT,沒過多久，<hero_name>就意識到有一群強盜正跟隨著他們穿越平原。我們的英雄需要做出一個計劃！
QUEST_BEAR_4_6_QUESTINFODATA_JOURNALRUMOURTEXT,我們的英雄被召來保護熊族的車隊穿過敵對的強盜領地。他們許諾，如果沒有損失，就會給予我們的英雄報酬。
QUEST_BEAR_4_6_QUESTINFODATA_RUMOURTEXT,有一個車隊明天就要出發，他們請求你的保護。可能會給你一些報酬！
QUEST_BEAR_4_6_QUESTINFODATA_TITLE,懷爾德的保鏢
QUEST_BEAR_4_7_QUESTINFODATA_ACTIONS_0_ACTIONTEXT,正確地冥想你過去的行為。
QUEST_BEAR_4_7_QUESTINFODATA_ACTIONS_0_DEFAULTOUTCOME_JOURNALTEXT,不幸的是，我們的英雄缺乏足以找到過去行為的意義的心靈力量。<hero_name>離開了神廟，感覺不太輕鬆。
QUEST_BEAR_4_7_QUESTINFODATA_ACTIONS_0_DEFAULTOUTCOME_OUTCOMETEXT,你想要冥想你過去的行為，但是並沒有從中找尋到什麼意義。你離開了神廟，對未來感到迷茫。
QUEST_BEAR_4_7_QUESTINFODATA_ACTIONS_0_TESTSUCCESSOUTCOME_JOURNALTEXT,在反省自己過去的行徑時，我們的英雄學到了很多東西 ── 能幫助他面對未來的考驗與競逐王座的寶貴知識。
QUEST_BEAR_4_7_QUESTINFODATA_ACTIONS_0_TESTSUCCESSOUTCOME_OUTCOMETEXT,你回想了自己過去的行為。每一個都是寶貴的經驗，你很快認出並內化了對未來有益的知識。
QUEST_BEAR_4_7_QUESTINFODATA_ACTIONS_1_ACTIONTEXT,為你過去的行為找理由。
QUEST_BEAR_4_7_QUESTINFODATA_ACTIONS_1_DEFAULTOUTCOME_JOURNALTEXT,我們的英雄沒有反思自己過去的行為，而是為這些行為找借口。除了讓自己變得安心一些之外，什麼都沒有學到。
QUEST_BEAR_4_7_QUESTINFODATA_ACTIONS_1_DEFAULTOUTCOME_OUTCOMETEXT,你只是給自己過去的行為找了理由，並沒有去反思。你什麼都沒有學到，但是覺得安心了。
QUEST_BEAR_4_7_QUESTINFODATA_ACTIONS_2_ACTIONTEXT,「我認識這個地方。」
QUEST_BEAR_4_7_QUESTINFODATA_ACTIONS_2_DEFAULTOUTCOME_JOURNALTEXT,熊族神廟已經失落了許多年。但對這個陌生人來說，時間似乎毫無意義。他們顯示了隱藏寶藏的位置。
QUEST_BEAR_4_7_QUESTINFODATA_ACTIONS_2_DEFAULTOUTCOME_OUTCOMETEXT,陌生人一邊自言自語一邊急匆匆地穿過了神廟的廊道。不久，他回來了，拿著一疊咒術卡牌。
QUEST_BEAR_4_7_QUESTINFODATA_ACTIONS_3_ACTIONTEXT,懷爾德烈焰權杖發出了奇怪的光芒……
QUEST_BEAR_4_7_QUESTINFODATA_ACTIONS_3_DEFAULTOUTCOME_JOURNALTEXT,<hero_name>被懷爾德烈焰權杖轉移了注意，然而 ── 它那奇怪的光芒帶領著我們的英雄，來到了神廟中藏著的遠古寶藏那裡！
QUEST_BEAR_4_7_QUESTINFODATA_ACTIONS_3_DEFAULTOUTCOME_OUTCOMETEXT,你的懷爾德烈焰權杖在這裡發出了光芒，你很快意識到它是在指引你找到神廟中隱藏的寶藏！
QUEST_BEAR_4_7_QUESTINFODATA_ACTIONS_4_ACTIONTEXT,讓懷爾德審判你
QUEST_BEAR_4_7_QUESTINFODATA_ACTIONS_4_DEFAULTOUTCOME_JOURNALTEXT,我們的英雄沒有思考，而是舉起了懷爾德護符，向懷爾德開放了他們的心靈。它審判了他們，並給予了<hero_name>力量。
QUEST_BEAR_4_7_QUESTINFODATA_ACTIONS_4_DEFAULTOUTCOME_OUTCOMETEXT,冥想？思考？你之前就做過這些了，而現在是讓懷爾德審判你的時候。護符發出了溫暖的光芒。你感覺自己的力量增強了。
QUEST_BEAR_4_7_QUESTINFODATA_ENCOUNTERTEXT,去往山頂的路寒冷而危險，但你很快就跨過了一座曾經宏偉的熊族神廟的門檻。
QUEST_BEAR_4_7_QUESTINFODATA_JOURNALENCOUNTERTEXT,在抵達山峰的高處的時候，我們的英雄發現了一座刻在石化的老樹上的華麗神廟。是時候進行冥想了。
QUEST_BEAR_4_7_QUESTINFODATA_JOURNALRUMOURTEXT,<hero_name>聽說有一個古老的，被遺忘的熊族神廟矗立在愛門羅的高處。顯然應該準備一次冥想之旅了。
QUEST_BEAR_4_7_QUESTINFODATA_RUMOURTEXT,一個古老的熊部族神廟坐落在附近的山峰上。你穿過空蕩蕩的大廳，反思自己的行為，準備好迎接前方的戰鬥。
QUEST_BEAR_4_7_QUESTINFODATA_TITLE,冥想困境
QUEST_BEAR_4_8_QUESTINFODATA_ACTIONS_0_ACTIONTEXT,請求懷爾德寬恕這孩子。
QUEST_BEAR_4_8_QUESTINFODATA_ACTIONS_0_DEFAULTOUTCOME_JOURNALTEXT,<hero_name> 懇求著懷爾德，但祂無視了他們的呼喊。德魯伊們繼續祭祀，我們的英雄的信仰被這一幕動搖了。
QUEST_BEAR_4_8_QUESTINFODATA_ACTIONS_0_DEFAULTOUTCOME_OUTCOMETEXT,你請求懷爾德的干涉，但祂無視了你。祭祀繼續著，懷爾德得到了祂的獎勵。那一天，你的信仰被動搖了。
QUEST_BEAR_4_8_QUESTINFODATA_ACTIONS_0_TESTSUCCESSOUTCOME_JOURNALTEXT,<hero_name>向懷爾德乞求，為幼犬求情。懷爾德在那天展現了仁慈，德魯伊們放走了牠。
QUEST_BEAR_4_8_QUESTINFODATA_ACTIONS_0_TESTSUCCESSOUTCOME_OUTCOMETEXT,如同德魯伊侍奉祂的榮光一般，你向懷爾德低聲禱告著。德魯伊被你的懇求打動，停下了手，幼犬被釋放了。
QUEST_BEAR_4_8_QUESTINFODATA_ACTIONS_1_ACTIONTEXT,什麼也不做。德魯伊們只是在侍奉懷爾德的意志。
QUEST_BEAR_4_8_QUESTINFODATA_ACTIONS_1_DEFAULTOUTCOME_JOURNALTEXT,<hero_name>知道最好不要干涉德魯伊們 ── 不管怎麼說，他們即代表了懷爾德的意志。再也沒有人見過那隻幼犬了。
QUEST_BEAR_4_8_QUESTINFODATA_ACTIONS_1_DEFAULTOUTCOME_OUTCOMETEXT,你不知道這隻幼犬被選作祭品的理由，但是你知道別的選擇一定更糟。你裝作什麼都沒看到一樣的離開了。
QUEST_BEAR_4_8_QUESTINFODATA_ACTIONS_2_ACTIONTEXT,「不！換成我！」
QUEST_BEAR_4_8_QUESTINFODATA_ACTIONS_2_DEFAULTOUTCOME_JOURNALTEXT,那個怕東怕西的超級大傻瓜，竟然願意為救幼犬而搭上自己的性命。他過人的勇氣激勵了我們的英雄，成功抓住了她，也一併把超級大傻瓜給拖走了。
QUEST_BEAR_4_8_QUESTINFODATA_ACTIONS_2_DEFAULTOUTCOME_OUTCOMETEXT,超級大傻瓜跳了出來。眼淚從他的臉上流過。噪音吸引了古老生物的注意，幫你爭取了救幼犬並逃跑的時間。
QUEST_BEAR_4_8_QUESTINFODATA_ACTIONS_3_ACTIONTEXT,「進攻！」
QUEST_BEAR_4_8_QUESTINFODATA_ACTIONS_3_DEFAULTOUTCOME_JOURNALTEXT,德魯伊之道很神秘。當我們的勇士上前進攻的時候，他們消失了。幼犬得救了，我們的勇士覺得哪裡變了。
QUEST_BEAR_4_8_QUESTINFODATA_ACTIONS_3_DEFAULTOUTCOME_OUTCOMETEXT,懷爾德失控了。你拔出銀月巨鐮，並跳進這群生物和幼犬之間。他們一直沒有動作。就這樣的……消失不見了。
QUEST_BEAR_4_8_QUESTINFODATA_ENCOUNTERTEXT,村民的方向將你引至三個體型碩大、面如骷髏的生物面前。一隻幼犬著了魔般躺在那裡，不久就要被獻祭掉了。
QUEST_BEAR_4_8_QUESTINFODATA_JOURNALENCOUNTERTEXT,我們的英雄起了興致，跟著村民的方向走，發現了三個生物，他們準備將一名幼童獻祭給懷爾德！
QUEST_BEAR_4_8_QUESTINFODATA_JOURNALRUMOURTEXT,遠古的德魯伊已經很久沒有現身了，彷彿只存在於人們的謠傳與推測之中。而現在卻有村民聲稱他們拐走了他們的幼犬。
QUEST_BEAR_4_8_QUESTINFODATA_RUMOURTEXT,有個平原上的小村落中的村民表示他們的幼犬被一群發著怪光的生物拐走了……他們會不會就是遠古的德魯伊？
QUEST_BEAR_4_8_QUESTINFODATA_TITLE,德魯伊祭品
QUEST_BEAR_4_9_QUESTINFODATA_ACTIONS_0_ACTIONTEXT,讓懷爾德淨化這片邪惡之地吧。
QUEST_BEAR_4_9_QUESTINFODATA_ACTIONS_0_DEFAULTOUTCOME_JOURNALTEXT,很不幸，<hero_name>並未獲得懷爾德之力，邪惡威脅要吞噬我們英雄的靈魂。他們只能被迫逃走了。
QUEST_BEAR_4_9_QUESTINFODATA_ACTIONS_0_DEFAULTOUTCOME_OUTCOMETEXT,很不幸，懷爾德並沒有注意到你的召喚，而你在逃跑的途中卻被戰士的惡靈所傷。
QUEST_BEAR_4_9_QUESTINFODATA_ACTIONS_0_TESTSUCCESSOUTCOME_JOURNALTEXT,<hero_name>在懷爾德的幫助下強大起來，用治癒之光淨化了遠古戰士骸骨中的惡靈，森林因此得以保全。
QUEST_BEAR_4_9_QUESTINFODATA_ACTIONS_0_TESTSUCCESSOUTCOME_OUTCOMETEXT,你的爪中釋放出一束白光，治癒光環籠罩整個森林。出沒林間的惡靈再也不見了。
QUEST_BEAR_4_9_QUESTINFODATA_ACTIONS_1_ACTIONTEXT,仇恨會吞噬你！逃跑。
QUEST_BEAR_4_9_QUESTINFODATA_ACTIONS_1_DEFAULTOUTCOME_JOURNALTEXT,<hero_name>得知林中的惡靈太過強大很難消滅後，機智地選擇了逃走，請求懷爾德能夠保佑。
QUEST_BEAR_4_9_QUESTINFODATA_ACTIONS_1_DEFAULTOUTCOME_OUTCOMETEXT,一個純邪的惡靈在呼喚你，企圖佔據你的靈魂。你知道自己力不能敵，於是在戰士攻擊之前逃離了森林。
QUEST_BEAR_4_9_QUESTINFODATA_ACTIONS_2_ACTIONTEXT,舉起魔鴆之刃淨化汙穢。
QUEST_BEAR_4_9_QUESTINFODATA_ACTIONS_2_DEFAULTOUTCOME_JOURNALTEXT,<hero_name>知道被詛咒的魔鴆之刃可以淨化惡靈，於是揮刀砍去。戰士很快就被擊敗了，邪惡也雲飛四散了。
QUEST_BEAR_4_9_QUESTINFODATA_ACTIONS_2_DEFAULTOUTCOME_OUTCOMETEXT,你舉起了魔鴆之刃，知道它的力量足以對抗戰士的惡靈。他的骸骨被打得四散分離，阻止了威脅。
QUEST_BEAR_4_9_QUESTINFODATA_ACTIONS_3_ACTIONTEXT,「阿德旺？」
QUEST_BEAR_4_9_QUESTINFODATA_ACTIONS_3_DEFAULTOUTCOME_JOURNALTEXT,這是阿德旺的靈魂，他是個被誤殺的著名詩人。我們的英雄呈交給他一份皇室赦令，最終使他那受折磨的靈魂得到了安息。
QUEST_BEAR_4_9_QUESTINFODATA_ACTIONS_3_DEFAULTOUTCOME_OUTCOMETEXT,你認識他，他就是阿德旺！一位熊族詩人。他被誤判謀殺罪然後被處死。當你呈交給他一份皇室赦令後，他便消失不見了。
QUEST_BEAR_4_9_QUESTINFODATA_ACTIONS_4_ACTIONTEXT,展示皇室旗幟
QUEST_BEAR_4_9_QUESTINFODATA_ACTIONS_4_DEFAULTOUTCOME_JOURNALTEXT,國王的殺手不會去殺一個忠誠的人。皇室旗幟足以證明這一點。暗殺者提供了解毒劑。
QUEST_BEAR_4_9_QUESTINFODATA_ACTIONS_4_DEFAULTOUTCOME_OUTCOMETEXT,國王的暗殺者？你舉起了皇室旗幟，讓他明白你是盟友。不久之後，一隻老鼠衝出了灌木叢，爪子裡抓著解毒劑。
QUEST_BEAR_4_9_QUESTINFODATA_ENCOUNTERTEXT,森林中有一隻妖靈，因死於非命，積怨多年，凶險萬分。它的屍骨被掩埋在那隱蔽的古墓裡。
QUEST_BEAR_4_9_QUESTINFODATA_JOURNALENCOUNTERTEXT,有一位迷失自我的戰士被埋在森林深處的古墓裡，凶險狂暴且感染汙穢。它的怒火將考驗我們的英雄的決意與本質！
QUEST_BEAR_4_9_QUESTINFODATA_JOURNALRUMOURTEXT,有一股新的邪惡從附近森林的中央蔓延開來，讓大地充斥著汙穢。我們的英雄決定找出它的源頭並終結它。
QUEST_BEAR_4_9_QUESTINFODATA_RUMOURTEXT,汙穢逐漸滋長蔓延，一切病徵都指向附近的森林。看看你能否找到這場新疫病的根源吧！
QUEST_BEAR_4_9_QUESTINFODATA_TITLE,戰士骸骨
QUEST_BEAR_5_1_QUESTINFODATA_ACTIONS_0_ACTIONTEXT,跟隨預言家的指示。
QUEST_BEAR_5_1_QUESTINFODATA_ACTIONS_0_DEFAULTOUTCOME_JOURNALTEXT,我們的英雄插入了小金鑰匙，花了一點時間凝神靜氣，然後轉動了鑰匙，牆壁就在他們眼前分開了。
QUEST_BEAR_5_1_QUESTINFODATA_ACTIONS_0_DEFAULTOUTCOME_OUTCOMETEXT,你轉動了鑰匙，象牙色的石牆如水般移開了，王宮花園就展現在了你的面前。
QUEST_BEAR_5_1_QUESTINFODATA_ENCOUNTERTEXT,一開始你沒看出有暗門的跡象。之後隨著光線的偏移，佈滿荊棘的牆上露出了一個小鑰匙孔。就是這個了。
QUEST_BEAR_5_1_QUESTINFODATA_JOURNALENCOUNTERTEXT,<hero_name>到達了王宮，在片刻困惑後，預言家說的入口，也就是小鑰匙孔自己出現了。
QUEST_BEAR_5_1_QUESTINFODATA_JOURNALRUMOURTEXT,<hero_name>的勇氣給了部族的預言家力量，他們預見了英雄進入王宮，迎戰瘋王。
QUEST_BEAR_5_1_QUESTINFODATA_RUMOURTEXT,部族的預言家通過你在愛門羅王國的豐功偉績，看到了一條進入王宮的道路。動作快點，<hero_name>！
QUEST_BEAR_5_1_QUESTINFODATA_TITLE,旅途終點
QUEST_BEAR_PROLOGUE_1_QUESTINFODATA_ACTIONS_0_ACTIONTEXT,搶走古物。
QUEST_BEAR_PROLOGUE_1_QUESTINFODATA_ACTIONS_0_DEFAULTOUTCOME_JOURNALTEXT,薩娜無力抵擋魔鴆，她被迫丟下古物逃離地牢，並且還受了傷。
QUEST_BEAR_PROLOGUE_1_QUESTINFODATA_ACTIONS_0_DEFAULTOUTCOME_OUTCOMETEXT,跑向古物所花的時間讓魔鴆有了充足的時間成形。牠們起身攻擊，將你擊傷。你在逃跑的時候丟下了古物。
QUEST_BEAR_PROLOGUE_1_QUESTINFODATA_ACTIONS_0_TESTSUCCESSOUTCOME_JOURNALTEXT,你不允許這些邪惡的生物橫行於世。你發起了進攻，當牠們還在黑暗中生長之時，你就擊殺了許多這種野獸。
QUEST_BEAR_PROLOGUE_1_QUESTINFODATA_ACTIONS_0_TESTSUCCESSOUTCOME_OUTCOMETEXT,你拿到古物的時候，魔鴆已經起來了。你手持古物殺出一條血路逃了出去。
QUEST_BEAR_PROLOGUE_1_QUESTINFODATA_ACTIONS_1_ACTIONTEXT,在魔鴆成形前將牠們擊殺。
QUEST_BEAR_PROLOGUE_1_QUESTINFODATA_ACTIONS_1_DEFAULTOUTCOME_JOURNALTEXT,薩娜盡了自己的義務。她發動攻擊，在逃離地牢前已盡她所能的擊殺了許多正在成形的魔鴆。
QUEST_BEAR_PROLOGUE_1_QUESTINFODATA_ACTIONS_1_DEFAULTOUTCOME_OUTCOMETEXT,你不允許這些邪惡的生物橫行於世。你發起了進攻，當牠們還在黑暗中生長之時，你就擊殺了許多這種野獸。
QUEST_BEAR_PROLOGUE_1_QUESTINFODATA_ENCOUNTERTEXT,你來得太晚了！地牢裡充滿了剛降生魔鴆的尖嘯聲。牠們成群結隊地從一件奇特古物周圍的黑色膿水中鑽了出來。
QUEST_BEAR_PROLOGUE_1_QUESTINFODATA_JOURNALENCOUNTERTEXT,但是她來的太晚了。魔鴆已經重返愛門羅了！薩娜冒險深入地牢，希望能想方法阻斷感染。
QUEST_BEAR_PROLOGUE_1_QUESTINFODATA_JOURNALRUMOURTEXT,薩娜沒有時間了。她能夠感覺到大地之中的黑暗在翻攪。她動身前往了<quest_tile>。也許她能夠阻止這一切！
QUEST_BEAR_PROLOGUE_1_QUESTINFODATA_RUMOURTEXT,愛門羅的深淵之中，黑暗之力在擾動著。長老們令你前去阻止，防止可怕的魔鴆降臨。
QUEST_BEAR_PROLOGUE_1_QUESTINFODATA_TITLE,遠古黑暗
QUEST_BEAR_PROLOGUE_2_QUESTINFODATA_ACTIONS_0_ACTIONTEXT,給他們心靈石。
QUEST_BEAR_PROLOGUE_2_QUESTINFODATA_ACTIONS_0_DEFAULTOUTCOME_JOURNALTEXT,薩娜打不過守衛。她交出了心靈石。過了一會兒，國王下令將其藏起來。
QUEST_BEAR_PROLOGUE_2_QUESTINFODATA_ACTIONS_0_DEFAULTOUTCOME_OUTCOMETEXT,你猶豫著，然後交出了心靈石。守衛沒收了它。你身後響起了令你顫慄的低沉嗓音。「把它鎖到地牢裡。」國王現身了！
QUEST_BEAR_PROLOGUE_2_QUESTINFODATA_ACTIONS_1_ACTIONTEXT,快跑吧！現在！
QUEST_BEAR_PROLOGUE_2_QUESTINFODATA_ACTIONS_1_DEFAULTOUTCOME_JOURNALTEXT,薩娜嘗試著逃跑，但是被國王親自攔住了！他咆哮著，眼中迸發著體內的黑暗之力。
QUEST_BEAR_PROLOGUE_2_QUESTINFODATA_ACTIONS_1_DEFAULTOUTCOME_OUTCOMETEXT,不！你抓著心靈石轉身就跑，但你身後出現了一道黑影。是國王！他的眼中閃耀著汙穢的力量。他舉起了自己的劍。
QUEST_BEAR_PROLOGUE_2_QUESTINFODATA_ENCOUNTERTEXT,雖然危機很嚇人，但國王守衛們的長戟更加危險。你極力想要辯解，但他們絲毫不聽。「快交出來！」
QUEST_BEAR_PROLOGUE_2_QUESTINFODATA_JOURNALENCOUNTERTEXT,雖然危機很嚇人，但國王守衛們的長戟更加危險。你極力想要辯解，但他們絲毫不聽。「快交出來！」
QUEST_BEAR_PROLOGUE_2_QUESTINFODATA_JOURNALRUMOURTEXT,這片土地病入膏肓，但仍然還有希望。如果薩娜能夠到達王宮，國王肯定會幫助她淨化大地的。
QUEST_BEAR_PROLOGUE_2_QUESTINFODATA_RUMOURTEXT,魔鴆重返愛門羅了，不過心靈石也是如此。薩娜急忙地趕往王宮。國王肯定會知道該做些什麼。
QUEST_BEAR_PROLOGUE_2_QUESTINFODATA_TITLE,瘋王
QUEST_CHALLENGE,挑戰
QUEST_CHOOSE_AN_ACTION,選擇一項行動……
QUEST_DIALOGUE_CONTINUE,繼續……
QUEST_DIALOG_CONTINUE,繼續
QUEST_DRAGON_1_1_QUESTINFODATA_ACTIONS_0_ACTIONTEXT,戰鬥
QUEST_DRAGON_1_1_QUESTINFODATA_ACTIONS_1_ACTIONTEXT,逃離
QUEST_DRAGON_1_1_QUESTINFODATA_TITLE,滅鴆
QUEST_DRAGON_1_2_QUESTINFODATA_ACTIONS_0_ACTIONTEXT,轉變
QUEST_DRAGON_1_2_QUESTINFODATA_ACTIONS_1_ACTIONTEXT,淨化
QUEST_DRAGON_1_2_QUESTINFODATA_TITLE,碰觸治療
QUEST_DRAGON_1_3_QUESTINFODATA_ACTIONS_0_ACTIONTEXT,學習
QUEST_DRAGON_1_3_QUESTINFODATA_ACTIONS_1_ACTIONTEXT,切斷
QUEST_DRAGON_1_3_QUESTINFODATA_TITLE,舊時故事
QUEST_DRAGON_1_4_QUESTINFODATA_ACTIONS_0_ACTIONTEXT,復活
QUEST_DRAGON_1_4_QUESTINFODATA_ACTIONS_1_ACTIONTEXT,尊重
QUEST_DRAGON_1_4_QUESTINFODATA_TITLE,古墓園
QUEST_DRAGON_1_5_QUESTINFODATA_ACTIONS_0_ACTIONTEXT,治療
QUEST_DRAGON_1_5_QUESTINFODATA_ACTIONS_1_ACTIONTEXT,剔除
QUEST_DRAGON_1_5_QUESTINFODATA_TITLE,骯髒的瘟疫
QUEST_DRAGON_1_6_QUESTINFODATA_ACTIONS_0_ACTIONTEXT,交戰
QUEST_DRAGON_1_6_QUESTINFODATA_ACTIONS_1_ACTIONTEXT,逃脫
QUEST_DRAGON_1_6_QUESTINFODATA_TITLE,追趕
QUEST_DRAGON_2_1_QUESTINFODATA_ACTIONS_0_ACTIONTEXT,忍耐
QUEST_DRAGON_2_1_QUESTINFODATA_ACTIONS_1_ACTIONTEXT,閃避
QUEST_DRAGON_2_1_QUESTINFODATA_ACTIONS_2_ACTIONTEXT,淘汰
QUEST_DRAGON_2_1_QUESTINFODATA_TITLE,化險為夷
QUEST_DRAGON_2_2_QUESTINFODATA_ACTIONS_0_ACTIONTEXT,清除
QUEST_DRAGON_2_2_QUESTINFODATA_ACTIONS_1_ACTIONTEXT,觀察
QUEST_DRAGON_2_2_QUESTINFODATA_ACTIONS_2_ACTIONTEXT,凌駕一切
QUEST_DRAGON_2_2_QUESTINFODATA_TITLE,古老諸神
QUEST_DRAGON_2_3_QUESTINFODATA_ACTIONS_0_ACTIONTEXT,悔悟
QUEST_DRAGON_2_3_QUESTINFODATA_ACTIONS_1_ACTIONTEXT,回收
QUEST_DRAGON_2_3_QUESTINFODATA_ACTIONS_2_ACTIONTEXT,尊重
QUEST_DRAGON_2_3_QUESTINFODATA_TITLE,暗影祭壇
QUEST_DRAGON_2_4_QUESTINFODATA_ACTIONS_0_ACTIONTEXT,竊取
QUEST_DRAGON_2_4_QUESTINFODATA_ACTIONS_1_ACTIONTEXT,分享
QUEST_DRAGON_2_4_QUESTINFODATA_ACTIONS_2_ACTIONTEXT,嚇唬
QUEST_DRAGON_2_4_QUESTINFODATA_TITLE,爭奪獎項
QUEST_DRAGON_2_5_QUESTINFODATA_ACTIONS_0_ACTIONTEXT,燃燒
QUEST_DRAGON_2_5_QUESTINFODATA_ACTIONS_1_ACTIONTEXT,埋葬
QUEST_DRAGON_2_5_QUESTINFODATA_ACTIONS_2_ACTIONTEXT,購買
QUEST_DRAGON_2_5_QUESTINFODATA_TITLE,失落的寶藏
QUEST_DRAGON_2_6_QUESTINFODATA_ACTIONS_0_ACTIONTEXT,決鬥
QUEST_DRAGON_2_6_QUESTINFODATA_ACTIONS_1_ACTIONTEXT,分心
QUEST_DRAGON_2_6_QUESTINFODATA_ACTIONS_2_ACTIONTEXT,迷亂
QUEST_DRAGON_2_6_QUESTINFODATA_TITLE,邪惡崇拜
QUEST_DRAGON_2_7_QUESTINFODATA_ACTIONS_0_ACTIONTEXT,潛行
QUEST_DRAGON_2_7_QUESTINFODATA_ACTIONS_1_ACTIONTEXT,停住
QUEST_DRAGON_2_7_QUESTINFODATA_ACTIONS_2_ACTIONTEXT,燃燒
QUEST_DRAGON_2_7_QUESTINFODATA_TITLE,緊急時刻
QUEST_DRAGON_2_8_QUESTINFODATA_ACTIONS_0_ACTIONTEXT,冥想
QUEST_DRAGON_2_8_QUESTINFODATA_ACTIONS_1_ACTIONTEXT,管理
QUEST_DRAGON_2_8_QUESTINFODATA_ACTIONS_2_ACTIONTEXT,謀劃
QUEST_DRAGON_2_8_QUESTINFODATA_TITLE,冰封的朝聖之路
QUEST_DRAGON_3_1_QUESTINFODATA_ACTIONS_0_ACTIONTEXT,復仇
QUEST_DRAGON_3_1_QUESTINFODATA_ACTIONS_1_ACTIONTEXT,撤退
QUEST_DRAGON_3_1_QUESTINFODATA_ACTIONS_2_ACTIONTEXT,復原
QUEST_DRAGON_3_1_QUESTINFODATA_TITLE,背叛
QUEST_DRAGON_3_2_QUESTINFODATA_ACTIONS_0_ACTIONTEXT,戰鬥
QUEST_DRAGON_3_2_QUESTINFODATA_ACTIONS_1_ACTIONTEXT,燃燒
QUEST_DRAGON_3_2_QUESTINFODATA_ACTIONS_2_ACTIONTEXT,賄賂
QUEST_DRAGON_3_2_QUESTINFODATA_TITLE,城堡裡的德魯伊
QUEST_DRAGON_3_3_QUESTINFODATA_ACTIONS_0_ACTIONTEXT,教導
QUEST_DRAGON_3_3_QUESTINFODATA_ACTIONS_1_ACTIONTEXT,恐嚇
QUEST_DRAGON_3_3_QUESTINFODATA_ACTIONS_2_ACTIONTEXT,課稅
QUEST_DRAGON_3_3_QUESTINFODATA_TITLE,聖言
QUEST_DRAGON_3_4_QUESTINFODATA_ACTIONS_0_ACTIONTEXT,俐落
QUEST_DRAGON_3_4_QUESTINFODATA_ACTIONS_1_ACTIONTEXT,簡單
QUEST_DRAGON_3_4_QUESTINFODATA_ACTIONS_2_ACTIONTEXT,感覺
QUEST_DRAGON_3_4_QUESTINFODATA_TITLE,玷污者的迷宮
QUEST_DRAGON_3_5_QUESTINFODATA_ACTIONS_0_ACTIONTEXT,領導
QUEST_DRAGON_3_5_QUESTINFODATA_ACTIONS_1_ACTIONTEXT,離開
QUEST_DRAGON_3_5_QUESTINFODATA_ACTIONS_2_ACTIONTEXT,撒謊
QUEST_DRAGON_3_5_QUESTINFODATA_TITLE,新先知
QUEST_DRAGON_3_6_QUESTINFODATA_ACTIONS_0_ACTIONTEXT,掠奪
QUEST_DRAGON_3_6_QUESTINFODATA_ACTIONS_1_ACTIONTEXT,保留
QUEST_DRAGON_3_6_QUESTINFODATA_ACTIONS_2_ACTIONTEXT,拋光
QUEST_DRAGON_3_6_QUESTINFODATA_TITLE,古代兵工廠
QUEST_DRAGON_3_7_QUESTINFODATA_ACTIONS_0_ACTIONTEXT,執行
QUEST_DRAGON_3_7_QUESTINFODATA_ACTIONS_1_ACTIONTEXT,煽動
QUEST_DRAGON_3_7_QUESTINFODATA_ACTIONS_2_ACTIONTEXT,提供
QUEST_DRAGON_3_7_QUESTINFODATA_TITLE,龍之日
QUEST_DRAGON_3_8_QUESTINFODATA_ACTIONS_0_ACTIONTEXT,戰鬥
QUEST_DRAGON_3_8_QUESTINFODATA_ACTIONS_1_ACTIONTEXT,燃燒
QUEST_DRAGON_3_8_QUESTINFODATA_ACTIONS_2_ACTIONTEXT,放逐
QUEST_DRAGON_3_8_QUESTINFODATA_TITLE,魔鴆的繁殖地
QUEST_DRAGON_4_1_QUESTINFODATA_ACTIONS_0_ACTIONTEXT,犧牲
QUEST_DRAGON_4_1_QUESTINFODATA_ACTIONS_1_ACTIONTEXT,存活
QUEST_DRAGON_4_1_QUESTINFODATA_ACTIONS_2_ACTIONTEXT,投降
QUEST_DRAGON_4_1_QUESTINFODATA_TITLE,殉難
QUEST_DRAGON_4_2_QUESTINFODATA_ACTIONS_0_ACTIONTEXT,碰撞
QUEST_DRAGON_4_2_QUESTINFODATA_ACTIONS_1_ACTIONTEXT,放棄
QUEST_DRAGON_4_2_QUESTINFODATA_ACTIONS_2_ACTIONTEXT,作弊
QUEST_DRAGON_4_2_QUESTINFODATA_TITLE,只可能有一個
QUEST_DRAGON_4_3_QUESTINFODATA_ACTIONS_0_ACTIONTEXT,召喚
QUEST_DRAGON_4_3_QUESTINFODATA_ACTIONS_1_ACTIONTEXT,密封
QUEST_DRAGON_4_3_QUESTINFODATA_ACTIONS_2_ACTIONTEXT,搜查
QUEST_DRAGON_4_3_QUESTINFODATA_TITLE,從我們來的地方
QUEST_DRAGON_4_4_QUESTINFODATA_ACTIONS_0_ACTIONTEXT,解剖
QUEST_DRAGON_4_4_QUESTINFODATA_ACTIONS_1_ACTIONTEXT,破壞
QUEST_DRAGON_4_4_QUESTINFODATA_ACTIONS_2_ACTIONTEXT,玷污
QUEST_DRAGON_4_4_QUESTINFODATA_TITLE,病態醫學
QUEST_DRAGON_4_5_QUESTINFODATA_ACTIONS_0_ACTIONTEXT,兩者
QUEST_DRAGON_4_5_QUESTINFODATA_ACTIONS_1_ACTIONTEXT,野獸
QUEST_DRAGON_4_5_QUESTINFODATA_ACTIONS_2_ACTIONTEXT,以物易物
QUEST_DRAGON_4_5_QUESTINFODATA_TITLE,汙穢與懷爾德同類
QUEST_DRAGON_4_6_QUESTINFODATA_ACTIONS_0_ACTIONTEXT,掙扎
QUEST_DRAGON_4_6_QUESTINFODATA_ACTIONS_1_ACTIONTEXT,臣服
QUEST_DRAGON_4_6_QUESTINFODATA_ACTIONS_2_ACTIONTEXT,犧牲
QUEST_DRAGON_4_6_QUESTINFODATA_TITLE,新路徑
QUEST_DRAGON_4_7_QUESTINFODATA_ACTIONS_0_ACTIONTEXT,勇敢
QUEST_DRAGON_4_7_QUESTINFODATA_ACTIONS_1_ACTIONTEXT,封鎖
QUEST_DRAGON_4_7_QUESTINFODATA_ACTIONS_2_ACTIONTEXT,美化
QUEST_DRAGON_4_7_QUESTINFODATA_TITLE,深入愛門羅
QUEST_DRAGON_4_8_QUESTINFODATA_ACTIONS_0_ACTIONTEXT,政變
QUEST_DRAGON_4_8_QUESTINFODATA_ACTIONS_1_ACTIONTEXT,揀選
QUEST_DRAGON_4_8_QUESTINFODATA_ACTIONS_2_ACTIONTEXT,混亂
QUEST_DRAGON_4_8_QUESTINFODATA_TITLE,革命
QUEST_DRAGON_5_1_QUESTINFODATA_TITLE,新時代
QUEST_DRAGON_5_2_QUESTINFODATA_TITLE,墮落不會被遺忘
QUEST_DRAGON_5_3_QUESTINFODATA_TITLE,願它再起
QUEST_MERCHANT_BONUS,商人的商品
QUEST_NO_TEST_REQUIRED,無需測試
QUEST_OR,或
QUEST_RABBIT_1_1_QUESTINFODATA_ACTIONS_0_ACTIONTEXT,摧毀路障
QUEST_RABBIT_1_1_QUESTINFODATA_ACTIONS_0_DEFAULTOUTCOME_JOURNALTEXT,我們的英雄不能容忍持械搶劫。他們不惜負傷，拼盡全力開路，只為讓道路能再次安全暢通。
QUEST_RABBIT_1_1_QUESTINFODATA_ACTIONS_0_DEFAULTOUTCOME_OUTCOMETEXT,兔族非常頑強，你朝路障衝去，並將其擊毀。戰鬥非常激烈，你雖然取得了勝利，但也在戰鬥中負傷。
QUEST_RABBIT_1_1_QUESTINFODATA_ACTIONS_0_TESTSUCCESSOUTCOME_JOURNALTEXT,<hero_name>擊毀了路障，將奸詐的逃兵殺得四散而逃。愛門羅人又一次得以安全地出行。
QUEST_RABBIT_1_1_QUESTINFODATA_ACTIONS_0_TESTSUCCESSOUTCOME_OUTCOMETEXT,低下頭，抬起武器，你就像懷爾德射出的閃電一樣擊毀了路障。狼群拋下了自己的不義之財四散奔逃。
QUEST_RABBIT_1_1_QUESTINFODATA_ACTIONS_1_ACTIONTEXT,挑戰逃兵首領
QUEST_RABBIT_1_1_QUESTINFODATA_ACTIONS_1_DEFAULTOUTCOME_JOURNALTEXT,<hero_name>在血戰中擊敗了逃兵首領。強盜逃走了，旅人的道路又重歸安寧。
QUEST_RABBIT_1_1_QUESTINFODATA_ACTIONS_1_DEFAULTOUTCOME_OUTCOMETEXT,在一對一的戰鬥中，你重挫了奸賊們的首領。他們被嚇得四處潰逃，道路再一次回歸自由。
QUEST_RABBIT_1_1_QUESTINFODATA_ENCOUNTERTEXT,狼族在山路上建起了路障。你朝他們走去的時候，逃兵們卻在嘲笑你。
QUEST_RABBIT_1_1_QUESTINFODATA_JOURNALENCOUNTERTEXT,到了山上，我們的英雄看到了強盜們強大的防禦工事，確實十分威風。
QUEST_RABBIT_1_1_QUESTINFODATA_JOURNALRUMOURTEXT,惡毒的強盜們趕了上來，並在前往 <quest_tile>的唯一通道上設立了路障。<hero_name>不得不前去阻止這群賊人。
QUEST_RABBIT_1_1_QUESTINFODATA_RUMOURTEXT,狼族逃兵們向每一個通過主山路的行人索要買路錢。不少愛門羅人都被迫掏錢。
QUEST_RABBIT_1_1_QUESTINFODATA_TITLE,景觀大道
QUEST_RABBIT_1_2_QUESTINFODATA_ACTIONS_0_ACTIONTEXT,趕走守衛神廟財產的衛兵
QUEST_RABBIT_1_2_QUESTINFODATA_ACTIONS_0_DEFAULTOUTCOME_JOURNALTEXT,雖然<hero_name>堅持保護僧侶，但是守衛的數量實在是太多了。我們的英雄不幸負傷，十分羞愧，不得不逃離此地。
QUEST_RABBIT_1_2_QUESTINFODATA_ACTIONS_0_DEFAULTOUTCOME_OUTCOMETEXT,必須要有人站出來反抗暴政！你封鎖了神廟，但是守衛們衝了過來，將你擊傷，丟在了外面的雪中。
QUEST_RABBIT_1_2_QUESTINFODATA_ACTIONS_0_TESTSUCCESSOUTCOME_JOURNALTEXT,誰也不能傷害僧侶。<hero_name>擊退了士兵們，作為酬謝，僧侶把一枚心靈石交給了我們的英雄。
QUEST_RABBIT_1_2_QUESTINFODATA_ACTIONS_0_TESTSUCCESSOUTCOME_OUTCOMETEXT,守衛們衝了過來，但是你堅守不退。他們被你逐一擊倒。作為酬謝，僧侶交給你一枚心靈石幫你完成偉業。
QUEST_RABBIT_1_2_QUESTINFODATA_ACTIONS_1_ACTIONTEXT,幫助僧侶逃走
QUEST_RABBIT_1_2_QUESTINFODATA_ACTIONS_1_DEFAULTOUTCOME_JOURNALTEXT,我們的英雄將僧侶送到了兔族屬地的避難所。瘋王的殘酷律令變得日漸扭曲。
QUEST_RABBIT_1_2_QUESTINFODATA_ACTIONS_1_DEFAULTOUTCOME_OUTCOMETEXT,就在守衛們洗劫神廟之時，你帶僧侶們殺出一條血路。你把他們送往了兔族屬地。在那裡他們會找到避難所的。
QUEST_RABBIT_1_2_QUESTINFODATA_ENCOUNTERTEXT,神廟的大門被闖開了。國王的守衛正在把僧侶拖出來關到籠子裡。
QUEST_RABBIT_1_2_QUESTINFODATA_JOURNALENCOUNTERTEXT,我們的英雄抵達後發現守衛正在拖拽僧侶，洗劫神廟。瘋王的殘暴真是罄竹難書。
QUEST_RABBIT_1_2_QUESTINFODATA_JOURNALRUMOURTEXT,曾經高貴的國王的守衛正在將一群愛好和平的兔族僧侶驅逐出山中神廟。
QUEST_RABBIT_1_2_QUESTINFODATA_RUMOURTEXT,國王的守衛正在將一群愛好和平的兔族僧侶驅逐出山中神廟，必須要有人站出來幫助他們！
QUEST_RABBIT_1_2_QUESTINFODATA_TITLE,神廟稅
QUEST_RABBIT_1_3_QUESTINFODATA_ACTIONS_0_ACTIONTEXT,開戰！釋放囚犯
QUEST_RABBIT_1_3_QUESTINFODATA_ACTIONS_0_DEFAULTOUTCOME_JOURNALTEXT,<hero_name>為釋放村民而戰，但是囚犯們卻轉而幫助守衛！國王對這片土地的掌控仍然十分牢固。
QUEST_RABBIT_1_3_QUESTINFODATA_ACTIONS_0_DEFAULTOUTCOME_OUTCOMETEXT,你現在還不夠出名，不足以動搖他們的忠誠。囚犯們開始幫助守衛。你不幸負傷，被迫逃走。
QUEST_RABBIT_1_3_QUESTINFODATA_ACTIONS_0_TESTSUCCESSOUTCOME_JOURNALTEXT,<hero_name>發起了進攻，釋放了被關押的囚犯，並且擊潰了被腐化的守衛。作為回報，一名俘虜加入了我們英雄的行列。
QUEST_RABBIT_1_3_QUESTINFODATA_ACTIONS_0_TESTSUCCESSOUTCOME_OUTCOMETEXT,守衛還沒做好真正抵抗的準備，在你的猛攻面前他們一觸即潰。一名囚犯加入了你的行列作為回報。
QUEST_RABBIT_1_3_QUESTINFODATA_ACTIONS_1_ACTIONTEXT,談判釋放囚犯
QUEST_RABBIT_1_3_QUESTINFODATA_ACTIONS_1_DEFAULTOUTCOME_JOURNALTEXT,<hero_name>利用自己作為國王的管家之便來確保釋放囚犯。目前汙穢已被剔除了。
QUEST_RABBIT_1_3_QUESTINFODATA_ACTIONS_1_DEFAULTOUTCOME_OUTCOMETEXT,作為國王的管家，你有權要求釋放囚犯。村民們十分感激你，但你知道這只是權宜之策。
QUEST_RABBIT_1_3_QUESTINFODATA_ENCOUNTERTEXT,<quest_tile>的村落如死一般寂靜。你可以看到國王的守衛在將無助的村民趕入牢籠。
QUEST_RABBIT_1_3_QUESTINFODATA_JOURNALENCOUNTERTEXT,我們的英雄抵達<quest_tile>，發現國王的守衛在將村民們趕入牢籠。<hero_name> 絕不會容忍此事發生！
QUEST_RABBIT_1_3_QUESTINFODATA_JOURNALRUMOURTEXT,瘋王已經開始從愛門羅的各個村落中抓人了。絕不能讓這種瘋癲行徑繼續下去。
QUEST_RABBIT_1_3_QUESTINFODATA_RUMOURTEXT,國王的守衛已經在從各個村落中逮捕無辜的兔族。必須要有一個英雄來阻止這種不義行徑。
QUEST_RABBIT_1_3_QUESTINFODATA_TITLE,奴役之鏈
QUEST_RABBIT_1_4_QUESTINFODATA_ACTIONS_0_ACTIONTEXT,圍堵裝置
QUEST_RABBIT_1_4_QUESTINFODATA_ACTIONS_0_DEFAULTOUTCOME_JOURNALTEXT,我們的英雄開始行動，但裝置還是溜走了。<hero_name>不得不為追逐造成的損失付出代價。
QUEST_RABBIT_1_4_QUESTINFODATA_ACTIONS_0_DEFAULTOUTCOME_OUTCOMETEXT,你嘗試著預判裝置的移動，但是預判錯了。它溜走了，而你卻撞掉了一些工具。塔爾科特要求你賠償損失。
QUEST_RABBIT_1_4_QUESTINFODATA_ACTIONS_0_TESTSUCCESSOUTCOME_JOURNALTEXT,我們的英雄把出錯的裝置逼到了牆角，並解除了它的武裝。塔爾科特羞怯地感謝我們，交出力量之源的心靈石。
QUEST_RABBIT_1_4_QUESTINFODATA_ACTIONS_0_TESTSUCCESSOUTCOME_OUTCOMETEXT,裝置按著一個軌跡移動。你將它逼到了牆角，拿走了心靈石。塔爾科特十分感謝你，作為感謝，他把心靈石交給你保管。
QUEST_RABBIT_1_4_QUESTINFODATA_ACTIONS_1_ACTIONTEXT,摧毀裝置
QUEST_RABBIT_1_4_QUESTINFODATA_ACTIONS_1_DEFAULTOUTCOME_JOURNALTEXT,為了避免引發大禍的風險，<hero_name>把裝置摧毀了。不過有塔爾科特的地方還是小心為妙。
QUEST_RABBIT_1_4_QUESTINFODATA_ACTIONS_1_DEFAULTOUTCOME_OUTCOMETEXT,你不允許塔爾科特所造的任何東西失去控制。你摧毀了裝置！塔爾科特頗有微詞，但最後還是對你表示感謝。
QUEST_RABBIT_1_4_QUESTINFODATA_ENCOUNTERTEXT,你發現塔爾科特蜷縮在工坊的桌子下面。一個由心靈石驅動的裝置在屋裡到處亂跑。
QUEST_RABBIT_1_4_QUESTINFODATA_JOURNALENCOUNTERTEXT,塔爾科特最新的裝置發瘋了，在工坊裡到處亂跑。<hero_name>只希望這東西不會爆炸。
QUEST_RABBIT_1_4_QUESTINFODATA_JOURNALRUMOURTEXT,修補匠塔爾科特是兔族最聰明的發明家之一，他有一次做實驗惹出了大麻煩，急需有人來幫他擺平麻煩。
QUEST_RABBIT_1_4_QUESTINFODATA_RUMOURTEXT,「修補匠塔爾科特又需要幫忙了。我猜肯定是實驗又出問題了吧。在這事釀成大禍之前必須要有人去幫他擺平這事。」
QUEST_RABBIT_1_4_QUESTINFODATA_TITLE,失控裝置
QUEST_RABBIT_1_5_QUESTINFODATA_ACTIONS_0_ACTIONTEXT,鼓吹一番，迷惑眾人
QUEST_RABBIT_1_5_QUESTINFODATA_ACTIONS_0_DEFAULTOUTCOME_JOURNALTEXT,<hero_name>在政治會議上還是顯得無足輕重，我們的英雄沒能獲取高層人物的支持。
QUEST_RABBIT_1_5_QUESTINFODATA_ACTIONS_0_DEFAULTOUTCOME_OUTCOMETEXT,全場千百人在爭吵，你的聲音他們根本聽不到。不久之後你就放棄，溜走了。
QUEST_RABBIT_1_5_QUESTINFODATA_ACTIONS_0_TESTSUCCESSOUTCOME_JOURNALTEXT,一番巧言相勸之後，<hero_name>吸引了在座諸位的興趣，並且收下了一名隨從。
QUEST_RABBIT_1_5_QUESTINFODATA_ACTIONS_0_TESTSUCCESSOUTCOME_OUTCOMETEXT,你將會上的諸位逐一說服。經過一番慶賀後，其中一位頗具影響力的追隨者發誓他們將加入你的行列。
QUEST_RABBIT_1_5_QUESTINFODATA_ACTIONS_1_ACTIONTEXT,謹慎磋商，以求支持
QUEST_RABBIT_1_5_QUESTINFODATA_ACTIONS_1_DEFAULTOUTCOME_JOURNALTEXT,<hero_name>探討著愛門羅複雜的政況。到了早上，我們的英雄學到了不少實用的東西。
QUEST_RABBIT_1_5_QUESTINFODATA_ACTIONS_1_DEFAULTOUTCOME_OUTCOMETEXT,你花了一晚上與各位頗具權勢的愛門羅人磋商以求支持。你學到了不少當前的政治局勢。
QUEST_RABBIT_1_5_QUESTINFODATA_ENCOUNTERTEXT,你到來時，部族大會正開得如火如荼。人人都想給別人留下深刻的印象。
QUEST_RABBIT_1_5_QUESTINFODATA_JOURNALENCOUNTERTEXT,會上的各位都心懷抱負，想要給潛在的支持者留下印象。<quest_tile>充斥著交談的聲音。
QUEST_RABBIT_1_5_QUESTINFODATA_JOURNALRUMOURTEXT,<hero_name>向聚集在<quest_tile>的各位部族長老走去。我們的英雄希望能夠為自己的任務爭取支持。
QUEST_RABBIT_1_5_QUESTINFODATA_RUMOURTEXT,這附近正在舉行部族長者大會。這裡會是個為你的任務爭取支持者的好地方。
QUEST_RABBIT_1_5_QUESTINFODATA_TITLE,第一印象
QUEST_RABBIT_1_6_QUESTINFODATA_ACTIONS_0_ACTIONTEXT,加入比賽
QUEST_RABBIT_1_6_QUESTINFODATA_ACTIONS_0_DEFAULTOUTCOME_JOURNALTEXT,<hero_name>冒險加入大賽。不久就走了出來，後悔自己做出的決定。
QUEST_RABBIT_1_6_QUESTINFODATA_ACTIONS_0_DEFAULTOUTCOME_OUTCOMETEXT,你的運氣有點差。你的錢都被對手贏走了，你悻悻而歸，錢袋子很明顯輕了不少。
QUEST_RABBIT_1_6_QUESTINFODATA_ACTIONS_0_TESTSUCCESSOUTCOME_JOURNALTEXT,我們的英雄運氣很好，拿下了大賽的大獎。這對他們的偉業來說真是一個好兆頭。
QUEST_RABBIT_1_6_QUESTINFODATA_ACTIONS_0_TESTSUCCESSOUTCOME_OUTCOMETEXT,你今天很走運，贏得了珍貴的寶貝。這將對你推翻瘋王有很大的幫助。
QUEST_RABBIT_1_6_QUESTINFODATA_ACTIONS_1_ACTIONTEXT,利用這次機會收集情報
QUEST_RABBIT_1_6_QUESTINFODATA_ACTIONS_1_DEFAULTOUTCOME_JOURNALTEXT,<hero_name>決定採取安全的辦法。我們的英雄在繼續進行任務之前利用這次集會收集了情報。
QUEST_RABBIT_1_6_QUESTINFODATA_ACTIONS_1_DEFAULTOUTCOME_OUTCOMETEXT,如果能確保一部分勝利的話為什麼還要冒失敗的風險呢？你混入了人群，打探了一點部族內的重要情報。
QUEST_RABBIT_1_6_QUESTINFODATA_ENCOUNTERTEXT,宅子裡熱鬧非凡，你不禁開始懷疑起來。風險這麼高，你真的有能力贏得寶貝嗎？
QUEST_RABBIT_1_6_QUESTINFODATA_JOURNALENCOUNTERTEXT,我們的英雄來到了位於<quest_tile>的宅子，但是卻臨陣打了退堂鼓。寶貝確實很有用，但是真的值得去為之冒險嗎？
QUEST_RABBIT_1_6_QUESTINFODATA_JOURNALRUMOURTEXT,對於<hero_name>來說，關於這份傳奇寶貝的傳說真是太誘人了，簡直令人無法抵抗。這確實很值得為之一博。
QUEST_RABBIT_1_6_QUESTINFODATA_RUMOURTEXT,一位豬族男爵正在自己沼澤中的宅子舉行一場博弈大賽。大獎可是非常珍貴的寶貝。
QUEST_RABBIT_1_6_QUESTINFODATA_TITLE,高風險
QUEST_RABBIT_1_7_QUESTINFODATA_ACTIONS_0_ACTIONTEXT,冒險前進
QUEST_RABBIT_1_7_QUESTINFODATA_ACTIONS_0_DEFAULTOUTCOME_JOURNALTEXT,無論地牢裡發生什麼，都不能等閒視之。它讓我們的英雄變弱了，他們被迫逃了出去。
QUEST_RABBIT_1_7_QUESTINFODATA_ACTIONS_0_DEFAULTOUTCOME_OUTCOMETEXT,你向前推進，這種感覺更強烈了。當你走到深處時，一股軟弱之意席捲而來。你踉蹌地後退著。這股魔法太強了。
QUEST_RABBIT_1_7_QUESTINFODATA_ACTIONS_0_TESTSUCCESSOUTCOME_JOURNALTEXT,這種「感覺」是由一塊心靈石的潛在魔力造成的。<hero_name>將其取回，然後離開了。愛門羅的未解之謎可難不倒我們的英雄。
QUEST_RABBIT_1_7_QUESTINFODATA_ACTIONS_0_TESTSUCCESSOUTCOME_OUTCOMETEXT,隨著你深入地牢，你感到這股力量漸漸變強。  你在地牢裡面找到了它的來源。那是一枚閃著奇異光芒的心靈石。
QUEST_RABBIT_1_7_QUESTINFODATA_ACTIONS_1_ACTIONTEXT,封堵地牢
QUEST_RABBIT_1_7_QUESTINFODATA_ACTIONS_1_DEFAULTOUTCOME_JOURNALTEXT,相比於冒險去亂動地牢裡的魔力，<hero_name>選擇封住入口。這片土地目前算是安全了。
QUEST_RABBIT_1_7_QUESTINFODATA_ACTIONS_1_DEFAULTOUTCOME_OUTCOMETEXT,不管地牢裡藏著怎樣的邪惡，最好都不要冒險惹它。你轉動入口處的石頭把地牢給封住了。
QUEST_RABBIT_1_7_QUESTINFODATA_ENCOUNTERTEXT,隨著你逐漸接近地牢，一股不安感逐漸湧起。  你一想到要進入<quest_tile>就開始難受。傳言是真的，
QUEST_RABBIT_1_7_QUESTINFODATA_JOURNALENCOUNTERTEXT,當我們的英雄抵達後，邪惡之力壓倒了他們。想要進入邪惡地牢的想法使得他們變得軟弱起來。
QUEST_RABBIT_1_7_QUESTINFODATA_JOURNALRUMOURTEXT,傳言都說<quest_tile>地下深處充滿了奇怪的魔力。<hero_name>自告奮勇前去調查。
QUEST_RABBIT_1_7_QUESTINFODATA_RUMOURTEXT,愛門羅人都在討論一種奇怪的不安感，這種不安都源自於附近的一座地牢。
QUEST_RABBIT_1_7_QUESTINFODATA_TITLE,下方的召喚
QUEST_RABBIT_1_8_QUESTINFODATA_ACTIONS_0_ACTIONTEXT,向懷爾德訴求，讓房子拔地而起。
QUEST_RABBIT_1_8_QUESTINFODATA_ACTIONS_0_DEFAULTOUTCOME_JOURNALTEXT,懷爾德才不會對這些雞毛蒜皮的小事做出反應。它詛咒了這座房子，讓房子在泥裡沉得更深了。
QUEST_RABBIT_1_8_QUESTINFODATA_ACTIONS_0_DEFAULTOUTCOME_OUTCOMETEXT,懷爾德產生反應了。你為此感到沾沾自喜，直到你發現房子沉沒的速度竟然變得更快了。鼠族們對你大肆挖苦嘲諷，然後把你轟走了。哎呦。
QUEST_RABBIT_1_8_QUESTINFODATA_ACTIONS_0_TESTSUCCESSOUTCOME_JOURNALTEXT,懷爾德響應了<hero_name>的召喚。房子周圍的泥變硬了。房子足以屹立百年不倒！
QUEST_RABBIT_1_8_QUESTINFODATA_ACTIONS_0_TESTSUCCESSOUTCOME_OUTCOMETEXT,房子在抖動著，周圍的泥變黑凝固了。老鼠們歡呼起來。他們給你一份寶貝來酬謝你的工作。
QUEST_RABBIT_1_8_QUESTINFODATA_ACTIONS_1_ACTIONTEXT,盡力幫助建造
QUEST_RABBIT_1_8_QUESTINFODATA_ACTIONS_1_DEFAULTOUTCOME_JOURNALTEXT,<hero_name>盡最大的努力幫助了鼠族家族。但要在沼澤上建房子的話你能做的也就只有這麼多了。
QUEST_RABBIT_1_8_QUESTINFODATA_ACTIONS_1_DEFAULTOUTCOME_OUTCOMETEXT,你的建造水平並沒有那麼高，但所有兔族對建築還是略知一二。你建了一些支架，但願這些東西能撐一段時間。
QUEST_RABBIT_1_8_QUESTINFODATA_ENCOUNTERTEXT,房子建在了沼澤裡。老鼠們向你致意，並請求你讓他們的房子別沉進泥裡。
QUEST_RABBIT_1_8_QUESTINFODATA_JOURNALENCOUNTERTEXT,鼠族已經在<quest_tile>建了家園。沒有沉入渾水中可真是奇跡啊。
QUEST_RABBIT_1_8_QUESTINFODATA_JOURNALRUMOURTEXT,<hero_name>同意幫助一個鼠族家族進行建設工作。人人都覺得兔族都懂建造，我們的英雄已經受夠了。
QUEST_RABBIT_1_8_QUESTINFODATA_RUMOURTEXT,「你們兔族都是建築高手對吧？有個鼠族家族需要有人來幫他們……解決一些建設疏失。」
QUEST_RABBIT_1_8_QUESTINFODATA_TITLE,老練的建築師
QUEST_RABBIT_1_9_QUESTINFODATA_ACTIONS_0_ACTIONTEXT,驅散失控的魔法
QUEST_RABBIT_1_9_QUESTINFODATA_ACTIONS_0_DEFAULTOUTCOME_JOURNALTEXT,懷爾德不喜歡聽人號令。它反擊回來，把<hero_name>削弱並趕跑了。
QUEST_RABBIT_1_9_QUESTINFODATA_ACTIONS_0_DEFAULTOUTCOME_OUTCOMETEXT,狂風怒號而過。痛苦貫穿了你的全身。你跪倒在地，力量遭到了削弱。你爬著離開了，至於那個旅人如何就聽天由命了。
QUEST_RABBIT_1_9_QUESTINFODATA_ACTIONS_0_TESTSUCCESSOUTCOME_JOURNALTEXT,<hero_name>能夠驅除失控的魔法來解救這名旅行者。那一天，我們的英雄獲得了一位寶貴的盟友。
QUEST_RABBIT_1_9_QUESTINFODATA_ACTIONS_0_TESTSUCCESSOUTCOME_OUTCOMETEXT,你引起了懷爾德的注意，但是你抵抗住了攻擊。你救起了旅人。作為感謝，他發誓加入你的行列。
QUEST_RABBIT_1_9_QUESTINFODATA_ACTIONS_1_ACTIONTEXT,把陌生人帶到安全地帶
QUEST_RABBIT_1_9_QUESTINFODATA_ACTIONS_1_DEFAULTOUTCOME_JOURNALTEXT,懷爾德之道非常神秘。<hero_name>使盡辦法來救助這個陌生人，把他留給一位兔族農夫照看。
QUEST_RABBIT_1_9_QUESTINFODATA_ACTIONS_1_DEFAULTOUTCOME_OUTCOMETEXT,你把這個陌生人從巨石陣中拖了出來，把他帶到了附近的一個農場躲避。農夫們答應照顧他直到他康復為止。
QUEST_RABBIT_1_9_QUESTINFODATA_ENCOUNTERTEXT,巨石陣異常平靜。所有的魔法似乎都集中在中央一個癱倒的身影上。那個做夢的人。
QUEST_RABBIT_1_9_QUESTINFODATA_JOURNALENCOUNTERTEXT,<hero_name>發現旅人在<quest_tile>中央酣睡。此人的精神已經被魔法控制住了，也許是永久控制住了。
QUEST_RABBIT_1_9_QUESTINFODATA_JOURNALRUMOURTEXT,<hero_name>聽說有個旅人被懷爾德的魔法誘捕了。命運凶險。或許我們的英雄能夠幫上什麼忙。
QUEST_RABBIT_1_9_QUESTINFODATA_RUMOURTEXT,巨石陣散發的魔力誘惑已經誘捕到了一位可憐的旅人。此人在巨石陣內睡著了，被困於夢境之中。
QUEST_RABBIT_1_9_QUESTINFODATA_TITLE,懷爾德之夢
QUEST_RABBIT_2_10_QUESTINFODATA_ACTIONS_0_ACTIONTEXT,全力以赴。
QUEST_RABBIT_2_10_QUESTINFODATA_ACTIONS_0_DEFAULTOUTCOME_JOURNALTEXT,我們的英雄立誓前去救他，但是路途異常艱辛。芬瑞斯和他的寶貝都被風暴吞噬了，一切都沒救了。
QUEST_RABBIT_2_10_QUESTINFODATA_ACTIONS_0_DEFAULTOUTCOME_OUTCOMETEXT,你想要帶受傷的冒險者下山，但是心有餘而力不足了。他喪命於大山之中，而他的寶貝也消失在了風暴裡。
QUEST_RABBIT_2_10_QUESTINFODATA_ACTIONS_0_TESTSUCCESSOUTCOME_JOURNALTEXT,我們的英雄不會讓他死在那裡的！<hero_name>將他救起，帶上他的寶貝，一起來到了山下的安全地帶。
QUEST_RABBIT_2_10_QUESTINFODATA_ACTIONS_0_TESTSUCCESSOUTCOME_OUTCOMETEXT,你憑借一己之力扛起受傷的財寶獵人來到了山下的安全地帶。他十分高興，將自己的財寶分給了你！
QUEST_RABBIT_2_10_QUESTINFODATA_ACTIONS_1_ACTIONTEXT,救助冒險者，丟掉戰利品。
QUEST_RABBIT_2_10_QUESTINFODATA_ACTIONS_1_DEFAULTOUTCOME_JOURNALTEXT,我們的英雄知道，帶著芬瑞斯和他的寶貝會拖累他們二人。<hero_name>把戰利品丟在雪裡，芬瑞斯終於得救了。
QUEST_RABBIT_2_10_QUESTINFODATA_ACTIONS_1_DEFAULTOUTCOME_OUTCOMETEXT,你放著探險者上次搞到的寶貝不管，幫他下山。他活了下來，但是寶貝都沒有了。
QUEST_RABBIT_2_10_QUESTINFODATA_ACTIONS_2_ACTIONTEXT,「我知道一條更安全的下山道路。跟著我！」
QUEST_RABBIT_2_10_QUESTINFODATA_ACTIONS_2_DEFAULTOUTCOME_JOURNALTEXT,我們的英雄讓這名忠誠的探險者帶隊，他發現了一條安全通往山腳下的道路。芬瑞斯終於得救了！
QUEST_RABBIT_2_10_QUESTINFODATA_ACTIONS_2_DEFAULTOUTCOME_OUTCOMETEXT,你讓這個探險者來帶隊，他很快就指出了安全的路線。你們用超快的速度就趕到了山腳下。
QUEST_RABBIT_2_10_QUESTINFODATA_ACTIONS_3_ACTIONTEXT,飛天翅靴，現在！
QUEST_RABBIT_2_10_QUESTINFODATA_ACTIONS_3_DEFAULTOUTCOME_JOURNALTEXT,傳說中的飛天翅靴將我們的英雄從狂怒的風暴中救了出來，多虧有它們幫忙，芬瑞斯才能再次遊歷愛門羅。\n
QUEST_RABBIT_2_10_QUESTINFODATA_ACTIONS_3_DEFAULTOUTCOME_OUTCOMETEXT,風暴太強了！你找到了飛天翅靴並救起了芬瑞斯。你們一起逃到了山腳下的安全地帶。
QUEST_RABBIT_2_10_QUESTINFODATA_ENCOUNTERTEXT,你拚命爬上了危險的山峰，冰雪遮蔽了你的雙眼。你很快找到了財寶獵人，但他卻身負重傷。
QUEST_RABBIT_2_10_QUESTINFODATA_JOURNALENCOUNTERTEXT,<hero_name>展開了行動，登上了山頂，闖入風暴之中。而芬瑞斯則摔倒在地上，身負重傷。
QUEST_RABBIT_2_10_QUESTINFODATA_JOURNALRUMOURTEXT,所有兔族都知道尋寶人芬瑞斯！他大膽無畏，敢於冒險！而就在此刻，他被困在山頂上的致命風暴中了。
QUEST_RABBIT_2_10_QUESTINFODATA_RUMOURTEXT,一位著名的兔族尋寶獵人被困在這座山的山峰上。他肯定需要幫忙！
QUEST_RABBIT_2_10_QUESTINFODATA_TITLE,尋寶人芬瑞斯
QUEST_RABBIT_2_11_QUESTINFODATA_ACTIONS_0_ACTIONTEXT,聚集力量自己掙脫。
QUEST_RABBIT_2_11_QUESTINFODATA_ACTIONS_0_DEFAULTOUTCOME_JOURNALTEXT,很不幸，<hero_name>沒能逃出去，很快就耗盡了體力。強盜很快就拿了我們英雄的金幣溜掉了！
QUEST_RABBIT_2_11_QUESTINFODATA_ACTIONS_0_DEFAULTOUTCOME_OUTCOMETEXT,你在這堆繩子裡白費力氣，讓自己變得十分疲憊，而強盜也趕來將你放下，然後劫走了你的金幣。
QUEST_RABBIT_2_11_QUESTINFODATA_ACTIONS_0_TESTSUCCESSOUTCOME_JOURNALTEXT,區區小網，怎能難倒我們的英雄！<hero_name>猛撕這張網，然後砸在了正在趕來的強盜頭上！
QUEST_RABBIT_2_11_QUESTINFODATA_ACTIONS_0_TESTSUCCESSOUTCOME_OUTCOMETEXT,你用力扯著繩子，想用自己的爪子和牙齒將其撕開。你正好落在了強盜頭上，然後將他的財寶據為己有！
QUEST_RABBIT_2_11_QUESTINFODATA_ACTIONS_1_ACTIONTEXT,保存體力，靜候時機。
QUEST_RABBIT_2_11_QUESTINFODATA_ACTIONS_1_DEFAULTOUTCOME_JOURNALTEXT,<hero_name>一直裝死觀察著，等強盜來把網放下。然後猛地一腳踢開，我們的英雄重獲自由！
QUEST_RABBIT_2_11_QUESTINFODATA_ACTIONS_1_DEFAULTOUTCOME_OUTCOMETEXT,強盜看到你一動不動很是困惑，他把你放出來的時候你回神就是一腳，將他踢倒在地，然後逃進了灌木叢！
QUEST_RABBIT_2_11_QUESTINFODATA_ACTIONS_2_ACTIONTEXT,呼喚懷爾德前來救你
QUEST_RABBIT_2_11_QUESTINFODATA_ACTIONS_2_DEFAULTOUTCOME_JOURNALTEXT,多虧懷爾德護符與森林相通，<hero_name>得以脫身。他們在強盜到來之前就逃掉了。
QUEST_RABBIT_2_11_QUESTINFODATA_ACTIONS_2_DEFAULTOUTCOME_OUTCOMETEXT,護符發起了光，粗籐條沿著樹爬到了你身邊。它們撕開了網，你跌落到了地上。很好，現在三十六計走為上計！
QUEST_RABBIT_2_11_QUESTINFODATA_ACTIONS_3_ACTIONTEXT,「<hero_name>別慌！我會救你的！」
QUEST_RABBIT_2_11_QUESTINFODATA_ACTIONS_3_DEFAULTOUTCOME_JOURNALTEXT,侍從擺弄著繩結一會兒，繩索就解開了，我們的英雄逃了出來，而強盜們甚至都不知道他們來過這裡！
QUEST_RABBIT_2_11_QUESTINFODATA_ACTIONS_3_DEFAULTOUTCOME_OUTCOMETEXT,你對侍從的提議表示贊同，他解開了你的繩索。「搞定！」網子從樹上掉了下來，你也逃進了森林裡。
QUEST_RABBIT_2_11_QUESTINFODATA_ENCOUNTERTEXT,在你踩中藏在落葉中的網之前，森林裡都靜得出奇。你被裝在網中吊在了樹上！
QUEST_RABBIT_2_11_QUESTINFODATA_JOURNALENCOUNTERTEXT,森林中空蕩蕩的，靜得出奇。就在<hero_name>琢磨這件事的時候，一張網將我們的英雄提到了半空中！
QUEST_RABBIT_2_11_QUESTINFODATA_JOURNALRUMOURTEXT,強盜們在附近的林地裡安營紮寨，但這難不倒我們的英雄！<hero_name>轉而走入森林之中。
QUEST_RABBIT_2_11_QUESTINFODATA_RUMOURTEXT,貌似許多行旅人穿過森林都會被搜刮一空。如果你要從那裡過的話一定要小心！
QUEST_RABBIT_2_11_QUESTINFODATA_TITLE,林中之網
QUEST_RABBIT_2_12_QUESTINFODATA_ACTIONS_0_ACTIONTEXT,「加把勁！」
QUEST_RABBIT_2_12_QUESTINFODATA_ACTIONS_0_DEFAULTOUTCOME_JOURNALTEXT,很不幸，<hero_name>缺乏必要的力量來完成塔爾科特的構想，然後就被他毫不客氣地踢出了工坊！
QUEST_RABBIT_2_12_QUESTINFODATA_ACTIONS_0_DEFAULTOUTCOME_OUTCOMETEXT,對塔爾科特來說，你的努力收效甚微。你力量不足，讓他非常失望，很快他就將你踢出了他的工坊。
QUEST_RABBIT_2_12_QUESTINFODATA_ACTIONS_0_TESTSUCCESSOUTCOME_JOURNALTEXT,<hero_name>不辭辛勞，完成了這台酷似大爐子的裝置。塔爾科特的構想實現了，他給的報酬也相當豐厚！
QUEST_RABBIT_2_12_QUESTINFODATA_ACTIONS_0_TESTSUCCESSOUTCOME_OUTCOMETEXT,塔爾科特是一個嚴格的主人，但是在你的幫助下，這台奇怪的裝置很快就完工了！作為酬謝，他給了你一張隨從卡牌。
QUEST_RABBIT_2_12_QUESTINFODATA_ACTIONS_1_ACTIONTEXT,找人幫忙。
QUEST_RABBIT_2_12_QUESTINFODATA_ACTIONS_1_DEFAULTOUTCOME_JOURNALTEXT,<hero_name>得知這台機器憑一人之力難以完成之後，將工作委派了下去。工作雖然完成了，但是得到的報酬卻微乎其微。
QUEST_RABBIT_2_12_QUESTINFODATA_ACTIONS_1_DEFAULTOUTCOME_OUTCOMETEXT,雖然塔爾科特很急，但是他還是在等你來幫忙。裝置完成了，但是你收到的報酬卻很少。
QUEST_RABBIT_2_12_QUESTINFODATA_ACTIONS_2_ACTIONTEXT,「要舉重東西嗎？我很在行的！」
QUEST_RABBIT_2_12_QUESTINFODATA_ACTIONS_2_DEFAULTOUTCOME_JOURNALTEXT,<hero_name>忠誠的狂戰士一看到有機會抬舉重物便立刻抓住，塔爾科特的工程完工時間比預期快了一半！
QUEST_RABBIT_2_12_QUESTINFODATA_ACTIONS_2_DEFAULTOUTCOME_OUTCOMETEXT,你站在一邊，讓自己忠誠的狂戰士把零件抬到指定位置。這給塔爾科特留下了深刻的印象，他給你獎勵作為幫助他的報酬。
QUEST_RABBIT_2_12_QUESTINFODATA_ACTIONS_3_ACTIONTEXT,「你需要力量？喝了這個！」
QUEST_RABBIT_2_12_QUESTINFODATA_ACTIONS_3_DEFAULTOUTCOME_JOURNALTEXT,多虧了<hero_name>的煉金術師所調製的奇異藥劑，塔爾科特的裝置以兩倍的速度完工了。
QUEST_RABBIT_2_12_QUESTINFODATA_ACTIONS_3_DEFAULTOUTCOME_OUTCOMETEXT,你拿過煉金術師給你的藥劑一飲而盡，力量在你的體內流淌。工作很快就幹完了，你們都得到了塔爾科特的獎賞。
QUEST_RABBIT_2_12_QUESTINFODATA_ENCOUNTERTEXT,到了塔爾科特的工坊後，立馬被安排到一個爐子一樣的裝置那裡幹活。「別瞎想了，往上抬就對了！」他朝你吼道。
QUEST_RABBIT_2_12_QUESTINFODATA_JOURNALENCOUNTERTEXT,但他給的獎勵也十分可觀，所以我們的英雄準備去幫助他完成這場冒險的實驗。
QUEST_RABBIT_2_12_QUESTINFODATA_JOURNALRUMOURTEXT,修補匠塔爾科特是兔族的工匠大師，他的大型裝置需要下苦工才能完成，因此飽受人們惡評。
QUEST_RABBIT_2_12_QUESTINFODATA_RUMOURTEXT,修補匠塔爾科特在附近的一個村落裡進行一項新實驗，並且需要幫手。我確信他會給你豐厚的獎勵作為幫助他的回報的。
QUEST_RABBIT_2_12_QUESTINFODATA_TITLE,修補匠塔爾科特
QUEST_RABBIT_2_1_QUESTINFODATA_ACTIONS_0_ACTIONTEXT,斬殺毒蛇。拿回寶藏！
QUEST_RABBIT_2_1_QUESTINFODATA_ACTIONS_0_DEFAULTOUTCOME_JOURNALTEXT,<hero_name>勇敢地衝向毒蛇，但是由於缺乏戰鬥經驗，導致勝負立判。我們的英雄被蛇咬了，只能逃走。
QUEST_RABBIT_2_1_QUESTINFODATA_ACTIONS_0_DEFAULTOUTCOME_OUTCOMETEXT,你大力跳向了毒蛇，但你揮劍的動作太過笨拙，動作跟不上牠。牠的毒牙刺入你的大腿，而你機智地選擇了逃跑。
QUEST_RABBIT_2_1_QUESTINFODATA_ACTIONS_0_TESTSUCCESSOUTCOME_JOURNALTEXT,<hero_name>勇敢地衝向了毒蛇，多年的戰鬥經歷派上了用場。毒蛇應聲而倒，心靈石也被我們拿走。
QUEST_RABBIT_2_1_QUESTINFODATA_ACTIONS_0_TESTSUCCESSOUTCOME_OUTCOMETEXT,你衝了過去，以迅雷不及掩耳之勢揮劍斬殺，毒蛇想要咬你，但是跳到了你的刀刃上，自己把頭碰掉了。
QUEST_RABBIT_2_1_QUESTINFODATA_ACTIONS_1_ACTIONTEXT,不去管蛇，搜尋別處。
QUEST_RABBIT_2_1_QUESTINFODATA_ACTIONS_1_DEFAULTOUTCOME_JOURNALTEXT,我們的英雄把注意力都放在分析這場仗是怎麼輸的上面了，而沒有去管蛇。這種知識肯定會大有裨益的。
QUEST_RABBIT_2_1_QUESTINFODATA_ACTIONS_1_DEFAULTOUTCOME_OUTCOMETEXT,當你在曠野搜尋之時，你思考起了兔族是如何輸掉這場遠古之戰的；這是很有用的軍事知識。
QUEST_RABBIT_2_1_QUESTINFODATA_ACTIONS_2_ACTIONTEXT,武裝自己
QUEST_RABBIT_2_1_QUESTINFODATA_ACTIONS_2_DEFAULTOUTCOME_JOURNALTEXT,<hero_name>舉起了皇室護盾。蛇牙沒有咬中，而你也結果了牠的性命。你拿牠的腦袋換取了豐厚的獎賞！
QUEST_RABBIT_2_1_QUESTINFODATA_ACTIONS_2_DEFAULTOUTCOME_OUTCOMETEXT,你舉起皇室護盾，毒蛇的尖牙造不成任何威脅。你將其擊殺，然後將牠的首級帶回了<quest_tile>。
QUEST_RABBIT_2_1_QUESTINFODATA_ACTIONS_3_ACTIONTEXT,靠近毒蛇
QUEST_RABBIT_2_1_QUESTINFODATA_ACTIONS_3_DEFAULTOUTCOME_JOURNALTEXT,很幸運，<hero_name>利用冰鑒斗篷在巨蛇反擊之前將其擊殺。你拿牠的腦袋換取了豐厚的獎賞！
QUEST_RABBIT_2_1_QUESTINFODATA_ACTIONS_3_DEFAULTOUTCOME_OUTCOMETEXT,你利用冰鑒斗篷所反折射的光線隱藏了起來，悄悄地接近巨蛇，一擊就解決了牠。
QUEST_RABBIT_2_1_QUESTINFODATA_ACTIONS_4_ACTIONTEXT,手持加農砲上膛
QUEST_RABBIT_2_1_QUESTINFODATA_ACTIONS_4_DEFAULTOUTCOME_JOURNALTEXT,連射兩發手持加農砲後，我們的英雄從遠處擊殺了毒蛇。拿牠的頭可以換取大筆獎金……只要找對了人。
QUEST_RABBIT_2_1_QUESTINFODATA_ACTIONS_4_DEFAULTOUTCOME_OUTCOMETEXT,無需接近，你小心地裝填手持加農砲，在一輪射擊後，巨蛇倒下。平原上迴盪著一陣嘶嘶聲。
QUEST_RABBIT_2_1_QUESTINFODATA_ENCOUNTERTEXT,你到了現場之後四處尋找著線索，你覺得一處乾枯的河床是個絕佳位置，但是卻有一條巨蛇守衛此地。
QUEST_RABBIT_2_1_QUESTINFODATA_JOURNALENCOUNTERTEXT,我們的英雄發現古戰場就在愛門羅的大平原深處，但是沒料到會有一條致命的毒蛇在此守護。
QUEST_RABBIT_2_1_QUESTINFODATA_JOURNALRUMOURTEXT,<hero_name>聽說有關一個古戰場的傳聞，它不為世人所知，而且遍地都是無人領取的奇珍異寶。
QUEST_RABBIT_2_1_QUESTINFODATA_RUMOURTEXT,愛門羅的許多古戰場很久以前就被清掃一空。如果你感興趣的話，我聽說有一處還沒人涉足。
QUEST_RABBIT_2_1_QUESTINFODATA_TITLE,草中之蛇
QUEST_RABBIT_2_2_QUESTINFODATA_ACTIONS_0_ACTIONTEXT,搜尋殺手，將其擊殺。
QUEST_RABBIT_2_2_QUESTINFODATA_ACTIONS_0_DEFAULTOUTCOME_JOURNALTEXT,<hero_name>想要尋找暗殺者，但是兇手很輕鬆就潛行在後面，並且用匕首將你擊傷，然後逃走了。
QUEST_RABBIT_2_2_QUESTINFODATA_ACTIONS_0_DEFAULTOUTCOME_OUTCOMETEXT,今天很不幸，你的反應慢了一步，隱藏的暗殺者精準一擊將你的腿擊傷後立馬逃之夭夭。
QUEST_RABBIT_2_2_QUESTINFODATA_ACTIONS_0_TESTSUCCESSOUTCOME_JOURNALTEXT,多虧<hero_name>卓越的訓練，隱藏的鼠族暗殺者沒有能藏太久，而寶貝也被拿了回來。
QUEST_RABBIT_2_2_QUESTINFODATA_ACTIONS_0_TESTSUCCESSOUTCOME_OUTCOMETEXT,你追蹤殺手的形跡，將其逼至窮途，並憑借卓越的訓練輕易將其擊殺。被偷走的寶貝不久就是你的了。
QUEST_RABBIT_2_2_QUESTINFODATA_ACTIONS_1_ACTIONTEXT,趕到鎮上呼叫守衛。
QUEST_RABBIT_2_2_QUESTINFODATA_ACTIONS_1_DEFAULTOUTCOME_JOURNALTEXT,我們的英雄去找守衛，這就給了罪犯逃跑的時間。<hero_name>失去了寶貝，但在那天學到了寶貴的經驗。
QUEST_RABBIT_2_2_QUESTINFODATA_ACTIONS_1_DEFAULTOUTCOME_OUTCOMETEXT,你轉身去鎮上叫來了守衛。等到你回來時，暗殺者（還有他此行前來尋找的秘密道具）早已溜之大吉。
QUEST_RABBIT_2_2_QUESTINFODATA_ACTIONS_2_ACTIONTEXT,「靠邊站！他還有救！」
QUEST_RABBIT_2_2_QUESTINFODATA_ACTIONS_2_DEFAULTOUTCOME_JOURNALTEXT,去他的寶貝！他的命還處於垂危狀態呢！<hero_name>的藥劑師將發明家從死亡邊緣拉了回來。他活了下去，得以製造許多有用的工具。
QUEST_RABBIT_2_2_QUESTINFODATA_ACTIONS_2_DEFAULTOUTCOME_OUTCOMETEXT,藥劑師衝了上去，扔掉刀子，用爪子在那黯淡無光的皮毛上摸索了一番。他臉上露出了痛苦的表情。「他會活下來的。」
QUEST_RABBIT_2_2_QUESTINFODATA_ACTIONS_3_ACTIONTEXT,「我知道真正的秘密藏在哪裡。」
QUEST_RABBIT_2_2_QUESTINFODATA_ACTIONS_3_DEFAULTOUTCOME_JOURNALTEXT,這個財務官根本不管破案的事，而是幫著我們的英雄打開了發明家牆上的秘密保險箱。
QUEST_RABBIT_2_2_QUESTINFODATA_ACTIONS_3_DEFAULTOUTCOME_OUTCOMETEXT,獾轉向牆上的一幅畫。「很標準的牆上保險箱。看到了吧？」他用爪子擊打保險箱，然後保險箱被打開了，裡面藏著秘密的寶貝。
QUEST_RABBIT_2_2_QUESTINFODATA_ACTIONS_4_ACTIONTEXT,了結殺手的性命
QUEST_RABBIT_2_2_QUESTINFODATA_ACTIONS_4_DEFAULTOUTCOME_JOURNALTEXT,憑藉著巫毒娃娃散發出的黑暗扭曲的魔法，<hero_name>從遠處擊倒了暗殺者。但並沒有找到暗殺者的屍體。
QUEST_RABBIT_2_2_QUESTINFODATA_ACTIONS_4_DEFAULTOUTCOME_OUTCOMETEXT,你拾起原本勾在碎玻璃上的毛髮並把它紮在巫毒娃娃上。暗殺者這下必死無疑了。你用針狠狠地扎入了娃娃的眼睛裡。
QUEST_RABBIT_2_2_QUESTINFODATA_ENCOUNTERTEXT,你發現發明家死了，他癱倒在書桌上，背上插著一把匕首。他的寶貝和殺手可能就在附近……
QUEST_RABBIT_2_2_QUESTINFODATA_JOURNALENCOUNTERTEXT,<hero_name>發現這名發明家被一把匕首刺死在家中。毫無疑問，寶貝與殺手仍在附近。
QUEST_RABBIT_2_2_QUESTINFODATA_JOURNALRUMOURTEXT,兔族的發明家都很古怪，但個個都是人才。其中有一個很早就跟我們的英雄打招呼，想要獻上一份珍貴的寶貝。
QUEST_RABBIT_2_2_QUESTINFODATA_RUMOURTEXT,一個兔族發明家告知你：他有一件非常強大的道具給你，可以為你的任務提供極大的幫助。
QUEST_RABBIT_2_2_QUESTINFODATA_TITLE,產業間諜
QUEST_RABBIT_2_3_QUESTINFODATA_ACTIONS_0_ACTIONTEXT,與召喚獸戰鬥！
QUEST_RABBIT_2_3_QUESTINFODATA_ACTIONS_0_DEFAULTOUTCOME_JOURNALTEXT,我們的英雄稍作遲疑，很不幸這足夠這頭可怕的猛獸來擊傷<hero_name>，這讓我們的英雄不得不逃掉。
QUEST_RABBIT_2_3_QUESTINFODATA_ACTIONS_0_DEFAULTOUTCOME_OUTCOMETEXT,當你轉身時，幽靈般的猛獸突然出現了！你嚇得戰戰兢兢，這足夠讓這頭怪獸用可怕的利爪猛擊你了。
QUEST_RABBIT_2_3_QUESTINFODATA_ACTIONS_0_TESTSUCCESSOUTCOME_JOURNALTEXT,可怕的猛獸衝了過來，今天就叫牠見識一下我們英雄的戰鬥技巧究竟如何。猛獸被殺死了，巨石陣得到了淨化。
QUEST_RABBIT_2_3_QUESTINFODATA_ACTIONS_0_TESTSUCCESSOUTCOME_OUTCOMETEXT,你拔出劍，直面那頭完全由暗影和塵埃組成的猛獸。你訓練有素，輕易躲過了牠的攻擊，並將其擊倒在地。
QUEST_RABBIT_2_3_QUESTINFODATA_ACTIONS_1_ACTIONTEXT,撤出巨石陣，跑去找掩護。
QUEST_RABBIT_2_3_QUESTINFODATA_ACTIONS_1_DEFAULTOUTCOME_JOURNALTEXT,<hero_name>撤出了巨石陣，雖然祭品沒救了，但是也讓與這頭可怕的猛獸的較量變得更為容易。
QUEST_RABBIT_2_3_QUESTINFODATA_ACTIONS_1_DEFAULTOUTCOME_OUTCOMETEXT,你在這幽靈般的存在吞噬你之前逃出了巨石陣，而陣中的犧牲品也因此而走向了死亡。
QUEST_RABBIT_2_3_QUESTINFODATA_ACTIONS_2_ACTIONTEXT,「很典型的召喚儀式。很容易搞掉的。讓我來吧。」
QUEST_RABBIT_2_3_QUESTINFODATA_ACTIONS_2_DEFAULTOUTCOME_JOURNALTEXT,在這種情況下，術士很精通這些，也多虧了他懂得一些簡單的咒語才能阻斷召喚儀式。
QUEST_RABBIT_2_3_QUESTINFODATA_ACTIONS_2_DEFAULTOUTCOME_OUTCOMETEXT,術士似乎被神秘召喚者所做的努力逗樂了，只念了幾句咒語就阻斷了召喚儀式。
QUEST_RABBIT_2_3_QUESTINFODATA_ACTIONS_3_ACTIONTEXT,讓魔鴆之刃指引你
QUEST_RABBIT_2_3_QUESTINFODATA_ACTIONS_3_DEFAULTOUTCOME_JOURNALTEXT,魔鴆之刃賜予我們英雄斬除<quest_tile>所有威脅的力量。剩餘的魔法支撐著<hero_name>的力量。\n
QUEST_RABBIT_2_3_QUESTINFODATA_ACTIONS_3_DEFAULTOUTCOME_OUTCOMETEXT,無論想召喚什麼汙穢怪物都沒用的！漆黑的刀鋒一閃而過，你將巨石陣裡的敵人都解決了。咒語失效了，力量被你吸收了。
QUEST_RABBIT_2_3_QUESTINFODATA_ACTIONS_4_ACTIONTEXT,淨化巨石陣
QUEST_RABBIT_2_3_QUESTINFODATA_ACTIONS_4_DEFAULTOUTCOME_JOURNALTEXT,銀月巨鐮逼退了那些低語，以及牠們從彼端召喚來的汙穢之獸。我們的英雄暫時淨化了<quest_tile>。
QUEST_RABBIT_2_3_QUESTINFODATA_ACTIONS_4_DEFAULTOUTCOME_OUTCOMETEXT,銀月巨鐮猶如燃燒的火炬般閃爍著光芒。當光明終於將汙穢驅散之時，邪惡的詭計也一併灰飛煙滅。
QUEST_RABBIT_2_3_QUESTINFODATA_ENCOUNTERTEXT,當你走進巨石陣時，你注意到中央躺著一個身影，四周圍繞著以鮮血繪成的奇怪標記……
QUEST_RABBIT_2_3_QUESTINFODATA_JOURNALENCOUNTERTEXT,在石陣的中心躺著昏迷的無辜犧牲者。接著，惡魔的低語伴隨著風從四周傳來。
QUEST_RABBIT_2_3_QUESTINFODATA_JOURNALRUMOURTEXT,我們的英雄聽說有一處被石柱環繞的地方。那裡曾經是居民的避難所，但現在顯然已經成為了詛咒之地。
QUEST_RABBIT_2_3_QUESTINFODATA_RUMOURTEXT,當地居民過去經常拜訪這些野外的巨石群……但後來一些汙穢之物玷污了它的自然之美。
QUEST_RABBIT_2_3_QUESTINFODATA_TITLE,靈魂傀儡
QUEST_RABBIT_2_4_QUESTINFODATA_ACTIONS_0_ACTIONTEXT,向松鼠施壓。
QUEST_RABBIT_2_4_QUESTINFODATA_ACTIONS_0_DEFAULTOUTCOME_JOURNALTEXT,無論<hero_name>怎麼嘗試，他們就是無法讓松鼠揭露任何東西。傭兵因而逃脫了兔族的憤怒。
QUEST_RABBIT_2_4_QUESTINFODATA_ACTIONS_0_DEFAULTOUTCOME_OUTCOMETEXT,你向那些松鼠施壓，但還是無法說服他們揭露任何東西。你被迫兩爪空空地離開了他們，離開了森林。
QUEST_RABBIT_2_4_QUESTINFODATA_ACTIONS_0_TESTSUCCESSOUTCOME_JOURNALTEXT,我們的英雄知道不該相信松鼠的話。傭兵很快便開始逃跑，兔族的領地也從他們的汙穢中解放了出來。
QUEST_RABBIT_2_4_QUESTINFODATA_ACTIONS_0_TESTSUCCESSOUTCOME_OUTCOMETEXT,通過你巧妙的設問，松鼠供出了罪犯的所在地。她很快便逃之夭夭，但留下了一塊心靈石。
QUEST_RABBIT_2_4_QUESTINFODATA_ACTIONS_1_ACTIONTEXT,在其他地方繼續搜索。
QUEST_RABBIT_2_4_QUESTINFODATA_ACTIONS_1_DEFAULTOUTCOME_JOURNALTEXT,松鼠一無所知，同時森林很好地掩蓋了暴徒的蹤跡。英雄經歷了智慧的考驗，然而還是讓傭兵跑掉了。
QUEST_RABBIT_2_4_QUESTINFODATA_ACTIONS_1_DEFAULTOUTCOME_OUTCOMETEXT,你在搜索的過程中經歷了智慧的考驗，但傭兵還是從你的眼皮底下溜走了，並且在你來得及捉住她前消失在了樹林深處。
QUEST_RABBIT_2_4_QUESTINFODATA_ACTIONS_2_ACTIONTEXT,「他們在說謊。她就在這裡！」
QUEST_RABBIT_2_4_QUESTINFODATA_ACTIONS_2_DEFAULTOUTCOME_JOURNALTEXT,但<hero_name>忠誠的王牌間諜才不會相信一隻松鼠！傭兵很快就被捉住，然後被逐出了森林。
QUEST_RABBIT_2_4_QUESTINFODATA_ACTIONS_2_DEFAULTOUTCOME_OUTCOMETEXT,你的王牌間諜擅長跟蹤和潛行之術，很快地用匕首把傭兵逼到了角落。我們把獎金給分了。
QUEST_RABBIT_2_4_QUESTINFODATA_ACTIONS_3_ACTIONTEXT,展示皇室旗幟
QUEST_RABBIT_2_4_QUESTINFODATA_ACTIONS_3_DEFAULTOUTCOME_JOURNALTEXT,皇室旗幟足以嚇破那些松鼠的膽子，讓其供出傭兵的藏身地。瘋王的話語便是法律。
QUEST_RABBIT_2_4_QUESTINFODATA_ACTIONS_3_DEFAULTOUTCOME_OUTCOMETEXT,當松鼠看見披在你身上的皇室旗幟，他們便立刻臉色發白。他們屈服了，供出傭兵，並且和你分了懸賞。
QUEST_RABBIT_2_4_QUESTINFODATA_ACTIONS_4_ACTIONTEXT,「要多少才能供出她？」
QUEST_RABBIT_2_4_QUESTINFODATA_ACTIONS_4_DEFAULTOUTCOME_JOURNALTEXT,我們英雄的商人巧妙地說服松鼠供出了她的位置，但傭兵還是逃脫了。森林沒有了她一定會更安全。
QUEST_RABBIT_2_4_QUESTINFODATA_ACTIONS_4_DEFAULTOUTCOME_OUTCOMETEXT,你的商人正嘗試與他們交易獲取傭兵的藏身地。遺憾的是，在你趕到的一刻她已經逃跑了，但同時也落下了自己的裝備。
QUEST_RABBIT_2_4_QUESTINFODATA_ENCOUNTERTEXT,你在一個古怪的小房子裡發現了一個松鼠家族。當你向他們詢問傭兵的情報時，他們很快就表示並不知情。這反應也太快了。
QUEST_RABBIT_2_4_QUESTINFODATA_JOURNALENCOUNTERTEXT,<hero_name>進入了附近的森林尋找這名狡猾的傭兵，期間遇到了看上去很可疑的松鼠一家。
QUEST_RABBIT_2_4_QUESTINFODATA_JOURNALRUMOURTEXT,以惡毒聞名的傭兵在兔族的領地中四處遊蕩。我們的英雄嘗試將她趕出去。
QUEST_RABBIT_2_4_QUESTINFODATA_RUMOURTEXT,在森林遊蕩的惡毒無情的傭兵對兔族造成了壓力。找出這些不速之客，將他們驅逐出去。
QUEST_RABBIT_2_4_QUESTINFODATA_TITLE,松鼠與傭兵
QUEST_RABBIT_2_5_QUESTINFODATA_ACTIONS_0_ACTIONTEXT,在村落附近布下陷阱。
QUEST_RABBIT_2_5_QUESTINFODATA_ACTIONS_0_DEFAULTOUTCOME_JOURNALTEXT,<hero_name>想利用一系列陷阱阻止強盜的前進，但還是沒辦法及時完成。村莊很快便淪陷了。
QUEST_RABBIT_2_5_QUESTINFODATA_ACTIONS_0_DEFAULTOUTCOME_OUTCOMETEXT,不幸的是，你笨拙的爪子觸發了比你布下的還要多的陷阱。強盜把你趕了出去，村莊仍然在他們的控制下。
QUEST_RABBIT_2_5_QUESTINFODATA_ACTIONS_0_TESTSUCCESSOUTCOME_JOURNALTEXT,<hero_name>敏銳的頭腦讓他們得以阻止強盜的前進，這得歸功於那些精巧的致命陷阱。村莊終於再次恢復了和平。
QUEST_RABBIT_2_5_QUESTINFODATA_ACTIONS_0_TESTSUCCESSOUTCOME_OUTCOMETEXT,當強盜前往掠奪村莊時，他們被你設下的巧妙陷阱所阻攔。一名村民對你印象深刻，自告奮勇加入了你的行列。
QUEST_RABBIT_2_5_QUESTINFODATA_ACTIONS_1_ACTIONTEXT,驅使村民組織防衛。
QUEST_RABBIT_2_5_QUESTINFODATA_ACTIONS_1_DEFAULTOUTCOME_JOURNALTEXT,我們的英雄巧妙的演講讓村民紛紛拿起武器對付強盜，付出巨大代價後終於將他們擊退。
QUEST_RABBIT_2_5_QUESTINFODATA_ACTIONS_1_DEFAULTOUTCOME_OUTCOMETEXT,儘管村民多數身體並不適合戰鬥，他們還是下定決心戰鬥。在離開他們後，你的心裡湧現出奇怪的不詳預感。
QUEST_RABBIT_2_5_QUESTINFODATA_ACTIONS_2_ACTIONTEXT,戴上群英頭盔，帶領大家衝鋒。
QUEST_RABBIT_2_5_QUESTINFODATA_ACTIONS_2_DEFAULTOUTCOME_JOURNALTEXT,在<hero_name>戴上群英頭盔後，強盜失敗的命運就已注定。他們很快便從平原上銷聲匿跡。
QUEST_RABBIT_2_5_QUESTINFODATA_ACTIONS_2_DEFAULTOUTCOME_OUTCOMETEXT,戴上群英頭盔，你發出了有力的怒吼，帶領大家向強盜發起了成功的，甚至在某種程度上是傳奇的衝鋒。
QUEST_RABBIT_2_5_QUESTINFODATA_ACTIONS_3_ACTIONTEXT,「他們需要鋼鐵！」
QUEST_RABBIT_2_5_QUESTINFODATA_ACTIONS_3_DEFAULTOUTCOME_JOURNALTEXT,<hero_name>的鐵匠回應了請求！在他的幫助下，大量的武器被迅速打造出來，足以抵擋強盜。
QUEST_RABBIT_2_5_QUESTINFODATA_ACTIONS_3_DEFAULTOUTCOME_OUTCOMETEXT,在鐵匠的幫助下，你有了足夠的武器來武裝村民，足以抵擋一支軍隊。他們會安全的。
QUEST_RABBIT_2_5_QUESTINFODATA_ACTIONS_4_ACTIONTEXT,屠殺侵略者
QUEST_RABBIT_2_5_QUESTINFODATA_ACTIONS_4_DEFAULTOUTCOME_JOURNALTEXT,但是強盜已經沒有進攻的機會了。我們的英雄依靠烏鴉之喙匕首的詛咒將他們打得落花流水。
QUEST_RABBIT_2_5_QUESTINFODATA_ACTIONS_4_DEFAULTOUTCOME_OUTCOMETEXT,你拿著烏鴉之喙匕首，在村莊附近匍匐前進，在強盜靠近之前便將他們統統殺死。
QUEST_RABBIT_2_5_QUESTINFODATA_ENCOUNTERTEXT,據說，強盜很快就會來到，向恐懼的農民收取貢品。無計可施的農民前來請求你的幫助。
QUEST_RABBIT_2_5_QUESTINFODATA_JOURNALENCOUNTERTEXT,村民一直生活在恐懼中。他們的莊稼很快就會被搶走，只有我們的英雄才能拯救他們！
QUEST_RABBIT_2_5_QUESTINFODATA_JOURNALRUMOURTEXT,平原上的一小群村民遭到了襲擊：一群強盜正在威脅他們所有的生計！我們的英雄決定施以援手。
QUEST_RABBIT_2_5_QUESTINFODATA_RUMOURTEXT,平原上的一些村民正尋求幫助對抗強盜。請拜訪一下他們，看看有什麼可以做的。
QUEST_RABBIT_2_5_QUESTINFODATA_TITLE,平原守護者
QUEST_RABBIT_2_6_QUESTINFODATA_ACTIONS_0_ACTIONTEXT,與權臣交往。
QUEST_RABBIT_2_6_QUESTINFODATA_ACTIONS_0_DEFAULTOUTCOME_JOURNALTEXT,關於這場社交失態的消息必然會閃電般地在兔窩中傳播開來。<hero_name>讓自己成了個惹人厭的傢伙。真是可惜。
QUEST_RABBIT_2_6_QUESTINFODATA_ACTIONS_0_DEFAULTOUTCOME_OUTCOMETEXT,你試圖加入眾多的談話，但卻因為惹人厭而被徹底無視了。最後你只好尷尬地離開了舞會。
QUEST_RABBIT_2_6_QUESTINFODATA_ACTIONS_0_TESTSUCCESSOUTCOME_JOURNALTEXT,幾分鐘之內，愛門羅的精英不僅認同了<hero_name>稱王的主張，還為一份尊貴的<test_reward>付了錢。
QUEST_RABBIT_2_6_QUESTINFODATA_ACTIONS_0_TESTSUCCESSOUTCOME_OUTCOMETEXT,由於你的聲望，精英們似乎很滿意。他們對你抱以強烈的信任，甚至為你的事業送上了<test_reward>。
QUEST_RABBIT_2_6_QUESTINFODATA_ACTIONS_1_ACTIONTEXT,與平民交往。
QUEST_RABBIT_2_6_QUESTINFODATA_ACTIONS_1_DEFAULTOUTCOME_JOURNALTEXT,有時候，作為愛門羅基礎的平民也能引導你走向成功。因此<hero_name>花了一整晚來招呼他們。
QUEST_RABBIT_2_6_QUESTINFODATA_ACTIONS_1_DEFAULTOUTCOME_OUTCOMETEXT,你無視了舞廳的那群精英，反而在侍者的身上動腦筋。最終你成為了愛門羅佃農階層心目中的草根英雄。
QUEST_RABBIT_2_6_QUESTINFODATA_ACTIONS_2_ACTIONTEXT,「防備太鬆懈了，我忍不住想偷一把了！」
QUEST_RABBIT_2_6_QUESTINFODATA_ACTIONS_2_DEFAULTOUTCOME_JOURNALTEXT,錢財過於露眼，連咒術師都忍不住想出手了。我們的英雄幫助他「借走」了盡可能多的財物，然後一起逃了出去。
QUEST_RABBIT_2_6_QUESTINFODATA_ACTIONS_2_DEFAULTOUTCOME_OUTCOMETEXT,你的咒術師被叮噹作響的錢袋所吸引，施展了一點小小障眼法。最後你們串通一起離開了那裡，這下賺大了。
QUEST_RABBIT_2_6_QUESTINFODATA_ACTIONS_3_ACTIONTEXT,尋找借口亮出你的皇室赦令。
QUEST_RABBIT_2_6_QUESTINFODATA_ACTIONS_3_DEFAULTOUTCOME_JOURNALTEXT,幾乎毫無例外，我們的英雄拿著皇室赦令進入了守備森嚴的密室。他們最終帶著大量財物逃走了。
QUEST_RABBIT_2_6_QUESTINFODATA_ACTIONS_3_DEFAULTOUTCOME_OUTCOMETEXT,你潛入到私家密室，利用皇室赦令悄悄進入其中。你最終從裡面偷走了一張珍貴的卡牌！
QUEST_RABBIT_2_6_QUESTINFODATA_ACTIONS_4_ACTIONTEXT,戴上化妝面具
QUEST_RABBIT_2_6_QUESTINFODATA_ACTIONS_4_DEFAULTOUTCOME_JOURNALTEXT,戴上化妝面具能隱藏身份，並且能散發出非凡的魅力。它能讓<hero_name>更方便地獲取特別敏感的情報。
QUEST_RABBIT_2_6_QUESTINFODATA_ACTIONS_4_DEFAULTOUTCOME_OUTCOMETEXT,戴上面具後，你成功在不被發現的情況下穿梭於整個會場。同時你也透過偷聽到的交流瞭解了許多關於王國未來的事情。
QUEST_RABBIT_2_6_QUESTINFODATA_ENCOUNTERTEXT,通過這場舞會能說服愛門羅的派系支持你的部族……或者剷除你通往王者路上的潛在障礙。
QUEST_RABBIT_2_6_QUESTINFODATA_JOURNALENCOUNTERTEXT,兔子不可能放棄執行他們所謂的社交工程的機會，這次舞會當然也不例外。
QUEST_RABBIT_2_6_QUESTINFODATA_JOURNALRUMOURTEXT,作為對旅途中的危機與汙穢的一種可喜調劑，<hero_name>被邀請參加一場為愛門羅上流社會而設的大型舞會。
QUEST_RABBIT_2_6_QUESTINFODATA_RUMOURTEXT,你被邀請參加一場在<quest_tile>舉辦的舞會。由於許多愛門羅政客都會參加，因此第一印象十分重要。
QUEST_RABBIT_2_6_QUESTINFODATA_TITLE,大型舞會
QUEST_RABBIT_2_7_QUESTINFODATA_ACTIONS_0_ACTIONTEXT,召喚懷爾德來尋求引導。
QUEST_RABBIT_2_7_QUESTINFODATA_ACTIONS_0_DEFAULTOUTCOME_JOURNALTEXT,<hero_name>召喚了懷爾德，但很可惜，在那特別的日子裡，懷爾德似乎對我們的英雄有別的打算。
QUEST_RABBIT_2_7_QUESTINFODATA_ACTIONS_0_DEFAULTOUTCOME_OUTCOMETEXT,在觸發了大量陷阱後，你聰明地意識到懷爾德不會來幫助你了。被弄得一身破爛的你最終離開了洞穴。
QUEST_RABBIT_2_7_QUESTINFODATA_ACTIONS_0_TESTSUCCESSOUTCOME_JOURNALTEXT,懷爾德回答道：在它的引導下，這些精巧的疾行兔陷阱不過是奇妙的景觀，而寶藏比比皆是！
QUEST_RABBIT_2_7_QUESTINFODATA_ACTIONS_0_TESTSUCCESSOUTCOME_OUTCOMETEXT,懷爾德響應了你的召喚，帶著你繞開了致命的陷阱，直接來到了山脈中心的寶庫前。
QUEST_RABBIT_2_7_QUESTINFODATA_ACTIONS_1_ACTIONTEXT,仔細繪製洞穴深處的地圖。
QUEST_RABBIT_2_7_QUESTINFODATA_ACTIONS_1_DEFAULTOUTCOME_JOURNALTEXT,我們的英雄使用靈力強化了記憶，仔細地查看洞穴的每一部分。最終雖然避開了陷阱，但財寶早就被拿走了。
QUEST_RABBIT_2_7_QUESTINFODATA_ACTIONS_1_DEFAULTOUTCOME_OUTCOMETEXT,你花了大量時間，以安全的方式來到了疾行寶庫。但很可惜，裡面的財寶大部分都被拿走了。
QUEST_RABBIT_2_7_QUESTINFODATA_ACTIONS_2_ACTIONTEXT,「啊！是蟲子！」
QUEST_RABBIT_2_7_QUESTINFODATA_ACTIONS_2_DEFAULTOUTCOME_JOURNALTEXT,傳説疾行兔的陷阱是無法通過的，但在那天一個傻瓜意外地證明了這個說法是錯的，每個陷阱都是如此。
QUEST_RABBIT_2_7_QUESTINFODATA_ACTIONS_2_DEFAULTOUTCOME_OUTCOMETEXT,你隊伍裡的傻瓜瘋狂地彈開掉在肩膀上的昆蟲，並且觸發了洞穴裡所有的陷阱。你最終搜刮了寶庫外的所有物品。
QUEST_RABBIT_2_7_QUESTINFODATA_ACTIONS_3_ACTIONTEXT,「這些隧道很脆弱。我有一個想法。」
QUEST_RABBIT_2_7_QUESTINFODATA_ACTIONS_3_DEFAULTOUTCOME_JOURNALTEXT,由於礦工對地牢的結構十分熟悉，我們的英雄得以避開那些陷阱，安全地在洞穴裡搜刮。
QUEST_RABBIT_2_7_QUESTINFODATA_ACTIONS_3_DEFAULTOUTCOME_OUTCOMETEXT,你隊伍裡的礦工找到了隧道裡脆弱的牆體。在準確地擊打後，他成功弄塌了一部分天花板，並摧毀了所有陷阱。
QUEST_RABBIT_2_7_QUESTINFODATA_ACTIONS_4_ACTIONTEXT,讓陷阱失效
QUEST_RABBIT_2_7_QUESTINFODATA_ACTIONS_4_DEFAULTOUTCOME_JOURNALTEXT,穿上了獅心胸甲，陷阱便無法造成傷害。我們的英雄可以放心通過疾行兔的陷阱了。
QUEST_RABBIT_2_7_QUESTINFODATA_ACTIONS_4_DEFAULTOUTCOME_OUTCOMETEXT,陷阱觸發了冰雹般的弩箭和致命的投射物，但它們在獅心胸甲前毫無作用。這下子搜索行動就很簡單了。
QUEST_RABBIT_2_7_QUESTINFODATA_ENCOUNTERTEXT,雖然疾行兔是被兔族流放的分支，但他們都是聰明的發明家，毫無疑問他們的巢穴也是危機四伏。
QUEST_RABBIT_2_7_QUESTINFODATA_JOURNALENCOUNTERTEXT,這個位於<quest_tile>懸崖深處的洞穴曾經是疾行兔的家園。裡面肯定還有各種陷阱和寶藏！
QUEST_RABBIT_2_7_QUESTINFODATA_JOURNALRUMOURTEXT,循著傳言的蹤跡，我們的英雄來到了<quest_tile>，嘗試尋找傳奇兔族王朝最後的安息之地。
QUEST_RABBIT_2_7_QUESTINFODATA_RUMOURTEXT,那些可以追溯到疾行兔大清洗時期的古老兔族寶藏，據說就藏在山中的一座洞穴的深處。
QUEST_RABBIT_2_7_QUESTINFODATA_TITLE,疾行兔的墓穴
QUEST_RABBIT_2_8_QUESTINFODATA_ACTIONS_0_ACTIONTEXT,凝視魔法水泉。
QUEST_RABBIT_2_8_QUESTINFODATA_ACTIONS_0_DEFAULTOUTCOME_JOURNALTEXT,我們的英雄試圖探望魔法之水，但懷爾德十分變幻無常。<hero_name>被彈了開來，同時被吸走了靈力。
QUEST_RABBIT_2_8_QUESTINFODATA_ACTIONS_0_DEFAULTOUTCOME_OUTCOMETEXT,你向魔法之水深處探望，但懷爾德認為你還沒有得到這份禮物的資格。你被彈了開來，同時被吸走了靈力。
QUEST_RABBIT_2_8_QUESTINFODATA_ACTIONS_0_TESTSUCCESSOUTCOME_JOURNALTEXT,我們的英雄向魔法之水探望，並且感受到了懷爾德的存在。與此同時，一塊心靈石從水裡冒了出來。
QUEST_RABBIT_2_8_QUESTINFODATA_ACTIONS_0_TESTSUCCESSOUTCOME_OUTCOMETEXT,你看著自己在水中的倒影，感受到了與懷爾德的深刻聯繫。與此同時，一塊心靈石從水裡冒了出來。
QUEST_RABBIT_2_8_QUESTINFODATA_ACTIONS_1_ACTIONTEXT,喝下水後抓緊離開。
QUEST_RABBIT_2_8_QUESTINFODATA_ACTIONS_1_DEFAULTOUTCOME_JOURNALTEXT,我們的英雄感受到水裡正有什麼東西在冒出來。他迅速把水袋裝滿並且離開。這些懷爾德之水讓他充滿了活力。
QUEST_RABBIT_2_8_QUESTINFODATA_ACTIONS_1_DEFAULTOUTCOME_OUTCOMETEXT,你無視了懷爾德的心靈考驗，選擇先解決自己的口渴。你感覺自己在懷爾德之中更強了，但沒有得到更大的祝福。
QUEST_RABBIT_2_8_QUESTINFODATA_ACTIONS_2_ACTIONTEXT,「我的主人後院就有一個這樣的東西！」
QUEST_RABBIT_2_8_QUESTINFODATA_ACTIONS_2_DEFAULTOUTCOME_JOURNALTEXT,<hero_name>忠誠的學徒低聲吟誦了一段奇怪的經文，水便鑽進了泥土裡，顯露出了一件蘊含強大力量的物品。\n
QUEST_RABBIT_2_8_QUESTINFODATA_ACTIONS_2_DEFAULTOUTCOME_OUTCOMETEXT,學徒對這種現象十分熟悉，他低聲吟誦了奇怪的經文讓水消失，並且轉化成一件蘊含強大力量的物品。
QUEST_RABBIT_2_8_QUESTINFODATA_ACTIONS_3_ACTIONTEXT,讓懷爾德烈焰權杖吟唱……
QUEST_RABBIT_2_8_QUESTINFODATA_ACTIONS_3_DEFAULTOUTCOME_JOURNALTEXT,懷爾德烈焰權杖讓水產生了變化：它們鑽進了泥土裡，留下了一件被懷爾德祝福過的禮物。
QUEST_RABBIT_2_8_QUESTINFODATA_ACTIONS_3_DEFAULTOUTCOME_OUTCOMETEXT,你在水潭上舉起了法杖，魔法之水開始閃爍發亮。最終漣漪消退，並且浮現出一件隱藏的寶物。
QUEST_RABBIT_2_8_QUESTINFODATA_ACTIONS_4_ACTIONTEXT,「跪下。」
QUEST_RABBIT_2_8_QUESTINFODATA_ACTIONS_4_DEFAULTOUTCOME_JOURNALTEXT,<hero_name>忠誠的學徒低聲吟誦了一段奇怪的經文，水便鑽進了泥土裡，顯露出了一件蘊含強大力量的物品。\n
QUEST_RABBIT_2_8_QUESTINFODATA_ACTIONS_4_DEFAULTOUTCOME_OUTCOMETEXT,學徒在水泉前跪了下來，喃喃著向懷爾德虔誠地祈禱。等你加入他的時候，水退了下去，顯現出一件蘊含強大力量的物品。
QUEST_RABBIT_2_8_QUESTINFODATA_ENCOUNTERTEXT,你發現美麗的平原上座落著一個小水泉，它猶如鏡面般的水面吸引著你向裡面注視。但似乎有什麼不太對勁……
QUEST_RABBIT_2_8_QUESTINFODATA_JOURNALENCOUNTERTEXT,<hero_name>在平原深處發現了一座小水泉，而且尚未被開發過。它猶如鏡面般的水面吸引著你向裡面注視。
QUEST_RABBIT_2_8_QUESTINFODATA_JOURNALRUMOURTEXT,據說愛門羅所有天然水泉都具有與懷爾德相關的心靈特性。我們的英雄決定去探個究竟。
QUEST_RABBIT_2_8_QUESTINFODATA_RUMOURTEXT,傳言附近的平原上有一座水泉。有些平民說它擁有魔法力量：也許我應該去調查一下！
QUEST_RABBIT_2_8_QUESTINFODATA_TITLE,預兆之池
QUEST_RABBIT_2_9_QUESTINFODATA_ACTIONS_0_ACTIONTEXT,趕走這些可悲的靈魂。
QUEST_RABBIT_2_9_QUESTINFODATA_ACTIONS_0_DEFAULTOUTCOME_JOURNALTEXT,<hero_name>試圖召喚懷爾德，但什麼都沒有發生。強盜差點抓住了我們的英雄，但他們成功逃到了安全的地方。
QUEST_RABBIT_2_9_QUESTINFODATA_ACTIONS_0_DEFAULTOUTCOME_OUTCOMETEXT,你閉上了眼睛，但懷爾德無視了你。強盜向你的方向湧來，你被迫脫離此地，以免落入他們手中。
QUEST_RABBIT_2_9_QUESTINFODATA_ACTIONS_0_TESTSUCCESSOUTCOME_JOURNALTEXT,我們的英雄召喚了懷爾德，被感染的強盜逃到了樹林裡。被解救出來的俘虜加入了<hero_name>的行列。
QUEST_RABBIT_2_9_QUESTINFODATA_ACTIONS_0_TESTSUCCESSOUTCOME_OUTCOMETEXT,你閉上了眼睛，感受到懷爾德的淨化之焰在你體內。強盜尖叫著四處逃散，你可以去解救被困住的生物了。
QUEST_RABBIT_2_9_QUESTINFODATA_ACTIONS_1_ACTIONTEXT,將整座營地付之一炬。
QUEST_RABBIT_2_9_QUESTINFODATA_ACTIONS_1_DEFAULTOUTCOME_JOURNALTEXT,<hero_name>選擇直接靠近，縱火將整座營地燒毀。不幸的是，火勢一發不可收拾，連俘虜也被活活燒死了。
QUEST_RABBIT_2_9_QUESTINFODATA_ACTIONS_1_DEFAULTOUTCOME_OUTCOMETEXT,你開始對營地縱火，但火勢超出了你的控制能力。你感到懷爾德的力量變強了，但同時對被火焰吞噬的同伴感到哀痛。
QUEST_RABBIT_2_9_QUESTINFODATA_ACTIONS_2_ACTIONTEXT,我可以引開他們！
QUEST_RABBIT_2_9_QUESTINFODATA_ACTIONS_2_DEFAULTOUTCOME_JOURNALTEXT,讓<hero_name>忠誠的吟遊詩人引開他們吧！俘虜雖然被釋放，但他們鄙視畏懼戰鬥的英雄，不肯加入其行列。
QUEST_RABBIT_2_9_QUESTINFODATA_ACTIONS_2_DEFAULTOUTCOME_OUTCOMETEXT,吟遊詩人成功將所有強盜引出了營地，你不僅成功解救了俘虜，還通過搜刮營地得到了一張強大的卡牌！
QUEST_RABBIT_2_9_QUESTINFODATA_ACTIONS_3_ACTIONTEXT,舉起魔鴆之爪
QUEST_RABBIT_2_9_QUESTINFODATA_ACTIONS_3_DEFAULTOUTCOME_JOURNALTEXT,魔鴆之爪能從腐化的生物身上吸取汙穢，將他們擊倒。俘虜已然自由，但他們一言不發，只是緊緊地盯著那爪子。
QUEST_RABBIT_2_9_QUESTINFODATA_ACTIONS_3_DEFAULTOUTCOME_OUTCOMETEXT,強盜的眼睛發出了強烈的白光。在汙穢被抽離身體時他們開始痛苦地喘息，最終癱倒在地。營地裡的財寶都是你的了。
QUEST_RABBIT_2_9_QUESTINFODATA_ACTIONS_4_ACTIONTEXT,我可以引開他們！
QUEST_RABBIT_2_9_QUESTINFODATA_ACTIONS_4_DEFAULTOUTCOME_JOURNALTEXT,幸好<hero_name>忠誠的吟遊詩人引開了他們！俘虜雖然被釋放，但他們鄙視畏懼戰鬥的英雄，不肯加入其行列。
QUEST_RABBIT_2_9_QUESTINFODATA_ACTIONS_4_DEFAULTOUTCOME_OUTCOMETEXT,吟遊詩人成功將所有強盜引出了營地，你不僅成功解救了俘虜，還搜刮了他們的金庫，得到了一張強大的卡牌！
QUEST_RABBIT_2_9_QUESTINFODATA_ENCOUNTERTEXT,在進入營地時，你發現強盜的眼睛發出了強烈的紫光：他們被汙穢掌控了，而且你的同伴的性命危在旦夕！
QUEST_RABBIT_2_9_QUESTINFODATA_JOURNALENCOUNTERTEXT,<hero_name>找到了營地，裡面有一支被汙穢感染的強盜團：他們發紫的眼睛裡充滿了憤怒和惡意。
QUEST_RABBIT_2_9_QUESTINFODATA_JOURNALRUMOURTEXT,對於發誓向兔族效忠的人，被他們選中的英雄將會保護他們。現在強盜捉住了他們中的一個，並且關在了森林的深處。
QUEST_RABBIT_2_9_QUESTINFODATA_RUMOURTEXT,我聽說有一個兔族的效忠者被關在了森林中某處的強盜營地裡。更麻煩的是，那些強盜都被汙穢感染了。
QUEST_RABBIT_2_9_QUESTINFODATA_TITLE,被汙穢包圍的囚籠
QUEST_RABBIT_3_10_QUESTINFODATA_ACTIONS_0_ACTIONTEXT,將女孩從泥潭裡拉出來。
QUEST_RABBIT_3_10_QUESTINFODATA_ACTIONS_0_DEFAULTOUTCOME_JOURNALTEXT,遺憾的是，我們的英雄沒有足夠的力氣把可憐的女孩拉上來。<hero_name>可恥地逃離了沼澤，心中愧疚不已。
QUEST_RABBIT_3_10_QUESTINFODATA_ACTIONS_0_DEFAULTOUTCOME_OUTCOMETEXT,你伸出了手想拉女孩一把，但你卻沒有足夠的力氣。女孩最後還是死了，你的心中愧疚不已。
QUEST_RABBIT_3_10_QUESTINFODATA_ACTIONS_0_TESTSUCCESSOUTCOME_JOURNALTEXT,幸好我們的英雄有足夠的力氣將女孩迅速從污泥中拉出來，並且將她安全地送回到父母的身邊。
QUEST_RABBIT_3_10_QUESTINFODATA_ACTIONS_0_TESTSUCCESSOUTCOME_OUTCOMETEXT,女孩正在下沉，沒時間猶豫了！你伸出了手，用盡全身的力氣，將女孩從污泥中拉了出來。
QUEST_RABBIT_3_10_QUESTINFODATA_ACTIONS_1_ACTIONTEXT,花時間準備。
QUEST_RABBIT_3_10_QUESTINFODATA_ACTIONS_1_DEFAULTOUTCOME_JOURNALTEXT,<hero_name>嘗試在周圍尋找工具，以用最安全的方式將女孩救出來，但是卻嚇到了女孩，以致於她昏了過去。
QUEST_RABBIT_3_10_QUESTINFODATA_ACTIONS_1_DEFAULTOUTCOME_OUTCOMETEXT,你伸出了粗壯的樹籐和木棒，女孩因為恐懼發出了尖叫。雖然你最後成功把她救了出來，但是她卻昏了過去。
QUEST_RABBIT_3_10_QUESTINFODATA_ACTIONS_2_ACTIONTEXT,「抓住我的腿！我夠得到她！」
QUEST_RABBIT_3_10_QUESTINFODATA_ACTIONS_2_DEFAULTOUTCOME_JOURNALTEXT,在擁有非凡靈活性的咒術師幫助下，你終於把女孩從流沙中救了出來。她送給了你們一件飾物作為謝禮。
QUEST_RABBIT_3_10_QUESTINFODATA_ACTIONS_2_DEFAULTOUTCOME_OUTCOMETEXT,咒術師跳了進去，在裡面用力掙扎著身體。他總算摸到了工具、成功解救了女孩，然後你安全地把他們倆人都拉了上來。
QUEST_RABBIT_3_10_QUESTINFODATA_ACTIONS_3_ACTIONTEXT,用飛天翅靴飛到女孩那裡
QUEST_RABBIT_3_10_QUESTINFODATA_ACTIONS_3_DEFAULTOUTCOME_JOURNALTEXT,這雙傳說中的飛天翅靴擁有非凡的速度和靈活性，<hero_name>依靠它把女孩從流沙中救了出來。
QUEST_RABBIT_3_10_QUESTINFODATA_ACTIONS_3_DEFAULTOUTCOME_OUTCOMETEXT,必須把女孩救出來！你抓住飛天翅靴迅速向前飛，使勁把她從流沙中拉了出來。她終於安全了！
QUEST_RABBIT_3_10_QUESTINFODATA_ACTIONS_4_ACTIONTEXT,隨便扔些什麼給她抓住！
QUEST_RABBIT_3_10_QUESTINFODATA_ACTIONS_4_DEFAULTOUTCOME_JOURNALTEXT,雖然皇室護盾是珍貴的寶物，但在女孩將要沉入流沙的關鍵時刻，你用它來讓女孩抓住。
QUEST_RABBIT_3_10_QUESTINFODATA_ACTIONS_4_DEFAULTOUTCOME_OUTCOMETEXT,皇室護盾體積夠大了。她自行爬上了盾牌，然後跳上安全的地面跑掉了。你收回了盾牌，感覺有點尷尬。
QUEST_RABBIT_3_10_QUESTINFODATA_ENCOUNTERTEXT,你們跟著舊腳印和被破壞的植物進入到沼澤的深處。然後你發現了女孩：她半截身子被埋在了流沙坑裡。
QUEST_RABBIT_3_10_QUESTINFODATA_JOURNALENCOUNTERTEXT,<hero_name>在沼澤深處找到了可憐的女孩，她掉在了流沙坑裡，而且正在迅速下沉。
QUEST_RABBIT_3_10_QUESTINFODATA_JOURNALRUMOURTEXT,一個年輕的女孩在沼澤迷路了。如果我們的英雄沒能及時找到她並救出來，她就必死無疑。
QUEST_RABBIT_3_10_QUESTINFODATA_RUMOURTEXT,本地兔族居民的女兒走失了，他們認為她是在沼澤迷路了。如果能找到她，他們會向你提供報酬。
QUEST_RABBIT_3_10_QUESTINFODATA_TITLE,小心沙子
QUEST_RABBIT_3_11_QUESTINFODATA_ACTIONS_0_ACTIONTEXT,掙脫束縛，把旅行者救出去。
QUEST_RABBIT_3_11_QUESTINFODATA_ACTIONS_0_DEFAULTOUTCOME_JOURNALTEXT,我們的英雄嘗試及時逃脫，並且釋放被邪惡老鼠捉住的旅行者，但最後只有<hero_name>逃了出去。
QUEST_RABBIT_3_11_QUESTINFODATA_ACTIONS_0_DEFAULTOUTCOME_OUTCOMETEXT,你用盡力氣想掙脫束縛，卻沒有足夠的力氣。最終旅行者死了，只有你勉強逃了出去。
QUEST_RABBIT_3_11_QUESTINFODATA_ACTIONS_0_TESTSUCCESSOUTCOME_JOURNALTEXT,幸運的是，<hero_name>正處於力量的巔峰。他不僅把自己救了出去，還把可憐的旅行者也救了出去！
QUEST_RABBIT_3_11_QUESTINFODATA_ACTIONS_0_TESTSUCCESSOUTCOME_OUTCOMETEXT,你一點點地積累力量，最終掙脫束縛並向鼠群衝去。鼠群因驚駭而四散，你可以去解救旅行者了。
QUEST_RABBIT_3_11_QUESTINFODATA_ACTIONS_1_ACTIONTEXT,保證自己能安全逃脫。
QUEST_RABBIT_3_11_QUESTINFODATA_ACTIONS_1_DEFAULTOUTCOME_JOURNALTEXT,<hero_name>唯一的目標就是脫逃 ── 即使俘虜在哀求英雄給予幫助，現在也不是同情心氾濫的時候。
QUEST_RABBIT_3_11_QUESTINFODATA_ACTIONS_1_DEFAULTOUTCOME_OUTCOMETEXT,這裡所有生物都會先關心自己的性命，不是嗎？你對旅行者的哭喊視而不見，慢慢掙脫了束縛，然後向森林逃去。
QUEST_RABBIT_3_11_QUESTINFODATA_ACTIONS_2_ACTIONTEXT,拿出魔鴆之爪
QUEST_RABBIT_3_11_QUESTINFODATA_ACTIONS_2_DEFAULTOUTCOME_JOURNALTEXT,魔鴆之爪讓鼠群感受到了極大的恐懼。他們選擇了逃跑：確實，汙穢的力量是出了名的可怕。
QUEST_RABBIT_3_11_QUESTINFODATA_ACTIONS_2_DEFAULTOUTCOME_OUTCOMETEXT,一看到你的汙穢飾物，鼠群立刻四散奔逃。你掙脫了束縛，並且把旅行者釋放，然而他只是緊張地看著你。
QUEST_RABBIT_3_11_QUESTINFODATA_ACTIONS_3_ACTIONTEXT,孤注一擲，拿出皇室赦令
QUEST_RABBIT_3_11_QUESTINFODATA_ACTIONS_3_DEFAULTOUTCOME_JOURNALTEXT,拿出皇室赦令讓鼠群懼怕，讓他們釋放我們的英雄。即使是凶殘的動物也害怕國王的憤怒。
QUEST_RABBIT_3_11_QUESTINFODATA_ACTIONS_3_DEFAULTOUTCOME_OUTCOMETEXT,即使是鼠群也知道瘋王憤怒時的可怕。當你用國王的憤怒威脅他們時，他們不情願地將你釋放了。
QUEST_RABBIT_3_11_QUESTINFODATA_ACTIONS_4_ACTIONTEXT,使用烏鴉之喙匕首。
QUEST_RABBIT_3_11_QUESTINFODATA_ACTIONS_4_DEFAULTOUTCOME_JOURNALTEXT,我們英雄拿出了隱藏的烏鴉之喙匕首，割破網子逃了出去，但捨棄了俘虜。
QUEST_RABBIT_3_11_QUESTINFODATA_ACTIONS_4_DEFAULTOUTCOME_OUTCOMETEXT,趁著其他囚犯被抓的時候，你用隱藏的武器割破束縛逃了出去，但俘虜只能等死了。
QUEST_RABBIT_3_11_QUESTINFODATA_ENCOUNTERTEXT,在林中休息的時候，你遭到了一群戰鼠部落的突襲！在他們的營地中，一名旅行者正準備被投入到大鍋中。
QUEST_RABBIT_3_11_QUESTINFODATA_JOURNALENCOUNTERTEXT,遺憾的是，我們的英雄成為了他們的俘虜。他很快就發現，這些鼠群正準備用他們做一頓大餐！
QUEST_RABBIT_3_11_QUESTINFODATA_JOURNALRUMOURTEXT,我們的英雄的任務將他們帶往<quest_tile>深處，那裡據說住著一個奇怪的鼠族部落。
QUEST_RABBIT_3_11_QUESTINFODATA_RUMOURTEXT,現在立刻小心地進入森林！我聽說有一群凶殘的鼠群就住在裡面……他們會吃掉其他愛門羅的子民！
QUEST_RABBIT_3_11_QUESTINFODATA_TITLE,為二人準備的大鍋
QUEST_RABBIT_3_12_QUESTINFODATA_ACTIONS_0_ACTIONTEXT,把寶箱拉出水面。
QUEST_RABBIT_3_12_QUESTINFODATA_ACTIONS_0_DEFAULTOUTCOME_JOURNALTEXT,我們的英雄跳進了水裡，但他們根本缺乏足夠的力氣在飢餓的梭子魚群返回前將寶箱拉上來。
QUEST_RABBIT_3_12_QUESTINFODATA_ACTIONS_0_DEFAULTOUTCOME_OUTCOMETEXT,你跳進了水裡嘗試把寶箱拉出來，但可惜你的力氣不夠。很快你便為了躲避梭子魚群而逃了出來。
QUEST_RABBIT_3_12_QUESTINFODATA_ACTIONS_0_TESTSUCCESSOUTCOME_JOURNALTEXT,<hero_name>跳進了河裡，用十個兔子的力氣奮力把寶箱拉了出來！在裡面發現的聖物一定很有用！
QUEST_RABBIT_3_12_QUESTINFODATA_ACTIONS_0_TESTSUCCESSOUTCOME_OUTCOMETEXT,你跳進了水裡，出盡渾身解數將沉重的寶箱拉出了河床。在裡面你發現了一件古代聖物，而且它對你有很大幫助。
QUEST_RABBIT_3_12_QUESTINFODATA_ACTIONS_1_ACTIONTEXT,在水下打開寶箱。
QUEST_RABBIT_3_12_QUESTINFODATA_ACTIONS_1_DEFAULTOUTCOME_JOURNALTEXT,由於寶箱實在是太重了，他們嘗試在水裡打開寶箱。不幸的是，整個寶箱最終沉到了漆黑的深處。
QUEST_RABBIT_3_12_QUESTINFODATA_ACTIONS_1_DEFAULTOUTCOME_OUTCOMETEXT,你潛到了寶箱旁，試圖將它撬開……然而這樣做卻把所有東西都帶到了河裡！梭子魚群把你趕出了河，你只能兩爪空空地離開。
QUEST_RABBIT_3_12_QUESTINFODATA_ACTIONS_2_ACTIONTEXT,侍從一定能完美地引開牠們！
QUEST_RABBIT_3_12_QUESTINFODATA_ACTIONS_2_DEFAULTOUTCOME_JOURNALTEXT,你隊伍裡的忠誠侍從在英雄拉出寶箱時引開了梭子魚群。你得和他分享裡面的財寶！
QUEST_RABBIT_3_12_QUESTINFODATA_ACTIONS_2_DEFAULTOUTCOME_OUTCOMETEXT,你命令侍從前往上游來引開梭子魚群（侍從對這個命令似乎不是很開心）。你現在有時間去搜刮寶箱了。
QUEST_RABBIT_3_12_QUESTINFODATA_ACTIONS_3_ACTIONTEXT,侍從一定能完美地引開牠們！
QUEST_RABBIT_3_12_QUESTINFODATA_ACTIONS_3_DEFAULTOUTCOME_JOURNALTEXT,你隊伍裡的忠誠侍從在英雄拉出寶箱時引開了梭子魚群。你得和他分享裡面的財寶！
QUEST_RABBIT_3_12_QUESTINFODATA_ACTIONS_3_DEFAULTOUTCOME_OUTCOMETEXT,你指示侍從前往上游，並且讓其引開梭子魚群（他們似乎對這個任務並不開心）。你現在有時間去搜刮寶箱了。
QUEST_RABBIT_3_12_QUESTINFODATA_ACTIONS_4_ACTIONTEXT,使用銀月巨鐮
QUEST_RABBIT_3_12_QUESTINFODATA_ACTIONS_4_DEFAULTOUTCOME_JOURNALTEXT,銀月巨鐮讓英雄驅使著懷爾德的力量，將河川一分為二，如此一來我們的英雄能在離開前拿到一件寶物了。
QUEST_RABBIT_3_12_QUESTINFODATA_ACTIONS_4_DEFAULTOUTCOME_OUTCOMETEXT,河水感受到了你和懷爾德的聯繫。它們分成了兩半，讓你可以在梭子魚群返回前拿到一件寶物。
QUEST_RABBIT_3_12_QUESTINFODATA_ENCOUNTERTEXT,這條河雖然水流緩慢，但仍然相當危險：食肉的梭子魚群就在河中來回穿梭。你想要的寶藏就躺在河底裡。
QUEST_RABBIT_3_12_QUESTINFODATA_JOURNALENCOUNTERTEXT,於是<hero_name>決定拿到那件寶物，儘管那樣做有可能會被一大群梭子魚吃掉！
QUEST_RABBIT_3_12_QUESTINFODATA_JOURNALRUMOURTEXT,據說有一件古代寶物被藏在了梭子魚大量出沒的河裡。我們的英雄很清楚，那件寶物被拿走只是時間問題！
QUEST_RABBIT_3_12_QUESTINFODATA_RUMOURTEXT,在這平原上有一條梭子魚大量出沒的河流，但在裡面也埋藏了一件寶物。為了拿到它，冒點風險是值得的！
QUEST_RABBIT_3_12_QUESTINFODATA_TITLE,挖掘秘密
QUEST_RABBIT_3_1_QUESTINFODATA_ACTIONS_0_ACTIONTEXT,撬開寶庫的門鎖。
QUEST_RABBIT_3_1_QUESTINFODATA_ACTIONS_0_DEFAULTOUTCOME_JOURNALTEXT,遺憾的是，我們的英雄不瞭解破壞兔族門鎖的方法，並且引起了守衛的注意！<hero_name>只能兩爪空空地落荒而逃。
QUEST_RABBIT_3_1_QUESTINFODATA_ACTIONS_0_DEFAULTOUTCOME_OUTCOMETEXT,你花了幾個小時試圖進入寶庫，但在守衛來到之前都無法前進一步。結果在來得及逃跑前你被狠狠地揍了一頓。
QUEST_RABBIT_3_1_QUESTINFODATA_ACTIONS_0_TESTSUCCESSOUTCOME_JOURNALTEXT,作為被兔族選中者，我們的英雄輕鬆撬開了門鎖！寶庫被打開了，裡面的心靈石是他們的了！
QUEST_RABBIT_3_1_QUESTINFODATA_ACTIONS_0_TESTSUCCESSOUTCOME_OUTCOMETEXT,利用兔族特有的智慧，你迅速撬開了寶庫的門鎖，帶著裡面珍貴的心靈石離開了！
QUEST_RABBIT_3_1_QUESTINFODATA_ACTIONS_1_ACTIONTEXT,讓門鎖無法打開！
QUEST_RABBIT_3_1_QUESTINFODATA_ACTIONS_1_DEFAULTOUTCOME_JOURNALTEXT,<hero_name>露出了微笑：男爵很快就再也看不到他的珍寶了！我們的英雄破壞了門鎖，寶庫以後再也打不開了！
QUEST_RABBIT_3_1_QUESTINFODATA_ACTIONS_1_DEFAULTOUTCOME_OUTCOMETEXT,有什麼比偷走不忠男爵的財寶更好的方式嗎？就是把它留在他手中，卻讓他無法使用！
QUEST_RABBIT_3_1_QUESTINFODATA_ACTIONS_2_ACTIONTEXT,「退後。掩住耳朵！」
QUEST_RABBIT_3_1_QUESTINFODATA_ACTIONS_2_DEFAULTOUTCOME_JOURNALTEXT,寶庫大門無法抵擋爆炸的威力。煉金術師把門炸開了，但裡面的財寶也受到了破壞。
QUEST_RABBIT_3_1_QUESTINFODATA_ACTIONS_2_DEFAULTOUTCOME_OUTCOMETEXT,你隊伍中的煉金術師把一瓶冒泡的紫色液體潑向了寶庫大門。門被炸開了，你們把裡面搜刮一空後逃之夭夭。
QUEST_RABBIT_3_1_QUESTINFODATA_ACTIONS_3_ACTIONTEXT,「這不是唯一的寶庫……」
QUEST_RABBIT_3_1_QUESTINFODATA_ACTIONS_3_DEFAULTOUTCOME_JOURNALTEXT,財務官對愛門羅所有銀行的內部結構都很熟悉。他們帶著我們的英雄來到了一個保全措施較差的保險箱，去「解放」一些工具。
QUEST_RABBIT_3_1_QUESTINFODATA_ACTIONS_3_DEFAULTOUTCOME_OUTCOMETEXT,你對男爵寶庫裡的財寶沒什麼興趣，於是財務官帶著你來到了銀行的中心保險箱。你們離開時都變得更加富有了。
QUEST_RABBIT_3_1_QUESTINFODATA_ACTIONS_4_ACTIONTEXT,炸開門鎖
QUEST_RABBIT_3_1_QUESTINFODATA_ACTIONS_4_DEFAULTOUTCOME_JOURNALTEXT,手持加農砲的一輪射擊將門鎖炸碎，儘管引起守衛對砲聲的關注意味著<hero_name>只剩一點時間能行動。
QUEST_RABBIT_3_1_QUESTINFODATA_ACTIONS_4_DEFAULTOUTCOME_OUTCOMETEXT,寶庫門鎖被造出來的日子，遠遠早於手持加農砲工藝出現的時間。你用砲火炸飛了門鎖，但發出的巨響意味著你已沒時間大肆搜刮了。
QUEST_RABBIT_3_1_QUESTINFODATA_ENCOUNTERTEXT,你避開了大多數守衛，並且看到了寶庫：當然，這寶庫也是兔族的傑作。現在終於到了最棘手的時刻……
QUEST_RABBIT_3_1_QUESTINFODATA_JOURNALENCOUNTERTEXT,我們勇敢的英雄避開了守衛，來到了寶庫的大門前：大門被一把製作精良的兔族門鎖鎖上了。
QUEST_RABBIT_3_1_QUESTINFODATA_JOURNALRUMOURTEXT,<hero_name>聽說有一名邪惡的男爵把兔族的財寶鎖在了一間巨大的寶庫裡。我們應該嘗試闖進去！
QUEST_RABBIT_3_1_QUESTINFODATA_RUMOURTEXT,一名鼠族男爵似乎將一些他發現的兔族財寶鎖在了本地的銀行裡。也許我們應該把它們拿走？
QUEST_RABBIT_3_1_QUESTINFODATA_TITLE,寶庫
QUEST_RABBIT_3_2_QUESTINFODATA_ACTIONS_0_ACTIONTEXT,說服學者逃跑。
QUEST_RABBIT_3_2_QUESTINFODATA_ACTIONS_0_DEFAULTOUTCOME_JOURNALTEXT,英雄試圖說服尤瓦德離開，但他卻不為所動。最終學者失蹤了，之後再也沒有出現。
QUEST_RABBIT_3_2_QUESTINFODATA_ACTIONS_0_DEFAULTOUTCOME_OUTCOMETEXT,很遺憾，你對兔族的知識並沒有這個學者深厚。他駁斥了你的觀點 …… 然後便消失了蹤影。
QUEST_RABBIT_3_2_QUESTINFODATA_ACTIONS_0_TESTSUCCESSOUTCOME_JOURNALTEXT,直到英雄引用了著名的瓦萊的希姆倫，古代兔族學者的話語，尤瓦德的態度才變得溫和，乖乖地離開了森林。
QUEST_RABBIT_3_2_QUESTINFODATA_ACTIONS_0_TESTSUCCESSOUTCOME_OUTCOMETEXT,當學者用藐視的眼光看著你的時候，你馬上開始了思索。後來你搬出了著名兔族天才瓦萊的希姆倫的話語，學者的自信也逐漸消退。最終他同意跟你離開。
QUEST_RABBIT_3_2_QUESTINFODATA_ACTIONS_1_ACTIONTEXT,讓學者聽天由命吧
QUEST_RABBIT_3_2_QUESTINFODATA_ACTIONS_1_DEFAULTOUTCOME_JOURNALTEXT,英雄無視了兔族長老拯救學者的呼喚。這個學者明顯缺乏常識！為什麼要浪費時間去救他？
QUEST_RABBIT_3_2_QUESTINFODATA_ACTIONS_1_DEFAULTOUTCOME_OUTCOMETEXT,你沒有時間應付這個缺乏常識的頑固傻瓜了。你跟他爭辯了一下，然後便把他扔在了森林裡。他以後再也沒有出現。
QUEST_RABBIT_3_2_QUESTINFODATA_ACTIONS_2_ACTIONTEXT,「你想到<quest_tile>旅行？！」
QUEST_RABBIT_3_2_QUESTINFODATA_ACTIONS_2_DEFAULTOUTCOME_JOURNALTEXT,吟遊詩人講述了許多關於<quest_tile>中潛伏的可怕危險的故事，這才勸退了學者。他同意離開。飛快地。
QUEST_RABBIT_3_2_QUESTINFODATA_ACTIONS_2_DEFAULTOUTCOME_OUTCOMETEXT,你的吟遊詩人講述了關於<quest_tile>中的危機的可怕故事。學者被嚇得臉色蒼白，最終他同意和你一起離開。飛快地。
QUEST_RABBIT_3_2_QUESTINFODATA_ACTIONS_3_ACTIONTEXT,「至少循著正確的方向前進……」
QUEST_RABBIT_3_2_QUESTINFODATA_ACTIONS_3_DEFAULTOUTCOME_JOURNALTEXT,探險者的警告讓學者心中的信念產生了動搖。最終他同意與英雄離開。明智的選擇。
QUEST_RABBIT_3_2_QUESTINFODATA_ACTIONS_3_DEFAULTOUTCOME_OUTCOMETEXT,探險者斥責了學者，並且解釋他這場旅行所犯下的錯誤。學者意識到自己完全是準備不足，最終離開了森林。
QUEST_RABBIT_3_2_QUESTINFODATA_ACTIONS_4_ACTIONTEXT,「如果你非要過去，那你就死定了。」
QUEST_RABBIT_3_2_QUESTINFODATA_ACTIONS_4_DEFAULTOUTCOME_JOURNALTEXT,陌生人神秘的話語讓學者產生了動搖，最終他同意與英雄離開。
QUEST_RABBIT_3_2_QUESTINFODATA_ACTIONS_4_DEFAULTOUTCOME_OUTCOMETEXT,陌生人的眼睛發出了光芒。學者被嚇得臉色蒼白，「那個……也許我應該再準備一下。」然後便匆匆地離開森林。
QUEST_RABBIT_3_2_QUESTINFODATA_ENCOUNTERTEXT,你在森林深處發現了學者，他正在閱讀一本兔族哲學家的書籍。他十分頑固地拒絕離開！
QUEST_RABBIT_3_2_QUESTINFODATA_JOURNALENCOUNTERTEXT,很遺憾，尤瓦德正處於一處危險領地的邊界，但<hero_name>無法說服他前往安全的地方！
QUEST_RABBIT_3_2_QUESTINFODATA_JOURNALRUMOURTEXT,我們的英雄聽說過著名兔族學者尤瓦德，他以在危險的地方旅行尋找偉大知識而聞名於世。
QUEST_RABBIT_3_2_QUESTINFODATA_RUMOURTEXT,一名學者被發現在一個最為危險的地方出沒。嘗試用道理來說服他吧！
QUEST_RABBIT_3_2_QUESTINFODATA_TITLE,哲學家如是說
QUEST_RABBIT_3_3_QUESTINFODATA_ACTIONS_0_ACTIONTEXT,在區域中調查尋找線索。
QUEST_RABBIT_3_3_QUESTINFODATA_ACTIONS_0_DEFAULTOUTCOME_JOURNALTEXT,我們的英雄試圖尋找關於罪犯的任何線索，但一點都沒找到。這場謀殺很可能將成為懸案。
QUEST_RABBIT_3_3_QUESTINFODATA_ACTIONS_0_DEFAULTOUTCOME_OUTCOMETEXT,你在區域中調查尋找線索，但就算有線索，你也找不到。這場謀殺無法破案，以後還會有更多的受害者。
QUEST_RABBIT_3_3_QUESTINFODATA_ACTIONS_0_TESTSUCCESSOUTCOME_JOURNALTEXT,我們頭腦靈活的英雄找到了一條很淺的血跡，並循著它找到了兇手：一群活不過當天的汙穢邪教徒。
QUEST_RABBIT_3_3_QUESTINFODATA_ACTIONS_0_TESTSUCCESSOUTCOME_OUTCOMETEXT,看！一條血跡通向了地牢的深處。你發現了一個廢棄的寶庫，還有大量的汙穢邪教徒！
QUEST_RABBIT_3_3_QUESTINFODATA_ACTIONS_1_ACTIONTEXT,詢問當地人的想法。
QUEST_RABBIT_3_3_QUESTINFODATA_ACTIONS_1_DEFAULTOUTCOME_JOURNALTEXT,<hero_name>轉而向當地士兵求助，但他們卻只會往地牢外跑。英雄被迫默許。
QUEST_RABBIT_3_3_QUESTINFODATA_ACTIONS_1_DEFAULTOUTCOME_OUTCOMETEXT,你轉而向當地士兵求助。但這些士兵都是些懦夫，只會建議你離開地牢。最後你只好兩爪空空地離開。
QUEST_RABBIT_3_3_QUESTINFODATA_ACTIONS_2_ACTIONTEXT,「這裡是汙穢儀式場所。我們可以使用其中的魔法。」
QUEST_RABBIT_3_3_QUESTINFODATA_ACTIONS_2_DEFAULTOUTCOME_JOURNALTEXT,<hero_name>的術士發現這些謀殺都是黑暗儀式的一部分。他能使用這裡殘餘的魔力來幫助英雄完成使命。
QUEST_RABBIT_3_3_QUESTINFODATA_ACTIONS_2_DEFAULTOUTCOME_OUTCOMETEXT,你的術士踏進了用粉筆所畫出來的魔法陣裡，並且開始低聲唸咒。黑色的陰影開始在他的身邊盤旋著。魔法強化了你們的能力。
QUEST_RABBIT_3_3_QUESTINFODATA_ACTIONS_3_ACTIONTEXT,散發著魔法的巫毒娃娃
QUEST_RABBIT_3_3_QUESTINFODATA_ACTIONS_3_DEFAULTOUTCOME_JOURNALTEXT,很明顯的，這些殺戮是為了舉行某種邪惡儀式，是能讓<hero_name>身上的巫毒娃娃魔法覺醒。
QUEST_RABBIT_3_3_QUESTINFODATA_ACTIONS_3_DEFAULTOUTCOME_OUTCOMETEXT,儀式似乎已經對巫毒娃娃造成了影響。當你把巫毒娃娃湊近屍體時，它發出了微弱的光芒，魔力流入了你的體內。
QUEST_RABBIT_3_3_QUESTINFODATA_ACTIONS_4_ACTIONTEXT,「不要觸碰屍體！他們身上有需要蒐集的資訊！」
QUEST_RABBIT_3_3_QUESTINFODATA_ACTIONS_4_DEFAULTOUTCOME_JOURNALTEXT,<hero_name>的醫生發現了殺手走過的路徑。雖然他們已經逃跑，但他們隱藏的寶庫內還留著財寶。
QUEST_RABBIT_3_3_QUESTINFODATA_ACTIONS_4_DEFAULTOUTCOME_OUTCOMETEXT,藥劑師走向了兔子。在數分鐘後，他發現有一條血跡指向一座最近被廢棄的寶庫。
QUEST_RABBIT_3_3_QUESTINFODATA_ENCOUNTERTEXT,你進入了古老的地牢，在一個奇怪的用粉筆畫的法陣上發現了一具兔族戰士的屍體。空氣中充滿了一股硫磺的氣味。
QUEST_RABBIT_3_3_QUESTINFODATA_JOURNALENCOUNTERTEXT,我們的英雄繼續在地牢中探險，在一個奇怪的用粉筆畫的法陣上發現了一具可憐的屍體。這究竟是誰殺的？
QUEST_RABBIT_3_3_QUESTINFODATA_JOURNALRUMOURTEXT,<hero_name>收到消息，一名兔族戰士在附近地牢中被殺害了，但具體原因不明。
QUEST_RABBIT_3_3_QUESTINFODATA_RUMOURTEXT,一名兔族戰士以非常離奇的方式被殺害了。如果你能找出兇手，當地居民願意送給你一件寶物。
QUEST_RABBIT_3_3_QUESTINFODATA_TITLE,最墮落的謀殺
QUEST_RABBIT_3_4_QUESTINFODATA_ACTIONS_0_ACTIONTEXT,闖進當地盜賊公會，並要求交出石頭。
QUEST_RABBIT_3_4_QUESTINFODATA_ACTIONS_0_DEFAULTOUTCOME_JOURNALTEXT,我們的英雄闖進了盜賊公會，但很快就被對方壓制住了！被狠狠打了一頓後，<hero_name>為了保住性命狼狽而逃。
QUEST_RABBIT_3_4_QUESTINFODATA_ACTIONS_0_DEFAULTOUTCOME_OUTCOMETEXT,你闖了進去，但這些悍匪也不是等閒之輩。被狠狠打了一頓後，你被扔到了大街上。
QUEST_RABBIT_3_4_QUESTINFODATA_ACTIONS_0_TESTSUCCESSOUTCOME_JOURNALTEXT,我們的英雄無所畏懼，衝進了盜賊公會，把盜賊全部斬殺！訊息很明確：兔族不容侵犯！
QUEST_RABBIT_3_4_QUESTINFODATA_ACTIONS_0_TESTSUCCESSOUTCOME_OUTCOMETEXT,你拔出武器，踢翻了盜賊公會的大門，在那隻老鼠來得及求饒前將她斬殺。心靈石是你的了。
QUEST_RABBIT_3_4_QUESTINFODATA_ACTIONS_1_ACTIONTEXT,獵殺盜賊。
QUEST_RABBIT_3_4_QUESTINFODATA_ACTIONS_1_DEFAULTOUTCOME_JOURNALTEXT,我們的英雄決定繼續暗中追蹤獵物。可惜的是，雖然盜賊很快就被殺掉了，但石頭早就被賣掉了。
QUEST_RABBIT_3_4_QUESTINFODATA_ACTIONS_1_DEFAULTOUTCOME_OUTCOMETEXT,你選擇更謹慎的做法，花費不少時間追蹤盜賊。你很快就把她殺掉了，但石頭早就不在了。
QUEST_RABBIT_3_4_QUESTINFODATA_ACTIONS_2_ACTIONTEXT,「我可以找到銷贓者。也許這會有用。」
QUEST_RABBIT_3_4_QUESTINFODATA_ACTIONS_2_DEFAULTOUTCOME_JOURNALTEXT,<hero_name>向他忠誠的商人尋求幫助。盜賊的銷贓者很快就被剷除，但石頭早就不在這裡了。
QUEST_RABBIT_3_4_QUESTINFODATA_ACTIONS_2_DEFAULTOUTCOME_OUTCOMETEXT,依靠你忠誠的商人，你發現了盜賊的銷贓者。雖然石頭已經沒有了，但你卻得到了另一件寶物。
QUEST_RABBIT_3_4_QUESTINFODATA_ACTIONS_3_ACTIONTEXT,「我認識這裡的居民，你跟著我會很安全。」
QUEST_RABBIT_3_4_QUESTINFODATA_ACTIONS_3_DEFAULTOUTCOME_JOURNALTEXT,間諜大師的可怕名聲足以震懾罪犯。<hero_name>與他們相處的時間讓其受益匪淺。
QUEST_RABBIT_3_4_QUESTINFODATA_ACTIONS_3_DEFAULTOUTCOME_OUTCOMETEXT,你的間諜大師站了出來，向聚集的盜賊展示了她的面孔。盜賊立刻把目光移到別處，你現在安全了。
QUEST_RABBIT_3_4_QUESTINFODATA_ACTIONS_4_ACTIONTEXT,戴上化妝面具
QUEST_RABBIT_3_4_QUESTINFODATA_ACTIONS_4_DEFAULTOUTCOME_JOURNALTEXT,戴上化妝面具後，英雄就不需要害怕那些盜賊了。<hero_name>在那個罪惡之地收集了有用的情報。
QUEST_RABBIT_3_4_QUESTINFODATA_ACTIONS_4_DEFAULTOUTCOME_OUTCOMETEXT,在你戴上化妝面具後，盜賊原本靈敏的目光變得呆滯。於是你得以不受干擾地在城中調查，並且得到了不少情報。
QUEST_RABBIT_3_4_QUESTINFODATA_ENCOUNTERTEXT,來到村莊時，你發現這裡已經被盜賊控制了。如果不小心點，你就很難活著離開這裡了！
QUEST_RABBIT_3_4_QUESTINFODATA_JOURNALENCOUNTERTEXT,於是<hero_name>來到了盜賊盤踞的村莊，發現它被一個由罪犯和謀殺犯組成的強大脈絡所控制。
QUEST_RABBIT_3_4_QUESTINFODATA_JOURNALRUMOURTEXT,鼠族把當地一名兔族領主的心靈石神秘地帶走了！我們的英雄獲得承諾，只要解決了盜賊就能得到這顆石頭。
QUEST_RABBIT_3_4_QUESTINFODATA_RUMOURTEXT,一名本地的兔族領主的心靈石被鼠族盜賊偷走了。如果你能殺掉盜賊，他承諾會將石頭送給你。
QUEST_RABBIT_3_4_QUESTINFODATA_TITLE,誰找到歸誰
QUEST_RABBIT_3_5_QUESTINFODATA_ACTIONS_0_ACTIONTEXT,解救漫遊者，殺掉強盜！
QUEST_RABBIT_3_5_QUESTINFODATA_ACTIONS_0_DEFAULTOUTCOME_JOURNALTEXT,<hero_name>不忍目睹這一切，卻沒有足夠的能力剷除他們的窩點。最終我們的英雄帶著傷落荒而逃。
QUEST_RABBIT_3_5_QUESTINFODATA_ACTIONS_0_DEFAULTOUTCOME_OUTCOMETEXT,你勉強殺掉了幾名強盜，但很快便受了傷。意識到自己力有不逮，你只能拋下漫遊者逃跑。
QUEST_RABBIT_3_5_QUESTINFODATA_ACTIONS_0_TESTSUCCESSOUTCOME_JOURNALTEXT,<hero_name>不忍目睹這一切，抱著極大的決心闖進了強盜窩點。漫遊者自由了，加入了英雄的隊伍。
QUEST_RABBIT_3_5_QUESTINFODATA_ACTIONS_0_TESTSUCCESSOUTCOME_OUTCOMETEXT,你拔出了武器，無情地斬殺裡面的強盜。雖然漫遊者很虛弱，但他還是決定以後追隨你。
QUEST_RABBIT_3_5_QUESTINFODATA_ACTIONS_1_ACTIONTEXT,尋求幫助剷除強盜。
QUEST_RABBIT_3_5_QUESTINFODATA_ACTIONS_1_DEFAULTOUTCOME_JOURNALTEXT,<hero_name>四出尋求幫助，但強盜也在繼續折磨流浪者。漫遊者最終氣絕身亡，強盜也隨即離開此地。
QUEST_RABBIT_3_5_QUESTINFODATA_ACTIONS_1_DEFAULTOUTCOME_OUTCOMETEXT,你走出了地牢尋求幫助，但回來的時候花了太長時間。漫遊者最終氣絕身亡，強盜也隨即離開此地。
QUEST_RABBIT_3_5_QUESTINFODATA_ACTIONS_2_ACTIONTEXT,轉移注意
QUEST_RABBIT_3_5_QUESTINFODATA_ACTIONS_2_DEFAULTOUTCOME_JOURNALTEXT,很幸運的，<hero_name>使用冰鑒斗篷對強盜們造成混亂，幫助漫遊者爭取了足夠的時間來逃出地牢！
QUEST_RABBIT_3_5_QUESTINFODATA_ACTIONS_2_DEFAULTOUTCOME_OUTCOMETEXT,你利用斗篷，讓強盜們被自己的火炬給亮瞎了眼。漫遊者逃走了，而你也獲得了強盜們的寶物。
QUEST_RABBIT_3_5_QUESTINFODATA_ACTIONS_3_ACTIONTEXT,拔出魔鴆之刃
QUEST_RABBIT_3_5_QUESTINFODATA_ACTIONS_3_DEFAULTOUTCOME_JOURNALTEXT,憑著手中的魔鴆之刃，<hero_name>消滅了強盜。囚犯得救了，但因為忌憚英雄的力量，他不敢靠近我們的英雄。
QUEST_RABBIT_3_5_QUESTINFODATA_ACTIONS_3_DEFAULTOUTCOME_OUTCOMETEXT,你握著魔鴆之刃殺進了地牢深處，強盜們完全不是對手。你的黑暗要比他們的更勝一籌。
QUEST_RABBIT_3_5_QUESTINFODATA_ACTIONS_4_ACTIONTEXT,「要打了嗎？衝啊！」
QUEST_RABBIT_3_5_QUESTINFODATA_ACTIONS_4_DEFAULTOUTCOME_JOURNALTEXT,狂戰士的天生神力清理起地牢裡區區的強盜真是綽綽有餘了。漫遊者活了下來，僅此而已。
QUEST_RABBIT_3_5_QUESTINFODATA_ACTIONS_4_DEFAULTOUTCOME_OUTCOMETEXT,狂戰士衝進了地牢，等你進去的時候，戰鬥已經結束了。順便你就繳獲了一些強盜的贓物。
QUEST_RABBIT_3_5_QUESTINFODATA_ENCOUNTERTEXT,你很快發現的尖叫的源頭 ── 是一個被可惡的強盜們關起來折磨的漫遊者。
QUEST_RABBIT_3_5_QUESTINFODATA_JOURNALENCOUNTERTEXT,我們的英雄很快就找到了事情的緣由：原來是一個倒霉的漫遊者被強盜關起來了，還沒日沒夜地經受著折磨！
QUEST_RABBIT_3_5_QUESTINFODATA_JOURNALRUMOURTEXT,<hero_name>聽傳言說附近有一座奇怪的地牢，總是傳出不絕於耳的嚎叫聲。
QUEST_RABBIT_3_5_QUESTINFODATA_RUMOURTEXT,一些本地人說他們聽見附近的地牢裡傳來詭異的嚎叫聲。你能去看一看嗎？
QUEST_RABBIT_3_5_QUESTINFODATA_TITLE,深淵的呼號
QUEST_RABBIT_3_6_QUESTINFODATA_ACTIONS_0_ACTIONTEXT,提醒盜賊們這件事沒得商量。
QUEST_RABBIT_3_6_QUESTINFODATA_ACTIONS_0_DEFAULTOUTCOME_JOURNALTEXT,<hero_name>二話不說就拔出了利刃，可盜賊們早有準備。我們的英雄落敗了，無奈只能逃走了。
QUEST_RABBIT_3_6_QUESTINFODATA_ACTIONS_0_DEFAULTOUTCOME_OUTCOMETEXT,你想制服他們的頭目，可是他的手下迅速就壓制了你。一陣慘烈的交鋒之後，你落荒而逃。
QUEST_RABBIT_3_6_QUESTINFODATA_ACTIONS_0_TESTSUCCESSOUTCOME_JOURNALTEXT,解決方法啊，<hero_name>說到，那就是乖乖和兔族合作，不然就是死。盜賊們迅速就範了。
QUEST_RABBIT_3_6_QUESTINFODATA_ACTIONS_0_TESTSUCCESSOUTCOME_OUTCOMETEXT,你一個箭步衝到了盜賊頭目跟前，一把拎起了他的領子，用匕首駕著他的脖子。這樣的威脅足夠了，他們識趣地撤走了。
QUEST_RABBIT_3_6_QUESTINFODATA_ACTIONS_1_ACTIONTEXT,接受他們的戰鬥培訓，對他們睜一隻眼閉一隻眼。
QUEST_RABBIT_3_6_QUESTINFODATA_ACTIONS_1_DEFAULTOUTCOME_JOURNALTEXT,為了交換盜賊們寶貴的戰鬥技能，我們的英雄只能對農民們的苦難視而不見了。真是可憐而又必要的犧牲。
QUEST_RABBIT_3_6_QUESTINFODATA_ACTIONS_1_DEFAULTOUTCOME_OUTCOMETEXT,等你成了愛門羅的統治者，你就能隨意處置這些罪犯了。而現在，他們的戰鬥技能更能為你所用。
QUEST_RABBIT_3_6_QUESTINFODATA_ACTIONS_2_ACTIONTEXT,「城市需要防守！」
QUEST_RABBIT_3_6_QUESTINFODATA_ACTIONS_2_DEFAULTOUTCOME_JOURNALTEXT,交涉失敗了，但不能就這樣讓公會繼續欺負村民了。<hero_name>的鐵匠讓他們的村莊變成了一座堅固的堡壘。
QUEST_RABBIT_3_6_QUESTINFODATA_ACTIONS_2_DEFAULTOUTCOME_OUTCOMETEXT,在鐵匠和他灼熱熔爐的幫助下，你們加固了城牆和大門，可以擋住任何來犯之敵。
QUEST_RABBIT_3_6_QUESTINFODATA_ACTIONS_3_ACTIONTEXT,穿上獅心胸甲
QUEST_RABBIT_3_6_QUESTINFODATA_ACTIONS_3_DEFAULTOUTCOME_JOURNALTEXT,有了堅不可摧的獅心胸甲，我們的英雄趕跑了盜賊們。這片平原終於擺脫他們的暴行了。
QUEST_RABBIT_3_6_QUESTINFODATA_ACTIONS_3_DEFAULTOUTCOME_OUTCOMETEXT,你穿著獅心胸甲來到了公會的營地。他們不是你的對手，只能帶著東西逃跑了。
QUEST_RABBIT_3_6_QUESTINFODATA_ENCOUNTERTEXT,盜賊公會看來能從這個村莊撈到不少的好處，他們當然不會那麼輕易就停下在那裡的買賣了。
QUEST_RABBIT_3_6_QUESTINFODATA_JOURNALENCOUNTERTEXT,當然盜賊們可不會那麼輕易就範。我們的英雄會見了他們的頭目，試圖解決這個問題。
QUEST_RABBIT_3_6_QUESTINFODATA_JOURNALRUMOURTEXT,一座小村莊被洗劫了太多次了，他們聚在了一起請求我們英雄的幫助。
QUEST_RABBIT_3_6_QUESTINFODATA_RUMOURTEXT,本地的一座村莊貌似被盜賊公會欺壓得厲害。農民們請求兔族的幫助。
QUEST_RABBIT_3_6_QUESTINFODATA_TITLE,公會事務
QUEST_RABBIT_3_7_QUESTINFODATA_ACTIONS_0_ACTIONTEXT,呼喚懷爾德的協助
QUEST_RABBIT_3_7_QUESTINFODATA_ACTIONS_0_DEFAULTOUTCOME_JOURNALTEXT,懷爾德本可以幫上忙，可我們的英雄靈力不夠，反而讓汙穢侵蝕了<hero_name>的靈魂。
QUEST_RABBIT_3_7_QUESTINFODATA_ACTIONS_0_DEFAULTOUTCOME_OUTCOMETEXT,你輕聲呼喚著懷爾德的幫助，可祂卻無視了你的請求。相反，你感到一股強烈的苦楚抓住了你的靈魂，你驚恐地逃走了。
QUEST_RABBIT_3_7_QUESTINFODATA_ACTIONS_0_TESTSUCCESSOUTCOME_JOURNALTEXT,只有一個解決辦法：交給懷爾德。一道耀眼的光芒穿過了整個礦洞，將教徒們燒成了灰燼。
QUEST_RABBIT_3_7_QUESTINFODATA_ACTIONS_0_TESTSUCCESSOUTCOME_OUTCOMETEXT,你輕聲呼喚著懷爾德，祈求著祂的幫助。隨著一道耀眼的光芒，舊礦洞得到了淨化，教徒們化為了灰燼。
QUEST_RABBIT_3_7_QUESTINFODATA_ACTIONS_1_ACTIONTEXT,避開汙穢的教徒，搜尋其他的寶物
QUEST_RABBIT_3_7_QUESTINFODATA_ACTIONS_1_DEFAULTOUTCOME_JOURNALTEXT,知道汙穢隨時都可能奪走他們的心智，我們的英雄明智地避開了那些教徒。<hero_name>空手而歸了，可心智依然健全。
QUEST_RABBIT_3_7_QUESTINFODATA_ACTIONS_1_DEFAULTOUTCOME_OUTCOMETEXT,汙穢充滿了誘惑，但你無視了牠的呼喚搜索著這個舊礦洞。你離開的時候感覺和懷爾德的維繫更加緊密了。
QUEST_RABBIT_3_7_QUESTINFODATA_ACTIONS_2_ACTIONTEXT,「我能讓礦洞徹底崩塌，這樣能解決掉汙穢問題。」
QUEST_RABBIT_3_7_QUESTINFODATA_ACTIONS_2_DEFAULTOUTCOME_JOURNALTEXT,為了愛門羅的福祉，只能犧牲掉這塊石頭，<hero_name>讓忠誠的礦工弄塌了礦洞，消滅了裡面所有的東西。
QUEST_RABBIT_3_7_QUESTINFODATA_ACTIONS_2_DEFAULTOUTCOME_OUTCOMETEXT,心靈石固然不錯，但解決掉這些教徒才是當務之急。礦工弄塌了礦洞，將他們埋在了地底。
QUEST_RABBIT_3_7_QUESTINFODATA_ENCOUNTERTEXT,你站在礦洞的入口處，深知在這樣一處黑暗又邪惡的地方，汙穢帶來的瘋狂一定在前方等著你。
QUEST_RABBIT_3_7_QUESTINFODATA_JOURNALENCOUNTERTEXT,<hero_name>深入了礦洞想要一探究竟，結果發現汙穢已經根植於此，純粹的邪惡會將任何正常的生物逼瘋。
QUEST_RABBIT_3_7_QUESTINFODATA_JOURNALRUMOURTEXT,一塊寶貴的心靈石出現在了附近銀礦的深處，被一群瘋狂的教徒把守著。
QUEST_RABBIT_3_7_QUESTINFODATA_RUMOURTEXT,一支探險隊在附近的舊銀礦裡發現了一塊心靈石。問題是它被一群崇拜汙穢的教徒把守著。
QUEST_RABBIT_3_7_QUESTINFODATA_TITLE,瘋狂的礦洞
QUEST_RABBIT_3_8_QUESTINFODATA_ACTIONS_0_ACTIONTEXT,求助懷爾德拯救你的朋友。
QUEST_RABBIT_3_8_QUESTINFODATA_ACTIONS_0_DEFAULTOUTCOME_JOURNALTEXT,神殿一定要被淨化，可是我們的英雄卻不知道該怎麼做。被占據的勇士發起了攻擊，<hero_name>被迫將他幹掉了。
QUEST_RABBIT_3_8_QUESTINFODATA_ACTIONS_0_DEFAULTOUTCOME_OUTCOMETEXT,唯一可以救你朋友的就只有懷爾德了，可祂卻無視了你的祈求。你只能被迫殺掉了你的同胞。
QUEST_RABBIT_3_8_QUESTINFODATA_ACTIONS_0_TESTSUCCESSOUTCOME_JOURNALTEXT,神殿需要得到淨化才能拯救這條無辜的生命。懷爾德降下了一道光芒，驅除了汙穢，拯救了我們英雄的朋友。
QUEST_RABBIT_3_8_QUESTINFODATA_ACTIONS_0_TESTSUCCESSOUTCOME_OUTCOMETEXT,現在也只有懷爾德能拯救你的朋友了。你祈求幫助，接著就感覺到一股淨化之風佔據了山頂。你的朋友得救了。
QUEST_RABBIT_3_8_QUESTINFODATA_ACTIONS_1_ACTIONTEXT,摧毀神殿！
QUEST_RABBIT_3_8_QUESTINFODATA_ACTIONS_1_DEFAULTOUTCOME_JOURNALTEXT,阻止邪惡的方法只有一種！我們的英雄摧毀了受到汙穢影響的神殿，淨化了山頂，但也讓他的朋友化成了灰燼。
QUEST_RABBIT_3_8_QUESTINFODATA_ACTIONS_1_DEFAULTOUTCOME_OUTCOMETEXT,邪惡的源頭一定要徹底清除。你躲過了朋友的揮擊，砸爛了神殿。你的朋友消失了，化為了灰燼。
QUEST_RABBIT_3_8_QUESTINFODATA_ACTIONS_2_ACTIONTEXT,懷爾德烈焰權杖燃起來了！
QUEST_RABBIT_3_8_QUESTINFODATA_ACTIONS_2_DEFAULTOUTCOME_JOURNALTEXT,我們的英雄舉起了古老的懷爾德烈焰權杖，將汙穢的山頂淨化了。<hero_name>的朋友為了表示感謝留下了一張寶貴的咒術卡牌。
QUEST_RABBIT_3_8_QUESTINFODATA_ACTIONS_2_DEFAULTOUTCOME_OUTCOMETEXT,懷爾德烈焰權杖閃爍著光芒，將神殿和你的朋友一起淨化掉了。你的朋友得到了解脫，他留給你一張咒術卡牌當做感謝。
QUEST_RABBIT_3_8_QUESTINFODATA_ACTIONS_3_ACTIONTEXT,「有本事來抓我啊！」
QUEST_RABBIT_3_8_QUESTINFODATA_ACTIONS_3_DEFAULTOUTCOME_JOURNALTEXT,兔族同胞已經無法挽救了，我們的英雄趁著傻瓜吸引他的時候將他幹掉了。<hero_name>久久難以釋懷。
QUEST_RABBIT_3_8_QUESTINFODATA_ACTIONS_3_DEFAULTOUTCOME_OUTCOMETEXT,你隊伍中的傻瓜跑了起來，那頭野獸追了上去，你看準機會給出了致命一擊。屍體上出現了一張咒術卡牌，算是最後的臨別贈禮吧。
QUEST_RABBIT_3_8_QUESTINFODATA_ACTIONS_4_ACTIONTEXT,讓朋友回想自己的誓言
QUEST_RABBIT_3_8_QUESTINFODATA_ACTIONS_4_DEFAULTOUTCOME_JOURNALTEXT,曾經尊貴的戰士不該就此墮落汙穢。看見了皇室旗幟之後，他最後的一點良知讓自己做出了最後的犧牲。
QUEST_RABBIT_3_8_QUESTINFODATA_ACTIONS_4_DEFAULTOUTCOME_OUTCOMETEXT,看見皇室旗幟之後，你朋友的眼中開始閃爍光芒，他認出了自己。他大叫一聲，縱身一躍跳下山頂。無比尊嚴的最後壯舉。
QUEST_RABBIT_3_8_QUESTINFODATA_ENCOUNTERTEXT,你爬上了山頂去尋找你的朋友，並且迅速地找到了他們 ── 被汙穢腐化了！那座神殿整個淪陷了！
QUEST_RABBIT_3_8_QUESTINFODATA_JOURNALENCOUNTERTEXT,我們的英雄做了最壞的打算，火速爬上了那座山。<hero_name>的朋友就在那裡站著，已然被汙穢和邪惡之物附身了。
QUEST_RABBIT_3_8_QUESTINFODATA_JOURNALRUMOURTEXT,<hero_name>的一個朋友去附近山上的古老神殿處朝聖了，可是已經有好多天沒有消息了。
QUEST_RABBIT_3_8_QUESTINFODATA_RUMOURTEXT,我族的一員登上了<quest_tile>的山頂去拜訪那裡的神殿。已經有好多天沒有他的消息了……
QUEST_RABBIT_3_8_QUESTINFODATA_TITLE,腐化的神殿
QUEST_RABBIT_3_9_QUESTINFODATA_ACTIONS_0_ACTIONTEXT,對汙穢魔法發動反擊
QUEST_RABBIT_3_9_QUESTINFODATA_ACTIONS_0_DEFAULTOUTCOME_JOURNALTEXT,很可惜，我們的英雄沒有喚來懷爾德的相助。<hero_name>無法抵擋魔鴆的大軍，逃出了這座注定滅亡的村莊。
QUEST_RABBIT_3_9_QUESTINFODATA_ACTIONS_0_DEFAULTOUTCOME_OUTCOMETEXT,你祈求懷爾德的幫助，可什麼都沒有發生。術士召喚的魔鴆將你傷得不輕，村莊也就此淪陷了。
QUEST_RABBIT_3_9_QUESTINFODATA_ACTIONS_0_TESTSUCCESSOUTCOME_JOURNALTEXT,幸運的是，我們的英雄喚來了懷爾德的關注，淨化之光迅速地終結了術士的邪惡召喚儀式。
QUEST_RABBIT_3_9_QUESTINFODATA_ACTIONS_0_TESTSUCCESSOUTCOME_OUTCOMETEXT,你輕聲呼喚著 ── 懷爾德注定要淨化這樣的邪惡！術士尖叫著，烏雲消退了，綠色的火焰吞噬了一切。
QUEST_RABBIT_3_9_QUESTINFODATA_ACTIONS_1_ACTIONTEXT,殺了術士！
QUEST_RABBIT_3_9_QUESTINFODATA_ACTIONS_1_DEFAULTOUTCOME_JOURNALTEXT,我們的英雄衝向了術士並迅速幹掉了她，儀式就此中斷了。可是烏雲依舊縈繞在那裡，成為了永遠的威脅。
QUEST_RABBIT_3_9_QUESTINFODATA_ACTIONS_1_DEFAULTOUTCOME_OUTCOMETEXT,你拔出了佩劍，趁著術士的咒術還沒完成前趁機取了她的性命。然而烏雲依然盤繞著，成為了這裡永遠的威脅……
QUEST_RABBIT_3_9_QUESTINFODATA_ACTIONS_2_ACTIONTEXT,快，使用懷爾德護符！
QUEST_RABBIT_3_9_QUESTINFODATA_ACTIONS_2_DEFAULTOUTCOME_JOURNALTEXT,<hero_name>舉起了古老的懷爾德護符，清除了術士的魔力，剩下的就交給守衛……妥善處理了。
QUEST_RABBIT_3_9_QUESTINFODATA_ACTIONS_2_DEFAULTOUTCOME_OUTCOMETEXT,你舉起了懷爾德護符，祂的淨化之力迅速就吸收了術士的魔力。接著，她就輕鬆地被守衛幹掉了。
QUEST_RABBIT_3_9_QUESTINFODATA_ACTIONS_3_ACTIONTEXT,「咒術還沒有完成！趁現在！」
QUEST_RABBIT_3_9_QUESTINFODATA_ACTIONS_3_DEFAULTOUTCOME_JOURNALTEXT,學徒知道術士的咒術還需要更多的準備時間。他提醒了我們的英雄，讓<hero_name>趁機殺掉了她。
QUEST_RABBIT_3_9_QUESTINFODATA_ACTIONS_3_DEFAULTOUTCOME_OUTCOMETEXT,趁著那可怕的魔法還沒有就緒前，學徒把你給推到了術士前面。你成功解決了她，驅散了大部分的汙穢。
QUEST_RABBIT_3_9_QUESTINFODATA_ENCOUNTERTEXT,你趕到了那裡，發現當地的男爵快要瘋了。術士就站在附近的一座小山丘上，一團烏雲縈繞在她的股掌間。
QUEST_RABBIT_3_9_QUESTINFODATA_JOURNALENCOUNTERTEXT,<hero_name>衝進了村莊，發現術士就在一座小山丘上，從地上升起的汙穢聚成了一團烏雲。
QUEST_RABBIT_3_9_QUESTINFODATA_JOURNALRUMOURTEXT,我們的英雄得到了緊急消息，說是有一個扭曲的術士要召喚一支魔鴆大軍，必須趕快行動！
QUEST_RABBIT_3_9_QUESTINFODATA_RUMOURTEXT,<quest_tile>來的緊急消息！有個術士揚言要召喚一整支魔鴆大軍摧毀那座村莊！
QUEST_RABBIT_3_9_QUESTINFODATA_TITLE,烏雲壟罩
QUEST_RABBIT_4_10_QUESTINFODATA_ACTIONS_0_ACTIONTEXT,用盡一切力量搭救礦工。
QUEST_RABBIT_4_10_QUESTINFODATA_ACTIONS_0_DEFAULTOUTCOME_JOURNALTEXT,<hero_name>竭盡全力想要清理礦洞的入口，結果卻是徒勞的。可憐的礦工們在那一天永遠消逝在了黑暗中。
QUEST_RABBIT_4_10_QUESTINFODATA_ACTIONS_0_DEFAULTOUTCOME_OUTCOMETEXT,你用盡了一切力氣來清理入口，可最終還是體力不支。礦工們很快就埋沒在無盡的黑暗中了。
QUEST_RABBIT_4_10_QUESTINFODATA_ACTIONS_0_TESTSUCCESSOUTCOME_JOURNALTEXT,時間可不會等<hero_name>！經過一番努力，入口終於清理乾淨了，礦工們平安得救了。
QUEST_RABBIT_4_10_QUESTINFODATA_ACTIONS_0_TESTSUCCESSOUTCOME_OUTCOMETEXT,你衝了進去，舉起了一條條木樑。你救下了礦工，其中還有一個為了報答你加入了你的隊伍！
QUEST_RABBIT_4_10_QUESTINFODATA_ACTIONS_1_ACTIONTEXT,幫助年幼的孩子從入口的縫隙鑽出來。
QUEST_RABBIT_4_10_QUESTINFODATA_ACTIONS_1_DEFAULTOUTCOME_JOURNALTEXT,儘管帶著極大的內疚，<hero_name>還是意識到自己救不了所有的人。年幼的孩子能從坍塌的木頭縫裡鑽出來，其他的就沒辦法了。
QUEST_RABBIT_4_10_QUESTINFODATA_ACTIONS_1_DEFAULTOUTCOME_OUTCOMETEXT,你知道自己救不了所有的人，只能將那些年幼的孩子從坍塌的木頭縫裡拖出來。其他人只能聽天由命了。
QUEST_RABBIT_4_10_QUESTINFODATA_ACTIONS_2_ACTIONTEXT,「不就是倒了一些木頭嗎？交給我吧！」
QUEST_RABBIT_4_10_QUESTINFODATA_ACTIONS_2_DEFAULTOUTCOME_JOURNALTEXT,<hero_name>忠誠的狂戰士迅速清理了坍塌的入口，將可憐的礦工們從地下救了出來。
QUEST_RABBIT_4_10_QUESTINFODATA_ACTIONS_2_DEFAULTOUTCOME_OUTCOMETEXT,你站到了一邊，讓狂戰士處理坍塌的入口。通道很快就清理出來了，你得到了英雄般的歡呼。
QUEST_RABBIT_4_10_QUESTINFODATA_ACTIONS_3_ACTIONTEXT,「那有橫樑！就那個」
QUEST_RABBIT_4_10_QUESTINFODATA_ACTIONS_3_DEFAULTOUTCOME_JOURNALTEXT,擋住礦工們的巨大碎石牆被咒術師打通了。「多虧了好眼力！」
QUEST_RABBIT_4_10_QUESTINFODATA_ACTIONS_3_DEFAULTOUTCOME_OUTCOMETEXT,你的咒術師開始推一條坍塌的木頭橫樑，那是一條主構梁！隧道有了動靜，出現了一條能讓礦工們出來的小道。
QUEST_RABBIT_4_10_QUESTINFODATA_ACTIONS_4_ACTIONTEXT,懷爾德護符正在作響
QUEST_RABBIT_4_10_QUESTINFODATA_ACTIONS_4_DEFAULTOUTCOME_JOURNALTEXT,礦工們被懷爾德護符的力量拯救了。與汙穢之力不同，懷爾德對救助生命是非常重視的。
QUEST_RABBIT_4_10_QUESTINFODATA_ACTIONS_4_DEFAULTOUTCOME_OUTCOMETEXT,懷爾德一定不會坐視這麼多生命不管的。當你舉起護符的時候，隧道再次動盪起來，一條能讓礦工們逃生的小道出現了。
QUEST_RABBIT_4_10_QUESTINFODATA_ENCOUNTERTEXT,你來到深山裡的礦洞，入口是最近才塌掉的，裡面傳來微弱的哭喊聲。
QUEST_RABBIT_4_10_QUESTINFODATA_JOURNALENCOUNTERTEXT,我們的英雄來到了山裡的礦洞。入口已經面目全非了，隧道裡迴盪著微弱的哭喊聲。
QUEST_RABBIT_4_10_QUESTINFODATA_JOURNALRUMOURTEXT,<hero_name>收到了緊急求援：山裡的一座兔族礦洞塌方了！那些困在裡面的同胞還有救嗎？
QUEST_RABBIT_4_10_QUESTINFODATA_RUMOURTEXT,兔族在一座山上的採礦作業遇到危險了！整個隧道都塌方了！快點，沒準你還能救出他們！
QUEST_RABBIT_4_10_QUESTINFODATA_TITLE,塌方
QUEST_RABBIT_4_11_QUESTINFODATA_ACTIONS_0_ACTIONTEXT,衝在前面並努力保持領先。
QUEST_RABBIT_4_11_QUESTINFODATA_ACTIONS_0_DEFAULTOUTCOME_JOURNALTEXT,<hero_name>一開始就衝在了前面，可惜很快就上氣不接下氣了！其他族群的選手笑著超了過去 ── 對兔族來說真是不幸的一天啊。
QUEST_RABBIT_4_11_QUESTINFODATA_ACTIONS_0_DEFAULTOUTCOME_OUTCOMETEXT,你一開始就衝在了前面，可很快就發現自己已經喘不過了，還落到了最後一名！今天可真是兔族的不幸啊！
QUEST_RABBIT_4_11_QUESTINFODATA_ACTIONS_0_TESTSUCCESSOUTCOME_JOURNALTEXT,<hero_name>一開始就衝在了前面，把其他氏族的選手都甩了。記住一句話：永遠不要和兔子賽跑！
QUEST_RABBIT_4_11_QUESTINFODATA_ACTIONS_0_TESTSUCCESSOUTCOME_OUTCOMETEXT,你衝在了前面，把狼族、鼠族和熊族的對手遠遠甩開了，你靈活的雙腳讓你越跑越快。最後你贏了，這一切早在意料之中。
QUEST_RABBIT_4_11_QUESTINFODATA_ACTIONS_1_ACTIONTEXT,跑出自己的節奏，盡量撐得比對手久。
QUEST_RABBIT_4_11_QUESTINFODATA_ACTIONS_1_DEFAULTOUTCOME_JOURNALTEXT,<hero_name>選擇了更輕鬆的方式進行比賽，如此也輕鬆地抵達了終點 ── 只不過得到了令人失望的第二名。
QUEST_RABBIT_4_11_QUESTINFODATA_ACTIONS_1_DEFAULTOUTCOME_OUTCOMETEXT,你不想有任何壓力，按照自己的節奏跑著，得到了第二名。表現得不錯，不過你知道自己能做得更好。
QUEST_RABBIT_4_11_QUESTINFODATA_ACTIONS_2_ACTIONTEXT,戴上群英頭盔來炫耀
QUEST_RABBIT_4_11_QUESTINFODATA_ACTIONS_2_DEFAULTOUTCOME_JOURNALTEXT,與其繼續進行無意義的比賽，<hero_name>更願意把時間花在和觀眾的互動，以及顯擺自己的群英頭盔上。\n
QUEST_RABBIT_4_11_QUESTINFODATA_ACTIONS_2_DEFAULTOUTCOME_OUTCOMETEXT,贏得觀眾青睞的方法有很多，你中途慢了下來，向觀眾們揮手致意。觀眾們被群英頭盔迷住了，歡呼起來。
QUEST_RABBIT_4_11_QUESTINFODATA_ACTIONS_3_ACTIONTEXT,穿上飛天翅靴，規則沒有說不讓用！
QUEST_RABBIT_4_11_QUESTINFODATA_ACTIONS_3_DEFAULTOUTCOME_JOURNALTEXT,<hero_name>穿上了傳奇的飛天翅靴，輕鬆贏得了第一。對兔族來說，智慧總是要勝過力量一籌的！
QUEST_RABBIT_4_11_QUESTINFODATA_ACTIONS_3_DEFAULTOUTCOME_OUTCOMETEXT,你穿上了飛天翅靴，遠遠把其他選手甩在了後面。你毫無懸念贏得了第一，只是……「作弊的人不配拿獎！」
QUEST_RABBIT_4_11_QUESTINFODATA_ACTIONS_4_ACTIONTEXT,穿上飛天翅靴，規則沒有說不讓用！
QUEST_RABBIT_4_11_QUESTINFODATA_ACTIONS_4_DEFAULTOUTCOME_JOURNALTEXT,<hero_name>穿上了傳奇的飛天翅靴，輕鬆贏得了第一。對兔族來說，智慧總是要勝過力量一籌的！
QUEST_RABBIT_4_11_QUESTINFODATA_ACTIONS_4_DEFAULTOUTCOME_OUTCOMETEXT,你穿上了飛天翅靴，遠遠把其他選手甩在了後面。你毫無懸念贏得了第一，只是……「作弊的人不配拿獎！」
QUEST_RABBIT_4_11_QUESTINFODATA_ENCOUNTERTEXT,你趕到了比賽場地，發現代表其他族群的選手正要開始一場賽跑。
QUEST_RABBIT_4_11_QUESTINFODATA_JOURNALENCOUNTERTEXT,有這樣大好的機會怎麼可以錯過呢，我們的英雄迅速趕到了比賽場地。剛好，一場賽跑就要開始了！
QUEST_RABBIT_4_11_QUESTINFODATA_JOURNALRUMOURTEXT,一場族群間的競賽正在附近的平原上舉辦，<hero_name>受邀作為兔族的代表參賽了。
QUEST_RABBIT_4_11_QUESTINFODATA_RUMOURTEXT,我聽說在附近的平原有一場展現力量的大賽，他們都想讓你去代表兔族參賽！獲勝者可以得到驚人的獎勵！
QUEST_RABBIT_4_11_QUESTINFODATA_TITLE,族群大賽
QUEST_RABBIT_4_12_QUESTINFODATA_ACTIONS_0_ACTIONTEXT,幫間諜建造哨站。
QUEST_RABBIT_4_12_QUESTINFODATA_ACTIONS_0_DEFAULTOUTCOME_JOURNALTEXT,<hero_name>竭盡全力幫忙建造哨站，可是建造的過程複雜而又艱巨。兔子們最後只能逃走了。
QUEST_RABBIT_4_12_QUESTINFODATA_ACTIONS_0_DEFAULTOUTCOME_OUTCOMETEXT,你試著幫忙建造這座偵查哨站，但自己的力量遠遠不夠。狼族很快就發現了你，把你給趕跑了。
QUEST_RABBIT_4_12_QUESTINFODATA_ACTIONS_0_TESTSUCCESSOUTCOME_JOURNALTEXT,我們的英雄在那天聲名大漲，這種前所未見的力量讓愛門羅所有其他的兔子都自愧不如。
QUEST_RABBIT_4_12_QUESTINFODATA_ACTIONS_0_TESTSUCCESSOUTCOME_OUTCOMETEXT,你使出了渾身解數，爬到樹上成功給你的兔族間諜們搭造了一個隱蔽的處所。
QUEST_RABBIT_4_12_QUESTINFODATA_ACTIONS_1_ACTIONTEXT,找當地人幫忙建造哨站。
QUEST_RABBIT_4_12_QUESTINFODATA_ACTIONS_1_DEFAULTOUTCOME_JOURNALTEXT,<hero_name>找來了當地人幫忙建造哨站，很快就完工了。可是一座人人都知道的偵查哨站有什麼用呢？
QUEST_RABBIT_4_12_QUESTINFODATA_ACTIONS_1_DEFAULTOUTCOME_OUTCOMETEXT,你把兔子間諜們晾在了一邊，去尋常當地人來幫忙。你成功了，可是一座人人都知道的偵查哨站有什麼用呢？
QUEST_RABBIT_4_12_QUESTINFODATA_ACTIONS_2_ACTIONTEXT,「嗯……我知道附近有一個好地方視野不錯。想要看看？」
QUEST_RABBIT_4_12_QUESTINFODATA_ACTIONS_2_DEFAULTOUTCOME_JOURNALTEXT,<hero_name>退到了一邊，讓探險者領著他們到了一處能夠俯瞰營地的懸崖。兔子間諜們相當滿意！
QUEST_RABBIT_4_12_QUESTINFODATA_ACTIONS_2_DEFAULTOUTCOME_OUTCOMETEXT,探險者帶起了路，很快就找到了一處小小的懸崖，可以俯瞰對面營地。地方很完美，而且還不用爬高！
QUEST_RABBIT_4_12_QUESTINFODATA_ACTIONS_3_ACTIONTEXT,烏鴉之喙匕首的呼喚
QUEST_RABBIT_4_12_QUESTINFODATA_ACTIONS_3_DEFAULTOUTCOME_JOURNALTEXT,烏鴉之喙匕首的黑暗之力開始腐化<hero_name>了，他們居然直接對狼族營地發動了攻擊！
QUEST_RABBIT_4_12_QUESTINFODATA_ACTIONS_3_DEFAULTOUTCOME_OUTCOMETEXT,憑著一時的衝動，你拔出了匕首徑直向狼族營地走去。你削減了敵人的數量，兔子間諜們看得目瞪口呆。
QUEST_RABBIT_4_12_QUESTINFODATA_ENCOUNTERTEXT,你很容易就找到了探子們，他們東張西望著，想要在一棵高大的樹上建起一座監視附近狼族營地的偵查哨站。
QUEST_RABBIT_4_12_QUESTINFODATA_JOURNALENCOUNTERTEXT,<hero_name>在森林裡找到了他們，他們正徒勞地想要建造一座監視附近狼族營地的前哨站。很明顯他們需要幫助。
QUEST_RABBIT_4_12_QUESTINFODATA_JOURNALRUMOURTEXT,有一封字跡潦草的加急密函：兔族的間諜需要我們的英雄幫忙建造監視狼族的哨站！
QUEST_RABBIT_4_12_QUESTINFODATA_RUMOURTEXT,我這裡有一封給你的信，森林裡有幾個兔族的探子說他們需要你幫忙造一座監視狼族營地的哨站！
QUEST_RABBIT_4_12_QUESTINFODATA_TITLE,林中哨站
QUEST_RABBIT_4_1_QUESTINFODATA_ACTIONS_0_ACTIONTEXT,拔出劍來威脅穿袍子的傢伙
QUEST_RABBIT_4_1_QUESTINFODATA_ACTIONS_0_DEFAULTOUTCOME_JOURNALTEXT,<hero_name>揮舞著利刃衝進了石陣，可是穿袍子的東西個個都已經感染汙穢，他們傷到了我們的英雄，逼著英雄逃跑了。
QUEST_RABBIT_4_1_QUESTINFODATA_ACTIONS_0_DEFAULTOUTCOME_OUTCOMETEXT,你衝了上去，可這些東西也很能打。瘋狂中又帶著汙穢，他們無視了你半數的攻擊，還對你造成了同等的傷害。
QUEST_RABBIT_4_1_QUESTINFODATA_ACTIONS_0_TESTSUCCESSOUTCOME_JOURNALTEXT,<hero_name>決定直接衝上前去，利刃就代表了兔族想說的話。穿袍子的傢伙很快就被清理乾淨了。
QUEST_RABBIT_4_1_QUESTINFODATA_ACTIONS_0_TESTSUCCESSOUTCOME_OUTCOMETEXT,這些瘋狂的傢伙想要在愛門羅傳播汙穢。你把他們全殺了，並在他們身上發現了一塊心靈石。
QUEST_RABBIT_4_1_QUESTINFODATA_ACTIONS_1_ACTIONTEXT,躲到一邊觀察儀式
QUEST_RABBIT_4_1_QUESTINFODATA_ACTIONS_1_DEFAULTOUTCOME_JOURNALTEXT,<hero_name>守在石陣的外面，可是完成的儀式只是讓他們的力量流失了。穿著袍子的傢伙們輕鬆逃脫了。
QUEST_RABBIT_4_1_QUESTINFODATA_ACTIONS_1_DEFAULTOUTCOME_OUTCOMETEXT,你等待著，觀察著儀式，可漸漸感覺體內的能量在流失。等那些傢伙消失的時候，你已經無力去追了。
QUEST_RABBIT_4_1_QUESTINFODATA_ACTIONS_2_ACTIONTEXT,懷爾德烈焰權杖越來越涼……
QUEST_RABBIT_4_1_QUESTINFODATA_ACTIONS_2_DEFAULTOUTCOME_JOURNALTEXT,<hero_name>舉起了古老的懷爾德烈焰權杖，它的治癒之力燒盡了穿袍子傢伙身上的汙穢，讓他們成了灰燼。
QUEST_RABBIT_4_1_QUESTINFODATA_ACTIONS_2_DEFAULTOUTCOME_OUTCOMETEXT,你舉起了權杖，懷爾德的治癒之力透過權杖釋放出來。你碰到的傢伙都化成了灰燼，只留下空空的袍子落在地上。
QUEST_RABBIT_4_1_QUESTINFODATA_ACTIONS_3_ACTIONTEXT,取出巫毒娃娃
QUEST_RABBIT_4_1_QUESTINFODATA_ACTIONS_3_DEFAULTOUTCOME_JOURNALTEXT,汙穢教徒們那扭曲的魔法被巫毒娃娃環繞著的力量給侵蝕影響，我們的英雄吸收了他們的魔法並逃走了。
QUEST_RABBIT_4_1_QUESTINFODATA_ACTIONS_3_DEFAULTOUTCOME_OUTCOMETEXT,巫毒娃娃輕輕地哼唱著。在那些傢伙施展咒術的時候，巫毒娃娃就把那些咒術全部吸收了。他們憤怒地對你咆嘯著，你逃走了。
QUEST_RABBIT_4_1_QUESTINFODATA_ACTIONS_4_ACTIONTEXT,「我見過這種魔法，我能阻止它！」
QUEST_RABBIT_4_1_QUESTINFODATA_ACTIONS_4_DEFAULTOUTCOME_JOURNALTEXT,學徒熟悉這種奇怪的魔法，他對汙穢的力量做出了反擊。石陣的邪惡被清除了，愛門羅又安全了。
QUEST_RABBIT_4_1_QUESTINFODATA_ACTIONS_4_DEFAULTOUTCOME_OUTCOMETEXT,學徒舉起發光的爪子，突然間，祭壇就被一道白光吞沒了。那些傢伙跑了，他們的袍子裡溢出了火光。
QUEST_RABBIT_4_1_QUESTINFODATA_ENCOUNTERTEXT,隨著慢慢靠近<quest_tile>，你聽到了吟唱的聲音。穿著袍子的傢伙們站在一個祭壇上。這裡的一切看起來都相當詭異。
QUEST_RABBIT_4_1_QUESTINFODATA_JOURNALENCOUNTERTEXT,巨石陣很快就被找到了，那些穿著袍子的傢伙甚至毫不避諱自己邪惡的行徑。但我們的英雄要怎麼去阻止他們呢？
QUEST_RABBIT_4_1_QUESTINFODATA_JOURNALRUMOURTEXT,我們的英雄聽說有一群可疑的傢伙在附近的巨石陣裡對兔族施咒。這可不能忍。
QUEST_RABBIT_4_1_QUESTINFODATA_RUMOURTEXT,一些穿著袍子的傢伙在附近的巨石陣裡傳播惡咒。去找到他們，終止這場邪惡的儀式。
QUEST_RABBIT_4_1_QUESTINFODATA_TITLE,邪惡的聚會
QUEST_RABBIT_4_2_QUESTINFODATA_ACTIONS_0_ACTIONTEXT,給男爵和吟遊詩人一點顏色看看。
QUEST_RABBIT_4_2_QUESTINFODATA_ACTIONS_0_DEFAULTOUTCOME_JOURNALTEXT,<hero_name>本想讓吟遊詩人閉嘴，可他反而更加起勁地唱起來，很快，兔族的人就徹底不受歡迎了。
QUEST_RABBIT_4_2_QUESTINFODATA_ACTIONS_0_DEFAULTOUTCOME_OUTCOMETEXT,你本想威脅一下吟遊詩人，可他激烈的言辭回擊反而對你更加不利了。你們兔族如今成了這座城鎮的笑柄了。
QUEST_RABBIT_4_2_QUESTINFODATA_ACTIONS_0_TESTSUCCESSOUTCOME_JOURNALTEXT,<hero_name>沒心情玩躲貓貓。只是簡單地展示了下自己的力量，背信棄義的男爵就乖乖就範了。
QUEST_RABBIT_4_2_QUESTINFODATA_ACTIONS_0_TESTSUCCESSOUTCOME_OUTCOMETEXT,你握著一柄閃著寒光的寶劍，先去威脅這個滿口胡言的吟遊詩人。很快男爵就嚇得重新和你結盟了。
QUEST_RABBIT_4_2_QUESTINFODATA_ACTIONS_1_ACTIONTEXT,不管吟遊詩人，直接找男爵。
QUEST_RABBIT_4_2_QUESTINFODATA_ACTIONS_1_DEFAULTOUTCOME_JOURNALTEXT,就在居民們沉浸在吟遊詩人冒犯的言辭中時，我們的英雄直接找上了男爵。男爵很容易就擺平了，而他的民眾需要更多的時間。
QUEST_RABBIT_4_2_QUESTINFODATA_ACTIONS_1_DEFAULTOUTCOME_OUTCOMETEXT,吟遊詩人相當受歡迎，但你只關心男爵的態度。他很容易就動搖了，不過民眾們還得再花點時間。
QUEST_RABBIT_4_2_QUESTINFODATA_ACTIONS_2_ACTIONTEXT,「這個吟遊詩人還不錯，而我是超不錯！」
QUEST_RABBIT_4_2_QUESTINFODATA_ACTIONS_2_DEFAULTOUTCOME_JOURNALTEXT,<hero_name>忠誠的吟遊詩人讓大眾反過來質疑男爵和他的走狗，如此兔族又重新獲得了他們的控制。
QUEST_RABBIT_4_2_QUESTINFODATA_ACTIONS_2_DEFAULTOUTCOME_OUTCOMETEXT,你的吟遊詩人大放異彩，將民眾的注意力都吸引了過來。很快人們都站在了你這邊，男爵羞愧地無地自容。
QUEST_RABBIT_4_2_QUESTINFODATA_ACTIONS_3_ACTIONTEXT,揮舞皇室旗幟
QUEST_RABBIT_4_2_QUESTINFODATA_ACTIONS_3_DEFAULTOUTCOME_JOURNALTEXT,國王的威儀足以讓吟遊詩人的謠言不攻自破。男爵轉而支持<hero_name>的志業。
QUEST_RABBIT_4_2_QUESTINFODATA_ACTIONS_3_DEFAULTOUTCOME_OUTCOMETEXT,你取出了皇室旗幟將它舉得高高。整個廣場響起一片驚呼，吟遊詩人羞愧地閉了嘴。
QUEST_RABBIT_4_2_QUESTINFODATA_ACTIONS_4_ACTIONTEXT,「罪行！早就一筆勾銷了！」
QUEST_RABBIT_4_2_QUESTINFODATA_ACTIONS_4_DEFAULTOUTCOME_JOURNALTEXT,有了皇室赦令，所有關於罪行的傳言都不攻自破了。既然國王站在<hero_name>這邊，那麼整個愛門羅當然也是了。
QUEST_RABBIT_4_2_QUESTINFODATA_ACTIONS_4_DEFAULTOUTCOME_OUTCOMETEXT,你取出了你的皇室赦令把它丟在吟遊詩人的跟前，揶揄著：「把這段唱出來啊！」他羞愧地低下了頭。
QUEST_RABBIT_4_2_QUESTINFODATA_ENCOUNTERTEXT,男爵的背信棄義讓這座村落對兔族很不友好。他的吟遊詩人在村落的廣場裡控訴著你們族的罪行。
QUEST_RABBIT_4_2_QUESTINFODATA_JOURNALENCOUNTERTEXT,可以肯定的是，那個鎮子的男爵並不是兔族的盟友。他手下忠實的吟遊詩人整日整夜在村落的廣場裡控訴著兔族的罪行。
QUEST_RABBIT_4_2_QUESTINFODATA_JOURNALRUMOURTEXT,<hero_name>聽說了附近的一個村落在傳兔族的壞話。沒準去拜訪一下能讓他們改改口風？
QUEST_RABBIT_4_2_QUESTINFODATA_RUMOURTEXT,附近的一個村落一直在講兔族的壞話。我還以為那個男爵是你的盟友呢！
QUEST_RABBIT_4_2_QUESTINFODATA_TITLE,男爵與吟遊詩人
QUEST_RABBIT_4_3_QUESTINFODATA_ACTIONS_0_ACTIONTEXT,迎戰來犯的野獸
QUEST_RABBIT_4_3_QUESTINFODATA_ACTIONS_0_DEFAULTOUTCOME_JOURNALTEXT,儘管裝備了精良的武器，我們的英雄依然無法和黑暗的力量抗衡。<hero_name>被迫逃出了森林。
QUEST_RABBIT_4_3_QUESTINFODATA_ACTIONS_0_DEFAULTOUTCOME_OUTCOMETEXT,陰影翻騰著，從黑暗中滲透著致命的汙穢毒液。陰影中的東西傷到了你，你帶著滴著汙穢的傷口逃跑了。
QUEST_RABBIT_4_3_QUESTINFODATA_ACTIONS_0_TESTSUCCESSOUTCOME_JOURNALTEXT,但一支精磨透亮的刀刃可以對抗任何邪惡，我們的英雄很快就解決了被汙穢感染的野獸，兔族得救了。
QUEST_RABBIT_4_3_QUESTINFODATA_ACTIONS_0_TESTSUCCESSOUTCOME_OUTCOMETEXT,籠罩在黑暗中的汙穢之獸衝向了你。牠們的確是難纏的對手，但你還是打敗了牠們，並成功救下了兔族的俘虜。
QUEST_RABBIT_4_3_QUESTINFODATA_ACTIONS_1_ACTIONTEXT,爬上附近的樹躲起來
QUEST_RABBIT_4_3_QUESTINFODATA_ACTIONS_1_DEFAULTOUTCOME_JOURNALTEXT,<hero_name>爬到了附近的樹上準備來一個突然襲擊。不幸的是，兔族的俘虜在隨後的混亂中消失了。
QUEST_RABBIT_4_3_QUESTINFODATA_ACTIONS_1_DEFAULTOUTCOME_OUTCOMETEXT,你躲在樹杈間，看見有兩隻汙穢野獸出現在下方。你跳下來成功解決了一隻，但是另一隻帶著俘虜逃走了。
QUEST_RABBIT_4_3_QUESTINFODATA_ACTIONS_2_ACTIONTEXT,拔出魔鴆之刃
QUEST_RABBIT_4_3_QUESTINFODATA_ACTIONS_2_DEFAULTOUTCOME_JOURNALTEXT,受詛咒的魔鴆之刃解決了來襲者，竟然是一群汙穢之獸。有了這把武器的力量，誰都沒辦法對<hero_name>造成威脅。
QUEST_RABBIT_4_3_QUESTINFODATA_ACTIONS_2_DEFAULTOUTCOME_OUTCOMETEXT,汙穢的生物無法對抗擁有同樣黑暗之力的武器。你成功解決了來襲的野獸，從牠們的屍體搜出了一件寶物。
QUEST_RABBIT_4_3_QUESTINFODATA_ACTIONS_3_ACTIONTEXT,「閃開！」
QUEST_RABBIT_4_3_QUESTINFODATA_ACTIONS_3_DEFAULTOUTCOME_JOURNALTEXT,煉金術師的奇特藥劑嚇跑了野獸。它們身上的魔力受到了損傷，迴盪在空中。
QUEST_RABBIT_4_3_QUESTINFODATA_ACTIONS_3_DEFAULTOUTCOME_OUTCOMETEXT,一瓶冰藍色的藥劑砸在了衝來的陰影旁的地面上，漏出的蒸汽四散。陰影中的野獸逃走了，但它們身上的魔力迴盪在空中。
QUEST_RABBIT_4_3_QUESTINFODATA_ACTIONS_4_ACTIONTEXT,舉起魔鴆之爪
QUEST_RABBIT_4_3_QUESTINFODATA_ACTIONS_4_DEFAULTOUTCOME_JOURNALTEXT,巨大的汙穢之影被魔鴆之爪消滅了。只要使用得當，汙穢也是一件強大的武器。
QUEST_RABBIT_4_3_QUESTINFODATA_ACTIONS_4_DEFAULTOUTCOME_OUTCOMETEXT,當你舉起魔鴆之爪的時候，翻騰著的汙穢之影開始扭曲變形。片刻之後，牠們爆裂開來。汙穢根本不是你的對手。
QUEST_RABBIT_4_3_QUESTINFODATA_ENCOUNTERTEXT,就在你進入<quest_tile>的時候，一種奇怪的感覺讓你頸後的毛髮根根豎起。怪異的汙穢之影衝入了空地。
QUEST_RABBIT_4_3_QUESTINFODATA_JOURNALENCOUNTERTEXT,廣闊的森林很快就淹沒了<hero_name>，我們的英雄深陷黑暗之中。一股邪惡的力量正在一步步逼近……
QUEST_RABBIT_4_3_QUESTINFODATA_JOURNALRUMOURTEXT,<hero_name>聽到消息說一名兔族的修補匠被附近某個看不見的黑暗勢力抓走了。我們的英雄迅速趕去救援。
QUEST_RABBIT_4_3_QUESTINFODATA_RUMOURTEXT,有人看見兔族的一名修補匠在附近的森林裡，被某個黑暗勢力挾持為人質。她需要你的幫助！
QUEST_RABBIT_4_3_QUESTINFODATA_TITLE,建築者
QUEST_RABBIT_4_4_QUESTINFODATA_ACTIONS_0_ACTIONTEXT,進入城堡，搜尋空蕩的過道。
QUEST_RABBIT_4_4_QUESTINFODATA_ACTIONS_0_DEFAULTOUTCOME_JOURNALTEXT,我們的英雄努力搜尋著失落城堡中的寶物，可是岩漿上漲太快了，<hero_name>只好逃跑了。
QUEST_RABBIT_4_4_QUESTINFODATA_ACTIONS_0_DEFAULTOUTCOME_OUTCOMETEXT,隨著城堡漸漸地沉入岩漿湖中，很快你就發現自己已經被困在了崩塌的過道中。你好歹活著逃走了。
QUEST_RABBIT_4_4_QUESTINFODATA_ACTIONS_0_TESTSUCCESSOUTCOME_JOURNALTEXT,但<hero_name>在岩漿湖上翻騰跳躍，取得了城堡失落寶庫深處珍貴的心靈石。
QUEST_RABBIT_4_4_QUESTINFODATA_ACTIONS_0_TESTSUCCESSOUTCOME_OUTCOMETEXT,你周圍的過道漸漸地淹沒在岩漿裡，靠著兔族的智慧，你成功完成了任務。
QUEST_RABBIT_4_4_QUESTINFODATA_ACTIONS_1_ACTIONTEXT,在最安全的地方找寶物。
QUEST_RABBIT_4_4_QUESTINFODATA_ACTIONS_1_DEFAULTOUTCOME_JOURNALTEXT,<hero_name>知道城堡已經岌岌可危了，幸運的是，就算不用深入進去，還是能找到一些戰利品的。
QUEST_RABBIT_4_4_QUESTINFODATA_ACTIONS_1_DEFAULTOUTCOME_OUTCOMETEXT,你小心翼翼地靠近了城堡，生怕它下一秒就沉入了岩漿裡。最後你拿著一件不錯的戰利品離開了。
QUEST_RABBIT_4_4_QUESTINFODATA_ACTIONS_2_ACTIONTEXT,「這也叫熱？」
QUEST_RABBIT_4_4_QUESTINFODATA_ACTIONS_2_DEFAULTOUTCOME_JOURNALTEXT,岩漿湖的高溫看來並沒有影響到鐵匠。他領著我們的英雄穿過了城堡，找到了一些有用的寶貝。
QUEST_RABBIT_4_4_QUESTINFODATA_ACTIONS_2_DEFAULTOUTCOME_OUTCOMETEXT,鐵匠拽起你的袖子，笑著拉你往前走。在他的幫助下，你在城堡裡找到了不少有用的東西。
QUEST_RABBIT_4_4_QUESTINFODATA_ACTIONS_3_ACTIONTEXT,「待在左邊！那裡更穩當。」
QUEST_RABBIT_4_4_QUESTINFODATA_ACTIONS_3_DEFAULTOUTCOME_JOURNALTEXT,對任何有經驗的礦工來說，冒泡的岩漿和曲折的隧道都只是家常便飯。在她的幫助下，我們的英雄從城堡裡找到了不少寶貝。
QUEST_RABBIT_4_4_QUESTINFODATA_ACTIONS_3_DEFAULTOUTCOME_OUTCOMETEXT,礦工的經歷對於處理這種地下危機再合適不過了。在她的幫助下，你探索了城堡的大部分地方。
QUEST_RABBIT_4_4_QUESTINFODATA_ACTIONS_4_ACTIONTEXT,「嘿！它在晃啊！真好玩！」
QUEST_RABBIT_4_4_QUESTINFODATA_ACTIONS_4_DEFAULTOUTCOME_JOURNALTEXT,在這個走錯一步都會喪命的地方，英雄隊伍裡的傻瓜歡快地跑了起來。幸而最後誤打誤撞找到了一件值錢的寶貝。他們趁著城堡沉沒前離開了那裡。
QUEST_RABBIT_4_4_QUESTINFODATA_ACTIONS_4_DEFAULTOUTCOME_OUTCOMETEXT,你隊伍裡的傻瓜在城堡裡跑了起來。就在你追著他想讓他慢點的時候，你發現了一個破損的寶箱。
QUEST_RABBIT_4_4_QUESTINFODATA_ENCOUNTERTEXT,在深深的地下，你找到了這座由石英和黑曜石建造的傳奇古堡。更準確的說，這是一座漂浮在一大片岩漿之海上的廢城。
QUEST_RABBIT_4_4_QUESTINFODATA_JOURNALENCOUNTERTEXT,這座失落的城堡已經廢棄了幾個世紀了，其中的石英過道也都快被岩漿湖吞沒了。
QUEST_RABBIT_4_4_QUESTINFODATA_JOURNALRUMOURTEXT,我們的英雄只是在傳言裡聽到過失落的「無底洞」，但裡面的寶物對奪取王座肯定有用。是時候找到它了。
QUEST_RABBIT_4_4_QUESTINFODATA_RUMOURTEXT,你聽說過「無底洞」嗎？就是古代兔族建造的那座傳奇地下古堡。你覺得裡面會有什麼寶物呢？
QUEST_RABBIT_4_4_QUESTINFODATA_TITLE,未見的城堡
QUEST_RABBIT_4_5_QUESTINFODATA_ACTIONS_0_ACTIONTEXT,繞過守衛，偷走所有值錢的寶貝
QUEST_RABBIT_4_5_QUESTINFODATA_ACTIONS_0_DEFAULTOUTCOME_JOURNALTEXT,我們的英雄想要溜進寶庫裡，可惜計劃失敗了。那天夜裡只有<hero_name>從宅子裡逃了出來。
QUEST_RABBIT_4_5_QUESTINFODATA_ACTIONS_0_DEFAULTOUTCOME_OUTCOMETEXT,可惜的是，因為缺乏經驗智慧，這場潛入變成了一場鬧劇。你的合作者被抓了，而你只能逃走了。
QUEST_RABBIT_4_5_QUESTINFODATA_ACTIONS_0_TESTSUCCESSOUTCOME_JOURNALTEXT,對<hero_name>這樣的專家來說，摸進藏寶庫簡直小菜一碟，最後這兩位兔族的大盜也順利的從宅子裡溜走了。
QUEST_RABBIT_4_5_QUESTINFODATA_ACTIONS_0_TESTSUCCESSOUTCOME_OUTCOMETEXT,在你朋友的幫助下，你聰明地繞過了守衛，將藏寶庫洗劫一空。男爵很快就要成為愛門羅最窮的老鼠了。
QUEST_RABBIT_4_5_QUESTINFODATA_ACTIONS_1_ACTIONTEXT,去空房間裡找東西
QUEST_RABBIT_4_5_QUESTINFODATA_ACTIONS_1_DEFAULTOUTCOME_JOURNALTEXT,<hero_name>選擇了簡單的側廳下手，不去找寶庫了。只不過收穫甚微，離計劃的「驚天」要差遠了。
QUEST_RABBIT_4_5_QUESTINFODATA_ACTIONS_1_DEFAULTOUTCOME_OUTCOMETEXT,你的朋友去找寶庫了，而你只想挑些簡單的地方下手。這很明智，最後你的朋友被抓到了，而你沒有。
QUEST_RABBIT_4_5_QUESTINFODATA_ACTIONS_2_ACTIONTEXT,用化妝面具偽裝自己
QUEST_RABBIT_4_5_QUESTINFODATA_ACTIONS_2_DEFAULTOUTCOME_JOURNALTEXT,化妝面具的魔法使我們的英雄騙過了舞會裡保全的耳目。<hero_name>大獲豐收。
QUEST_RABBIT_4_5_QUESTINFODATA_ACTIONS_2_DEFAULTOUTCOME_OUTCOMETEXT,化妝面具讓你很簡單就通過了舞會的所有保全。你見一樣拿一樣，滿載而歸。
QUEST_RABBIT_4_5_QUESTINFODATA_ACTIONS_3_ACTIONTEXT,陷害侍從
QUEST_RABBIT_4_5_QUESTINFODATA_ACTIONS_3_DEFAULTOUTCOME_JOURNALTEXT,趁著守衛們追著侍從的時候，<hero_name>偷偷摸上了二樓，狠狠撈了一把。
QUEST_RABBIT_4_5_QUESTINFODATA_ACTIONS_3_DEFAULTOUTCOME_OUTCOMETEXT,你讓侍從去製造動靜，吸引注意力。守衛們忙著去抓他們，而你就偷偷溜到了二樓。
QUEST_RABBIT_4_5_QUESTINFODATA_ACTIONS_4_ACTIONTEXT,用飛天翅靴快去快回
QUEST_RABBIT_4_5_QUESTINFODATA_ACTIONS_4_DEFAULTOUTCOME_JOURNALTEXT,我們的英雄穿上了飛天翅靴，有了它的速度，他們輕鬆地繞過了守衛，狠狠搶了一筆。
QUEST_RABBIT_4_5_QUESTINFODATA_ACTIONS_4_DEFAULTOUTCOME_OUTCOMETEXT,穿上飛天翅靴後，你快得根本停不下來。你直接衝進了舞會的大廳，順途撈走了所有能拿到的東西。
QUEST_RABBIT_4_5_QUESTINFODATA_ENCOUNTERTEXT,你和一位忠誠的兔族同胞計劃了一場驚天竊案，輕鬆溜進了宅子裡。那麼問題來了，該偷點什麼呢？
QUEST_RABBIT_4_5_QUESTINFODATA_JOURNALENCOUNTERTEXT,<hero_name>和兔族的一位同胞聯手溜進了宅子裡。這場驚天竊案開始了！
QUEST_RABBIT_4_5_QUESTINFODATA_JOURNALRUMOURTEXT,一名鼠族的女男爵正在舉辦化妝舞會炫耀自己的財富和權力。<hero_name>決定去順走一些東西。
QUEST_RABBIT_4_5_QUESTINFODATA_RUMOURTEXT,一名鼠族的女男爵正在自己的私宅裡舉辦化裝舞會。要是能在當天給她來個「意外驚喜」豈不是妙哉？
QUEST_RABBIT_4_5_QUESTINFODATA_TITLE,化裝舞會
QUEST_RABBIT_4_6_QUESTINFODATA_ACTIONS_0_ACTIONTEXT,通過一個個的土丘跳到堅固的地上。
QUEST_RABBIT_4_6_QUESTINFODATA_ACTIONS_0_DEFAULTOUTCOME_JOURNALTEXT,儘管是兔族的一員，<hero_name>卻無法發揮自己的運動天性，被迫空手而歸。
QUEST_RABBIT_4_6_QUESTINFODATA_ACTIONS_0_DEFAULTOUTCOME_OUTCOMETEXT,雖然說跳躍這件事對兔族來說就是與生俱來的，可面對如此精確的走位，你的眼力見還是差了些。你在跳過第一個小土丘的時候就被絆倒了，摔了一個狗啃泥。你傷痕累累地逃離了沼澤。
QUEST_RABBIT_4_6_QUESTINFODATA_ACTIONS_0_TESTSUCCESSOUTCOME_JOURNALTEXT,憑著兔族與生俱來的運動天性，<hero_name>很輕鬆就穿過了險象環生的沼澤，拿到了失蹤的寶貝。
QUEST_RABBIT_4_6_QUESTINFODATA_ACTIONS_0_TESTSUCCESSOUTCOME_OUTCOMETEXT,兔子生來就能跳，你從一個土丘跳到另一個土丘，避開了泥潭。很快你就找到了失蹤間諜的遺骨，拿到了他的寶貝。
QUEST_RABBIT_4_6_QUESTINFODATA_ACTIONS_1_ACTIONTEXT,徒步穿過厚厚的泥沼抵達安全點。
QUEST_RABBIT_4_6_QUESTINFODATA_ACTIONS_1_DEFAULTOUTCOME_JOURNALTEXT,<hero_name>徒步穿過了這片陰鬱的沼澤，很快他們就發現了失蹤間諜的遺骨。只是他的寶貝早已陷入泥潭，消失不見了。
QUEST_RABBIT_4_6_QUESTINFODATA_ACTIONS_1_DEFAULTOUTCOME_OUTCOMETEXT,憑著強健的體魄脫身，你繼續前進。旅程很漫長，但你還是找到了路，覺得自己也因為這趟旅程而變聰明了。
QUEST_RABBIT_4_6_QUESTINFODATA_ACTIONS_2_ACTIONTEXT,「注意了！那裡不就有一條小路嗎？」
QUEST_RABBIT_4_6_QUESTINFODATA_ACTIONS_2_DEFAULTOUTCOME_JOURNALTEXT,就在<hero_name>以為要一輩子困在這個沼澤裡的時候，王牌間諜指出了一條小路，並把他們帶到了安全地點。
QUEST_RABBIT_4_6_QUESTINFODATA_ACTIONS_2_DEFAULTOUTCOME_OUTCOMETEXT,眼尖的王牌間諜發現了一條你錯過的小路。她帶著你沿著這條小路回到了安全地點。你覺得她一定是在頭巾下面偷笑了。
QUEST_RABBIT_4_6_QUESTINFODATA_ACTIONS_3_ACTIONTEXT,「這裡我之前來過……這邊！」
QUEST_RABBIT_4_6_QUESTINFODATA_ACTIONS_3_DEFAULTOUTCOME_JOURNALTEXT,<hero_name>的商人認識愛門羅的每一條道路。他領著我們的英雄穿過了沼澤，回到了安全的地方。好記性還是很有用的。
QUEST_RABBIT_4_6_QUESTINFODATA_ACTIONS_3_DEFAULTOUTCOME_OUTCOMETEXT,你的商人抓起你的手臂，帶著你鑽進了腐爛樹木間的一條隱秘小道。又走了幾個小時之後，你終於脫險了。
QUEST_RABBIT_4_6_QUESTINFODATA_ACTIONS_4_ACTIONTEXT,用冰鑒斗篷發出求救
QUEST_RABBIT_4_6_QUESTINFODATA_ACTIONS_4_DEFAULTOUTCOME_JOURNALTEXT,我們的英雄被困在了沼澤裡，只好用冰鑒斗篷來求救。幸好一名路過的山羊看見了，把<hero_name>帶到了安全的地方。
QUEST_RABBIT_4_6_QUESTINFODATA_ACTIONS_4_DEFAULTOUTCOME_OUTCOMETEXT,你把冰鑒斗篷舉在半空，它開始熠熠發光。就在你快要放棄的時候，一名路過的山羊看見了，他帶著你到了安全的地方。
QUEST_RABBIT_4_6_QUESTINFODATA_ENCOUNTERTEXT,在幾個小時漫無目的地摸索之後，你發現自己已經迷路了。你的周圍荒草叢生，必須要決定該怎麼繼續了。
QUEST_RABBIT_4_6_QUESTINFODATA_JOURNALENCOUNTERTEXT,一進入沼澤，迷霧就讓<hero_name>暈頭轉向了。很快，我們的英雄就不知所措了。
QUEST_RABBIT_4_6_QUESTINFODATA_JOURNALRUMOURTEXT,一名兔族間諜在附近的沼澤裡走丟了，隨身還帶著一件寶貝。我們的英雄決定去把它找回來。
QUEST_RABBIT_4_6_QUESTINFODATA_RUMOURTEXT,你的一名兔族間諜消失在了<quest_tile>裡。我聽說他還帶著一件很珍貴的小玩意……
QUEST_RABBIT_4_6_QUESTINFODATA_TITLE,陰鬱沼澤
QUEST_RABBIT_4_7_QUESTINFODATA_ACTIONS_0_ACTIONTEXT,打開盒子。
QUEST_RABBIT_4_7_QUESTINFODATA_ACTIONS_0_DEFAULTOUTCOME_JOURNALTEXT,<hero_name>拿起了盒子想要強行打開它，可是魔法守衛認為兔族的英雄不配得到裡面的寶物，它還是緊緊關著。
QUEST_RABBIT_4_7_QUESTINFODATA_ACTIONS_0_DEFAULTOUTCOME_OUTCOMETEXT,你相信自己能得到裡面的寶物，可守護著盒子的魔法顯然是不同意的。你覺得很虛弱，盒子依然緊緊鎖著。
QUEST_RABBIT_4_7_QUESTINFODATA_ACTIONS_0_TESTSUCCESSOUTCOME_JOURNALTEXT,如果說有人能配得上裡面的寶物，那這人就是<hero_name>了！盒子很容易就打開了，石頭到手了。
QUEST_RABBIT_4_7_QUESTINFODATA_ACTIONS_0_TESTSUCCESSOUTCOME_OUTCOMETEXT,帶著必然的信念，你輕而易舉地就打開了盒子，得到了裡面的心靈石。
QUEST_RABBIT_4_7_QUESTINFODATA_ACTIONS_1_ACTIONTEXT,把盒子給法師。
QUEST_RABBIT_4_7_QUESTINFODATA_ACTIONS_1_DEFAULTOUTCOME_JOURNALTEXT,<hero_name>明白，與其招惹古代的法術和詛咒，不如直接把盒子交給法師保管。
QUEST_RABBIT_4_7_QUESTINFODATA_ACTIONS_1_DEFAULTOUTCOME_OUTCOMETEXT,因為擔心古代的法術會通過盒子詛咒你，你選擇了將它賣給法師。「當然了！安全總比被詛咒好！」
QUEST_RABBIT_4_7_QUESTINFODATA_ACTIONS_2_ACTIONTEXT,「只有傻瓜才會白白送出一個魔法盒子。」
QUEST_RABBIT_4_7_QUESTINFODATA_ACTIONS_2_DEFAULTOUTCOME_JOURNALTEXT,唉，與其插手黑暗法術，忠誠的財務官說服了法師用一張有用的咒術卡牌買下了這個舊盒子。
QUEST_RABBIT_4_7_QUESTINFODATA_ACTIONS_2_DEFAULTOUTCOME_OUTCOMETEXT,「有價值的寶貝就是用來交易的，」老獾說道，「你能拿什麼來換呢？」法師讓步了，提供了一張咒術卡牌作為交易。
QUEST_RABBIT_4_7_QUESTINFODATA_ACTIONS_3_ACTIONTEXT,手持加農砲上膛
QUEST_RABBIT_4_7_QUESTINFODATA_ACTIONS_3_DEFAULTOUTCOME_JOURNALTEXT,也許我們的英雄本來就能得到那個容器的認可。可<hero_name>再也不會知曉，他們已用手持加農砲把盒子炸個飛爛。
QUEST_RABBIT_4_7_QUESTINFODATA_ACTIONS_3_DEFAULTOUTCOME_OUTCOMETEXT,法師的話音剛落，你就拿起了手持加農砲對準那盒子。它被轟開了，你把裡面還能用的東西拿走。法師氣壞了。
QUEST_RABBIT_4_7_QUESTINFODATA_ACTIONS_4_ACTIONTEXT,「你說我值得？」
QUEST_RABBIT_4_7_QUESTINFODATA_ACTIONS_4_DEFAULTOUTCOME_JOURNALTEXT,陌生人似乎被石容器承認了能力。容器在它的手中打開，我們的英雄也和他分享了寶物。
QUEST_RABBIT_4_7_QUESTINFODATA_ACTIONS_4_DEFAULTOUTCOME_OUTCOMETEXT,陌生人從你手中搶走了盒子。盒子出現了輕微的顫動。然後，隨著一次猛烈的搖晃，盒子打開了。陌生人和你分享了裡面的寶物。
QUEST_RABBIT_4_7_QUESTINFODATA_ENCOUNTERTEXT,「啊，是石容器！」老巫師大笑著說。「它會衡量主人的力量，懲罰那些不夠資格擁有裡面寶物的主人。」
QUEST_RABBIT_4_7_QUESTINFODATA_JOURNALENCOUNTERTEXT,巫婆介紹，這個盒子是一個「石容器」，會根據打開它的人是誰，決定是給予獎賞還是施以懲罰。
QUEST_RABBIT_4_7_QUESTINFODATA_JOURNALRUMOURTEXT,<hero_name>一個忠誠的間諜得到了一個上鎖的奇怪盒子。也許我們可以找一名當地的巫師揭示裡面的秘密？
QUEST_RABBIT_4_7_QUESTINFODATA_RUMOURTEXT,一名勘探者在附近找到了這個上鎖的奇怪盒子，裡面似乎有一顆心靈石！附近城鎮住著一名老巫師，也許她有辦法能打開？
QUEST_RABBIT_4_7_QUESTINFODATA_TITLE,古老的盒子
QUEST_RABBIT_4_8_QUESTINFODATA_ACTIONS_0_ACTIONTEXT,與汙穢戰鬥，救出囚犯。
QUEST_RABBIT_4_8_QUESTINFODATA_ACTIONS_0_DEFAULTOUTCOME_JOURNALTEXT,<hero_name>試圖解救囚犯，但汙穢的力量太強大了。英雄被迫拋棄囚犯逃離此地。
QUEST_RABBIT_4_8_QUESTINFODATA_ACTIONS_0_DEFAULTOUTCOME_OUTCOMETEXT,你向著沼澤衝去，但汙穢的力量太強大了。你最後被迫撤退，未能讓囚犯脫離險境。
QUEST_RABBIT_4_8_QUESTINFODATA_ACTIONS_0_TESTSUCCESSOUTCOME_JOURNALTEXT,<hero_name>衝向了沼澤，依靠懷爾德之力打敗了汙穢守衛。囚犯很快便被解救出來，監獄也被夷為平地。
QUEST_RABBIT_4_8_QUESTINFODATA_ACTIONS_0_TESTSUCCESSOUTCOME_OUTCOMETEXT,你高舉戰刀發起衝鋒，並吟唱著懷爾德之歌。守衛很快就被殺死，囚犯也被釋放出來。
QUEST_RABBIT_4_8_QUESTINFODATA_ACTIONS_1_ACTIONTEXT,試著不引起守衛注意救出囚犯。
QUEST_RABBIT_4_8_QUESTINFODATA_ACTIONS_1_DEFAULTOUTCOME_JOURNALTEXT,<hero_name>避開了腐化的守衛，在被迫撤退前只救出了少量囚犯。不過這總比一無所獲要好。
QUEST_RABBIT_4_8_QUESTINFODATA_ACTIONS_1_DEFAULTOUTCOME_OUTCOMETEXT,你潛行繞過監獄，救出了少數囚犯，但當你逃離時，許多人仍被關押在內。至少還有幾人能獲救。
QUEST_RABBIT_4_8_QUESTINFODATA_ACTIONS_2_ACTIONTEXT,「這些守衛的身上充滿了汙穢。讓我來吧。」
QUEST_RABBIT_4_8_QUESTINFODATA_ACTIONS_2_DEFAULTOUTCOME_JOURNALTEXT,<hero_name>忠誠的術士挺身而出，將監獄守衛化作一團團火球。最終雖然拯救了監獄，但汙穢依然存在。
QUEST_RABBIT_4_8_QUESTINFODATA_ACTIONS_2_DEFAULTOUTCOME_OUTCOMETEXT,術士挺身而出，並吟唱邪惡的咒術。守衛向其發起衝鋒，但很快便化作火球，最後變成一堆堆灰燼。
QUEST_RABBIT_4_8_QUESTINFODATA_ACTIONS_3_ACTIONTEXT,穿上獅心胸甲
QUEST_RABBIT_4_8_QUESTINFODATA_ACTIONS_3_DEFAULTOUTCOME_JOURNALTEXT,不管沼澤的腐化守衛有多麼強大，也沒辦法與穿上獅心胸甲的英雄比肩。
QUEST_RABBIT_4_8_QUESTINFODATA_ACTIONS_3_DEFAULTOUTCOME_OUTCOMETEXT,穿上獅心胸甲後的你所向無敵。你衝向了沼澤，並引導著懷爾德的力量。<quest_tile>很快就被淨化了。
QUEST_RABBIT_4_8_QUESTINFODATA_ENCOUNTERTEXT,監獄已經被汙穢侵蝕了，守衛也受到了邪惡力量的長期腐化。只有具備強大的懷爾德力量才足以和他們對抗。
QUEST_RABBIT_4_8_QUESTINFODATA_JOURNALENCOUNTERTEXT,我們的英雄深入到沼澤中，發現一座古老的監獄被汙穢完全侵蝕了。只有具備強大的懷爾德力量才足以驅除汙穢。
QUEST_RABBIT_4_8_QUESTINFODATA_JOURNALRUMOURTEXT,<hero_name>聽說在<quest_tile>深處隱藏著一座古老的監獄。裡面的囚犯都是兔族的盟友，必須得把他們救出來！
QUEST_RABBIT_4_8_QUESTINFODATA_RUMOURTEXT,我們的盟友都被關押在<quest_tile>深處的一座古老的監獄。我們必須把他們救出來，並且嚴懲他們的壓迫者！
QUEST_RABBIT_4_8_QUESTINFODATA_TITLE,汙穢的監獄
QUEST_RABBIT_4_9_QUESTINFODATA_ACTIONS_0_ACTIONTEXT,召喚懷爾德淨化汙穢的森林。
QUEST_RABBIT_4_9_QUESTINFODATA_ACTIONS_0_DEFAULTOUTCOME_JOURNALTEXT,懷爾德無視了<hero_name>的請求，讓他獨自與可怕的怪物戰鬥。<hero_name>最終不敵而逃。
QUEST_RABBIT_4_9_QUESTINFODATA_ACTIONS_0_DEFAULTOUTCOME_OUTCOMETEXT,你低聲吟唱呼喚懷爾德，但祂並沒有回應你的呼喚。要戰勝魔鴆實在是太困難，只能捨棄那些財寶了。
QUEST_RABBIT_4_9_QUESTINFODATA_ACTIONS_0_TESTSUCCESSOUTCOME_JOURNALTEXT,懷爾德聽到了<hero_name>的呼喚，並且用迅速而致命的憤怒作出了回應。魔鴆被燒成了灰燼，財寶很快就到手了。
QUEST_RABBIT_4_9_QUESTINFODATA_ACTIONS_0_TESTSUCCESSOUTCOME_OUTCOMETEXT,你低聲吟唱呼喚懷爾德，祂回應了你的呼喚。魔鴆發出了尖叫，在你眼前被燒成灰燼，留下了沒有人看守的寶藏。
QUEST_RABBIT_4_9_QUESTINFODATA_ACTIONS_1_ACTIONTEXT,尋找當地人協助殺死怪物。
QUEST_RABBIT_4_9_QUESTINFODATA_ACTIONS_1_DEFAULTOUTCOME_JOURNALTEXT,<hero_name>在<quest_tile>到處尋找幫助，並帶著他們殺死了魔鴆。森林再次恢復了安全。
QUEST_RABBIT_4_9_QUESTINFODATA_ACTIONS_1_DEFAULTOUTCOME_OUTCOMETEXT,你偷偷地離開，在森林裡到處尋找幫手來消滅魔鴆。雖然成功打倒了怪物，但你放棄了財寶，以感謝他們的援助。
QUEST_RABBIT_4_9_QUESTINFODATA_ACTIONS_2_ACTIONTEXT,舉起皇室護盾
QUEST_RABBIT_4_9_QUESTINFODATA_ACTIONS_2_DEFAULTOUTCOME_JOURNALTEXT,魔鴆無法戰勝<hero_name>，害怕地逃跑了。我們的英雄可以好好安葬被魔鴆殺害的犧牲者了。
QUEST_RABBIT_4_9_QUESTINFODATA_ACTIONS_2_DEFAULTOUTCOME_OUTCOMETEXT,魔鴆無法突破皇室護盾的防禦。牠銜起寶箱逃跑了。現在你只能向那些犧牲的兔族屍體哀悼。
QUEST_RABBIT_4_9_QUESTINFODATA_ACTIONS_3_ACTIONTEXT,「先別管魔鴆。這個還沒死！」
QUEST_RABBIT_4_9_QUESTINFODATA_ACTIONS_3_DEFAULTOUTCOME_JOURNALTEXT,<hero_name>的藥劑師發現有一個躺在地上的兔族尚未死亡。於是，他和英雄先去把他救了出來。
QUEST_RABBIT_4_9_QUESTINFODATA_ACTIONS_3_DEFAULTOUTCOME_OUTCOMETEXT,在藥劑師的幫助下，你把一個受傷的兔族拉了出去。作為感謝，他送給你一件珍貴的寶物。
QUEST_RABBIT_4_9_QUESTINFODATA_ACTIONS_4_ACTIONTEXT,用銀月巨鐮消滅魔鴆
QUEST_RABBIT_4_9_QUESTINFODATA_ACTIONS_4_DEFAULTOUTCOME_JOURNALTEXT,<hero_name>舉起那銀月巨鐮迅速斬殺了魔鴆 ── 不幸的是，牠看守的寶藏也遭到了波及！
QUEST_RABBIT_4_9_QUESTINFODATA_ACTIONS_4_DEFAULTOUTCOME_OUTCOMETEXT,這件古代武器輕鬆地就將魔鴆消滅了，儘管它的淨化之火也將財寶毀去了大半。
QUEST_RABBIT_4_9_QUESTINFODATA_ENCOUNTERTEXT,你找到了挖掘點，但那裡也有許多因為好奇被殺的兔族屍體。同時，你在附近看到了一隻魔鴆守護著一個奇怪的箱子。
QUEST_RABBIT_4_9_QUESTINFODATA_JOURNALENCOUNTERTEXT,我們的英雄輕鬆地找到了挖掘點，但那裡還有一隻駐守著整座森林的魔鴆。<hero_name>接下來該怎麼辦呢？
QUEST_RABBIT_4_9_QUESTINFODATA_JOURNALRUMOURTEXT,兔族很喜歡挖掘，找出埋在土中的古代遺物。但這次他們發現了很可怕的東西：一隻汙穢怪物！
QUEST_RABBIT_4_9_QUESTINFODATA_RUMOURTEXT,一些兔族探險家在離這裡有些距離的樹林裡發現了某樣東西。那件東西或許十分珍貴，但同時也被一隻凶殘的汙穢怪物守護著！
QUEST_RABBIT_4_9_QUESTINFODATA_TITLE,深入挖掘
QUEST_RABBIT_5_1_QUESTINFODATA_ACTIONS_0_ACTIONTEXT,追隨你的命運。
QUEST_RABBIT_5_1_QUESTINFODATA_ACTIONS_0_DEFAULTOUTCOME_JOURNALTEXT,我們的英雄從通往王座室的秘密通道進入王宮，見識到兔族謀劃之深。
QUEST_RABBIT_5_1_QUESTINFODATA_ACTIONS_0_DEFAULTOUTCOME_OUTCOMETEXT,當然，這條鑰匙剛剛好。這條隧道早在策劃行動時就由兔族挖好了，你可以順著它直達王座室。
QUEST_RABBIT_5_1_QUESTINFODATA_ENCOUNTERTEXT,這座王宮曾經是兔族的最高傑作。現在你就站在它的面前。並準備成為它的新主人。
QUEST_RABBIT_5_1_QUESTINFODATA_JOURNALENCOUNTERTEXT,就是這裡。瘋王就在門的另一邊，他就是這趟旅程開始的全部原因。而且，王座也在那裡。
QUEST_RABBIT_5_1_QUESTINFODATA_JOURNALRUMOURTEXT,現在的兔族是各個部族中最勤奮的，他們不知疲倦地工作，為<hero_name>尋找進入王宮的方法。
QUEST_RABBIT_5_1_QUESTINFODATA_RUMOURTEXT,兔族工匠製作了一把小鑰匙，可以打開直接通往瘋王所在地的通道。
QUEST_RABBIT_5_1_QUESTINFODATA_TITLE,傳奇之旅
QUEST_RABBIT_PROLOGUE_1_QUESTINFODATA_ACTIONS_0_ACTIONTEXT,驅除魔法。
QUEST_RABBIT_PROLOGUE_1_QUESTINFODATA_ACTIONS_0_DEFAULTOUTCOME_JOURNALTEXT,運氣不佳。在吟遊詩人周圍閃爍的魔法開始顫動，並且發出紅光。她被彈了出去，引發的爆炸也將你震倒在地。
QUEST_RABBIT_PROLOGUE_1_QUESTINFODATA_ACTIONS_0_DEFAULTOUTCOME_OUTCOMETEXT,雖然已經做了大量準備，安柏仍缺乏足夠的精神力量去抑制在地牢流竄的異樣魔法，最終未能將吟遊詩人救出來。
QUEST_RABBIT_PROLOGUE_1_QUESTINFODATA_ACTIONS_0_TESTSUCCESSOUTCOME_JOURNALTEXT,在她魔法的加持下，安柏成功驅除了地牢的魔咒，將吟遊詩人從長眠中拯救出來。
QUEST_RABBIT_PROLOGUE_1_QUESTINFODATA_ACTIONS_0_TESTSUCCESSOUTCOME_OUTCOMETEXT,她迅速一揮手，光芒便黯淡了下來。吟遊詩人碰的一聲重重摔在地上。她很快便醒來了。
QUEST_RABBIT_PROLOGUE_1_QUESTINFODATA_ACTIONS_1_ACTIONTEXT,把她拉下來。
QUEST_RABBIT_PROLOGUE_1_QUESTINFODATA_ACTIONS_1_DEFAULTOUTCOME_JOURNALTEXT,雖然安柏把吟遊詩人從魔法中救了出來，但也對其造成了不少……意外的損傷。吟遊詩人無法加入她的行列。
QUEST_RABBIT_PROLOGUE_1_QUESTINFODATA_ACTIONS_1_DEFAULTOUTCOME_OUTCOMETEXT,花了許多力氣連拉帶踹，你終於把吟遊詩人從魔法中強拉了出來！你們雙雙摔在地上，吟遊詩人嗷嗷大叫：她的腿斷了。
QUEST_RABBIT_PROLOGUE_1_QUESTINFODATA_ENCOUNTERTEXT,在你搜索地牢時，一道奇怪的光吸引了你的視線：吟遊詩人正沉睡在一個漂浮的魔法氣泡之中。
QUEST_RABBIT_PROLOGUE_1_QUESTINFODATA_JOURNALENCOUNTERTEXT,我們的英雄在任務途中發現了強大的魔法。吟遊詩人就漂浮在地牢的廊道裡。她被魔法催眠了。
QUEST_RABBIT_PROLOGUE_1_QUESTINFODATA_JOURNALRUMOURTEXT,我們的英雄在附近的地牢探險途中，正好遇上一位吟遊詩人被綁架。救人與尋寶，還有什麼比這更能獲得威望？
QUEST_RABBIT_PROLOGUE_1_QUESTINFODATA_RUMOURTEXT,一名資深吟遊詩人為了創作去調查失落財寶的傳說，卻在<quest_tile>中失蹤了。
QUEST_RABBIT_PROLOGUE_1_QUESTINFODATA_TITLE,活歷史
QUEST_RABBIT_PROLOGUE_2_QUESTINFODATA_ACTIONS_0_ACTIONTEXT,為兔族而戰。
QUEST_RABBIT_PROLOGUE_2_QUESTINFODATA_ACTIONS_0_DEFAULTOUTCOME_JOURNALTEXT,安柏本來計畫要連打兩場，卻沒料到要一次對付兩個對手。雖然她最後贏了，但是也受了傷。
QUEST_RABBIT_PROLOGUE_2_QUESTINFODATA_ACTIONS_0_DEFAULTOUTCOME_OUTCOMETEXT,一對一的話，這些決鬥者完全不是對手。但麻煩的是，他們居然轉而聯合對付你了。雖然你最後贏了，但是也受了傷。
QUEST_RABBIT_PROLOGUE_2_QUESTINFODATA_ACTIONS_0_TESTSUCCESSOUTCOME_JOURNALTEXT,人們都低估了安柏的實力：她看起來似乎很隨和。直到被她的刀尖抵住喉嚨，決鬥者終於領教了她的厲害。
QUEST_RABBIT_PROLOGUE_2_QUESTINFODATA_ACTIONS_0_TESTSUCCESSOUTCOME_OUTCOMETEXT,你跳入了競技場，從遮陽傘的隱藏刀鞘中抽出了戰刀。決鬥者輕而易舉就被打敗了，你贏得非常漂亮。
QUEST_RABBIT_PROLOGUE_2_QUESTINFODATA_ACTIONS_1_ACTIONTEXT,結束這場暴力。
QUEST_RABBIT_PROLOGUE_2_QUESTINFODATA_ACTIONS_1_DEFAULTOUTCOME_JOURNALTEXT,現在可不是打鬧的時候。安柏結束了這場暴力爭鬥，傳遞了和平以及堅定的信息。愛門羅的子民都很敬佩她。
QUEST_RABBIT_PROLOGUE_2_QUESTINFODATA_ACTIONS_1_DEFAULTOUTCOME_OUTCOMETEXT,你的聲音帶著威嚴迴盪，手中的戰刀給予你有力的支持。憤懣的決鬥者們返回了自己部族的區域。謝天謝地。
QUEST_RABBIT_PROLOGUE_2_QUESTINFODATA_ENCOUNTERTEXT,決鬥的場地已設置完成。雙方勇士站在場上，準備開始互相廝殺。你在圍觀的人群當中掙扎著前進。
QUEST_RABBIT_PROLOGUE_2_QUESTINFODATA_JOURNALENCOUNTERTEXT,安柏發現戰鬥馬上就要開始了。如果要設法阻止這場爭鬥，她就必須得馬上行動。
QUEST_RABBIT_PROLOGUE_2_QUESTINFODATA_JOURNALRUMOURTEXT,安柏為了獲得國王的傾聽，來到鐵針山。在群山峻嶺之中，一場決鬥馬上要開始了。
QUEST_RABBIT_PROLOGUE_2_QUESTINFODATA_RUMOURTEXT,部族間的爭鬥被搬上了檯面。來自鼠族與狼族的代表正計劃進行一場決鬥。顯然這會讓當前的和平協議破裂！
QUEST_RABBIT_PROLOGUE_2_QUESTINFODATA_TITLE,狼爪鼠牙
QUEST_RABBIT_PROLOGUE_3_QUESTINFODATA_ACTIONS_0_ACTIONTEXT,搜索整個沼澤。
QUEST_RABBIT_PROLOGUE_3_QUESTINFODATA_ACTIONS_0_DEFAULTOUTCOME_JOURNALTEXT,安柏無法在<quest_tile>中找到隱藏的財寶。裡面蜿蜒的路徑讓她迷失了方向。
QUEST_RABBIT_PROLOGUE_3_QUESTINFODATA_ACTIONS_0_DEFAULTOUTCOME_OUTCOMETEXT,你嘗試了一些搜尋方案，然而最後都是在毫無目的地漫步。弄得筋疲力盡後，你被迫撤退。這一連串行動讓你變得相當疲弱。
QUEST_RABBIT_PROLOGUE_3_QUESTINFODATA_ACTIONS_0_TESTSUCCESSOUTCOME_JOURNALTEXT,安柏沒遇到什麼困難就找到了財寶。然而，當她離開時，她發現國王的守衛也在進行類似的搜索。
QUEST_RABBIT_PROLOGUE_3_QUESTINFODATA_ACTIONS_0_TESTSUCCESSOUTCOME_OUTCOMETEXT,你想出了一種搜索方案，然後很快便找到了寶藏。在動身離開時，你發現一群國王的守衛正在進入遺跡。真是奇怪。
QUEST_RABBIT_PROLOGUE_3_QUESTINFODATA_ACTIONS_1_ACTIONTEXT,畫出地牢的地圖。
QUEST_RABBIT_PROLOGUE_3_QUESTINFODATA_ACTIONS_1_DEFAULTOUTCOME_JOURNALTEXT,與其浪費時間去找隱藏的財寶，安柏畫出了<quest_tile>的地圖。這對愛門羅是一件好事。
QUEST_RABBIT_PROLOGUE_3_QUESTINFODATA_ACTIONS_1_DEFAULTOUTCOME_OUTCOMETEXT,「遠征者」並不意味著總是要找到什麼東西。你小心地畫出了地牢的路徑。這張地圖只會增加你的名聲。
QUEST_RABBIT_PROLOGUE_3_QUESTINFODATA_ENCOUNTERTEXT,建築發出陣陣惡臭，你不禁掩住了鼻子。曲折的路徑讓你不斷地原地打轉。寶藏就在這個迷宮中的某個地方。
QUEST_RABBIT_PROLOGUE_3_QUESTINFODATA_JOURNALENCOUNTERTEXT,安柏進入地牢並開始搜索。雖然她技藝出眾，但很快她便發現自己迷失在了黑暗之中。
QUEST_RABBIT_PROLOGUE_3_QUESTINFODATA_JOURNALRUMOURTEXT,安柏循著關於失落的汙穢聖物的傳聞持續追查。據說它就藏在<quest_tile>不潔的深處當中。
QUEST_RABBIT_PROLOGUE_3_QUESTINFODATA_RUMOURTEXT,有傳聞說，有件危險的汙穢聖物在王國境內流傳。顯然，這件強大的寶物就藏在附近的地牢中。
QUEST_RABBIT_PROLOGUE_3_QUESTINFODATA_TITLE,黑暗中的奇蹟
QUEST_RAT_1_1_QUESTINFODATA_ACTIONS_0_ACTIONTEXT,引起恐慌。正面攻擊！
QUEST_RAT_1_1_QUESTINFODATA_ACTIONS_0_DEFAULTOUTCOME_JOURNALTEXT,<hero_name>漏掉了一個小細節。這個疏忽足以導致輸掉戰鬥。我們的英雄發誓以後不會重犯這樣的錯誤。
QUEST_RAT_1_1_QUESTINFODATA_ACTIONS_0_DEFAULTOUTCOME_OUTCOMETEXT,你嘗試向城市守衛發起衝鋒，卻沒有發現被巧妙隱藏的陷阱。結果你被捉住了。被守衛打了一頓後，你被踢出了城鎮。
QUEST_RAT_1_1_QUESTINFODATA_ACTIONS_0_TESTSUCCESSOUTCOME_JOURNALTEXT,我們的英雄殺死了守衛。市長拿出了財寶求饒。雖然<hero_name>同意了，但市長仍然前路未卜。
QUEST_RAT_1_1_QUESTINFODATA_ACTIONS_0_TESTSUCCESSOUTCOME_OUTCOMETEXT,守衛毫無勝算。你從暗處躍出，將他們一一砍倒。市長向你求饒，拿出財寶請求饒命。
QUEST_RAT_1_1_QUESTINFODATA_ACTIONS_1_ACTIONTEXT,繞過守衛
QUEST_RAT_1_1_QUESTINFODATA_ACTIONS_1_DEFAULTOUTCOME_JOURNALTEXT,市長的守衛並沒有應付<hero_name>的本事。英雄殺死了市長，並且輕鬆逃脫。
QUEST_RAT_1_1_QUESTINFODATA_ACTIONS_1_DEFAULTOUTCOME_OUTCOMETEXT,判斷力比勇敢更重要。你繞過了守衛，潛入了塔樓。在殺死市長後，你就逃之夭夭。
QUEST_RAT_1_1_QUESTINFODATA_ENCOUNTERTEXT,村落守備森嚴。他們早就料到你會過來。市長肯定就藏在北城牆旁的塔樓上。
QUEST_RAT_1_1_QUESTINFODATA_JOURNALENCOUNTERTEXT,當我們的英雄到達時，狡猾的守衛早已嚴陣以待。<hero_name>的任務似乎從一開始就注定失敗。
QUEST_RAT_1_1_QUESTINFODATA_JOURNALRUMOURTEXT,<hero_name>必須在離開前確保補給線和補給的安全。<quest_tile>的市長干擾了實際的貿易。
QUEST_RAT_1_1_QUESTINFODATA_RUMOURTEXT,一名附近村落的長官經常從途徑的商旅篷車中偷走財物。
QUEST_RAT_1_1_QUESTINFODATA_TITLE,補給線
QUEST_RAT_1_2_QUESTINFODATA_ACTIONS_0_ACTIONTEXT,與僧侶接觸
QUEST_RAT_1_2_QUESTINFODATA_ACTIONS_0_DEFAULTOUTCOME_JOURNALTEXT,<hero_name>高估了他們的實力。他們被受過訓練的僧侶輕易擊敗，然後被留在了路邊。
QUEST_RAT_1_2_QUESTINFODATA_ACTIONS_0_DEFAULTOUTCOME_OUTCOMETEXT,這些僧侶是為戰鬥而生的。他們漂亮地打敗了你，向你鞠了個躬，然後把受傷的你留在了路邊。
QUEST_RAT_1_2_QUESTINFODATA_ACTIONS_0_TESTSUCCESSOUTCOME_JOURNALTEXT,<hero_name>發起了攻擊。雖然英雄最後被打敗了，但僧侶對其留下了深刻的印象。按照他們的慣例，他們送給你一塊心靈石作為禮物。
QUEST_RAT_1_2_QUESTINFODATA_ACTIONS_0_TESTSUCCESSOUTCOME_OUTCOMETEXT,你勇敢地和他們交手，但還是被僧侶打敗了。他們向你鞠了個躬，「你打得很好。你有資格拿到這塊石頭。祝你好運，<hero_name>。」
QUEST_RAT_1_2_QUESTINFODATA_ACTIONS_1_ACTIONTEXT,悄悄靠近，偷走石頭
QUEST_RAT_1_2_QUESTINFODATA_ACTIONS_1_DEFAULTOUTCOME_JOURNALTEXT,<hero_name>一直跟著僧侶們，直到他們停下休息。在他們打瞌睡的時候，英雄洗劫了他們，消失在夜色之中。
QUEST_RAT_1_2_QUESTINFODATA_ACTIONS_1_DEFAULTOUTCOME_OUTCOMETEXT,你趁著夜色靠近他們的營地，開始搜尋石頭。可惜的是，僧侶似乎把它藏起來了，但是你還是發現了一件有用的工具。
QUEST_RAT_1_2_QUESTINFODATA_ENCOUNTERTEXT,你發現僧侶們將會穿越<quest_tile>。他們佩戴著古代戰士宗派的標記。要打敗他們很困難。
QUEST_RAT_1_2_QUESTINFODATA_JOURNALENCOUNTERTEXT,這些僧侶屬於一個戰士宗派，他們嚴密地守護著一塊寶石。<hero_name>停了下來，開始考慮他們的行動目的。
QUEST_RAT_1_2_QUESTINFODATA_JOURNALRUMOURTEXT,<hero_name>到達了<quest_tile>。一隊僧侶正在運送一塊珍貴的心靈石經過這裡。
QUEST_RAT_1_2_QUESTINFODATA_RUMOURTEXT,一隊懷爾德教徒帶著一塊心靈石在村莊之間旅行，以讓虔誠的村民向懷爾德祈禱。
QUEST_RAT_1_2_QUESTINFODATA_TITLE,更大的善舉
QUEST_RAT_1_3_QUESTINFODATA_ACTIONS_0_ACTIONTEXT,反擊！
QUEST_RAT_1_3_QUESTINFODATA_ACTIONS_0_DEFAULTOUTCOME_JOURNALTEXT,我們的英雄在戰鬥中被擊敗了。盜賊團解釋說他們需要更強的傢伙。他們對<hero_name>道謝後便離開了。
QUEST_RAT_1_3_QUESTINFODATA_ACTIONS_0_DEFAULTOUTCOME_OUTCOMETEXT,盜賊團向你撲了過來，即使沒有了首領，他們同樣漂亮地打敗了你。之後，他們給了你一瓶飲料並表示抱歉，「你不適合加入我們。」
QUEST_RAT_1_3_QUESTINFODATA_ACTIONS_0_TESTSUCCESSOUTCOME_JOURNALTEXT,盜賊團對<hero_name>使用武器的技巧留下了深刻印象。他們引薦英雄加入了他們，他們的首領也提供了幫助。
QUEST_RAT_1_3_QUESTINFODATA_ACTIONS_0_TESTSUCCESSOUTCOME_OUTCOMETEXT,格擋，迴避，攻擊！你輕鬆地打敗了盜賊團。他們對你留下了深刻印象，並引薦你入伙。他們的首領同意幫助你完成任務。
QUEST_RAT_1_3_QUESTINFODATA_ACTIONS_1_ACTIONTEXT,逃出酒館
QUEST_RAT_1_3_QUESTINFODATA_ACTIONS_1_DEFAULTOUTCOME_JOURNALTEXT,<hero_name>可不能冒著受傷的風險。我們的英雄以極快的速度脫離了戰鬥。
QUEST_RAT_1_3_QUESTINFODATA_ACTIONS_1_DEFAULTOUTCOME_OUTCOMETEXT,你掀翻了飯桌，在飛濺的食物和麥芽酒之間逃跑。盜賊團在你身後叫喊，但是你已經逃出了門口。
QUEST_RAT_1_3_QUESTINFODATA_ENCOUNTERTEXT,盜賊團在<quest_tile>的南門旁的一間骯髒酒館裡和你見面。在幾句寒暄後，他們說需要「測試」一下你，然後便向你撲來。
QUEST_RAT_1_3_QUESTINFODATA_JOURNALENCOUNTERTEXT,按照鼠族的標準，盜賊團算是一支友好的團伙。雖然他們襲擊過<hero_name>，但是卻表現得很客氣。
QUEST_RAT_1_3_QUESTINFODATA_JOURNALRUMOURTEXT,迪爾佈雷吉盜賊團是一支著名的盜賊團伙，他們想招攬新的成員。也許<hero_name>可以得到他們的支持。
QUEST_RAT_1_3_QUESTINFODATA_RUMOURTEXT,自從迪爾佈雷吉盜賊團的首領在一次失敗的工作中被殺，他們便想招攬新成員。
QUEST_RAT_1_3_QUESTINFODATA_TITLE,迪爾佈雷吉盜賊團
QUEST_RAT_1_4_QUESTINFODATA_ACTIONS_0_ACTIONTEXT,嘗試解決謎題
QUEST_RAT_1_4_QUESTINFODATA_ACTIONS_0_DEFAULTOUTCOME_JOURNALTEXT,儘管<hero_name>的進度快於其他村民，卻仍然無法破解箱子的秘密。之後箱子突然關上，我們的英雄也中毒了。
QUEST_RAT_1_4_QUESTINFODATA_ACTIONS_0_DEFAULTOUTCOME_OUTCOMETEXT,村民驚訝地看著你。你的進度比他們都要快。然而箱子突然就關上了。一支毒針刺入了你的爪子。
QUEST_RAT_1_4_QUESTINFODATA_ACTIONS_0_TESTSUCCESSOUTCOME_JOURNALTEXT,<hero_name>輕鬆地解決了箱子的謎題。我們的英雄終於走出了第一步。希望下面的步驟也能這麼順利。
QUEST_RAT_1_4_QUESTINFODATA_ACTIONS_0_TESTSUCCESSOUTCOME_OUTCOMETEXT,這個箱子製作精美，但你成功避開了隱藏的槓桿和陷阱。箱子突然打開，裡面出現了心靈石。村民都在歡呼著你的名字。
QUEST_RAT_1_4_QUESTINFODATA_ACTIONS_1_ACTIONTEXT,砸碎箱子
QUEST_RAT_1_4_QUESTINFODATA_ACTIONS_1_DEFAULTOUTCOME_JOURNALTEXT,<hero_name>把箱子砸爛了。雖然心靈石也碎了，但裡面的槓桿和零件讓英雄學到了很多有用的知識。
QUEST_RAT_1_4_QUESTINFODATA_ACTIONS_1_DEFAULTOUTCOME_OUTCOMETEXT,你的回答很明確：你砸碎了箱子。裡面的結構也暴露在你眼前。雖然你學到了一些知識，但心靈石也損壞了。
QUEST_RAT_1_4_QUESTINFODATA_ENCOUNTERTEXT,<quest_tile>的所有居民都試過打開箱子。他們現在把這個任務交給了你。箱子上似乎有著扭曲的瘋王形象。
QUEST_RAT_1_4_QUESTINFODATA_JOURNALENCOUNTERTEXT,<quest_tile>的村民交給了你一個神秘的箱子。它的裝飾很華麗，曾經是愛門羅國王的象徵。
QUEST_RAT_1_4_QUESTINFODATA_JOURNALRUMOURTEXT,<hero_name>聽說有一塊心靈石被藏在了一個無法打開的神秘箱子裡。當然我們的英雄能打開它。
QUEST_RAT_1_4_QUESTINFODATA_RUMOURTEXT,一個藏著心靈石的神秘箱子難倒了愛門羅最聰明的頭腦。任何人都可以嘗試解開它。
QUEST_RAT_1_4_QUESTINFODATA_TITLE,謎題
QUEST_RAT_1_5_QUESTINFODATA_ACTIONS_0_ACTIONTEXT,在審判中演講
QUEST_RAT_1_5_QUESTINFODATA_ACTIONS_0_DEFAULTOUTCOME_JOURNALTEXT,在瘋王的統治下，正義幾乎成為了稀罕之事。<hero_name>未能拯救那名囚犯。他們發誓，以後不會再讓無辜者白白送死。
QUEST_RAT_1_5_QUESTINFODATA_ACTIONS_0_DEFAULTOUTCOME_OUTCOMETEXT,你挺身為市民辯護。但遺憾的是男爵歪曲了你的話，駁回了你提出的每一個論點。在這裡沒有正義可言。
QUEST_RAT_1_5_QUESTINFODATA_ACTIONS_0_TESTSUCCESSOUTCOME_JOURNALTEXT,<hero_name>的辯詞讓囚犯得以釋放。囚犯喜出望外，發誓效忠我們英雄的事業。
QUEST_RAT_1_5_QUESTINFODATA_ACTIONS_0_TESTSUCCESSOUTCOME_OUTCOMETEXT,鼠族擁有傳奇般的語言藝術。你充滿激情地進行辯護，聚集了村民的力量。被釋放後，為表感謝，囚犯發誓加入了你的行列。
QUEST_RAT_1_5_QUESTINFODATA_ACTIONS_1_ACTIONTEXT,劫獄救出囚犯
QUEST_RAT_1_5_QUESTINFODATA_ACTIONS_1_DEFAULTOUTCOME_JOURNALTEXT,<hero_name>讓囚犯重獲自由。在我們英雄的幫助下他保住了性命，但卻成為了通緝犯，被迫離開愛門羅。
QUEST_RAT_1_5_QUESTINFODATA_ACTIONS_1_DEFAULTOUTCOME_OUTCOMETEXT,在夜色掩護下，你闖進了監獄並帶著囚犯一起逃跑。他十分感謝你，但為了保命他被迫要離開愛門羅。
QUEST_RAT_1_5_QUESTINFODATA_ENCOUNTERTEXT,城鎮正處於緊張之中。你四處打聽，得悉被告被關在了監獄裡。審判將會在數小時內開始。
QUEST_RAT_1_5_QUESTINFODATA_JOURNALENCOUNTERTEXT,<hero_name>正好能來得及嘗試阻止這場不公正的處刑。
QUEST_RAT_1_5_QUESTINFODATA_JOURNALRUMOURTEXT,<quest_tile>的男爵對一名鼠族支持者判處了死刑。<hero_name>不得不採取行動。
QUEST_RAT_1_5_QUESTINFODATA_RUMOURTEXT,不公正的男爵準備對一名鼠族支持者執行死刑。如果沒有誰能站出來，他們就會被吊死。
QUEST_RAT_1_5_QUESTINFODATA_TITLE,誠實辯護
QUEST_RAT_1_6_QUESTINFODATA_ACTIONS_0_ACTIONTEXT,尋找破綻
QUEST_RAT_1_6_QUESTINFODATA_ACTIONS_0_DEFAULTOUTCOME_JOURNALTEXT,阿圖的贗品實在是太逼真了。<hero_name>無法找出裡面的破綻，阿圖一臉幸災樂禍的樣子。
QUEST_RAT_1_6_QUESTINFODATA_ACTIONS_0_DEFAULTOUTCOME_OUTCOMETEXT,你在屋中四處搜索。但最終你只是隨便猜了一個。阿圖冷笑著說：「我還以為你比這個<hero_name>要聰明呢。」
QUEST_RAT_1_6_QUESTINFODATA_ACTIONS_0_TESTSUCCESSOUTCOME_JOURNALTEXT,我們的英雄識破了阿圖的詭計。他成功解決了難題，並且得到了一件寶物作為應得的獎勵。
QUEST_RAT_1_6_QUESTINFODATA_ACTIONS_0_TESTSUCCESSOUTCOME_OUTCOMETEXT,你突然靈機一觸得出了答案。「它們全是假的。」阿圖鼓掌稱讚。他交給了你一件工藝品，「我想把它交給一個有資格的鑑賞者。」
QUEST_RAT_1_6_QUESTINFODATA_ACTIONS_1_ACTIONTEXT,威脅阿圖
QUEST_RAT_1_6_QUESTINFODATA_ACTIONS_1_DEFAULTOUTCOME_JOURNALTEXT,<hero_name>威脅阿圖交出寶物，但卻被他騙了過去。這真是一個難以忘記的教訓。
QUEST_RAT_1_6_QUESTINFODATA_ACTIONS_1_DEFAULTOUTCOME_OUTCOMETEXT,許多難題都可以用武力解決。阿圖把寶物交了出來。但你直到離開後才發現這是個贗品。
QUEST_RAT_1_6_QUESTINFODATA_ENCOUNTERTEXT,阿圖在<quest_tile>的宅邸十分奢華。裡面每間房間都放滿了寶物。阿圖邀請你過去辨別寶物的真偽。
QUEST_RAT_1_6_QUESTINFODATA_JOURNALENCOUNTERTEXT,阿圖的宅邸超乎想像的奢華。房子裡收藏了許多寶物，<hero_name>不知道該從哪裡開始查看。
QUEST_RAT_1_6_QUESTINFODATA_JOURNALRUMOURTEXT,偽造者阿圖是著名的鼠族工匠，他願意送給能辨別出他製作的贗品的挑戰者一件寶物。
QUEST_RAT_1_6_QUESTINFODATA_RUMOURTEXT,「偽造者阿圖為能分辨出他的收藏中的贗品的挑戰者準備了一件寶物。也許你該去試試。」
QUEST_RAT_1_6_QUESTINFODATA_TITLE,贗品
QUEST_RAT_1_7_QUESTINFODATA_ACTIONS_0_ACTIONTEXT,祈求懷爾德降下大雨
QUEST_RAT_1_7_QUESTINFODATA_ACTIONS_0_DEFAULTOUTCOME_JOURNALTEXT,真可惜，懷爾德不能違背祂的決定，城鎮依舊處於乾旱之中。<hero_name>一無所獲。
QUEST_RAT_1_7_QUESTINFODATA_ACTIONS_0_DEFAULTOUTCOME_OUTCOMETEXT,你召喚了懷爾德，祈求祂能用雨水灌溉枯萎的莊稼。然而天空還是一如既往地晴朗，農民也因為你引起的煩擾而好好「感謝」了你。
QUEST_RAT_1_7_QUESTINFODATA_ACTIONS_0_TESTSUCCESSOUTCOME_JOURNALTEXT,懷爾德今天脾氣不錯。天上下起了大雨，經歷多個月後大地終於再次和雨水相逢。
QUEST_RAT_1_7_QUESTINFODATA_ACTIONS_0_TESTSUCCESSOUTCOME_OUTCOMETEXT,你身上的力量洶湧而出。雨水自空中傾瀉至乾旱的大地上。農民紛紛歡呼起來。寶物是你的了！
QUEST_RAT_1_7_QUESTINFODATA_ACTIONS_1_ACTIONTEXT,搶劫農民
QUEST_RAT_1_7_QUESTINFODATA_ACTIONS_1_DEFAULTOUTCOME_JOURNALTEXT,<hero_name>一直等到了晚上，然後偷走了所有能偷的東西。比起求雨，我們的英雄還有更重要的事情要做。
QUEST_RAT_1_7_QUESTINFODATA_ACTIONS_1_DEFAULTOUTCOME_OUTCOMETEXT,這些日子大家都過得很艱難。但這些農民也用不著寶物。趁著夜色，你把寶物給偷走了。
QUEST_RAT_1_7_QUESTINFODATA_ENCOUNTERTEXT,你來到這裡時，便感覺空氣十分乾燥。農民明確地說，他們會將一件古代寶物送給能夠解決乾旱的志願者。
QUEST_RAT_1_7_QUESTINFODATA_JOURNALENCOUNTERTEXT,<hero_name>來到這裡時，農民給他看了乾旱的田地，還有他們準備的寶物獎勵。
QUEST_RAT_1_7_QUESTINFODATA_JOURNALRUMOURTEXT,一則以寶物酬謝的懸賞讓<hero_name>來到了<quest_tile>。當地的農民正深受乾旱之苦。
QUEST_RAT_1_7_QUESTINFODATA_RUMOURTEXT,乾旱已經持續了整整一年。除非馬上下雨，否則莊稼將全部枯死。農民們將會向能夠解決乾旱的志願者贈送一件寶物。
QUEST_RAT_1_7_QUESTINFODATA_TITLE,求雨舞
QUEST_RAT_1_8_QUESTINFODATA_ACTIONS_0_ACTIONTEXT,詢問懷爾德。旅行者說的是否屬實？
QUEST_RAT_1_8_QUESTINFODATA_ACTIONS_0_DEFAULTOUTCOME_JOURNALTEXT,我們的英雄並沒有得到懷爾德的回應。也許旅行者是在執行某個愚蠢的任務吧。<hero_name>跟他道別後就離開了。
QUEST_RAT_1_8_QUESTINFODATA_ACTIONS_0_DEFAULTOUTCOME_OUTCOMETEXT,懷爾德並沒有回應。旅行者感謝你與他交談，收拾好行李便離開了。
QUEST_RAT_1_8_QUESTINFODATA_ACTIONS_0_TESTSUCCESSOUTCOME_JOURNALTEXT,旅行者認為<hero_name>就是他們要找的鼠族。我們的英雄又多了一名隊友。
QUEST_RAT_1_8_QUESTINFODATA_ACTIONS_0_TESTSUCCESSOUTCOME_OUTCOMETEXT,懷爾德作出了回應。旅行者猛地跳了起來，「是你！」他們沒有細問你進行的任務，便宣誓加入你的行列。
QUEST_RAT_1_8_QUESTINFODATA_ACTIONS_1_ACTIONTEXT,指導他們到鼠族屬地
QUEST_RAT_1_8_QUESTINFODATA_ACTIONS_1_DEFAULTOUTCOME_JOURNALTEXT,<hero_name>指導旅行者前往鼠族的屬地。如果沒其它問題的話，他在那裡會很安全。
QUEST_RAT_1_8_QUESTINFODATA_ACTIONS_1_DEFAULTOUTCOME_OUTCOMETEXT,你送了一些補給品給旅行者，並指導他前往鼠族屬地。希望他能找到自己想找的鼠族吧。
QUEST_RAT_1_8_QUESTINFODATA_ENCOUNTERTEXT,你在<quest_tile>一處破爛的營地中發現了一名孤獨、疲勞的旅行者。他解釋說是懷爾德讓他去尋找一名鼠族。
QUEST_RAT_1_8_QUESTINFODATA_JOURNALENCOUNTERTEXT,看起來這個旅客似乎精神有點問題。他解釋說，他確實是在尋找「某名鼠族」。
QUEST_RAT_1_8_QUESTINFODATA_JOURNALRUMOURTEXT,一名旅行者已抵達愛門羅，正在尋找「某名鼠族」，這消息引起了<hero_name>的極大好奇。
QUEST_RAT_1_8_QUESTINFODATA_RUMOURTEXT,一名來自遙遠大陸的旅行者已抵達愛門羅。他似乎是來尋找某個特定對象，一隻老鼠。
QUEST_RAT_1_8_QUESTINFODATA_TITLE,西方之旅
QUEST_RAT_1_9_QUESTINFODATA_ACTIONS_0_ACTIONTEXT,進入神殿
QUEST_RAT_1_9_QUESTINFODATA_ACTIONS_0_DEFAULTOUTCOME_JOURNALTEXT,似乎神殿裡佈滿了機關。一道大門突然就關上了，將英雄與內部密室隔絕了開來。
QUEST_RAT_1_9_QUESTINFODATA_ACTIONS_0_DEFAULTOUTCOME_OUTCOMETEXT,當你走進神殿時，周圍的森林發出了亮光。神殿後門突然就關上了。遺跡的其餘部分都是空的。
QUEST_RAT_1_9_QUESTINFODATA_ACTIONS_0_TESTSUCCESSOUTCOME_JOURNALTEXT,<hero_name>進入神殿時有一種奇怪的感覺。英雄循著感覺找到了一塊心靈石。似乎懷爾德正在庇佑他們。
QUEST_RAT_1_9_QUESTINFODATA_ACTIONS_0_TESTSUCCESSOUTCOME_OUTCOMETEXT,在你進入神殿時，一個奇怪的聲音在你的腦海中迴響。你循著聲音進入到內部密室，找到了一顆佈滿灰塵的心靈石。
QUEST_RAT_1_9_QUESTINFODATA_ACTIONS_1_ACTIONTEXT,小心偵查神殿
QUEST_RAT_1_9_QUESTINFODATA_ACTIONS_1_DEFAULTOUTCOME_JOURNALTEXT,整件事似乎都是那些奇怪的鹿族策劃的陰謀。<hero_name>發現了他們的陰謀，然後就離開了。
QUEST_RAT_1_9_QUESTINFODATA_ACTIONS_1_DEFAULTOUTCOME_OUTCOMETEXT,當你調查神殿時，你發現了其中的秘密：一群鹿就藏在裡面監視著入口。他們這下子抓不到你了。
QUEST_RAT_1_9_QUESTINFODATA_ENCOUNTERTEXT,森林今天很平靜。一陣微風吹得葉子沙沙作響。神殿的大門敞開著。看起來太容易了。
QUEST_RAT_1_9_QUESTINFODATA_JOURNALENCOUNTERTEXT,神殿表面上毫無防備。把這樣珍貴的寶物放在裡面感覺十分蹺蹊。<hero_name>開始警覺起來。
QUEST_RAT_1_9_QUESTINFODATA_JOURNALRUMOURTEXT,不能錯過拿到寶物的機會。<hero_name>動身前往<quest_tile>。
QUEST_RAT_1_9_QUESTINFODATA_RUMOURTEXT,「我聽說附近森林中有一座廢棄的鹿族神廟。我打賭裡面一定藏著些古代聖物。」
QUEST_RAT_1_9_QUESTINFODATA_TITLE,神廟盜賊
QUEST_RAT_2_10_QUESTINFODATA_ACTIONS_0_ACTIONTEXT,嘗試迅速取勝！
QUEST_RAT_2_10_QUESTINFODATA_ACTIONS_0_DEFAULTOUTCOME_JOURNALTEXT,可惜的是，我們的英雄應該意識到無法取勝的事實。強壯的強盜首領幾乎折斷了<hero_name>的胳膊！
QUEST_RAT_2_10_QUESTINFODATA_ACTIONS_0_DEFAULTOUTCOME_OUTCOMETEXT,你嘗試迅速結束比試，但強盜首領粗暴地扭曲著你的胳膊，讓你發出陣陣慘叫。你輸了，而且輸得很難看。
QUEST_RAT_2_10_QUESTINFODATA_ACTIONS_0_TESTSUCCESSOUTCOME_JOURNALTEXT,英雄從不會拒絕挑戰，<hero_name>依靠純粹的力量戰勝了狂妄的強盜首領，獲得了勝利！
QUEST_RAT_2_10_QUESTINFODATA_ACTIONS_0_TESTSUCCESSOUTCOME_OUTCOMETEXT,依靠壓倒性的力量優勢，你迅速壓倒了強盜的胳膊。他對你十分讚賞，送給了你一張隨從卡牌。
QUEST_RAT_2_10_QUESTINFODATA_ACTIONS_1_ACTIONTEXT,調整節奏，不需要冒受傷的風險！
QUEST_RAT_2_10_QUESTINFODATA_ACTIONS_1_DEFAULTOUTCOME_JOURNALTEXT,意識到勝利已經超出自己的能力範圍後，英雄轉而尋求平局。<hero_name>最終帶著尊嚴離開了。
QUEST_RAT_2_10_QUESTINFODATA_ACTIONS_1_DEFAULTOUTCOME_OUTCOMETEXT,你努力不讓自己輸掉，但也不追求取勝。比賽最終在無聊的平局中結束，你兩爪空空地離開了。
QUEST_RAT_2_10_QUESTINFODATA_ACTIONS_2_ACTIONTEXT,「我知道一個能讓你取勝的咒術！讓我來幫你吧！」
QUEST_RAT_2_10_QUESTINFODATA_ACTIONS_2_DEFAULTOUTCOME_JOURNALTEXT,我們英雄的學徒聲稱能使用一種確保勝利的咒術；而且它確實有用！強盜被催眠了！<hero_name>自動贏得了比賽！
QUEST_RAT_2_10_QUESTINFODATA_ACTIONS_2_DEFAULTOUTCOME_OUTCOMETEXT,你忠誠的學徒聲稱能使用一種確保勝利的咒術；而且它確實有用！你的對手被催眠了！你自動贏得了比賽。
QUEST_RAT_2_10_QUESTINFODATA_ACTIONS_3_ACTIONTEXT,「讓我來吧。」
QUEST_RAT_2_10_QUESTINFODATA_ACTIONS_3_DEFAULTOUTCOME_JOURNALTEXT,你的礦工在無數的揮鎬挖礦中鍛煉出一身強健的肌肉。比腕力根本就難不倒她。她獲得了勝利，並且和你分享了獎勵！
QUEST_RAT_2_10_QUESTINFODATA_ACTIONS_3_DEFAULTOUTCOME_OUTCOMETEXT,礦工向強壯的強盜挑戰。強盜當面嘲笑她。當她在較量中捏碎他的手時，笑聲戛然而止。
QUEST_RAT_2_10_QUESTINFODATA_ACTIONS_4_ACTIONTEXT,「像這樣擺放你的椅子」
QUEST_RAT_2_10_QUESTINFODATA_ACTIONS_4_DEFAULTOUTCOME_JOURNALTEXT,<hero_name>的咒術師熟悉書中所有的騙術。他移動了一下椅子，放到對我們的英雄有利的位置，最終讓比賽變得毫無懸念。\n
QUEST_RAT_2_10_QUESTINFODATA_ACTIONS_4_DEFAULTOUTCOME_OUTCOMETEXT,咒術師懂得一百種能讓自己看起來更強的方法。移動椅子讓你取得槓桿優勢，給予你原本不可能達到的力量。
QUEST_RAT_2_10_QUESTINFODATA_ENCOUNTERTEXT,強盜的首領是一隻強壯的鼠族，他不想進行真刀真劍的決鬥，只是想坐下來跟你來一場老套的掰手腕比賽！
QUEST_RAT_2_10_QUESTINFODATA_JOURNALENCOUNTERTEXT,我們的英雄來到了平原，發現並不是真刀真劍的決鬥，而是一場掰手腕比賽！
QUEST_RAT_2_10_QUESTINFODATA_JOURNALRUMOURTEXT,當地強盜首領希望與英雄來一場「合適」的力量比試。<hero_name>已經準備好接受這場挑戰！
QUEST_RAT_2_10_QUESTINFODATA_RUMOURTEXT,傳聞當地強盜首領想和你們比試來證明自己的力量。如果你能打敗他，也許你就會獲得不錯的獎賞！
QUEST_RAT_2_10_QUESTINFODATA_TITLE,合適的力量比試
QUEST_RAT_2_11_QUESTINFODATA_ACTIONS_0_ACTIONTEXT,奮力用爪子扒出通道逃離。
QUEST_RAT_2_11_QUESTINFODATA_ACTIONS_0_DEFAULTOUTCOME_JOURNALTEXT,<hero_name>為了能活著出去而奮力在瓦礫中扒出通道，但也因此不得不放棄寶藏。
QUEST_RAT_2_11_QUESTINFODATA_ACTIONS_0_DEFAULTOUTCOME_OUTCOMETEXT,你用強壯的爪子在瓦礫中扒出通道，但也因此不得不放棄寶藏。
QUEST_RAT_2_11_QUESTINFODATA_ACTIONS_0_TESTSUCCESSOUTCOME_JOURNALTEXT,<hero_name>在那天證明了自己身為鼠族的力量，不僅成功逃出了墓穴，還順帶挖出了寶藏！
QUEST_RAT_2_11_QUESTINFODATA_ACTIONS_0_TESTSUCCESSOUTCOME_OUTCOMETEXT,只有擁有最強力量的鼠族才能逃出這個死亡陷阱！你不僅成功逃出了墓穴，還順帶拿走了寶藏！
QUEST_RAT_2_11_QUESTINFODATA_ACTIONS_1_ACTIONTEXT,忘記寶藏吧，活下去才更重要。
QUEST_RAT_2_11_QUESTINFODATA_ACTIONS_1_DEFAULTOUTCOME_JOURNALTEXT,<hero_name>知道活下去比拿到寶物更重要。英雄與另外兩個夥伴合作逃了出去。
QUEST_RAT_2_11_QUESTINFODATA_ACTIONS_1_DEFAULTOUTCOME_OUTCOMETEXT,你長歎了一聲，放棄了寶藏，與夥伴一起扒出通道。你們都活下來了，但墓穴也再次失落了。
QUEST_RAT_2_11_QUESTINFODATA_ACTIONS_2_ACTIONTEXT,「這些兔族墓穴一定有什麼秘密出口。」
QUEST_RAT_2_11_QUESTINFODATA_ACTIONS_2_DEFAULTOUTCOME_JOURNALTEXT,幸運的是，<hero_name>忠誠的探險者知道兔族墓穴的秘密！他打開了一個秘密通道，大家毫髮無損地離開了。
QUEST_RAT_2_11_QUESTINFODATA_ACTIONS_2_DEFAULTOUTCOME_OUTCOMETEXT,探險者探索了毀壞的兔族墓穴，最終發現了一條通往地面的秘密通道！
QUEST_RAT_2_11_QUESTINFODATA_ACTIONS_3_ACTIONTEXT,炸出通道
QUEST_RAT_2_11_QUESTINFODATA_ACTIONS_3_DEFAULTOUTCOME_JOURNALTEXT,我們的英雄用手持加農砲炸開了阻塞通道的石頭。雖然差點被震聾了耳朵，但他們對自己的臨機應變很是滿意。
QUEST_RAT_2_11_QUESTINFODATA_ACTIONS_3_DEFAULTOUTCOME_OUTCOMETEXT,手持加農砲的火力足以炸開最堅固的石頭。在數十次的輪射後，你帶著嗡嗡作響的耳朵，一臉疲憊地爬出了墓穴。
QUEST_RAT_2_11_QUESTINFODATA_ENCOUNTERTEXT,你加入了一隊鼠族支持者，到古墓穴的深處探險。你發現了一件珍貴的寶藏，但同時天花板開始倒塌了！
QUEST_RAT_2_11_QUESTINFODATA_JOURNALENCOUNTERTEXT,不幸的是，在黑暗深處，那些古老的樑柱開始坍塌，<hero_name>和其他夥伴都被困在了失落的墓穴裡！
QUEST_RAT_2_11_QUESTINFODATA_JOURNALRUMOURTEXT,他們的條件十分誘人：到一個古老的兔族墓穴深處探索，那裡有一個古代寶藏，能幫助你成為愛門羅之王。
QUEST_RAT_2_11_QUESTINFODATA_RUMOURTEXT,我有個朋友向你提出了建議：附近一個兔族古墓穴中藏著一些古老的寶藏。你願意加入探險嗎？
QUEST_RAT_2_11_QUESTINFODATA_TITLE,深陷黑暗
QUEST_RAT_2_12_QUESTINFODATA_ACTIONS_0_ACTIONTEXT,抓住小偷！不要讓她跑了！
QUEST_RAT_2_12_QUESTINFODATA_ACTIONS_0_DEFAULTOUTCOME_JOURNALTEXT,我們的英雄迅速開始追趕，但還是追不上敏捷的盜賊。她最後跑掉了，<hero_name>再也沒見過她。
QUEST_RAT_2_12_QUESTINFODATA_ACTIONS_0_DEFAULTOUTCOME_OUTCOMETEXT,雖然你很快就作出了反應，但你的身體素質不足以抓住那個敏捷的盜賊。她最後還是跑掉了，你也再也沒見過她。
QUEST_RAT_2_12_QUESTINFODATA_ACTIONS_0_TESTSUCCESSOUTCOME_JOURNALTEXT,沒有盜賊能跑得過我們的英雄！<hero_name>把她逼到了角落，迫使她以交出心靈石作為條件允許她逃離城鎮！
QUEST_RAT_2_12_QUESTINFODATA_ACTIONS_0_TESTSUCCESSOUTCOME_OUTCOMETEXT,在一場漂亮的城鎮追逐後，盜賊被迫到了角落！她交給你一塊心靈石，以換取她的自由！
QUEST_RAT_2_12_QUESTINFODATA_ACTIONS_1_ACTIONTEXT,呼叫城鎮守衛包圍盜賊。
QUEST_RAT_2_12_QUESTINFODATA_ACTIONS_1_DEFAULTOUTCOME_JOURNALTEXT,我們的英雄當了一回好市民，叫來了守衛。雖然盜賊確實被抓住了，但並沒有獲得任何額外的獎勵。真是可惜。
QUEST_RAT_2_12_QUESTINFODATA_ACTIONS_1_DEFAULTOUTCOME_OUTCOMETEXT,你叫來了附近的守衛並指著逃跑的盜賊。他們立刻行動並抓住了盜賊，但你並沒有得到任何獎勵。
QUEST_RAT_2_12_QUESTINFODATA_ACTIONS_2_ACTIONTEXT,穿上飛天翅靴，在開始前就結束這場追逐。
QUEST_RAT_2_12_QUESTINFODATA_ACTIONS_2_DEFAULTOUTCOME_JOURNALTEXT,盜賊還沒離開市場就被抓住了，這得歸功於<hero_name>的飛天翅靴！盜賊已經不能肆意橫行了！
QUEST_RAT_2_12_QUESTINFODATA_ACTIONS_2_DEFAULTOUTCOME_OUTCOMETEXT,穿上飛天翅靴後，你在市場邊緣成功攔下了盜賊。一場輕鬆的勝利！
QUEST_RAT_2_12_QUESTINFODATA_ACTIONS_3_ACTIONTEXT,協助盜賊
QUEST_RAT_2_12_QUESTINFODATA_ACTIONS_3_DEFAULTOUTCOME_JOURNALTEXT,比起去管小偷小摸，我們的英雄還有更重要的事情要做。<hero_name>放過了盜賊，並拿走了他們一部分贓物作為謝禮。
QUEST_RAT_2_12_QUESTINFODATA_ACTIONS_3_DEFAULTOUTCOME_OUTCOMETEXT,你站在了追逐盜賊的守衛面前，並出示了皇室赦令。作為感謝，盜賊分給了你一半贓物。
QUEST_RAT_2_12_QUESTINFODATA_ACTIONS_4_ACTIONTEXT,「噢！但願我沒有被偷！」
QUEST_RAT_2_12_QUESTINFODATA_ACTIONS_4_DEFAULTOUTCOME_JOURNALTEXT,那些邪惡的盜賊無法抵抗更多金幣的誘惑。我們的財務官把他們吸引了過來，讓<hero_name>抓住了他們。
QUEST_RAT_2_12_QUESTINFODATA_ACTIONS_4_DEFAULTOUTCOME_OUTCOMETEXT,我們的財務官用幾句響亮的嘲諷將盜賊吸引了過來。你把他們撲倒，將這惡棍按住，直到守衛到達這裡。
QUEST_RAT_2_12_QUESTINFODATA_ENCOUNTERTEXT,你站在了熙攘的市場的邊緣，用眼睛和耳朵監視著哪怕最小的騷動。終於，你發現了情況！「站住，小偷！」
QUEST_RAT_2_12_QUESTINFODATA_JOURNALENCOUNTERTEXT,<hero_name>就在繁忙的市場旁邊監視著。沒多久盜賊就出現了！她正在逃跑！
QUEST_RAT_2_12_QUESTINFODATA_JOURNALRUMOURTEXT,我們的英雄聽說附近的市場有盜賊出沒，威脅居民的安全。鼠族必須出手阻止這樣的惡行！
QUEST_RAT_2_12_QUESTINFODATA_RUMOURTEXT,有盜賊在附近的村落出沒。如果你能抓住她，當地的管理者願意給予鼠族支持。
QUEST_RAT_2_12_QUESTINFODATA_TITLE,市場追逐戰
QUEST_RAT_2_1_QUESTINFODATA_ACTIONS_0_ACTIONTEXT,殺掉巨魔，救出小狗。
QUEST_RAT_2_1_QUESTINFODATA_ACTIONS_0_DEFAULTOUTCOME_JOURNALTEXT,<hero_name>勇敢地試圖殺死怪物，卻被牠一記重擊從山頂上打了下去。從此再也沒有人見過那隻小狗了。
QUEST_RAT_2_1_QUESTINFODATA_ACTIONS_0_DEFAULTOUTCOME_OUTCOMETEXT,你衝向了巨魔，但卻被牠一記重擊打到了一邊，從懸崖上摔了下去。
QUEST_RAT_2_1_QUESTINFODATA_ACTIONS_0_TESTSUCCESSOUTCOME_JOURNALTEXT,戰鬥快速而致命，足以配得上「被鼠族選中的英雄」的名號。巨魔最終被殺死了，小狗也被救了出來。
QUEST_RAT_2_1_QUESTINFODATA_ACTIONS_0_TESTSUCCESSOUTCOME_OUTCOMETEXT,戰鬥開始時你便開始疾跑，在巨魔來得及反應前就將刀插進了牠的喉嚨。
QUEST_RAT_2_1_QUESTINFODATA_ACTIONS_1_ACTIONTEXT,繞過巨魔，悄悄救出小狗。
QUEST_RAT_2_1_QUESTINFODATA_ACTIONS_1_DEFAULTOUTCOME_JOURNALTEXT,「被鼠族選中的英雄」可不是浪得虛名，你繞過了巨魔，把小狗救了出來。
QUEST_RAT_2_1_QUESTINFODATA_ACTIONS_1_DEFAULTOUTCOME_OUTCOMETEXT,用火堆發出的辟啪響聲作為掩護，你繞過巨魔悄悄救出了小狗，然後帶著牠往山下逃去。
QUEST_RAT_2_1_QUESTINFODATA_ACTIONS_2_ACTIONTEXT,「山地巨魔？交給我來對付。」
QUEST_RAT_2_1_QUESTINFODATA_ACTIONS_2_DEFAULTOUTCOME_JOURNALTEXT,<hero_name>機智地讓著名的狂戰士去殺死巨魔。狂戰士一刀便砍下了巨魔的頭顱，小狗也解救成功。
QUEST_RAT_2_1_QUESTINFODATA_ACTIONS_2_DEFAULTOUTCOME_OUTCOMETEXT,狂戰士發出震動山嶽的怒吼衝了過去。巨魔很快就被打敗，小狗也被救了出來。
QUEST_RAT_2_1_QUESTINFODATA_ACTIONS_3_ACTIONTEXT,穿上盔甲
QUEST_RAT_2_1_QUESTINFODATA_ACTIONS_3_DEFAULTOUTCOME_JOURNALTEXT,巨魔並不能理解盔甲是什麼東西。牠的攻擊被<hero_name>彈開，然後牠就被劈成了兩半。
QUEST_RAT_2_1_QUESTINFODATA_ACTIONS_3_DEFAULTOUTCOME_OUTCOMETEXT,巨魔發出咆哮時，你穿上了獅心胸甲。牠發起的攻擊被你彈開，然後你用輕劍了結了牠的性命。
QUEST_RAT_2_1_QUESTINFODATA_ENCOUNTERTEXT,在山頂上，你發現巨魔就坐在那裡，還生了火堆。小狗被綁在附近，凍個半死而且被嚇到兩眼無神。
QUEST_RAT_2_1_QUESTINFODATA_JOURNALENCOUNTERTEXT,<hero_name>爬上了山頂，幾乎沒有進食或者休息。在山頂上，巨魔守住牠冰封的巢穴，將幼犬關在了裡面。
QUEST_RAT_2_1_QUESTINFODATA_JOURNALRUMOURTEXT,鼠族收到了一個緊急的請求：一隻幼犬被抓走了，被帶到了<quest_tile>的險峻峭壁上。
QUEST_RAT_2_1_QUESTINFODATA_RUMOURTEXT,在山底下的一個村落向你的部族發出了求救：他們有一隻幼犬失蹤了，而且他們發現有隻巨魔就在附近活動。
QUEST_RAT_2_1_QUESTINFODATA_TITLE,冬之脊
QUEST_RAT_2_2_QUESTINFODATA_ACTIONS_0_ACTIONTEXT,以鼠族的方式秘密殺死傳教士。
QUEST_RAT_2_2_QUESTINFODATA_ACTIONS_0_DEFAULTOUTCOME_JOURNALTEXT,鼠族的英雄拿出了一把寂靜匕首，以讓目標永遠寂靜，但是卻因為缺少經驗和未能掌握時機而失敗。
QUEST_RAT_2_2_QUESTINFODATA_ACTIONS_0_DEFAULTOUTCOME_OUTCOMETEXT,你揮出了匕首，卻沒擊中那隻豬。聚集的信徒立刻就發現了你的行徑。你只好落荒而逃。
QUEST_RAT_2_2_QUESTINFODATA_ACTIONS_0_TESTSUCCESSOUTCOME_JOURNALTEXT,鼠族的英雄成功在信徒前隱藏了自己的企圖，輕鬆殺死了豬牧師，然後迅速消失在附近一個低調的旅館中。
QUEST_RAT_2_2_QUESTINFODATA_ACTIONS_0_TESTSUCCESSOUTCOME_OUTCOMETEXT,受到本能的驅使，你迅速使出了攻擊，豬牧師只來得及發出一聲喘息。等其他信徒發現的時候，你早已在一間旅館的上方默默地看著他們。
QUEST_RAT_2_2_QUESTINFODATA_ACTIONS_1_ACTIONTEXT,煽動信徒殺死傳教士。
QUEST_RAT_2_2_QUESTINFODATA_ACTIONS_1_DEFAULTOUTCOME_JOURNALTEXT,<hero_name>決定讓村民們自己解決。他們站到後面，傳播了幾個謠言，然後坐看它們升級成暴力事件。
QUEST_RAT_2_2_QUESTINFODATA_ACTIONS_1_DEFAULTOUTCOME_OUTCOMETEXT,你的努力很快見效了。沒過多久，憤怒的群眾就把他拉走，然後掛在了鎮裡最高的塔上。
QUEST_RAT_2_2_QUESTINFODATA_ACTIONS_2_ACTIONTEXT,舉起懷爾德護符
QUEST_RAT_2_2_QUESTINFODATA_ACTIONS_2_DEFAULTOUTCOME_JOURNALTEXT,造成汙穢擴散的原因為懷爾德的存在遭到眾人遺忘。<hero_name>高舉了懷爾德護符，讓在場的所有人都銘記於心。
QUEST_RAT_2_2_QUESTINFODATA_ACTIONS_2_DEFAULTOUTCOME_OUTCOMETEXT,懷爾德護符的光芒吸引了汙穢傳教士的信眾。他們帶著敬畏的眼神凝視著護符。現場一片沉默。
QUEST_RAT_2_2_QUESTINFODATA_ACTIONS_3_ACTIONTEXT,「讓我會一會這隻野獸，讓牠瞧瞧汙穢真正的力量！」
QUEST_RAT_2_2_QUESTINFODATA_ACTIONS_3_DEFAULTOUTCOME_JOURNALTEXT,現場血肉紛飛、一片狼藉。傳教士被純粹的汙穢之力殘忍殺害了。不過問題倒是解決了，<hero_name>得到了豐厚的獎賞。
QUEST_RAT_2_2_QUESTINFODATA_ACTIONS_3_DEFAULTOUTCOME_OUTCOMETEXT,傳教士痛苦地尖叫著。術士大笑，「怎麼了？你不是想感受汙穢的歡愉嗎，那就感受去吧！」
QUEST_RAT_2_2_QUESTINFODATA_ACTIONS_4_ACTIONTEXT,「汙穢是痛苦，懷爾德是美麗！」
QUEST_RAT_2_2_QUESTINFODATA_ACTIONS_4_DEFAULTOUTCOME_JOURNALTEXT,汙穢根本無法與懷爾德相比。<hero_name>的吟遊詩人深知這一點，向聚集的村民們唱出了真相。
QUEST_RAT_2_2_QUESTINFODATA_ACTIONS_4_DEFAULTOUTCOME_OUTCOMETEXT,你的吟遊詩人用磁性的聲音將村民們從傳教士身邊拉來。他憤怒地咆哮著，而吟遊詩人的歌聲讓村民們歡呼起來。
QUEST_RAT_2_2_QUESTINFODATA_ENCOUNTERTEXT,這隻肥豬站在泥裡，向路人們傳播著汙穢。現在的問題是，要怎麼處理他？
QUEST_RAT_2_2_QUESTINFODATA_JOURNALENCOUNTERTEXT,<hero_name>很快就發現了貧民中的傳教士，向著聽眾們胡編亂造。要怎麼處置這個墮落的生物？
QUEST_RAT_2_2_QUESTINFODATA_JOURNALRUMOURTEXT,有傳聞說，<quest_tile>居住著一位邪惡的傳教士。殺死他的獎勵實在太過豐厚，連<hero_name>不免動心。
QUEST_RAT_2_2_QUESTINFODATA_RUMOURTEXT,一位傳教士給當地村落的領主造成了不小的麻煩。有傳聞說，若能解決他，領主會給予慷慨的懸賞。
QUEST_RAT_2_2_QUESTINFODATA_TITLE,汙穢傳教士
QUEST_RAT_2_3_QUESTINFODATA_ACTIONS_0_ACTIONTEXT,拔出武器，命令女巫解釋。
QUEST_RAT_2_3_QUESTINFODATA_ACTIONS_0_DEFAULTOUTCOME_JOURNALTEXT,不幸的是，這場會面是一個陷阱！老女巫用法杖一記痛擊，打傷了<hero_name>之後逃進了荒野。
QUEST_RAT_2_3_QUESTINFODATA_ACTIONS_0_DEFAULTOUTCOME_OUTCOMETEXT,這隻獾很快發動了攻擊。你被一股強大的力量波擊飛，腦袋重重地撞在了一塊石頭上。
QUEST_RAT_2_3_QUESTINFODATA_ACTIONS_0_TESTSUCCESSOUTCOME_JOURNALTEXT,叛徒！女巫已經墮入汙穢之道，這場會面不過是個陷阱！<hero_name>砍翻了這個老巫婆，拿走了她的心靈石。
QUEST_RAT_2_3_QUESTINFODATA_ACTIONS_0_TESTSUCCESSOUTCOME_OUTCOMETEXT,你的身邊響起了令人毛骨悚然的笑聲。這獾發動了攻擊，不過你對此早有準備，很快便殺掉了女巫。
QUEST_RAT_2_3_QUESTINFODATA_ACTIONS_1_ACTIONTEXT,遠遠地觀察女巫。
QUEST_RAT_2_3_QUESTINFODATA_ACTIONS_1_DEFAULTOUTCOME_JOURNALTEXT,<hero_name>比女巫想像中要聰明得多，一直保持著安全的距離。女巫明白自己的陷阱起不了效，便灰溜溜地逃離了石陣。
QUEST_RAT_2_3_QUESTINFODATA_ACTIONS_1_DEFAULTOUTCOME_OUTCOMETEXT,你的不信任讓女巫失望地消失在了迷霧中。不安消散，你這才明白這隻獾一直在設陷阱。
QUEST_RAT_2_3_QUESTINFODATA_ACTIONS_2_ACTIONTEXT,「要不我先去？」
QUEST_RAT_2_3_QUESTINFODATA_ACTIONS_2_DEFAULTOUTCOME_JOURNALTEXT,忠誠而又勇敢的侍從幫助<hero_name>輕而易舉殺掉了女巫。幾個小時後，咯比醒了過來，沒有性命之虞。
QUEST_RAT_2_3_QUESTINFODATA_ACTIONS_2_DEFAULTOUTCOME_OUTCOMETEXT,一團朝你襲來的黑魔法打在了咯比的身體上，給了你足夠的時間去殺掉女巫。還好，咯比活了下來。
QUEST_RAT_2_3_QUESTINFODATA_ACTIONS_3_ACTIONTEXT,做好準備，然後前進
QUEST_RAT_2_3_QUESTINFODATA_ACTIONS_3_DEFAULTOUTCOME_JOURNALTEXT,我們的英雄用群英頭盔保護起自己。事實證明起到了不少作用，這隻獾設下了陷阱，卻被盔甲擋住了。
QUEST_RAT_2_3_QUESTINFODATA_ACTIONS_3_DEFAULTOUTCOME_OUTCOMETEXT,在接近前，你戴上了群英頭盔。正當這時……一發魔法箭打在了頭盔上。獾的陰謀落空了，逃離了這裡。
QUEST_RAT_2_3_QUESTINFODATA_ACTIONS_4_ACTIONTEXT,「我都覺得……不舒服。」
QUEST_RAT_2_3_QUESTINFODATA_ACTIONS_4_DEFAULTOUTCOME_JOURNALTEXT,對付愛門羅的怪咖，陌生人可是一把好手。他的第六感發現了問題，及時警告了我們的英雄。
QUEST_RAT_2_3_QUESTINFODATA_ACTIONS_4_DEFAULTOUTCOME_OUTCOMETEXT,陌生人抓住了你的胳膊，正好趕上。一發魔法箭打在了你原本站的地方。那獾吼叫著逃走了。她的計劃落空了。
QUEST_RAT_2_3_QUESTINFODATA_ENCOUNTERTEXT,你獨自站在巨石陣的中央，發現了一隻衣著襤褸的獾。不動。無聲。安詳。
QUEST_RAT_2_3_QUESTINFODATA_JOURNALENCOUNTERTEXT,一隻古老的獾在雄偉的巨石陣中等待著你。雖然看上去人畜無害，但總覺得有什麼不對。
QUEST_RAT_2_3_QUESTINFODATA_JOURNALRUMOURTEXT,很少有人知道<quest_tile>的女巫，但她關於鼠族未來的話語吸引了<hero_name>的興趣。
QUEST_RAT_2_3_QUESTINFODATA_RUMOURTEXT,在一個附近的巨石陣中發現了一個奇怪的身影 ── 一個女巫，嘴裡念叨著什麼鼠族英雄，聽起來可能是你。
QUEST_RAT_2_3_QUESTINFODATA_TITLE,古老的秘密
QUEST_RAT_2_4_QUESTINFODATA_ACTIONS_0_ACTIONTEXT,運用你的智慧迫使當地人說出真相。
QUEST_RAT_2_4_QUESTINFODATA_ACTIONS_0_DEFAULTOUTCOME_JOURNALTEXT,當地的村民並不想跟你說什麼，<hero_name>再也找不到任何線索，也失去了發掘真相的希望。
QUEST_RAT_2_4_QUESTINFODATA_ACTIONS_0_DEFAULTOUTCOME_OUTCOMETEXT,你沒法說服當地人告訴你商隊的下落 ── 他們好像甚至完全不知道商隊這回事。你無功而返。
QUEST_RAT_2_4_QUESTINFODATA_ACTIONS_0_TESTSUCCESSOUTCOME_JOURNALTEXT,<hero_name>靠著智慧說服當地人吐露了商隊的下落，以及商隊曾持有的心靈石的位置。
QUEST_RAT_2_4_QUESTINFODATA_ACTIONS_0_TESTSUCCESSOUTCOME_OUTCOMETEXT,你運用敏銳的智慧，發現商隊帶著一塊強盜們垂涎已久的心靈石。他們的首領剛剛碰了一下就被燒成灰燼，不過你並沒有。
QUEST_RAT_2_4_QUESTINFODATA_ACTIONS_1_ACTIONTEXT,仔細搜索現場，跟著車輪印走。
QUEST_RAT_2_4_QUESTINFODATA_ACTIONS_1_DEFAULTOUTCOME_JOURNALTEXT,靠著狡猾和機智，<hero_name>找到了商隊破碎的殘骸，但寶物早已不見蹤影。
QUEST_RAT_2_4_QUESTINFODATA_ACTIONS_1_DEFAULTOUTCOME_OUTCOMETEXT,你跟著輪子的痕跡找到了貨車被燒毀的殘骸。你明白這是強盜干的 ── 也就是說你要找的寶物早就不見了。
QUEST_RAT_2_4_QUESTINFODATA_ACTIONS_2_ACTIONTEXT,「這片原野可不止是眼睛看到的樣子。」
QUEST_RAT_2_4_QUESTINFODATA_ACTIONS_2_DEFAULTOUTCOME_JOURNALTEXT,<hero_name>忠心的探險者很快發現了商隊的下落，並幫著找回了附近一件有用的東西。
QUEST_RAT_2_4_QUESTINFODATA_ACTIONS_2_DEFAULTOUTCOME_OUTCOMETEXT,老道的探險者發現了商隊的安息處，但已經被徘徊的強盜燒毀了。他敏銳的雙眼在周圍找到了一件有用的東西。
QUEST_RAT_2_4_QUESTINFODATA_ACTIONS_3_ACTIONTEXT,「看！輪印。」
QUEST_RAT_2_4_QUESTINFODATA_ACTIONS_3_DEFAULTOUTCOME_JOURNALTEXT,<hero_name>忠心的間諜大師很快發現了商隊的下落，並幫著找回了附近一件有用的東西。
QUEST_RAT_2_4_QUESTINFODATA_ACTIONS_3_DEFAULTOUTCOME_OUTCOMETEXT,老道的間諜大師發現了商隊的安息處，但已經被徘徊的強盜燒毀了。她敏銳的雙眼在周圍找到了一件有用的東西。
QUEST_RAT_2_4_QUESTINFODATA_ENCOUNTERTEXT,在茂盛的田野中找什麼東西宛如大海撈針。但對於鼠族老練的英雄來說，沒有什麼事是做不到的。
QUEST_RAT_2_4_QUESTINFODATA_JOURNALENCOUNTERTEXT,<hero_name>在挺拔的麥叢中穿行，手所不能及之處都被莖稈遮得嚴嚴實實。這支商隊究竟發生了什麼？
QUEST_RAT_2_4_QUESTINFODATA_JOURNALRUMOURTEXT,一封十萬火急的信函送到了你手上：一整隊的鼠族商人失蹤了，還有他們帶的一件重要寶物。
QUEST_RAT_2_4_QUESTINFODATA_RUMOURTEXT,鼠族發現，我們貿易夥伴的一隊大篷車失蹤了。商隊帶著一件重要的寶物，你必須找回來。
QUEST_RAT_2_4_QUESTINFODATA_TITLE,災難之地
QUEST_RAT_2_5_QUESTINFODATA_ACTIONS_0_ACTIONTEXT,告訴他們，這聖物正在讓他們陷入內鬥！
QUEST_RAT_2_5_QUESTINFODATA_ACTIONS_0_DEFAULTOUTCOME_JOURNALTEXT,英雄想要騙長老們放棄聖物，但很遺憾，結果完全相反 ── 他們聯合了起來，共同對付鼠族！
QUEST_RAT_2_5_QUESTINFODATA_ACTIONS_0_DEFAULTOUTCOME_OUTCOMETEXT,長老們並沒有被騙到。他們的戰士拎著你的尾巴，狠狠地揍了一頓，然後扔出了村子。
QUEST_RAT_2_5_QUESTINFODATA_ACTIONS_0_TESTSUCCESSOUTCOME_JOURNALTEXT,經過一番慷慨陳詞，<hero_name>勸說長老們放棄了這個麻煩的聖物。終於，爭論平息了下來。
QUEST_RAT_2_5_QUESTINFODATA_ACTIONS_0_TESTSUCCESSOUTCOME_OUTCOMETEXT,憑借你的三寸不爛之舌，雙方的長老們決定將聖物交給你：「我們該放下了。希望能對你的事業有所幫助。」
QUEST_RAT_2_5_QUESTINFODATA_ACTIONS_1_ACTIONTEXT,讓大家冷靜下來，然後進行裁決。
QUEST_RAT_2_5_QUESTINFODATA_ACTIONS_1_DEFAULTOUTCOME_JOURNALTEXT,爭吵十分激烈，但<hero_name>及時讓兩個部落明白，這場爭吵毫無意義。懷爾德的信眾還是很多的。
QUEST_RAT_2_5_QUESTINFODATA_ACTIONS_1_DEFAULTOUTCOME_OUTCOMETEXT,你慷慨陳詞，告訴他們如果還對懷爾德懷有敬畏之心，就趕緊結束爭吵。雖然你兩爪空空地離開了，但卻變得更加睿智。
QUEST_RAT_2_5_QUESTINFODATA_ACTIONS_2_ACTIONTEXT,「我以前跟平原上的部落共事過。讓我來吧。」
QUEST_RAT_2_5_QUESTINFODATA_ACTIONS_2_DEFAULTOUTCOME_JOURNALTEXT,幸好藥劑師瞭解部落的習俗和信仰，很快就結束了爭執，避免事態擴大。
QUEST_RAT_2_5_QUESTINFODATA_ACTIONS_2_DEFAULTOUTCOME_OUTCOMETEXT,藥劑師對當地的習俗很熟悉，而你則得到了長老們贈送的一件禮物。會談進行得很順利，沒有見血。
QUEST_RAT_2_5_QUESTINFODATA_ACTIONS_3_ACTIONTEXT,「我們可以做個交易……」
QUEST_RAT_2_5_QUESTINFODATA_ACTIONS_3_DEFAULTOUTCOME_JOURNALTEXT,對於沒有得到聖物的那一方來說，鐵匠的工具可以說算是個不錯的安慰獎吧。還好，避免了衝突。
QUEST_RAT_2_5_QUESTINFODATA_ACTIONS_3_DEFAULTOUTCOME_OUTCOMETEXT,平原的人們都很需要裝備。鐵匠同意，如果誰放棄了聖物，就給誰工具。衝突解決了。\n
QUEST_RAT_2_5_QUESTINFODATA_ENCOUNTERTEXT,在你到達的時候，部落長老們正為了「聖物」吵得不可開交，而你很快明白這是一件你可以利用的珍貴寶物。
QUEST_RAT_2_5_QUESTINFODATA_JOURNALENCOUNTERTEXT,在<quest_tile>進行了漫長的旅行後，鼠族被選中的英雄被護送到元老們的帳篷中，審查這場衝突。
QUEST_RAT_2_5_QUESTINFODATA_JOURNALRUMOURTEXT,平原上的兩個部落為了一件古老的聖物互相威脅。<hero_name>決定在矛盾激化之前將之平息。
QUEST_RAT_2_5_QUESTINFODATA_RUMOURTEXT,平原上的兩個部落為了一件所謂的「聖物」陷入激烈的爭執。趁還沒演變成流血衝突，趕快解決吧。
QUEST_RAT_2_5_QUESTINFODATA_TITLE,無事生非
QUEST_RAT_2_6_QUESTINFODATA_ACTIONS_0_ACTIONTEXT,依靠你的智慧追蹤暗殺者。
QUEST_RAT_2_6_QUESTINFODATA_ACTIONS_0_DEFAULTOUTCOME_JOURNALTEXT,很不幸，<hero_name>的技巧遠遠比不上暗殺者。鼠族的英雄兩手空空地離開了森林。
QUEST_RAT_2_6_QUESTINFODATA_ACTIONS_0_DEFAULTOUTCOME_OUTCOMETEXT,你跌跌撞撞地在森林中走著，然而除了毒草和荊棘什麼也沒找到。殺手逃走了，你則離開了森林，無功而返。
QUEST_RAT_2_6_QUESTINFODATA_ACTIONS_0_TESTSUCCESSOUTCOME_JOURNALTEXT,我們的英雄感覺十分敏銳，很快便追查到了暗殺者的蹤跡。殺手很快被正法，鼠族完成了復仇。
QUEST_RAT_2_6_QUESTINFODATA_ACTIONS_0_TESTSUCCESSOUTCOME_OUTCOMETEXT,你發現殺手不是別人，正是兔族的間諜！你殺掉了他們，釋放了一名囚犯，而這名囚犯則向你宣誓效忠。
QUEST_RAT_2_6_QUESTINFODATA_ACTIONS_1_ACTIONTEXT,保持安靜，搜索樹林。
QUEST_RAT_2_6_QUESTINFODATA_ACTIONS_1_DEFAULTOUTCOME_JOURNALTEXT,英雄安靜地在森林中潛行，給了兔族暗殺者一個突然襲擊，把匕首架在她的喉嚨上，結束了她的生命。
QUEST_RAT_2_6_QUESTINFODATA_ACTIONS_1_DEFAULTOUTCOME_OUTCOMETEXT,你安靜地在樹林中搜索著可能與殺手有關的蛛絲馬跡。那裡！一個兔子間諜！你無聲無息地結束了她的生命。
QUEST_RAT_2_6_QUESTINFODATA_ACTIONS_2_ACTIONTEXT,使用巫毒娃娃
QUEST_RAT_2_6_QUESTINFODATA_ACTIONS_2_DEFAULTOUTCOME_JOURNALTEXT,這隻兔子不知道自己已經完蛋了。巫毒娃娃的黑暗之力在她還不知道發生甚麼事之前就把她殺死了。
QUEST_RAT_2_6_QUESTINFODATA_ACTIONS_2_DEFAULTOUTCOME_OUTCOMETEXT,你用樹枝上掛著的一塊衣服碎片，把巫毒娃娃與暗殺者同調了。她的命運就此結束。你扭斷了巫毒娃娃的脖子。
QUEST_RAT_2_6_QUESTINFODATA_ACTIONS_3_ACTIONTEXT,把暗殺者叫出來，向他們挑戰。
QUEST_RAT_2_6_QUESTINFODATA_ACTIONS_3_DEFAULTOUTCOME_JOURNALTEXT,矮樹叢中突現一把匕首，但 <hero_name>的皇室護盾擋下了致命的一擊。暗殺者很快就被殺掉了。
QUEST_RAT_2_6_QUESTINFODATA_ACTIONS_3_DEFAULTOUTCOME_OUTCOMETEXT,你發起了挑戰，回應你的卻是一把扔過來的匕首！你的盾牌接下了這一擊，而兔子殺手很快就丟了小命。
QUEST_RAT_2_6_QUESTINFODATA_ACTIONS_4_ACTIONTEXT,追殺她
QUEST_RAT_2_6_QUESTINFODATA_ACTIONS_4_DEFAULTOUTCOME_JOURNALTEXT,魔鴆之刃帶領我們的英雄找到了倒霉的暗殺者。<hero_name>殺掉了她。黑色的刀刃上閃爍著鮮血的光芒。
QUEST_RAT_2_6_QUESTINFODATA_ACTIONS_4_DEFAULTOUTCOME_OUTCOMETEXT,魔鴆之刃渴望著鮮血。它帶領你穿過樹林，找到了躲在兔窩裡的暗殺者。輕鬆地把她殺死了。
QUEST_RAT_2_6_QUESTINFODATA_ENCOUNTERTEXT,高聳的樹木暗藏無數秘密，但你感興趣的只有一個。你開始尋找暗殺者。
QUEST_RAT_2_6_QUESTINFODATA_JOURNALENCOUNTERTEXT,黑暗的森林看起來不怎麼親切，但為了尋找暗殺者，鼠族英雄毫不遲疑地就走了進去。
QUEST_RAT_2_6_QUESTINFODATA_JOURNALRUMOURTEXT,鼠族的一位間諜在附近的森林邊緣被殺害了。為她報仇的責任落到了<hero_name>的肩上。
QUEST_RAT_2_6_QUESTINFODATA_RUMOURTEXT,<quest_tile>附近的一個鼠族間諜被殺害了。找到兇手，伸張鼠族的正義吧。
QUEST_RAT_2_6_QUESTINFODATA_TITLE,殺手與間諜
QUEST_RAT_2_7_QUESTINFODATA_ACTIONS_0_ACTIONTEXT,召喚懷爾德，尋求啟迪與答案。
QUEST_RAT_2_7_QUESTINFODATA_ACTIONS_0_DEFAULTOUTCOME_JOURNALTEXT,懷爾德本可回應，但卻對<hero_name>隱瞞了它的秘密。無計可施之下，這個謎團將永遠無法解開。
QUEST_RAT_2_7_QUESTINFODATA_ACTIONS_0_DEFAULTOUTCOME_OUTCOMETEXT,不僅懷爾德無視了你，微光還從你的身上吸取著魔力。你逃離了沼澤，精神虛弱。
QUEST_RAT_2_7_QUESTINFODATA_ACTIONS_0_TESTSUCCESSOUTCOME_JOURNALTEXT,懷爾德回應了：這些光球是很久之前的冒險者們的幽魂。解放了他們後，我們的英雄得到了一塊心靈石作為獎賞。
QUEST_RAT_2_7_QUESTINFODATA_ACTIONS_0_TESTSUCCESSOUTCOME_OUTCOMETEXT,多虧了你和懷爾德之間的聯繫，你給了可憐的靈魂們一個安息。作為回報，他們帶領你找到了附近隱藏的一塊心靈石。
QUEST_RAT_2_7_QUESTINFODATA_ACTIONS_1_ACTIONTEXT,與閃光對話。
QUEST_RAT_2_7_QUESTINFODATA_ACTIONS_1_DEFAULTOUTCOME_JOURNALTEXT,<hero_name>知道這閃光並不簡單，但他們神秘的意圖對於鼠族英雄來說實在是太難理解了。
QUEST_RAT_2_7_QUESTINFODATA_ACTIONS_1_DEFAULTOUTCOME_OUTCOMETEXT,微光似乎在回應，但什麼也沒有發生。你帶著一大堆疑問離開了平原，但感覺自己與懷爾德之間的聯繫更深了。
QUEST_RAT_2_7_QUESTINFODATA_ACTIONS_2_ACTIONTEXT,銀月巨鐮有反應了... 將它舉起。
QUEST_RAT_2_7_QUESTINFODATA_ACTIONS_2_DEFAULTOUTCOME_JOURNALTEXT,古老的銀月巨鐮讓<hero_name>瞭解到了游光的真實面目，把他們的靈魂從永恆的遊蕩中解放了出來。
QUEST_RAT_2_7_QUESTINFODATA_ACTIONS_2_DEFAULTOUTCOME_OUTCOMETEXT,巨鐮中蘊藏的懷爾德之力讓你輕而易舉地解放了這些被困的靈魂。他們為你的仁慈獻上了獎勵。
QUEST_RAT_2_7_QUESTINFODATA_ACTIONS_3_ACTIONTEXT,駕馭這些魔法
QUEST_RAT_2_7_QUESTINFODATA_ACTIONS_3_DEFAULTOUTCOME_JOURNALTEXT,不管這些魔法球是什麼東西，我們的英雄可沒時間去管這些。<hero_name>用烏鴉之喙匕首吸走了魔法。
QUEST_RAT_2_7_QUESTINFODATA_ACTIONS_3_DEFAULTOUTCOME_OUTCOMETEXT,你舉起烏鴉之喙匕首，對準光球，匕首發出嗡嗡的聲音。光球閃爍著想要飄走，但你快得多。
QUEST_RAT_2_7_QUESTINFODATA_ACTIONS_4_ACTIONTEXT,回應他們
QUEST_RAT_2_7_QUESTINFODATA_ACTIONS_4_DEFAULTOUTCOME_JOURNALTEXT,雖然<hero_name>不太了解這奇怪魔法的本質，不過用冰鑒斗篷試著和他們溝通看看。光球看起來挺高興的樣子。
QUEST_RAT_2_7_QUESTINFODATA_ACTIONS_4_DEFAULTOUTCOME_OUTCOMETEXT,你揮舞著冰鑒斗篷，和光球的閃爍頻率保持同步。它們看起來挺開心的樣子。當你離開時，你感覺自己變得更強壯了。
QUEST_RAT_2_7_QUESTINFODATA_ENCOUNTERTEXT,數個小時後，你終於發現了目標：飄在空中的三個彩色光球。這大概是某種懷爾德魔術？
QUEST_RAT_2_7_QUESTINFODATA_JOURNALENCOUNTERTEXT,經過了數個小時，走遍了數十里地，<hero_name>終於找到了奇怪的光球。但問題還在：這些到底是什麼？
QUEST_RAT_2_7_QUESTINFODATA_JOURNALRUMOURTEXT,有人在愛門羅人的一個村子裡發現了奇怪的魔法現象。<hero_name>被派去調查詳細的情況。
QUEST_RAT_2_7_QUESTINFODATA_RUMOURTEXT,有人在平原上發現了奇怪的光球，當地人對此十分不安。去調查一下這個現象吧。
QUEST_RAT_2_7_QUESTINFODATA_TITLE,微光
QUEST_RAT_2_8_QUESTINFODATA_ACTIONS_0_ACTIONTEXT,清除官員身上的汙穢
QUEST_RAT_2_8_QUESTINFODATA_ACTIONS_0_DEFAULTOUTCOME_JOURNALTEXT,然而，懷爾德並沒有顯靈，而<hero_name>被汙穢的瘋子們折磨一番後也只得逃出森林。
QUEST_RAT_2_8_QUESTINFODATA_ACTIONS_0_DEFAULTOUTCOME_OUTCOMETEXT,你召喚了懷爾德，但祂無視了你。你被發現了，在逃離時被抽空了魔力，差點就和那些犧牲品一起喪命了。
QUEST_RAT_2_8_QUESTINFODATA_ACTIONS_0_TESTSUCCESSOUTCOME_JOURNALTEXT,<hero_name>召喚著懷爾德，祂那純淨的光芒定能祛除此等黑暗。村民們被解放了，而汙穢也得到了淨化。
QUEST_RAT_2_8_QUESTINFODATA_ACTIONS_0_TESTSUCCESSOUTCOME_OUTCOMETEXT,懷爾德回應了召喚。一束純淨的光芒照耀著這片黑暗的森林，驅散了可怕的汙穢，也讓官員們從瘋狂中清醒了過來。
QUEST_RAT_2_8_QUESTINFODATA_ACTIONS_1_ACTIONTEXT,盡量多救幾個人吧。
QUEST_RAT_2_8_QUESTINFODATA_ACTIONS_1_DEFAULTOUTCOME_JOURNALTEXT,<hero_name>明白不可能一天把他們都救出來。不過，能救幾個人出來，也總比把他們全部丟給可怕的死亡要好得多。
QUEST_RAT_2_8_QUESTINFODATA_ACTIONS_1_DEFAULTOUTCOME_OUTCOMETEXT,你環繞著空地悄悄潛行，釋放著離你最近的人。你救出了一些人，但很多人都會在接下來的殺戮中喪命。
QUEST_RAT_2_8_QUESTINFODATA_ACTIONS_2_ACTIONTEXT,混入其中
QUEST_RAT_2_8_QUESTINFODATA_ACTIONS_2_DEFAULTOUTCOME_JOURNALTEXT,官員們顯然沒想到，他們當中會出一個叛徒。<hero_name>戴上了化妝面具。很多囚犯獲得了自由。
QUEST_RAT_2_8_QUESTINFODATA_ACTIONS_2_DEFAULTOUTCOME_OUTCOMETEXT,你戴上化妝面具，毫無阻攔地接近了祭壇。你盡可能地多救了一些人，而後官員們終於發現了你。
QUEST_RAT_2_8_QUESTINFODATA_ACTIONS_3_ACTIONTEXT,舉起魔鴆之爪，把這些蠢貨趕走。
QUEST_RAT_2_8_QUESTINFODATA_ACTIONS_3_DEFAULTOUTCOME_JOURNALTEXT,唯有使用古老的魔鴆之爪，<hero_name>才能將邪惡從森林中驅逐出去，拯救整個村子。
QUEST_RAT_2_8_QUESTINFODATA_ACTIONS_3_DEFAULTOUTCOME_OUTCOMETEXT,當你命令官員們離開時，他們用恐懼的眼神盯著你。他們無力抵抗，只好照做，你得以解救了村民們。
QUEST_RAT_2_8_QUESTINFODATA_ACTIONS_4_ACTIONTEXT,「來些煙說不定管用。」
QUEST_RAT_2_8_QUESTINFODATA_ACTIONS_4_DEFAULTOUTCOME_JOURNALTEXT,煉金術師的東西很管用，讓你自由地在營地中潛行，放了許多的囚犯。
QUEST_RAT_2_8_QUESTINFODATA_ACTIONS_4_DEFAULTOUTCOME_OUTCOMETEXT,一個裝滿黑色煙霧的玻璃球扔進了人群中。官員們蹣跚著跑開了。你得以釋放了很多囚犯。
QUEST_RAT_2_8_QUESTINFODATA_ENCOUNTERTEXT,森林深處的一片小小的空地裡，藏著一個可怕的秘密：鎮上墮落的官員控制著一個祭壇，為汙穢提供祭品。
QUEST_RAT_2_8_QUESTINFODATA_JOURNALENCOUNTERTEXT,在森林中的一片可怕的空地中，深藏著邪惡的秘密：專門獻祭村民的一座汙穢祭壇！絕不能容忍此等惡行。
QUEST_RAT_2_8_QUESTINFODATA_JOURNALRUMOURTEXT,有一條令人不安的傳聞：一整個忠於鼠族的村落消失在了樹林裡。背後究竟藏著什麼黑暗？
QUEST_RAT_2_8_QUESTINFODATA_RUMOURTEXT,我們收到消息說，一個忠於鼠族的村落消失在了樹林裡。找到他們，然後把他們救出來。
QUEST_RAT_2_8_QUESTINFODATA_TITLE,崇高的事業
QUEST_RAT_2_9_QUESTINFODATA_ACTIONS_0_ACTIONTEXT,召喚懷爾德。
QUEST_RAT_2_9_QUESTINFODATA_ACTIONS_0_DEFAULTOUTCOME_JOURNALTEXT,懷爾德可以平息幽魂的怒火，但並沒有伸出援手。英雄受了嚴重的腿傷，只能逃走。
QUEST_RAT_2_9_QUESTINFODATA_ACTIONS_0_DEFAULTOUTCOME_OUTCOMETEXT,懷爾德無視了你的請求，幽魂的刀刃深深地砍了下去。雖然肉眼看不到什麼傷，但痛苦一時半會是消不去了。
QUEST_RAT_2_9_QUESTINFODATA_ACTIONS_0_TESTSUCCESSOUTCOME_JOURNALTEXT,來自懷爾德的耳語讓這個暴走的幽魂平靜了下來，讓<hero_name>獲得了老戰士墓中的財寶。
QUEST_RAT_2_9_QUESTINFODATA_ACTIONS_0_TESTSUCCESSOUTCOME_OUTCOMETEXT,懷爾德回應了祂的血脈，淨化了憤怒的幽魂身上的怨恨，讓他終於得到了安息。
QUEST_RAT_2_9_QUESTINFODATA_ACTIONS_1_ACTIONTEXT,與幽魂交戰。
QUEST_RAT_2_9_QUESTINFODATA_ACTIONS_1_DEFAULTOUTCOME_JOURNALTEXT,<hero_name>徒勞地想與古代幽魂戰鬥，但沒有懷爾德的幫助，鼠族英雄只好落荒而逃。
QUEST_RAT_2_9_QUESTINFODATA_ACTIONS_1_DEFAULTOUTCOME_OUTCOMETEXT,你與鬼魂交戰著，期望懷爾德能引導你的行動。幽魂迫使你兩爪空空地離開了這裡，但你也逃離了一個更聰明的生物。
QUEST_RAT_2_9_QUESTINFODATA_ACTIONS_2_ACTIONTEXT,「大家都有想要的東西……」
QUEST_RAT_2_9_QUESTINFODATA_ACTIONS_2_DEFAULTOUTCOME_JOURNALTEXT,商人是一個交涉大師。他不願意告訴我們的英雄他和幽魂談了什麼。但從那天起，他就很少睡覺了。
QUEST_RAT_2_9_QUESTINFODATA_ACTIONS_2_DEFAULTOUTCOME_OUTCOMETEXT,商人上前一步，雙臂張開。他想和這個野獸交流！你擔心發生糟糕的情況，但他們似乎達成了某種共識……
QUEST_RAT_2_9_QUESTINFODATA_ACTIONS_3_ACTIONTEXT,幽魂看著你後面
QUEST_RAT_2_9_QUESTINFODATA_ACTIONS_3_DEFAULTOUTCOME_JOURNALTEXT,顯然，國王變瘋是這個戰士死後的事情。看到國王的旗幟後，幽魂獻上了一件禮物。
QUEST_RAT_2_9_QUESTINFODATA_ACTIONS_3_DEFAULTOUTCOME_OUTCOMETEXT,幽魂的目光被你背上的皇室旗幟吸引。它彎下腰，獻上一件禮物作為敬意。幽魂是很忠誠的。
QUEST_RAT_2_9_QUESTINFODATA_ACTIONS_4_ACTIONTEXT,「喂，看這邊！」
QUEST_RAT_2_9_QUESTINFODATA_ACTIONS_4_DEFAULTOUTCOME_JOURNALTEXT,多虧了超級傻瓜的機智，<hero_name>得以離開了森林，並得到了一些東西。
QUEST_RAT_2_9_QUESTINFODATA_ACTIONS_4_DEFAULTOUTCOME_OUTCOMETEXT,你那笨手笨腳的傻瓜吸引了幽魂的注意力，你把古墳翻了個遍，然後在被迫逃出森林之前找到了一件有用的物品。
QUEST_RAT_2_9_QUESTINFODATA_ENCOUNTERTEXT,很快你就找到了被遺忘的石頭，但這裡並不是只有你……你後面是一個戰士無法安息的幽魂，正準備要你的命！
QUEST_RAT_2_9_QUESTINFODATA_JOURNALENCOUNTERTEXT,然而，這座被詛咒的墳墓並不是什麼平靜的地方！戰士的幽魂依然很警覺，會殺掉所有想要他財寶的人。
QUEST_RAT_2_9_QUESTINFODATA_JOURNALRUMOURTEXT,在密林深處，有一座被遺忘已久的墳墓，一位古代戰士長眠於此。什麼樣的寶藏正等待著我們的英雄呢？
QUEST_RAT_2_9_QUESTINFODATA_RUMOURTEXT,有傳聞說，森林中有一座古代戰士的墳墓。去看看這傳聞是不是真的吧，然後弄點好東西回來。
QUEST_RAT_2_9_QUESTINFODATA_TITLE,墓葬石
QUEST_RAT_3_10_QUESTINFODATA_ACTIONS_0_ACTIONTEXT,用你的力氣強行把門打開。
QUEST_RAT_3_10_QUESTINFODATA_ACTIONS_0_DEFAULTOUTCOME_JOURNALTEXT,<hero_name>花了好幾個小時想要打開門，但只是讓鼠族蒙羞，令自己尷尬。
QUEST_RAT_3_10_QUESTINFODATA_ACTIONS_0_DEFAULTOUTCOME_OUTCOMETEXT,你用爪子扒著門縫，用盡全力想要打開它 ── 很遺憾，只是讓自己更加尷尬了！
QUEST_RAT_3_10_QUESTINFODATA_ACTIONS_0_TESTSUCCESSOUTCOME_JOURNALTEXT,不過<hero_name>並沒有遲疑！我們的英雄以熊一般的力氣打開了大門，拿到了裡面的心靈石！
QUEST_RAT_3_10_QUESTINFODATA_ACTIONS_0_TESTSUCCESSOUTCOME_OUTCOMETEXT,你用爪子扣住門的邊緣，用力一拉。門應聲而開，讓在場的所有人都驚嘆不已。你在裡面發現了一塊心靈石！
QUEST_RAT_3_10_QUESTINFODATA_ACTIONS_1_ACTIONTEXT,在前門附近挖掘。
QUEST_RAT_3_10_QUESTINFODATA_ACTIONS_1_DEFAULTOUTCOME_JOURNALTEXT,<hero_name>無視了那扇門，轉而命令其他人在附近挖掘。寶庫的寶藏沒拿到，但這次的經驗卻很寶貴。
QUEST_RAT_3_10_QUESTINFODATA_ACTIONS_1_DEFAULTOUTCOME_OUTCOMETEXT,你和你的同伴無視了那扇門，從側面挖了進去。寶庫坍塌了，但你覺得比以前更加強壯了。
QUEST_RAT_3_10_QUESTINFODATA_ACTIONS_2_ACTIONTEXT,「這個標誌！這是個鎖！」
QUEST_RAT_3_10_QUESTINFODATA_ACTIONS_2_DEFAULTOUTCOME_JOURNALTEXT,你的咒術師發現了隱藏的鎖。他打開了鎖，然後與<hero_name>分享了面前寶庫的寶藏。
QUEST_RAT_3_10_QUESTINFODATA_ACTIONS_2_DEFAULTOUTCOME_OUTCOMETEXT,你的咒術師側過身，用手在光滑的石門上撫摸著。片刻後，門開啟了。你們平分了裡面的寶藏。
QUEST_RAT_3_10_QUESTINFODATA_ACTIONS_3_ACTIONTEXT,「嗯，兔族的建築啊？我能打開。」
QUEST_RAT_3_10_QUESTINFODATA_ACTIONS_3_DEFAULTOUTCOME_JOURNALTEXT,不過，<hero_name>忠誠的礦工很瞭解兔族的手段，很快就打開一條通道，來到了寶庫裡面！
QUEST_RAT_3_10_QUESTINFODATA_ACTIONS_3_DEFAULTOUTCOME_OUTCOMETEXT,你忠誠的礦工很熟悉這種建築，輕而易舉地打開了一條通道。你在寶庫裡發現了一件有用的東西。
QUEST_RAT_3_10_QUESTINFODATA_ACTIONS_4_ACTIONTEXT,「我們肯定能讓他放出來的。」
QUEST_RAT_3_10_QUESTINFODATA_ACTIONS_4_DEFAULTOUTCOME_JOURNALTEXT,有時候，金錢與交際比鋼鐵和惡語要管用得多。在財務官的擔保下，囚犯們和平釋放了。
QUEST_RAT_3_10_QUESTINFODATA_ACTIONS_4_DEFAULTOUTCOME_OUTCOMETEXT,財務官大步來到監獄的大門前。他嫻熟的話語再加上幾枚金幣，效果很好。囚犯們被釋放了。
QUEST_RAT_3_10_QUESTINFODATA_ENCOUNTERTEXT,鼠族的精英圍住了古老兔族遺跡的前門。然而，大門卻對所有人封閉著 ── 雄偉而壯觀。
QUEST_RAT_3_10_QUESTINFODATA_JOURNALENCOUNTERTEXT,於是，我們的英雄前去與鼠族的財寶獵人們見了面。在平原中，豎立著一扇巍峨的大門 ── 數百年來都未曾開啟。
QUEST_RAT_3_10_QUESTINFODATA_JOURNALRUMOURTEXT,有人召喚我們的英雄，請他幫忙找一條進入平原上一個古老的兔族兔窩的路。報酬呢？當然是寶藏！
QUEST_RAT_3_10_QUESTINFODATA_RUMOURTEXT,看起來我們的一些族人想要進入平原上的一個鎖著的兔族遺跡。你能幫他們進去嗎？
QUEST_RAT_3_10_QUESTINFODATA_TITLE,前門
QUEST_RAT_3_11_QUESTINFODATA_ACTIONS_0_ACTIONTEXT,用銼刀鋸斷鐵條。
QUEST_RAT_3_11_QUESTINFODATA_ACTIONS_0_DEFAULTOUTCOME_JOURNALTEXT,<hero_name>拼命鋸著監獄的鐵條，但還沒能救出忠誠的族人，守衛就被驚動了！
QUEST_RAT_3_11_QUESTINFODATA_ACTIONS_0_DEFAULTOUTCOME_OUTCOMETEXT,你想要鋸開鐵條，但卻沒有那個力氣，守衛們發現了你。你逃走了，他們的刀劍緊隨其後。
QUEST_RAT_3_11_QUESTINFODATA_ACTIONS_0_TESTSUCCESSOUTCOME_JOURNALTEXT,於是<hero_name>沒有浪費時間，拼命鋸著監獄的鐵條，千鈞一髮之際救出了忠誠的族人！
QUEST_RAT_3_11_QUESTINFODATA_ACTIONS_0_TESTSUCCESSOUTCOME_OUTCOMETEXT,你從背後拿出一把鋸子，努力鋸著鐵柵欄。多虧了你的力量，你很快就成功了，及時救出了你的朋友！
QUEST_RAT_3_11_QUESTINFODATA_ACTIONS_1_ACTIONTEXT,從正門衝進去，越獄上演了！
QUEST_RAT_3_11_QUESTINFODATA_ACTIONS_1_DEFAULTOUTCOME_JOURNALTEXT,我們的英雄高舉武器，衝進監獄！然而，守衛看穿了<hero_name>的意圖，迅速殺掉了忠誠的族人。
QUEST_RAT_3_11_QUESTINFODATA_ACTIONS_1_DEFAULTOUTCOME_OUTCOMETEXT,那就直截了當一點吧！你一路衝了進去，但守衛們知道你為什麼來這。他們馬上處決了你的朋友，你只好落荒而逃。
QUEST_RAT_3_11_QUESTINFODATA_ACTIONS_2_ACTIONTEXT,「我們肯定能讓他放出來的。」
QUEST_RAT_3_11_QUESTINFODATA_ACTIONS_2_DEFAULTOUTCOME_JOURNALTEXT,有時候，金錢與交際比鋼鐵和惡語要管用得多。在財務官的擔保下，囚犯們和平釋放了。
QUEST_RAT_3_11_QUESTINFODATA_ACTIONS_2_DEFAULTOUTCOME_OUTCOMETEXT,財務官大步來到監獄的大門前。他嫻熟的話語再加上幾枚金幣，效果很好。囚犯們被釋放了。
QUEST_RAT_3_11_QUESTINFODATA_ACTIONS_3_ACTIONTEXT,「那鋸子有什麼用。來，試試這些真傢伙。」
QUEST_RAT_3_11_QUESTINFODATA_ACTIONS_3_DEFAULTOUTCOME_JOURNALTEXT,多虧了忠誠的鐵匠和他的工具，我們的英雄將忠誠的族人從可怕的監獄中解救了出來，逃過斧鉞之禍！
QUEST_RAT_3_11_QUESTINFODATA_ACTIONS_3_DEFAULTOUTCOME_OUTCOMETEXT,鐵匠遞上了一把更強力的金屬鋸，輕而易舉地便鋸穿了鐵欄。你的朋友十分感激，獻上了一件物品作為感謝。
QUEST_RAT_3_11_QUESTINFODATA_ACTIONS_4_ACTIONTEXT,「我們肯定能讓他放出來的。」
QUEST_RAT_3_11_QUESTINFODATA_ACTIONS_4_DEFAULTOUTCOME_JOURNALTEXT,<hero_name>戴上化妝面具，侃侃而談。囚犯被釋放了，剛好趕上。
QUEST_RAT_3_11_QUESTINFODATA_ACTIONS_4_DEFAULTOUTCOME_OUTCOMETEXT,在你接近時，守衛們攔住了你，可當他們看到你的化妝面具時，眼神遊移了。你帶著狡黠的微笑說服了他們。
QUEST_RAT_3_11_QUESTINFODATA_ENCOUNTERTEXT,小村子裡的監獄只有一個入口和一扇窗戶 ── 入口被層層把守，窗戶則裝有鐵欄。
QUEST_RAT_3_11_QUESTINFODATA_JOURNALENCOUNTERTEXT,於是我們的英雄來到了村子，目的只有一個：不惜任何代價救出囚犯！但究竟會有什麼樣的代價呢？
QUEST_RAT_3_11_QUESTINFODATA_JOURNALRUMOURTEXT,<hero_name>聽說了一則傳言，說是附近小村子的一個當地貴族想要處決一位忠誠的鼠族。這可當然不行！
QUEST_RAT_3_11_QUESTINFODATA_RUMOURTEXT,當地的貴族似乎做得有些過火了，竟然囚禁了我們的族人。死刑就快到了 ── 快把他們救出來，不然就晚了！
QUEST_RAT_3_11_QUESTINFODATA_TITLE,越獄
QUEST_RAT_3_12_QUESTINFODATA_ACTIONS_0_ACTIONTEXT,去直面嚴寒吧。
QUEST_RAT_3_12_QUESTINFODATA_ACTIONS_0_DEFAULTOUTCOME_JOURNALTEXT,我們的英雄徒勞地向頂峰衝擊，但暴風雪實在是太過強烈。寒冷削弱著他們的生命力，我們的英雄只得逃離了山峰。
QUEST_RAT_3_12_QUESTINFODATA_ACTIONS_0_DEFAULTOUTCOME_OUTCOMETEXT,你用盡全力向頂峰衝去，但寒冷侵蝕著你的力量。你被凍傷了，只能走下山去。
QUEST_RAT_3_12_QUESTINFODATA_ACTIONS_0_TESTSUCCESSOUTCOME_JOURNALTEXT,不過我們的英雄才不會被這點暴風雪嚇到！他們更加堅定地向前走去，終於拿到了財寶！
QUEST_RAT_3_12_QUESTINFODATA_ACTIONS_0_TESTSUCCESSOUTCOME_OUTCOMETEXT,你以前所未有的力氣挑戰著天氣，爬上了山頂，拿到了屬於自己的寶藏！
QUEST_RAT_3_12_QUESTINFODATA_ACTIONS_1_ACTIONTEXT,逃離山峰！
QUEST_RAT_3_12_QUESTINFODATA_ACTIONS_1_DEFAULTOUTCOME_JOURNALTEXT,我們的英雄深知，即便是有雙倍的力量，也不是暴風雪的對手。他們調轉尾巴，把寶藏留給了別人。
QUEST_RAT_3_12_QUESTINFODATA_ACTIONS_1_DEFAULTOUTCOME_OUTCOMETEXT,為了生存下去，你放棄了尋找財寶。你轉身溜走，以免被寒冷吞噬。
QUEST_RAT_3_12_QUESTINFODATA_ACTIONS_2_ACTIONTEXT,跟隨匕首的召喚
QUEST_RAT_3_12_QUESTINFODATA_ACTIONS_2_DEFAULTOUTCOME_JOURNALTEXT,這座山上發生了什麼，歷史中早已沒有記載。然而，<hero_name>看上去……有些不同。
QUEST_RAT_3_12_QUESTINFODATA_ACTIONS_2_DEFAULTOUTCOME_OUTCOMETEXT,你身體虛弱、飢腸轆轆，但強迫自己不斷向前。當你碰到一位登山同伴的身體時，感受到了匕首的溫暖。一個黑暗的想法浮現出來。
QUEST_RAT_3_12_QUESTINFODATA_ENCOUNTERTEXT,在山上，經過了一番艱難搏鬥，隊伍中的其他人都不幸遇難了。只剩下你自己迷失在可怕的暴風雪中。
QUEST_RAT_3_12_QUESTINFODATA_JOURNALENCOUNTERTEXT,要是<hero_name>相信直覺就好了！爬上山數小時後，一場可怕的暴風雪幾乎消滅了整個隊伍！
QUEST_RAT_3_12_QUESTINFODATA_JOURNALRUMOURTEXT,我們的英雄在猶豫要不要加入尋寶隊，但寶藏的誘惑令人難以抵禦。
QUEST_RAT_3_12_QUESTINFODATA_RUMOURTEXT,有一隊財寶獵人正準備前往附近的一座山峰。加入他們或許不錯！
QUEST_RAT_3_12_QUESTINFODATA_TITLE,致盲之白
QUEST_RAT_3_1_QUESTINFODATA_ACTIONS_0_ACTIONTEXT,為商隊的安全通行協商。
QUEST_RAT_3_1_QUESTINFODATA_ACTIONS_0_DEFAULTOUTCOME_JOURNALTEXT,然而，我們的英雄還沒談多久，國王的守衛就失去了耐心。他們燒毀了商隊，拒絕了我們的英雄。
QUEST_RAT_3_1_QUESTINFODATA_ACTIONS_0_DEFAULTOUTCOME_OUTCOMETEXT,不幸的是，要說服國王的守衛放你們過去，你的智慧還不夠。他們摧毀了商隊，然後拒絕了你。
QUEST_RAT_3_1_QUESTINFODATA_ACTIONS_0_TESTSUCCESSOUTCOME_JOURNALTEXT,不過，我們英雄的三寸不爛之舌不光讓商隊安全通行了 ── <hero_name>還讓所有鼠族商隊都能夠通過！
QUEST_RAT_3_1_QUESTINFODATA_ACTIONS_0_TESTSUCCESSOUTCOME_OUTCOMETEXT,多虧了你的機智，你的協商換來了安全的通行。商隊繼續前進，而他們的領隊在你爪裡放了一塊心靈石。
QUEST_RAT_3_1_QUESTINFODATA_ACTIONS_1_ACTIONTEXT,繞遠路。
QUEST_RAT_3_1_QUESTINFODATA_ACTIONS_1_DEFAULTOUTCOME_JOURNALTEXT,<hero_name>絕不會讓這些混蛋偷走鼠族的貨物！他們只好繞遠路，即使這會損失一半的利潤！
QUEST_RAT_3_1_QUESTINFODATA_ACTIONS_1_DEFAULTOUTCOME_OUTCOMETEXT,如果士兵們不讓你走，那你就繞個遠路。商隊的領隊十分憤怒 ── 這樣他會遲到，損失一半的利潤！
QUEST_RAT_3_1_QUESTINFODATA_ACTIONS_2_ACTIONTEXT,「讓我對付這個。」
QUEST_RAT_3_1_QUESTINFODATA_ACTIONS_2_DEFAULTOUTCOME_JOURNALTEXT,<hero_name>的商人可是深諳行賄與討價還價之道。經過談判，他成功爭取到免費通行。商隊繼續前行，沒有受到打擾。
QUEST_RAT_3_1_QUESTINFODATA_ACTIONS_2_DEFAULTOUTCOME_OUTCOMETEXT,「你以為我們有錢嗎？有錢的話我們還進城幹什麼！」你的商人與守衛爭論著。他們勉強讓你們免費通過了。
QUEST_RAT_3_1_QUESTINFODATA_ACTIONS_3_ACTIONTEXT,用皇室赦令強行通過。
QUEST_RAT_3_1_QUESTINFODATA_ACTIONS_3_DEFAULTOUTCOME_JOURNALTEXT,不過，<hero_name>還有一張王牌！皇室赦令起了很好的作用，國王的守衛匆忙逃竄！
QUEST_RAT_3_1_QUESTINFODATA_ACTIONS_3_DEFAULTOUTCOME_OUTCOMETEXT,「不好意思，」說著，你舉起了那張黃色的羊皮紙。「你們一定是認錯商隊了。」國王的守衛很快逃走了。
QUEST_RAT_3_1_QUESTINFODATA_ACTIONS_4_ACTIONTEXT,亮出皇室旗幟
QUEST_RAT_3_1_QUESTINFODATA_ACTIONS_4_DEFAULTOUTCOME_JOURNALTEXT,皇室旗幟代表著對國王的遵從。一看到它，墮落的守衛們飛快地逃走了。商人們安全了！
QUEST_RAT_3_1_QUESTINFODATA_ACTIONS_4_DEFAULTOUTCOME_OUTCOMETEXT,守衛們在皇室旗幟面前畏縮了。「別來打擾這支商隊！」守衛們逃走了。你則得到了一件禮物作為感謝。
QUEST_RAT_3_1_QUESTINFODATA_ENCOUNTERTEXT,你來到那裡，發現商隊正被一對相當威風的國王守衛攔住了。他們要求收取通行費。
QUEST_RAT_3_1_QUESTINFODATA_JOURNALENCOUNTERTEXT,於是我們的英雄來到平原深處，很快便找到了商隊和國王的守衛。他們居然在收過路費！好大的膽子！
QUEST_RAT_3_1_QUESTINFODATA_JOURNALRUMOURTEXT,我們的英雄聽說一支鼠族商隊被一些過分的國王守衛給截住了。這可不行！
QUEST_RAT_3_1_QUESTINFODATA_RUMOURTEXT,一支鼠族商隊在平原上被一群國王的守衛堵住了。我聽說如果你願意幫忙的話，可以拿到獎賞！
QUEST_RAT_3_1_QUESTINFODATA_TITLE,通行與庇護
QUEST_RAT_3_2_QUESTINFODATA_ACTIONS_0_ACTIONTEXT,觀察之後自己決定。
QUEST_RAT_3_2_QUESTINFODATA_ACTIONS_0_DEFAULTOUTCOME_JOURNALTEXT,很遺憾，我們的英雄未能在自己的遊戲上擊敗強盜！<hero_name>喝錯了杯子，因而中毒了！
QUEST_RAT_3_2_QUESTINFODATA_ACTIONS_0_DEFAULTOUTCOME_OUTCOMETEXT,你想要分辨出毒酒，但卻缺乏智慧，無法贏下這個挑戰。你喝了一口……然後在痛苦中暈了過去！
QUEST_RAT_3_2_QUESTINFODATA_ACTIONS_0_TESTSUCCESSOUTCOME_JOURNALTEXT,還好，以我們的英雄的智慧，對付這幾個強盜綽綽有餘！<hero_name>舉起正確的杯子一飲而盡，獲得了勝利！
QUEST_RAT_3_2_QUESTINFODATA_ACTIONS_0_TESTSUCCESSOUTCOME_OUTCOMETEXT,你觀察著強盜狡猾的視線。你分辨出了安全的那杯，喝了下去。強盜大感驚訝，給了你一張隨從卡牌。
QUEST_RAT_3_2_QUESTINFODATA_ACTIONS_1_ACTIONTEXT,指責這場測試作弊了，然後逃離。
QUEST_RAT_3_2_QUESTINFODATA_ACTIONS_1_DEFAULTOUTCOME_JOURNALTEXT,「我可不會去參加什麼作弊的試煉，強盜！」無論作弊與否，我們的英雄都逃離了森林幽谷，什麼也沒得到。
QUEST_RAT_3_2_QUESTINFODATA_ACTIONS_1_DEFAULTOUTCOME_OUTCOMETEXT,你知道萬一選錯將有性命之虞，於是堅稱強盜們作弊了。你兩爪空空地離開了森林。
QUEST_RAT_3_2_QUESTINFODATA_ACTIONS_2_ACTIONTEXT,「噓！我可能知道哪杯有毒！讓我來幫你！」
QUEST_RAT_3_2_QUESTINFODATA_ACTIONS_2_DEFAULTOUTCOME_JOURNALTEXT,不過，忠誠的吟遊詩人曾經看過強盜下毒！只用一個簡單的音調，他就讓我們的英雄分辨出了沒下毒的那杯！
QUEST_RAT_3_2_QUESTINFODATA_ACTIONS_2_DEFAULTOUTCOME_OUTCOMETEXT,你的吟遊詩人簡單地哼了一下，你立刻明白這是暗示安全的那杯！你贏了，但強盜首領滿腹狐疑。
QUEST_RAT_3_2_QUESTINFODATA_ACTIONS_3_ACTIONTEXT,「先喝下這個吧。」
QUEST_RAT_3_2_QUESTINFODATA_ACTIONS_3_DEFAULTOUTCOME_JOURNALTEXT,不過對於一個老練的醫生，毒藥算什麼。他將解藥遞給了我們的英雄。有了它，我們的英雄笑著將三杯全部一飲而盡。
QUEST_RAT_3_2_QUESTINFODATA_ACTIONS_3_DEFAULTOUTCOME_OUTCOMETEXT,藥劑師悄悄地遞給你塞住的瓶子。你拿著它，把三杯全都喝了下去。強盜們震驚不已，承認你比他們更聰明。
QUEST_RAT_3_2_QUESTINFODATA_ACTIONS_4_ACTIONTEXT,辨明毒藥
QUEST_RAT_3_2_QUESTINFODATA_ACTIONS_4_DEFAULTOUTCOME_JOURNALTEXT,強盜們大概沒想到我們的英雄會使用懷爾德烈焰權杖的力量。<hero_name>找到了安全的那杯，喝了下去。
QUEST_RAT_3_2_QUESTINFODATA_ACTIONS_4_DEFAULTOUTCOME_OUTCOMETEXT,在你將懷爾德烈焰權杖指向前兩個杯子時，它嗡嗡作響。當你指向第三個杯子，它安靜了下來。你拿起它，一飲而盡。強盜們面面相覷，承認了失敗。
QUEST_RAT_3_2_QUESTINFODATA_ENCOUNTERTEXT,強盜營地裡有一張桌子，上面擺著三杯酒。他們說，其中兩杯下了毒。你會選擇哪杯？
QUEST_RAT_3_2_QUESTINFODATA_JOURNALENCOUNTERTEXT,我們的英雄來到森林深處，發現試煉正等著他們：有三杯酒，其中兩杯有毒。<hero_name>必須做出選擇！
QUEST_RAT_3_2_QUESTINFODATA_JOURNALRUMOURTEXT,<quest_tile>的強盜首領向我們的英雄挑戰智慧！如果<hero_name>贏了，不會失望而回的。
QUEST_RAT_3_2_QUESTINFODATA_RUMOURTEXT,厲害的強盜首領在呼喚你，朋友。她向你挑戰智慧，贏家可以帶回一件精美的獎品！
QUEST_RAT_3_2_QUESTINFODATA_TITLE,智力之戰
QUEST_RAT_3_3_QUESTINFODATA_ACTIONS_0_ACTIONTEXT,用你的聰明才智解釋這張地圖。
QUEST_RAT_3_3_QUESTINFODATA_ACTIONS_0_DEFAULTOUTCOME_JOURNALTEXT,很遺憾，我們的英雄沒能發現地圖的隱藏要素，很快就撞進一個剃刀蠅的巢穴！這咬得他們可能得疼上幾天了！
QUEST_RAT_3_3_QUESTINFODATA_ACTIONS_0_DEFAULTOUTCOME_OUTCOMETEXT,你盯著地圖，可什麼也想不出來。你猜測著正確的道路，可卻來到一處剃刀蠅的巢穴 ── 真是夠疼的！
QUEST_RAT_3_3_QUESTINFODATA_ACTIONS_0_TESTSUCCESSOUTCOME_JOURNALTEXT,還好，我們的英雄並沒有驚慌。我們的英雄花了一段時間去理解地圖的怪異之處，然後很快就發現了古老的寶藏！
QUEST_RAT_3_3_QUESTINFODATA_ACTIONS_0_TESTSUCCESSOUTCOME_OUTCOMETEXT,你盯著地圖沉思良久。很快，靈感襲來！所有的地標都是反過來的！你很快修正路線，找到了寶藏。
QUEST_RAT_3_3_QUESTINFODATA_ACTIONS_1_ACTIONTEXT,趁你喪命之前離開沼澤。
QUEST_RAT_3_3_QUESTINFODATA_ACTIONS_1_DEFAULTOUTCOME_JOURNALTEXT,我們的英雄可不傻！如果再待下去，沼澤可能會要了他們的命。我們的英雄丟下地圖，逃走了。
QUEST_RAT_3_3_QUESTINFODATA_ACTIONS_1_DEFAULTOUTCOME_OUTCOMETEXT,你可不是傻瓜 ── 這張藏寶圖肯定是假的。你把它扔進爛泥，原路返回。雖然你兩爪空空，但至少活蹦亂跳。
QUEST_RAT_3_3_QUESTINFODATA_ACTIONS_2_ACTIONTEXT,從天上搜尋！
QUEST_RAT_3_3_QUESTINFODATA_ACTIONS_2_DEFAULTOUTCOME_JOURNALTEXT,沼澤裡實在是藏了太多秘密。我們的英雄靠著飛天翅靴搜索著很多隱秘處，並找到了一些有用的工具。
QUEST_RAT_3_3_QUESTINFODATA_ACTIONS_2_DEFAULTOUTCOME_OUTCOMETEXT,飛天翅靴可以讓你用十倍的速度搜索。雖然並沒有發現寶藏，不過在一輛沉沒的貨車中發現了一件有用的工具。
QUEST_RAT_3_3_QUESTINFODATA_ACTIONS_3_ACTIONTEXT,「這片沼澤還有著其他寶藏。」
QUEST_RAT_3_3_QUESTINFODATA_ACTIONS_3_DEFAULTOUTCOME_JOURNALTEXT,幸好，<hero_name>忠誠的探險者知道回家的路，以及其他東西。他們同心協力發現了另一件寶藏。
QUEST_RAT_3_3_QUESTINFODATA_ACTIONS_3_DEFAULTOUTCOME_OUTCOMETEXT,<quest_tile>裡有很多遺失的寶藏和隱藏起來的東西。  你的探險者偵查著這片區域，發現了一張埋藏的咒術卡牌。
QUEST_RAT_3_3_QUESTINFODATA_ENCOUNTERTEXT,一位忠誠的鼠族族人獻上了一張風化的古老藏寶圖，它指向一片沼澤深處。你很快就迷路了，周圍儘是爛泥。
QUEST_RAT_3_3_QUESTINFODATA_JOURNALENCOUNTERTEXT,結果當然是，寶藏位於一片危險的沼澤深處！沒過多久，<hero_name>就迷失在了爛泥中。
QUEST_RAT_3_3_QUESTINFODATA_JOURNALRUMOURTEXT,一位好朋友給了我們的英雄一張藏寶圖，說是可以幫助他們完成奪權大業。
QUEST_RAT_3_3_QUESTINFODATA_RUMOURTEXT,我找到了這張藏寶圖，目標是附近的一個沼澤，不過我怕是沒那個命去找。或許你有那個本事？
QUEST_RAT_3_3_QUESTINFODATA_TITLE,X標記點
QUEST_RAT_3_4_QUESTINFODATA_ACTIONS_0_ACTIONTEXT,掃蕩黑庭。
QUEST_RAT_3_4_QUESTINFODATA_ACTIONS_0_DEFAULTOUTCOME_JOURNALTEXT,我們的英雄衝向伊斯恩雷峰，但很遺憾，他們的戰鬥技巧並不足以對抗黑庭的戰士，很快便敗下陣來，逃之夭夭！
QUEST_RAT_3_4_QUESTINFODATA_ACTIONS_0_DEFAULTOUTCOME_OUTCOMETEXT,你衝向黑庭，但征服一座被不法之徒佔據的山上堡壘可比你想像中困難得多！你只好落荒而逃。
QUEST_RAT_3_4_QUESTINFODATA_ACTIONS_0_TESTSUCCESSOUTCOME_JOURNALTEXT,我們的英雄橫掃伊斯恩雷峰，殺掉了守衛和墮落的首領，只留下了那些對鼠族宣誓效忠的人！
QUEST_RAT_3_4_QUESTINFODATA_ACTIONS_0_TESTSUCCESSOUTCOME_OUTCOMETEXT,在你的刀鋒面前，愛門羅的地下世界重新回歸了鼠族的統治，而你為此帶走了一塊心靈石。
QUEST_RAT_3_4_QUESTINFODATA_ACTIONS_1_ACTIONTEXT,把黑庭燒成灰燼。
QUEST_RAT_3_4_QUESTINFODATA_ACTIONS_1_DEFAULTOUTCOME_JOURNALTEXT,看來，對付這些躲在堡壘裡的惡棍，這種間接的方式更適合他們！<hero_name>把黑庭燒成灰燼，裡面的人四散而逃。
QUEST_RAT_3_4_QUESTINFODATA_ACTIONS_1_DEFAULTOUTCOME_OUTCOMETEXT,你深知直接進攻可能要了你的命，於是在四周潛行後點了把火。黑庭燒毀了，但有很多人逃走了。
QUEST_RAT_3_4_QUESTINFODATA_ACTIONS_2_ACTIONTEXT,「我之前來過這裡。」
QUEST_RAT_3_4_QUESTINFODATA_ACTIONS_2_DEFAULTOUTCOME_JOURNALTEXT,誰也不知道為什麼間諜大師知道這裡的密道。在戰鬥中，很多人都叫出來了她的名字。如今，這個名字再沒人記得了。
QUEST_RAT_3_4_QUESTINFODATA_ACTIONS_2_DEFAULTOUTCOME_OUTCOMETEXT,兜帽之下，間諜大師的嘴唇搐動著。她指出了一條地下密道。你發動突襲。黑庭陷落了。
QUEST_RAT_3_4_QUESTINFODATA_ACTIONS_3_ACTIONTEXT,穿上盔甲，然後攻擊
QUEST_RAT_3_4_QUESTINFODATA_ACTIONS_3_DEFAULTOUTCOME_JOURNALTEXT,我們的英雄是十分小心謹慎的。衝鋒，榮耀……這些都是虛無。<hero_name>穿上盔甲，很快便將邪惡黑庭從愛門羅驅逐了出去。
QUEST_RAT_3_4_QUESTINFODATA_ACTIONS_3_DEFAULTOUTCOME_OUTCOMETEXT,穿著獅心胸甲，你突襲了這處據點。額外的重量意味著有一批盜賊從你手下逃脫了，但他們的要塞陷落了。
QUEST_RAT_3_4_QUESTINFODATA_ACTIONS_4_ACTIONTEXT,接管黑庭
QUEST_RAT_3_4_QUESTINFODATA_ACTIONS_4_DEFAULTOUTCOME_JOURNALTEXT,我們的英雄知道黑庭是一件強大的工具。<hero_name>使用魔鴆之刃將這股力量納為己有了。
QUEST_RAT_3_4_QUESTINFODATA_ACTIONS_4_DEFAULTOUTCOME_OUTCOMETEXT,站在大門前，怒氣在你體內流淌。魔鴆之刃激勵著你邁開大步。勇往前進。黑庭今後將有一位新主子了。
QUEST_RAT_3_4_QUESTINFODATA_ENCOUNTERTEXT,你進入群山，前往臭名昭著的伊斯恩雷峰。在那裡，黑庭頭目們執掌著絕對權力。你到那兒是為了讓他們休庭的。
QUEST_RAT_3_4_QUESTINFODATA_JOURNALENCOUNTERTEXT,這簡直無法容忍 ── 要麼他們向鼠族臣服，要麼他們就將不復存在。<hero_name>前往拜訪他們。
QUEST_RAT_3_4_QUESTINFODATA_JOURNALRUMOURTEXT,我們的英雄呼吸的速度都變快了 ── 伊斯恩雷的黑庭曾經世代效忠鼠族。現在，國王獲得了他們的忠誠。
QUEST_RAT_3_4_QUESTINFODATA_RUMOURTEXT,你聽說過伊斯恩雷的黑庭嗎？在大融合之前他們是鼠族的臣屬 ── 但現在國王已將他們納入口袋。
QUEST_RAT_3_4_QUESTINFODATA_TITLE,黑庭
QUEST_RAT_3_5_QUESTINFODATA_ACTIONS_0_ACTIONTEXT,在信使離開前殺死他。
QUEST_RAT_3_5_QUESTINFODATA_ACTIONS_0_DEFAULTOUTCOME_JOURNALTEXT,<hero_name>猛地前撲過去，但狼族間諜已經做好了準備！雙方交手數招，那頭狼在逃離之前重創了我們的英雄。
QUEST_RAT_3_5_QUESTINFODATA_ACTIONS_0_DEFAULTOUTCOME_OUTCOMETEXT,你抽出了武器，但拔劍的聲音驚動了那頭狼！你們交手數招，他狠狠砍了你一刀，隨後逃走了。
QUEST_RAT_3_5_QUESTINFODATA_ACTIONS_0_TESTSUCCESSOUTCOME_JOURNALTEXT,<hero_name>猛地前撲過去，匕首如同一縷寒風。狼族間諜倒下了，我們的英雄銷毀了信函，結束了聯盟。
QUEST_RAT_3_5_QUESTINFODATA_ACTIONS_0_TESTSUCCESSOUTCOME_OUTCOMETEXT,幸運的是，你佔據了出其不意的優勢，這頭狼很快倒在了你的劍下。你偷走了他的信件，還有一件聖物！
QUEST_RAT_3_5_QUESTINFODATA_ACTIONS_1_ACTIONTEXT,堵住地牢入口，把他困在裡面。
QUEST_RAT_3_5_QUESTINFODATA_ACTIONS_1_DEFAULTOUTCOME_JOURNALTEXT,<hero_name>沒有阻攔，讓狼族間諜進入了地牢。但是他也再也出不來了，因為我們的英雄用一塊巨石堵住了入口！
QUEST_RAT_3_5_QUESTINFODATA_ACTIONS_1_DEFAULTOUTCOME_OUTCOMETEXT,你看著那頭狼進入了地牢，然後快速放出了一塊巨石，把他和他的聯絡人堵死在了裡面。他們一定會死得很慢！
QUEST_RAT_3_5_QUESTINFODATA_ACTIONS_2_ACTIONTEXT,「他跑得夠快的。要我截住他嗎？」
QUEST_RAT_3_5_QUESTINFODATA_ACTIONS_2_DEFAULTOUTCOME_JOURNALTEXT,多虧了<hero_name>的忠誠保鏢，這頭狼毫無機會。他的屍體將成為對任何冒犯鼠族者的警告！
QUEST_RAT_3_5_QUESTINFODATA_ACTIONS_2_DEFAULTOUTCOME_OUTCOMETEXT,你的保鏢衝了過去，在這頭狼進入地牢之前幫你砍倒了他。你把他的屍體當作了一個留給國王的守衛的警告。
QUEST_RAT_3_5_QUESTINFODATA_ACTIONS_3_ACTIONTEXT,瞄準，射擊
QUEST_RAT_3_5_QUESTINFODATA_ACTIONS_3_DEFAULTOUTCOME_JOURNALTEXT,我們的英雄在之前的旅程中積攢的寶藏今天救了他們。用手持加農砲射擊了一發，就逼得那頭狼逃跑了。
QUEST_RAT_3_5_QUESTINFODATA_ACTIONS_3_DEFAULTOUTCOME_OUTCOMETEXT,在狼走向地牢時，你小心地用手持加農砲瞄準了他。一聲巨響，那個生物就受傷了。他嗚咽著逃離了會面。
QUEST_RAT_3_5_QUESTINFODATA_ACTIONS_4_ACTIONTEXT,等待，然後把他們兩個都幹掉。
QUEST_RAT_3_5_QUESTINFODATA_ACTIONS_4_DEFAULTOUTCOME_JOURNALTEXT,我們的英雄等到會議開始，然後在群英頭盔的保護下進入了地牢。戰鬥結束得很快。
QUEST_RAT_3_5_QUESTINFODATA_ACTIONS_4_DEFAULTOUTCOME_OUTCOMETEXT,群英頭盔會保護你。你等到會議開始，然後潛入了地牢，並擊殺了這兩個狡猾的陰謀家。
QUEST_RAT_3_5_QUESTINFODATA_ENCOUNTERTEXT,你發現狼族的信使將會在附近的一處地下遺跡中與他的聯絡人會面 ── 要阻止他的話，時間不多了！
QUEST_RAT_3_5_QUESTINFODATA_JOURNALENCOUNTERTEXT,那裡，就在那個古代地牢外，一個狼族間諜攜帶了一封狼族長老的信函。一定要阻止他！
QUEST_RAT_3_5_QUESTINFODATA_JOURNALRUMOURTEXT,狡猾的狼族計劃與國王的守衛結盟 ── 但如果我們的英雄趕緊的話還來得及阻止他們！
QUEST_RAT_3_5_QUESTINFODATA_RUMOURTEXT,狼族試圖與國王的守衛結盟。阻止他們的信使，並在他們取得成果之前干擾談判。
QUEST_RAT_3_5_QUESTINFODATA_TITLE,說謊者與間諜
QUEST_RAT_3_6_QUESTINFODATA_ACTIONS_0_ACTIONTEXT,拔出武器，救出效忠者
QUEST_RAT_3_6_QUESTINFODATA_ACTIONS_0_DEFAULTOUTCOME_JOURNALTEXT,<hero_name>發起了衝鋒，但兔族早已做好了準備！這是一場艱難的戰鬥，但我們的英雄最後帶著重傷逃走了。
QUEST_RAT_3_6_QUESTINFODATA_ACTIONS_0_DEFAULTOUTCOME_OUTCOMETEXT,你衝向兔族戰士，但這一天牠們正提防著鼠族來找麻煩！你差點就被砍倒，只得逃走。
QUEST_RAT_3_6_QUESTINFODATA_ACTIONS_0_TESTSUCCESSOUTCOME_JOURNALTEXT,<hero_name>呼喊著衝進人群，從廣場上殺出一條血路。多虧了我們英雄的功績，所有的囚犯都逃走了！
QUEST_RAT_3_6_QUESTINFODATA_ACTIONS_0_TESTSUCCESSOUTCOME_OUTCOMETEXT,你衝進兔族戰士中，左衝右殺。逃離很迅速，你和你的朋友們都活了下來！
QUEST_RAT_3_6_QUESTINFODATA_ACTIONS_1_ACTIONTEXT,釋放其他囚犯。
QUEST_RAT_3_6_QUESTINFODATA_ACTIONS_1_DEFAULTOUTCOME_JOURNALTEXT,<hero_name>從人群中溜了過去，來到了囚犯的房間。雖然這天劊子手的斧子帶走了無數生命，但我們的英雄救下了更多的人！
QUEST_RAT_3_6_QUESTINFODATA_ACTIONS_1_DEFAULTOUTCOME_OUTCOMETEXT,你溜過斷頭台，靜悄悄地釋放了其他的囚犯。但斧子發出的梆梆聲讓你明白，你不可能把他們都救出來。
QUEST_RAT_3_6_QUESTINFODATA_ACTIONS_2_ACTIONTEXT,製造恐慌
QUEST_RAT_3_6_QUESTINFODATA_ACTIONS_2_DEFAULTOUTCOME_JOURNALTEXT,魔鴆之爪在旅途中吸取的魔法在這時派上了用場。我們的英雄用它造成一陣恐慌，解救了那群老鼠。
QUEST_RAT_3_6_QUESTINFODATA_ACTIONS_2_DEFAULTOUTCOME_OUTCOMETEXT,你別無選擇，只好舉起了魔鴆之爪。你釋放了裡面的魔法，讓汙穢之力在空中四處散播。人群四散逃跑，讓你有辦法解救鼠族。
QUEST_RAT_3_6_QUESTINFODATA_ACTIONS_3_ACTIONTEXT,「救下那些老鼠！」
QUEST_RAT_3_6_QUESTINFODATA_ACTIONS_3_DEFAULTOUTCOME_JOURNALTEXT,老鼠們的點子很多。不過我們的英雄也同樣知道如何運用力量，這要歸功於他們的狂戰士。他們發起了衝鋒。老鼠們得救了。
QUEST_RAT_3_6_QUESTINFODATA_ACTIONS_3_DEFAULTOUTCOME_OUTCOMETEXT,你的狂戰士選擇了最為優雅的方式。他衝上平台，打翻了劊子手，救出了老鼠。
QUEST_RAT_3_6_QUESTINFODATA_ACTIONS_4_ACTIONTEXT,把你忠誠的侍從推進人群。擾亂他們的注意力！
QUEST_RAT_3_6_QUESTINFODATA_ACTIONS_4_DEFAULTOUTCOME_JOURNALTEXT,「動作快點！」我們的英雄把他們忠誠的侍從推進人群，引開了守衛，讓他們安全地放走了所有囚犯！
QUEST_RAT_3_6_QUESTINFODATA_ACTIONS_4_DEFAULTOUTCOME_OUTCOMETEXT,你把侍從推進人群，製造出一場混亂，吸引了守衛的注意力，趁機放走了囚犯。
QUEST_RAT_3_6_QUESTINFODATA_ENCOUNTERTEXT,你急忙趕到鎮上，發現一位忠誠的鼠族支持者正被推上斷頭台。你必須趕快行動！
QUEST_RAT_3_6_QUESTINFODATA_JOURNALENCOUNTERTEXT,<hero_name>急忙趕到了村裡，發現每浪費一分鐘，就會失去一條生命。我們的英雄趕到時，劊子手正舉起手中的斧子。
QUEST_RAT_3_6_QUESTINFODATA_JOURNALRUMOURTEXT,兔族做得有點過火了，他們抓住了鼠族的忠民，準備在附近的村子裡處決他們。
QUEST_RAT_3_6_QUESTINFODATA_RUMOURTEXT,鼠族忠民會在<quest_tile>被兔族支持者處決。最好過去救他們！
QUEST_RAT_3_6_QUESTINFODATA_TITLE,砍下他們的頭！
QUEST_RAT_3_7_QUESTINFODATA_ACTIONS_0_ACTIONTEXT,進入古老的遺跡！
QUEST_RAT_3_7_QUESTINFODATA_ACTIONS_0_DEFAULTOUTCOME_JOURNALTEXT,很不幸，<hero_name>不通懷爾德之道，很快就明白要想強行通過，只有死路一條。
QUEST_RAT_3_7_QUESTINFODATA_ACTIONS_0_DEFAULTOUTCOME_OUTCOMETEXT,你伸出爪子，感覺……很冷。一陣可怕的黑暗攥住了你的靈魂，你意識到自己永遠沒法活著通過這道屏障。
QUEST_RAT_3_7_QUESTINFODATA_ACTIONS_0_TESTSUCCESSOUTCOME_JOURNALTEXT,幸運的是，<hero_name>的懷爾德之力很強，很快便走了過去，為鼠族拿到了心靈石。
QUEST_RAT_3_7_QUESTINFODATA_ACTIONS_0_TESTSUCCESSOUTCOME_OUTCOMETEXT,你伸出一隻爪子，感覺一股舒適的溫暖環繞著你。簾幕升起，遺跡（以及心靈石）就在你面前。
QUEST_RAT_3_7_QUESTINFODATA_ACTIONS_1_ACTIONTEXT,探索外部。
QUEST_RAT_3_7_QUESTINFODATA_ACTIONS_1_DEFAULTOUTCOME_JOURNALTEXT,與其冒著生命和身體危險去嘗試魔法屏障，我們的英雄選擇花時間探索遺跡，感覺與懷爾德之間的聯繫加深了。
QUEST_RAT_3_7_QUESTINFODATA_ACTIONS_1_DEFAULTOUTCOME_OUTCOMETEXT,你決定待在外面 ── 屏障很可能意味著你的死亡。至少在一番漫步後，你感覺和懷爾德之間的聯繫更深了。
QUEST_RAT_3_7_QUESTINFODATA_ACTIONS_2_ACTIONTEXT,「我們會進去的……」
QUEST_RAT_3_7_QUESTINFODATA_ACTIONS_2_DEFAULTOUTCOME_JOURNALTEXT,懷爾德與魔法對於陌生人來說是司空見慣了。他帶領我們的英雄走進了古老的遺跡。冰冷的魔法不斷地滲到他們身上。
QUEST_RAT_3_7_QUESTINFODATA_ACTIONS_2_DEFAULTOUTCOME_OUTCOMETEXT,陌生人把你的爪子放在他肩上，帶領你走進了屏障。你們平分了在裡面發現的寶藏。
QUEST_RAT_3_7_QUESTINFODATA_ACTIONS_3_ACTIONTEXT,穿破迷霧
QUEST_RAT_3_7_QUESTINFODATA_ACTIONS_3_DEFAULTOUTCOME_JOURNALTEXT,迷霧沒有因此分開，但懷爾德承認<hero_name>是一名英雄。懷爾德祝福了我們的英雄，並在銀月巨鐮上加持了魔法。
QUEST_RAT_3_7_QUESTINFODATA_ACTIONS_3_DEFAULTOUTCOME_OUTCOMETEXT,當你舉起銀月巨鐮的時候，腦中頓時閃出了至今為止付出種種努力的回憶。巨鐮發出了光芒、薄霧縈繞著刀刃、魔法湧入你的體內。
QUEST_RAT_3_7_QUESTINFODATA_ACTIONS_4_ACTIONTEXT,懷爾德護符閃爍著
QUEST_RAT_3_7_QUESTINFODATA_ACTIONS_4_DEFAULTOUTCOME_JOURNALTEXT,懷爾德似乎與<hero_name>的懷爾德護符交流著，迷霧中的一些能量進入了護符。
QUEST_RAT_3_7_QUESTINFODATA_ACTIONS_4_DEFAULTOUTCOME_OUTCOMETEXT,你高舉懷爾德護符，感到一股急促的懷爾德之力流了進去。迷霧還在，但偷來的魔法肯定會派上用場。
QUEST_RAT_3_7_QUESTINFODATA_ENCOUNTERTEXT,這個古老的遺跡似乎被懷爾德本身守護著 ── 一片迷霧如同簾幕，卻又不是人間之物所能織就。
QUEST_RAT_3_7_QUESTINFODATA_JOURNALENCOUNTERTEXT,很遺憾，屏障看上去是由懷爾德所組成，唯有精通懷爾德之道的人才能順利通過。
QUEST_RAT_3_7_QUESTINFODATA_JOURNALRUMOURTEXT,一個古老的熊族遺跡裡有一塊心靈石，就在一個奇怪的魔法屏障後面 ── 或許我們的英雄可以找到通過的方法？
QUEST_RAT_3_7_QUESTINFODATA_RUMOURTEXT,找到了一座熊族從前的古老遺跡。看起來那裡有塊心靈石，不知你感興趣嗎？
QUEST_RAT_3_7_QUESTINFODATA_TITLE,懷爾德之地
QUEST_RAT_3_8_QUESTINFODATA_ACTIONS_0_ACTIONTEXT,幫忙！你必須幫忙！
QUEST_RAT_3_8_QUESTINFODATA_ACTIONS_0_DEFAULTOUTCOME_JOURNALTEXT,<hero_name>請求懷爾德幫助這個生物，然而並沒有成效。那個生物很快轉過身，令我們英雄的靈魂沾染了汙穢。
QUEST_RAT_3_8_QUESTINFODATA_ACTIONS_0_DEFAULTOUTCOME_OUTCOMETEXT,你伸出爪子，但懷爾德並未留意到你的呼喚。患者對你施加了惡毒的詛咒，你感覺一股冰冷侵襲了你的靈魂。
QUEST_RAT_3_8_QUESTINFODATA_ACTIONS_0_TESTSUCCESSOUTCOME_JOURNALTEXT,但<hero_name>可不會讓汙穢帶走他們！乞求懷爾德的幫助後，忠民身上的汙穢得到了淨化，好讓他們為你再次效勞！
QUEST_RAT_3_8_QUESTINFODATA_ACTIONS_0_TESTSUCCESSOUTCOME_OUTCOMETEXT,你舉起爪子，感覺懷爾德之力正在你身體中奔湧。治療者吃驚地看著她的病人站起身，完全康復了，然後加入了你的事業！
QUEST_RAT_3_8_QUESTINFODATA_ACTIONS_1_ACTIONTEXT,把忠民從悲慘中解脫出來。
QUEST_RAT_3_8_QUESTINFODATA_ACTIONS_1_DEFAULTOUTCOME_JOURNALTEXT,很遺憾，懷爾德從來沒有保證過幫助。<hero_name> 將匕首插進了忠民的胸膛，結束了他們的痛苦。
QUEST_RAT_3_8_QUESTINFODATA_ACTIONS_1_DEFAULTOUTCOME_OUTCOMETEXT,總比讓汙穢帶走他們好，你如此想著。你便拔出佩劍，一劍刺入了忠民的心窩，然後向治療者至歉。
QUEST_RAT_3_8_QUESTINFODATA_ACTIONS_2_ACTIONTEXT,把疾病轉移到巫毒娃娃上
QUEST_RAT_3_8_QUESTINFODATA_ACTIONS_2_DEFAULTOUTCOME_JOURNALTEXT,雖然巫毒娃娃是一件黑暗的工具，但也可以用來拯救性命。<hero_name>將疾病從忠民身上轉移了出來，解救了他。
QUEST_RAT_3_8_QUESTINFODATA_ACTIONS_2_DEFAULTOUTCOME_OUTCOMETEXT,你將巫毒娃娃放到了忠民身上，然後低聲詠唱。慢慢地，汙穢被引導到了巫毒娃娃。忠民雖然感到虛弱，但至少活了下來。
QUEST_RAT_3_8_QUESTINFODATA_ACTIONS_3_ACTIONTEXT,「汙穢自有其力量」
QUEST_RAT_3_8_QUESTINFODATA_ACTIONS_3_DEFAULTOUTCOME_JOURNALTEXT,這個忠民已經沒救了，但他們死後依然可以為鼠族效勞。<hero_name>的術士用汙穢創造出一個強力的咒術。
QUEST_RAT_3_8_QUESTINFODATA_ACTIONS_3_DEFAULTOUTCOME_OUTCOMETEXT,你的術士彎腰觀察著忠民不斷發抖的身體。「他已經沒救了……」你點點頭。術士高舉起爪子，房間逐漸變冷。
QUEST_RAT_3_8_QUESTINFODATA_ACTIONS_4_ACTIONTEXT,「這個人已經沒救了，但我還是能得到別的東西。」
QUEST_RAT_3_8_QUESTINFODATA_ACTIONS_4_DEFAULTOUTCOME_JOURNALTEXT,<hero_name>的煉金術師很快就將忠民的死亡變成了你的收穫，抽取了他們的血液並創造了一個強力的咒術！
QUEST_RAT_3_8_QUESTINFODATA_ACTIONS_4_DEFAULTOUTCOME_OUTCOMETEXT,你的煉金術師從將死的生物身上抽取了血液，然後將其提煉成一個貴重的咒術 ── 不過，這位鼠族忠民很快就去世了。
QUEST_RAT_3_8_QUESTINFODATA_ENCOUNTERTEXT,你來到治療者的小屋中，發現小床上躺著一個病人，眼睛被汙穢染成了紫色。「死亡是遲早的事情…」治療者歎氣說道。
QUEST_RAT_3_8_QUESTINFODATA_JOURNALENCOUNTERTEXT,情況非常糟糕。這生物的眼睛逐漸染為紫色，心智逐漸墮入黑暗。
QUEST_RAT_3_8_QUESTINFODATA_JOURNALRUMOURTEXT,鼠族一位忠實的朋友正瀕臨死亡 ── 他感染了汙穢，時間所剩無多了。我們的英雄前去看看還能做什麼。
QUEST_RAT_3_8_QUESTINFODATA_RUMOURTEXT,或許這不值一提，但是附近的村落有一位鼠族忠民正因為汙穢而奄奄一息。不過，現在也做不了什麼了…
QUEST_RAT_3_8_QUESTINFODATA_TITLE,只是遲早的事情
QUEST_RAT_3_9_QUESTINFODATA_ACTIONS_0_ACTIONTEXT,請求懷爾德讓你的朋友獲得解脫、得以安息
QUEST_RAT_3_9_QUESTINFODATA_ACTIONS_0_DEFAULTOUTCOME_JOURNALTEXT,<hero_name>祈禱懷爾德顯靈，但沒有得到任何回應。本沃魯那受詛咒的軀體隨即攻擊了我們的英雄，而汙穢隨之扎根。
QUEST_RAT_3_9_QUESTINFODATA_ACTIONS_0_DEFAULTOUTCOME_OUTCOMETEXT,你請求懷爾德的幫助，但沒有回應。你朋友的汙穢身體砍傷了你 ── 一股湧動的黑暗在你的毛皮下潛伏。
QUEST_RAT_3_9_QUESTINFODATA_ACTIONS_0_TESTSUCCESSOUTCOME_JOURNALTEXT,<hero_name>無法忍受看到自己的老朋友受苦，因此乞求懷爾德的幫助。一陣耀眼的光芒後，本沃魯解脫了，一切恢復了正常。
QUEST_RAT_3_9_QUESTINFODATA_ACTIONS_0_TESTSUCCESSOUTCOME_OUTCOMETEXT,本沃魯腐朽的身軀蹣跚著向你走來。頓時降下了一道耀眼的光芒，將平原沐浴在治癒的溫暖之中。他的骨頭了無生氣地掉在了地上。
QUEST_RAT_3_9_QUESTINFODATA_ACTIONS_1_ACTIONTEXT,把你的朋友骨頭狠狠砍倒。
QUEST_RAT_3_9_QUESTINFODATA_ACTIONS_1_DEFAULTOUTCOME_JOURNALTEXT,<hero_name>對著本沃魯被詛咒的身軀一陣劈砍，直到他倒下，然後將他的骨頭埋到再也聽不見尖叫聲。
QUEST_RAT_3_9_QUESTINFODATA_ACTIONS_1_DEFAULTOUTCOME_OUTCOMETEXT,你砍向朋友被詛咒的身體，直到它再也支撐不住自身的重量。你埋葬了他的骨頭，而他的頭骨還在對著你撕咬。
QUEST_RAT_3_9_QUESTINFODATA_ACTIONS_2_ACTIONTEXT,「朋友被詛咒了，嗯？我知道一個咒術可以解決。」
QUEST_RAT_3_9_QUESTINFODATA_ACTIONS_2_DEFAULTOUTCOME_JOURNALTEXT,<hero_name>學徒出了個主意：用咒術抽出本沃魯的靈魂，讓他被詛咒的骨頭自己倒下。
QUEST_RAT_3_9_QUESTINFODATA_ACTIONS_2_DEFAULTOUTCOME_OUTCOMETEXT,學徒湊上前，魔法從他的爪中流出。你朋友的靈魂被提起，而他被詛咒的骨頭則毫無生氣地倒在了地上。
QUEST_RAT_3_9_QUESTINFODATA_ACTIONS_3_ACTIONTEXT,用皇室護盾把他趕回去
QUEST_RAT_3_9_QUESTINFODATA_ACTIONS_3_DEFAULTOUTCOME_JOURNALTEXT,本沃魯的骨頭不會停止攻擊。<hero_name>面對著他的攻擊，但沒有別的辦法了。我們的英雄發動了攻擊，擊散了骨架。
QUEST_RAT_3_9_QUESTINFODATA_ACTIONS_3_DEFAULTOUTCOME_OUTCOMETEXT,本沃魯的攻擊如雨點般打在了盾牌上，但它紋絲不動、承受住了攻擊！最後，在一記重擊後，你成功擊散了骨頭。他總算獲得了安息！
QUEST_RAT_3_9_QUESTINFODATA_ACTIONS_4_ACTIONTEXT,「我抓！好多骨頭呀！我抓！」
QUEST_RAT_3_9_QUESTINFODATA_ACTIONS_4_DEFAULTOUTCOME_JOURNALTEXT,本沃魯的命運讓他哈哈大笑。傻瓜一根一根地搶走了他的骨頭，直到最後，骷髏倒在了地上，再也無法動彈。
QUEST_RAT_3_9_QUESTINFODATA_ACTIONS_4_DEFAULTOUTCOME_OUTCOMETEXT,你目瞪口呆地看著，傻瓜開始搶奪四肢。慢慢地，骷髏分崩離析。傻瓜笑了。「我抓！」
QUEST_RAT_3_9_QUESTINFODATA_ENCOUNTERTEXT,前往你朋友墳墓的旅程很令人悲傷 ── 而當你發現他的骨頭被汙穢重新構造起來時，就更加悲傷了！
QUEST_RAT_3_9_QUESTINFODATA_JOURNALENCOUNTERTEXT,然而這隻可憐的老鼠已經消失在了平原的路上 ── 更糟的是，他的骨頭被汙穢侵蝕，被佔據後面對邪惡的下場。
QUEST_RAT_3_9_QUESTINFODATA_JOURNALRUMOURTEXT,米德瓦爾的本沃魯曾是鼠族最厲害的一名盜賊 ── 也是我們英雄的一位好友，曾無數次一起並肩作戰。
QUEST_RAT_3_9_QUESTINFODATA_RUMOURTEXT,你還記得米德瓦爾的盜賊首領本沃魯嗎？很不幸的，他去世了。他的骨頭被發現在平原深處的路上。
QUEST_RAT_3_9_QUESTINFODATA_TITLE,最後的告別
QUEST_RAT_4_10_QUESTINFODATA_ACTIONS_0_ACTIONTEXT,撐過毒藥，殺死酒保。
QUEST_RAT_4_10_QUESTINFODATA_ACTIONS_0_DEFAULTOUTCOME_JOURNALTEXT,很不幸，我們的英雄沒有強壯到能克服毒藥，被搶得一乾二淨，扔在了附近的巷子裡。
QUEST_RAT_4_10_QUESTINFODATA_ACTIONS_0_DEFAULTOUTCOME_OUTCOMETEXT,你想要克服毒藥，但當你站起來時，你失去了所有的力量，倒在了地板上。過了很久之後你醒了過來，但錢被搶光了。
QUEST_RAT_4_10_QUESTINFODATA_ACTIONS_0_TESTSUCCESSOUTCOME_JOURNALTEXT,但我們的英雄比毒藥更強大，撐過去之後便一個箭步越過吧檯，解決了酒保！
QUEST_RAT_4_10_QUESTINFODATA_ACTIONS_0_TESTSUCCESSOUTCOME_OUTCOMETEXT,你的意念與毒藥搏鬥著，越過吧檯後將你的匕首插進了酒保的胸膛。看起來不虧：他身上有一張隨從卡牌！
QUEST_RAT_4_10_QUESTINFODATA_ACTIONS_1_ACTIONTEXT,逃離酒吧，躲在人群裡。
QUEST_RAT_4_10_QUESTINFODATA_ACTIONS_1_DEFAULTOUTCOME_JOURNALTEXT,我們的英雄知道毒藥很快就會發作，蹣跚著逃進了村裡密集的人群裡，從視線中消失了。
QUEST_RAT_4_10_QUESTINFODATA_ACTIONS_1_DEFAULTOUTCOME_OUTCOMETEXT,還沒等他反應過來，你就蹣跚著逃離了危險的酒吧侍者，消失在了人群中。數小時後，你在一條佈滿垃圾的小巷裡醒了過來。
QUEST_RAT_4_10_QUESTINFODATA_ACTIONS_2_ACTIONTEXT,「聞著像是顛茄毒。來，喝下這個。」
QUEST_RAT_4_10_QUESTINFODATA_ACTIONS_2_DEFAULTOUTCOME_JOURNALTEXT,幸運的是，<hero_name>的藥劑師很快找到了解藥，讓我們的英雄很快就追上了陰險的酒吧侍者！
QUEST_RAT_4_10_QUESTINFODATA_ACTIONS_2_DEFAULTOUTCOME_OUTCOMETEXT,你的藥劑師遞給你解藥，毒藥的擴散被阻止了。酒保逃跑了 ── 但你和你的匕首很快追上了他。
QUEST_RAT_4_10_QUESTINFODATA_ACTIONS_3_ACTIONTEXT,「走！快！」
QUEST_RAT_4_10_QUESTINFODATA_ACTIONS_3_DEFAULTOUTCOME_JOURNALTEXT,還好，<hero_name>的咒術師之前就看到了這場把戲。他偷了酒吧侍者的腰包，拿走了解藥和一張咒術卡牌。
QUEST_RAT_4_10_QUESTINFODATA_ACTIONS_3_DEFAULTOUTCOME_OUTCOMETEXT,你的咒術師把你拉到外面。你已經難以呼吸。他將一個瓶子推進你手裡。「他兜裡有解藥。喝吧！」
QUEST_RAT_4_10_QUESTINFODATA_ENCOUNTERTEXT,村子挺好的，酒保甚至免費給了你一杯酒！就是味道有點……奇怪。難道說 ── ？沒錯，肯定是下毒了。
QUEST_RAT_4_10_QUESTINFODATA_JOURNALENCOUNTERTEXT,一切看起來都再正常不過了。親切的群眾、和藹的酒保 ── 免費的酒也超棒的！直到<hero_name>喝到了毒酒。
QUEST_RAT_4_10_QUESTINFODATA_JOURNALRUMOURTEXT,有傳言說，附近的一個鎮子不太歡迎鼠族。我們的英雄啟程去一探究竟。
QUEST_RAT_4_10_QUESTINFODATA_RUMOURTEXT,去附近村子的時候，你得多加小心。有傳言說他們很不歡迎鼠族！
QUEST_RAT_4_10_QUESTINFODATA_TITLE,一杯糟酒
QUEST_RAT_4_11_QUESTINFODATA_ACTIONS_0_ACTIONTEXT,爬上塔，偷回卡牌。
QUEST_RAT_4_11_QUESTINFODATA_ACTIONS_0_DEFAULTOUTCOME_JOURNALTEXT,我們的英雄大膽地開始攀爬，但顯然頂部實在太遙遠。<hero_name>跌了下來，狠狠地摔在了地面上。
QUEST_RAT_4_11_QUESTINFODATA_ACTIONS_0_DEFAULTOUTCOME_OUTCOMETEXT,你開始攀爬，但很顯然你還不夠強壯，沒法做到。你沒抓好，狠狠地摔在了地上。
QUEST_RAT_4_11_QUESTINFODATA_ACTIONS_0_TESTSUCCESSOUTCOME_JOURNALTEXT,這塔對於我們勇敢的英雄來說不算什麼，隨從卡牌很快就回到了鼠族爪中。
QUEST_RAT_4_11_QUESTINFODATA_ACTIONS_0_TESTSUCCESSOUTCOME_OUTCOMETEXT,你的爪子能夠找到哪怕是最小的支撐點，輕易便爬上了塔。你拿走了目標，然後在那裡留下一把匕首。
QUEST_RAT_4_11_QUESTINFODATA_ACTIONS_1_ACTIONTEXT,從前門突破。
QUEST_RAT_4_11_QUESTINFODATA_ACTIONS_1_DEFAULTOUTCOME_JOURNALTEXT,我們的英雄想從前門溜進去，但守衛們反應很快。不過，<hero_name>卻因這次努力更加強壯了！
QUEST_RAT_4_11_QUESTINFODATA_ACTIONS_1_DEFAULTOUTCOME_OUTCOMETEXT,你打開了前門的鎖，試圖潛行通過這段長路。不幸的是，還沒等你到達頂部，就被塔的守衛發現了。
QUEST_RAT_4_11_QUESTINFODATA_ACTIONS_2_ACTIONTEXT,「一點魔法或許會有大用。需要我幫忙嗎？」
QUEST_RAT_4_11_QUESTINFODATA_ACTIONS_2_DEFAULTOUTCOME_JOURNALTEXT,我們英雄的學徒讓他們變得隱形，輕而易舉地便進入了塔裡。卡牌已經不見了，但也得到了一件值錢的物品！
QUEST_RAT_4_11_QUESTINFODATA_ACTIONS_2_DEFAULTOUTCOME_OUTCOMETEXT,學徒低語了一個簡單的咒術，你就隱形了。雖然沒找到卡牌，但你還是帶走了騎士的寶貝！
QUEST_RAT_4_11_QUESTINFODATA_ACTIONS_3_ACTIONTEXT,「來，試試這些。」
QUEST_RAT_4_11_QUESTINFODATA_ACTIONS_3_DEFAULTOUTCOME_JOURNALTEXT,有了鐵匠打造的特殊靴子，我們的英雄爬上了牆壁。目標已經不見了，但發現了另一件寶物。
QUEST_RAT_4_11_QUESTINFODATA_ACTIONS_3_DEFAULTOUTCOME_OUTCOMETEXT,鐵匠遞給你一雙特殊的攀登靴。  你沒發現目標，但倒是搶了一把城堡寶庫！
QUEST_RAT_4_11_QUESTINFODATA_ENCOUNTERTEXT,騎士的塔防禦很鬆，至少外面是這樣。靠近頂部的一個打開的窗戶看起來很容易進去……
QUEST_RAT_4_11_QUESTINFODATA_JOURNALENCOUNTERTEXT,<hero_name>可不會傻站著！騎士住在一座高塔裡，一張隨從卡牌就鎖在裡面的某處。
QUEST_RAT_4_11_QUESTINFODATA_JOURNALRUMOURTEXT,要打劫鼠族如同自殺，但總有人這麼做。這回，一位卑鄙的騎士搶走了一張本應屬於我們英雄的隨從卡牌。
QUEST_RAT_4_11_QUESTINFODATA_RUMOURTEXT,一位卑鄙的騎士打劫了我們的兄弟，然後搶走了一張本來應該給你的隨從卡牌。不過不用擔心 ── 我知道他住在哪。
QUEST_RAT_4_11_QUESTINFODATA_TITLE,高塔
QUEST_RAT_4_12_QUESTINFODATA_ACTIONS_0_ACTIONTEXT,幫助奴隸們通過沼澤最難的部分。
QUEST_RAT_4_12_QUESTINFODATA_ACTIONS_0_DEFAULTOUTCOME_JOURNALTEXT,不幸的是，沼澤對我們的英雄來說實在是太過危險，無數的奴隸在這悲慘的一天裡失去了生命。
QUEST_RAT_4_12_QUESTINFODATA_ACTIONS_0_DEFAULTOUTCOME_OUTCOMETEXT,你想要幫助奴隸們逃離骯髒的沼澤，但你實在是不夠強大。許多奴隸在你魯莽的逃跑中死去了。
QUEST_RAT_4_12_QUESTINFODATA_ACTIONS_0_TESTSUCCESSOUTCOME_JOURNALTEXT,幸運的是，我們的英雄有著健壯的身體和強韌的心靈，帶領著獲救的奴隸們穿過致命的沼澤，成功地從奴隸販子的魔掌中逃脫！
QUEST_RAT_4_12_QUESTINFODATA_ACTIONS_0_TESTSUCCESSOUTCOME_OUTCOMETEXT,你運用自己的力量，幫助哪怕是最孱弱的奴隸逃離了沼澤。他們沒什麼東西，但都給了你報答。
QUEST_RAT_4_12_QUESTINFODATA_ACTIONS_1_ACTIONTEXT,讓奴隸們分散開。這是騙過奴隸主的最好方法！
QUEST_RAT_4_12_QUESTINFODATA_ACTIONS_1_DEFAULTOUTCOME_JOURNALTEXT,為了騙過奴隸主，<hero_name>命令奴隸們散開。不幸的是，很多奴隸都因此喪生在了危險的沼澤中。
QUEST_RAT_4_12_QUESTINFODATA_ACTIONS_1_DEFAULTOUTCOME_OUTCOMETEXT,你讓奴隸們分散開來，但其實自己也清楚大部分人都沒法活著走出沼澤。不過，少數逃出去的人還是對你十分感激。
QUEST_RAT_4_12_QUESTINFODATA_ACTIONS_2_ACTIONTEXT,「有條很少有人知道的小路能把我們帶到安全的地方！」
QUEST_RAT_4_12_QUESTINFODATA_ACTIONS_2_DEFAULTOUTCOME_JOURNALTEXT,多虧了<hero_name>忠誠的探險者發現的秘密通道，奴隸們得以順暢地逃離了。
QUEST_RAT_4_12_QUESTINFODATA_ACTIONS_2_DEFAULTOUTCOME_OUTCOMETEXT,你忠誠的探索者很瞭解這片沼澤，帶領你和逃出來的奴隸走進一條古老而隱蔽的道路，獲得了自由。
QUEST_RAT_4_12_QUESTINFODATA_ACTIONS_3_ACTIONTEXT,「家。」
QUEST_RAT_4_12_QUESTINFODATA_ACTIONS_3_DEFAULTOUTCOME_JOURNALTEXT,看起來陌生人也不完全是一個謎。為了幫助被釋放的奴隸，他向我們的英雄展示了他的家。
QUEST_RAT_4_12_QUESTINFODATA_ACTIONS_3_DEFAULTOUTCOME_OUTCOMETEXT,陌生人第一次展示了一些關於自己的事情，他帶你來到了附近的一個小屋。在那裡，奴隸們發現了食物與庇護所。
QUEST_RAT_4_12_QUESTINFODATA_ACTIONS_4_ACTIONTEXT,用懷爾德烈焰權杖開出一條路
QUEST_RAT_4_12_QUESTINFODATA_ACTIONS_4_DEFAULTOUTCOME_JOURNALTEXT,在我們英雄的請求下，懷爾德烈焰權杖引導著魔力，從危險的沼澤中為<hero_name>和奴隸們清出一條路。
QUEST_RAT_4_12_QUESTINFODATA_ACTIONS_4_DEFAULTOUTCOME_OUTCOMETEXT,法杖的魔法感受到了你旅途的純淨，在沼澤中清出了一條路。奴隸們趕忙跟上，歡呼雀躍。他們會安全的。
QUEST_RAT_4_12_QUESTINFODATA_ENCOUNTERTEXT,你遇上了那支奴隸商隊，當時它正小心地通過一片雷沙沼澤。你用匕首快速地一劃，奴隸們得救了！
QUEST_RAT_4_12_QUESTINFODATA_JOURNALENCOUNTERTEXT,找到商隊很容易，從疏忽的奴隸主那裡解救奴隸也不難。問題是如何活著逃出危險的沼澤。
QUEST_RAT_4_12_QUESTINFODATA_JOURNALRUMOURTEXT,一名當地的奴隸販子正在附近的沼澤進行貿易，激怒了我們的英雄。<hero_name>決定制止這骯髒的行為！
QUEST_RAT_4_12_QUESTINFODATA_RUMOURTEXT,據說一個奴隸商隊正帶著鼠族囚犯穿過這些沼澤。最好找到他們，中止這骯髒的行為！
QUEST_RAT_4_12_QUESTINFODATA_TITLE,沼澤逃生
QUEST_RAT_4_1_QUESTINFODATA_ACTIONS_0_ACTIONTEXT,用你的智慧繞開陷阱。
QUEST_RAT_4_1_QUESTINFODATA_ACTIONS_0_DEFAULTOUTCOME_JOURNALTEXT,有個陷阱中的一支劇毒飛鏢差點要了<hero_name>的命，於是只好從兔窩匆忙撤退！
QUEST_RAT_4_1_QUESTINFODATA_ACTIONS_0_DEFAULTOUTCOME_OUTCOMETEXT,你不小心觸發了一個陷阱，被一支可怕的劇毒飛鏢擊中了脖子。你逃離了古老的兔窩，感覺死亡就在眼前。
QUEST_RAT_4_1_QUESTINFODATA_ACTIONS_0_TESTSUCCESSOUTCOME_JOURNALTEXT,但即便是兔族的最高傑作，也無法匹敵我們英雄的智慧！陷阱很快就被解除了，寶藏就展露在前方！
QUEST_RAT_4_1_QUESTINFODATA_ACTIONS_0_TESTSUCCESSOUTCOME_OUTCOMETEXT,在通道的另一端，你很快就發現並解除了所有寶庫裡的陷阱。在裡面，一塊心靈石正閃爍著光芒。
QUEST_RAT_4_1_QUESTINFODATA_ACTIONS_1_ACTIONTEXT,避開設了陷阱的通道。
QUEST_RAT_4_1_QUESTINFODATA_ACTIONS_1_DEFAULTOUTCOME_JOURNALTEXT,陷阱對我們的英雄來說太過危險，但兔窩裡的古代知識卻是一件很有用的寶物！
QUEST_RAT_4_1_QUESTINFODATA_ACTIONS_1_DEFAULTOUTCOME_OUTCOMETEXT,你無視了佈滿陷阱的通道，發現了很多隨著時間遺失的羊皮紙，增進了你對愛門羅知識的瞭解。
QUEST_RAT_4_1_QUESTINFODATA_ACTIONS_2_ACTIONTEXT,穿上獅心胸甲
QUEST_RAT_4_1_QUESTINFODATA_ACTIONS_2_DEFAULTOUTCOME_JOURNALTEXT,我們的英雄穿戴上獅心胸甲，面無懼色地走過了致命的通道。他們輕易便洗劫了兔窩。
QUEST_RAT_4_1_QUESTINFODATA_ACTIONS_2_DEFAULTOUTCOME_OUTCOMETEXT,陷阱向你射來了致命的箭雨，但紛紛被你的胸甲彈開了。你笑著漫步在通道上。容易！
QUEST_RAT_4_1_QUESTINFODATA_ACTIONS_3_ACTIONTEXT,把侍從推上前去
QUEST_RAT_4_1_QUESTINFODATA_ACTIONS_3_DEFAULTOUTCOME_JOURNALTEXT,侍從被……鼓勵著為我們的英雄試探陷阱。為了獎賞他的勇敢，<hero_name>與他平分了寶藏。
QUEST_RAT_4_1_QUESTINFODATA_ACTIONS_3_DEFAULTOUTCOME_OUTCOMETEXT,侍從痛苦地叫喊著衝過大廳，被致命的陷阱攻擊著。你則慢悠悠地跟在他後面。你們平分了寶藏。
QUEST_RAT_4_1_QUESTINFODATA_ENCOUNTERTEXT,兔窩的通道盡頭是一扇石門，從邊緣滲出了藍色的光亮。雖然你還沒看到，但你知道這個通道裡一定有陷阱。
QUEST_RAT_4_1_QUESTINFODATA_JOURNALENCOUNTERTEXT,這個地方被遺棄已久，但兔族發明者的痕跡仍在。很明顯前面會有一些陷阱。
QUEST_RAT_4_1_QUESTINFODATA_JOURNALRUMOURTEXT,不是所有的寶物都會發藍光 ── 只有心靈石。正是這個簡單的事實將<hero_name>吸引到了這個老兔窩的故事上。
QUEST_RAT_4_1_QUESTINFODATA_RUMOURTEXT,有傳言說，愛門羅有一個古老的兔族兔窩。在各種可怕的陷阱後面，有一件神聖的寶物！
QUEST_RAT_4_1_QUESTINFODATA_TITLE,老兔窩
QUEST_RAT_4_2_QUESTINFODATA_ACTIONS_0_ACTIONTEXT,跟著血跡，尋找間諜。
QUEST_RAT_4_2_QUESTINFODATA_ACTIONS_0_DEFAULTOUTCOME_JOURNALTEXT,我們的英雄搜尋了數個小時，但失蹤的間諜依然行蹤成謎。他的一堆燒毀的報告算是這趟旅程唯一的收穫。
QUEST_RAT_4_2_QUESTINFODATA_ACTIONS_0_DEFAULTOUTCOME_OUTCOMETEXT,你找了又找，但和你預想的一樣，間諜依然不見蹤影。你只找到了一些寫著沒用情報的燒毀的羊皮紙。
QUEST_RAT_4_2_QUESTINFODATA_ACTIONS_0_TESTSUCCESSOUTCOME_JOURNALTEXT,間諜和攻擊他的人很快就在附近找到了，他們同時殺死了對方。他們的秘密如今屬於我們的英雄了。
QUEST_RAT_4_2_QUESTINFODATA_ACTIONS_0_TESTSUCCESSOUTCOME_OUTCOMETEXT,你發現了線人和狼族殺手的屍體。你從他們的身上找到了一張有用的隨從卡牌，謎團解開了。
QUEST_RAT_4_2_QUESTINFODATA_ACTIONS_1_ACTIONTEXT,不管間諜了，去獲取他的報告。
QUEST_RAT_4_2_QUESTINFODATA_ACTIONS_1_DEFAULTOUTCOME_JOURNALTEXT,間諜不見了，但他辛苦獲得的情報不會！我們的英雄在離開山頂前，獲取了剩下的東西。
QUEST_RAT_4_2_QUESTINFODATA_ACTIONS_1_DEFAULTOUTCOME_OUTCOMETEXT,你知道，無論發生了什麼，可能都是幾天以前的事情了，於是盡可能搜集了情報，然後離開了。
QUEST_RAT_4_2_QUESTINFODATA_ACTIONS_2_ACTIONTEXT,把巫毒娃娃浸在血中
QUEST_RAT_4_2_QUESTINFODATA_ACTIONS_2_DEFAULTOUTCOME_JOURNALTEXT,線人早已不在了，即便今日，他也依舊生死未卜。幸運的是，透過巫毒娃娃的魔法，他的血液派上了用場。
QUEST_RAT_4_2_QUESTINFODATA_ACTIONS_2_DEFAULTOUTCOME_OUTCOMETEXT,當你把巫毒娃娃放進血裡時，它發出了嗡嗡的聲音。你感覺魔法在身上流淌。線人不在了，但是他的血很有用。
QUEST_RAT_4_2_QUESTINFODATA_ACTIONS_3_ACTIONTEXT,用飛天翅靴獲得鳥瞰視野。
QUEST_RAT_4_2_QUESTINFODATA_ACTIONS_3_DEFAULTOUTCOME_JOURNALTEXT,在裝備上了附有魔法的飛天翅靴後，我們的英雄才找到了間諜的屍體，以及他付出生命去保護的重要情報。
QUEST_RAT_4_2_QUESTINFODATA_ACTIONS_3_DEFAULTOUTCOME_OUTCOMETEXT,靴子讓你獲得了鳥瞰視角，發現了間諜的安息之地。在離開前，你帶走了他丟掉的秘密。
QUEST_RAT_4_2_QUESTINFODATA_ACTIONS_4_ACTIONTEXT,「血？完美。」
QUEST_RAT_4_2_QUESTINFODATA_ACTIONS_4_DEFAULTOUTCOME_JOURNALTEXT,線人已經不在了。到了這一天，沒人知道他的命運。幸運的是，我們的英雄的煉金術師利用乾枯的血液獲得了魔法。
QUEST_RAT_4_2_QUESTINFODATA_ACTIONS_4_DEFAULTOUTCOME_OUTCOMETEXT,煉金術師急忙向前。雖然線人不在了，但他的生命之血依然可以提煉成強力的咒術。
QUEST_RAT_4_2_QUESTINFODATA_ENCOUNTERTEXT,你攀登到山頂，但只發現了一處廢棄的篝火和幾處乾涸的血跡，暗示著某種更大的惡意。背叛？
QUEST_RAT_4_2_QUESTINFODATA_JOURNALENCOUNTERTEXT,很不幸，間諜毫無蹤跡。一張傾倒的雙人桌或許暗示著這個惡徒的命運。
QUEST_RAT_4_2_QUESTINFODATA_JOURNALRUMOURTEXT,一個鼠族線人正在<quest_tile>等待著。該去看看他們究竟有什麼秘密了。
QUEST_RAT_4_2_QUESTINFODATA_RUMOURTEXT,據說有一位忠於鼠族的線人正在附近的山頂上等著你。或許最好去看看他們知道些什麼。
QUEST_RAT_4_2_QUESTINFODATA_TITLE,我們中的一個
QUEST_RAT_4_3_QUESTINFODATA_ACTIONS_0_ACTIONTEXT,說服隊長向你一個人效忠。
QUEST_RAT_4_3_QUESTINFODATA_ACTIONS_0_DEFAULTOUTCOME_JOURNALTEXT,不幸的是，隊長很快拒絕了<hero_name>，對鼠族說了幾句惡語，離開了酒吧。
QUEST_RAT_4_3_QUESTINFODATA_ACTIONS_0_DEFAULTOUTCOME_OUTCOMETEXT,你想依靠個人魅力，但叛變的隊長並沒有動搖。他宣稱鼠族不值得他浪費時間，匆忙離開了酒吧。
QUEST_RAT_4_3_QUESTINFODATA_ACTIONS_0_TESTSUCCESSOUTCOME_JOURNALTEXT,不過，靠著恩威並施，我們的英雄得以說服了叛變的隊長永遠為鼠族效忠。
QUEST_RAT_4_3_QUESTINFODATA_ACTIONS_0_TESTSUCCESSOUTCOME_OUTCOMETEXT,你熟練地說服了隊長，唯有投靠你，他才能獲得最大的利益。在離開前，他留下了一件寶物作為效忠的象徵。
QUEST_RAT_4_3_QUESTINFODATA_ACTIONS_1_ACTIONTEXT,威脅隊長為鼠族效忠。
QUEST_RAT_4_3_QUESTINFODATA_ACTIONS_1_DEFAULTOUTCOME_JOURNALTEXT,<hero_name>選擇用匕首說話，隊長很快就屈服了。為了他的小命，他允諾支持鼠族。
QUEST_RAT_4_3_QUESTINFODATA_ACTIONS_1_DEFAULTOUTCOME_OUTCOMETEXT,放在脖子上的匕首可以讓思想化為行動，眼前這個叛變的隊長急忙向鼠族效忠就是最好的例子。
QUEST_RAT_4_3_QUESTINFODATA_ACTIONS_2_ACTIONTEXT,「看見這赦令沒有？我殺了你也不會有一點事。」
QUEST_RAT_4_3_QUESTINFODATA_ACTIONS_2_DEFAULTOUTCOME_JOURNALTEXT,殺人無罪的威脅對於讓隊長保證站在鼠族一邊來說綽綽有餘了。
QUEST_RAT_4_3_QUESTINFODATA_ACTIONS_2_DEFAULTOUTCOME_OUTCOMETEXT,隊長的眼睛在羊皮紙上游移。他向鼠族宣誓效忠，離開前提供了友好的證明。
QUEST_RAT_4_3_QUESTINFODATA_ACTIONS_3_ACTIONTEXT,展示皇室旗幟
QUEST_RAT_4_3_QUESTINFODATA_ACTIONS_3_DEFAULTOUTCOME_JOURNALTEXT,我們的英雄展示出皇室旗幟，提醒了叛變的隊長自己的任務。他再一次向<hero_name>宣誓效忠。
QUEST_RAT_4_3_QUESTINFODATA_ACTIONS_3_DEFAULTOUTCOME_OUTCOMETEXT,「你資助我的敵人，就是資助國王的敵人！」隊長低下頭，滿臉羞愧。他的同伴紛紛離他而去。
QUEST_RAT_4_3_QUESTINFODATA_ACTIONS_4_ACTIONTEXT,煽動隊長的部下反抗他。
QUEST_RAT_4_3_QUESTINFODATA_ACTIONS_4_DEFAULTOUTCOME_JOURNALTEXT,愛門羅王國內還是有正義之士的。<hero_name>揭露了隊長的背叛，他的部下將他俘虜了。
QUEST_RAT_4_3_QUESTINFODATA_ACTIONS_4_DEFAULTOUTCOME_OUTCOMETEXT,正當隊長站起來準備攻擊時，你戴上了化妝面具。一番慷慨陳詞後，你揭露了他的墮落。他的部下逮捕了他。
QUEST_RAT_4_3_QUESTINFODATA_ENCOUNTERTEXT,你走進酒吧，坐在那個叛變的隊長對面，把匕首插在了桌子上。該行動了。
QUEST_RAT_4_3_QUESTINFODATA_JOURNALENCOUNTERTEXT,我們的英雄在一個破舊的酒吧裡逮著了他，匕首與刀劍在微光下閃爍著，會面瀰漫著一股惡意的氣氛。
QUEST_RAT_4_3_QUESTINFODATA_JOURNALRUMOURTEXT,一位忠於國王的高階隊長正向<hero_name>的敵人輸送金錢。很明顯這是不能容忍的。
QUEST_RAT_4_3_QUESTINFODATA_RUMOURTEXT,有傳言說，一個國王的守衛的高階隊長在資助你的敵人。去面對他吧，然後結束他的叛變。
QUEST_RAT_4_3_QUESTINFODATA_TITLE,叛徒隊長
QUEST_RAT_4_4_QUESTINFODATA_ACTIONS_0_ACTIONTEXT,乞求懷爾德讓這些汙穢之獸得到解脫。
QUEST_RAT_4_4_QUESTINFODATA_ACTIONS_0_DEFAULTOUTCOME_JOURNALTEXT,很遺憾，懷爾德是變幻無常的，我們的英雄沒能召喚祂的光芒。園丁犧牲了，我們的英雄也被迫逃跑。
QUEST_RAT_4_4_QUESTINFODATA_ACTIONS_0_DEFAULTOUTCOME_OUTCOMETEXT,懷爾德並沒有回應。你只能眼睜睜看著園丁被吞噬。你知道下一個就會是自己，趕緊逃離了沼澤。
QUEST_RAT_4_4_QUESTINFODATA_ACTIONS_0_TESTSUCCESSOUTCOME_JOURNALTEXT,幸運的是，我們的英雄與懷爾德關係密切，清除了野獸身上的汙穢，把園丁從悲慘的命運中拯救出來。
QUEST_RAT_4_4_QUESTINFODATA_ACTIONS_0_TESTSUCCESSOUTCOME_OUTCOMETEXT,一陣耀眼的光芒照耀著整片沼澤，殺死了蜘蛛。園丁十分感謝你的幫助，向你獻上了一塊心靈石作為報答。
QUEST_RAT_4_4_QUESTINFODATA_ACTIONS_1_ACTIONTEXT,引開蜘蛛的注意力
QUEST_RAT_4_4_QUESTINFODATA_ACTIONS_1_DEFAULTOUTCOME_JOURNALTEXT,我們的英雄很快想出了主意，用一把扔得恰到好處的匕首把蜘蛛的注意力從園丁那裡吸引過來，給了她逃跑的時間。
QUEST_RAT_4_4_QUESTINFODATA_ACTIONS_1_DEFAULTOUTCOME_OUTCOMETEXT,你向著最近的蜘蛛扔出一把匕首，吸引了牠們的注意力，然後引開了牠們。園丁逃走了，但你並不知道逃到了哪去。
QUEST_RAT_4_4_QUESTINFODATA_ACTIONS_2_ACTIONTEXT,「這些生物充滿了汙穢。讓我來吧。」
QUEST_RAT_4_4_QUESTINFODATA_ACTIONS_2_DEFAULTOUTCOME_JOURNALTEXT,幸好術士對汙穢十分了解，和蜘蛛們沒有衝突前就把牠們趕跑了。園丁毫髮無傷地逃脫了。
QUEST_RAT_4_4_QUESTINFODATA_ACTIONS_2_DEFAULTOUTCOME_OUTCOMETEXT,蜘蛛發出了嘶嘶的尖嘯，汙穢在牠們漆黑的體內流動著。牠們四處逃竄，使得園丁能夠安然逃脫。
QUEST_RAT_4_4_QUESTINFODATA_ACTIONS_3_ACTIONTEXT,開火！
QUEST_RAT_4_4_QUESTINFODATA_ACTIONS_3_DEFAULTOUTCOME_JOURNALTEXT,手持加農砲足夠用來逼退蜘蛛了。感激的園丁給了我們的英雄一件禮物。
QUEST_RAT_4_4_QUESTINFODATA_ACTIONS_3_DEFAULTOUTCOME_OUTCOMETEXT,手持加農砲在你的爪子中閃耀。蜘蛛瑟瑟發抖，逃進了附近的樹林。園丁安全了。多虧你瞄準得快。
QUEST_RAT_4_4_QUESTINFODATA_ACTIONS_4_ACTIONTEXT,把這些汙穢野獸趕回去！
QUEST_RAT_4_4_QUESTINFODATA_ACTIONS_4_DEFAULTOUTCOME_JOURNALTEXT,蜘蛛們被懷爾德的淨化之力震懾住了。我們的英雄用銀月巨鐮砍死了牠們，解救了園丁。
QUEST_RAT_4_4_QUESTINFODATA_ACTIONS_4_DEFAULTOUTCOME_OUTCOMETEXT,當你舉起銀月巨鐮時，它發出了耀眼的白光。蜘蛛們發出了尖嘯，它們甚麼都看不到了！你砍死了牠們，成功解救了園丁。
QUEST_RAT_4_4_QUESTINFODATA_ENCOUNTERTEXT,國王的私人園丁很容易就找到了 ── 她被三隻體型巨大、飢餓無比的汙穢蜘蛛給團團包圍了！
QUEST_RAT_4_4_QUESTINFODATA_JOURNALENCOUNTERTEXT,抵達那裡之後，園丁的處境顯而易見 ── 三隻被汙穢感染的蜘蛛包圍了她。園丁的小命已經離鬼門關不遠了！
QUEST_RAT_4_4_QUESTINFODATA_JOURNALRUMOURTEXT,皇室園丁失蹤了，有傳言說她迷失在了附近的沼澤裡。我們的英雄急忙前往沼澤。
QUEST_RAT_4_4_QUESTINFODATA_RUMOURTEXT,我聽說國王的園丁在<quest_tile>迷路了！如果你能救出她，她一定會給一件不錯的獎勵！
QUEST_RAT_4_4_QUESTINFODATA_TITLE,迷失在沼澤
QUEST_RAT_4_5_QUESTINFODATA_ACTIONS_0_ACTIONTEXT,召喚懷爾德對付野豬。
QUEST_RAT_4_5_QUESTINFODATA_ACTIONS_0_DEFAULTOUTCOME_JOURNALTEXT,這天懷爾德並沒有回應我們英雄的召喚。<hero_name>無助地看著，馬車繼續在平原上前進。
QUEST_RAT_4_5_QUESTINFODATA_ACTIONS_0_DEFAULTOUTCOME_OUTCOMETEXT,你向懷爾德低語，但祂並沒有聽到你的呼喚。你無助地站著，看著馬車在平原上滾滾而去。
QUEST_RAT_4_5_QUESTINFODATA_ACTIONS_0_TESTSUCCESSOUTCOME_JOURNALTEXT,懷爾德可以輕易處理這些野獸。一陣狂風將馬車吹翻後壓倒了他們，同時也解救了囚犯。
QUEST_RAT_4_5_QUESTINFODATA_ACTIONS_0_TESTSUCCESSOUTCOME_OUTCOMETEXT,一陣可怕的狂風吹過，馬車翻了過來，擊垮了守衛。囚犯得救了，並宣誓向你效忠。
QUEST_RAT_4_5_QUESTINFODATA_ACTIONS_1_ACTIONTEXT,請求懷爾德用霧覆蓋平原。
QUEST_RAT_4_5_QUESTINFODATA_ACTIONS_1_DEFAULTOUTCOME_JOURNALTEXT,懷爾德幫助我們的英雄救出了囚犯，不過守衛們倒是不太高興。戰鬥很快就結束了，但鼠族獲得了勝利。
QUEST_RAT_4_5_QUESTINFODATA_ACTIONS_1_DEFAULTOUTCOME_OUTCOMETEXT,薄霧浮現，但並不足以遮擋你的行動。囚犯在逃跑時受了傷 ── 傷重到無法加入你的行列。
QUEST_RAT_4_5_QUESTINFODATA_ACTIONS_2_ACTIONTEXT,「跟我來」
QUEST_RAT_4_5_QUESTINFODATA_ACTIONS_2_DEFAULTOUTCOME_JOURNALTEXT,比起直接攻擊這些野豬，我們的英雄在王牌間諜的請求下，選擇了更為隱蔽的方式。囚犯們得救了。真是千鈞一髮。
QUEST_RAT_4_5_QUESTINFODATA_ACTIONS_2_DEFAULTOUTCOME_OUTCOMETEXT,你的王牌間諜帶你悄悄來到了馬車旁。你切開後門，救出了囚犯，並獲得了一些其他東西。
QUEST_RAT_4_5_QUESTINFODATA_ACTIONS_3_ACTIONTEXT,高舉你的魔鴆之刃
QUEST_RAT_4_5_QUESTINFODATA_ACTIONS_3_DEFAULTOUTCOME_JOURNALTEXT,守衛們在恐懼中逃竄，讓我們的英雄有充足的時間釋放了囚犯，並為他們的幫助獲取了報酬。
QUEST_RAT_4_5_QUESTINFODATA_ACTIONS_3_DEFAULTOUTCOME_OUTCOMETEXT,守衛們遠遠地看見了你的刀刃，趕緊逃走了。囚犯們很感激，但並不敢加入一個手拿這種利刃的人。
QUEST_RAT_4_5_QUESTINFODATA_ACTIONS_4_ACTIONTEXT,武裝自己，發動攻擊！
QUEST_RAT_4_5_QUESTINFODATA_ACTIONS_4_DEFAULTOUTCOME_JOURNALTEXT,我們的英雄為解放囚犯而奮戰。他們感激地給了我們的英雄一件禮物，然後逃進了愛門羅的深山中。
QUEST_RAT_4_5_QUESTINFODATA_ACTIONS_4_DEFAULTOUTCOME_OUTCOMETEXT,沒有什麼野豬有力氣穿透群英頭盔。你拖住了他們，給囚犯爭取了逃跑的時間。然後撤退了。
QUEST_RAT_4_5_QUESTINFODATA_ENCOUNTERTEXT,鎖著囚犯的馬車在路上緩緩而行，拉車的是一對凶殘的野豬。你絕不能讓馬車走遠。
QUEST_RAT_4_5_QUESTINFODATA_JOURNALENCOUNTERTEXT,囚車在路上緩緩地移動，由一對野豬保護著。<hero_name>遠遠看著，計劃著大膽的逃跑計劃。
QUEST_RAT_4_5_QUESTINFODATA_JOURNALRUMOURTEXT,一名忠實的鼠族隨從被誣陷謀殺，正在被押解刑場的路上。<hero_name>已經沒什麼時間了。
QUEST_RAT_4_5_QUESTINFODATA_RUMOURTEXT,一名鼠族支持者被關在了囚車裡。如果你救出他們，一定會得到一位忠實的隨從。
QUEST_RAT_4_5_QUESTINFODATA_TITLE,監禁之鏈
QUEST_RAT_4_6_QUESTINFODATA_ACTIONS_0_ACTIONTEXT,召喚懷爾德製造一場凶兆。
QUEST_RAT_4_6_QUESTINFODATA_ACTIONS_0_DEFAULTOUTCOME_JOURNALTEXT,懷爾德可以幫忙，但卻選擇了忽略英雄的請求。會面結束了，我們的英雄被迫帶著失敗逃離了。
QUEST_RAT_4_6_QUESTINFODATA_ACTIONS_0_DEFAULTOUTCOME_OUTCOMETEXT,懷爾德無視了你的呼喚，你只能眼睜睜看著兩個部族結為同盟，而這只會擾亂鼠族。
QUEST_RAT_4_6_QUESTINFODATA_ACTIONS_0_TESTSUCCESSOUTCOME_JOURNALTEXT,懷爾德解決了這個問題：天空突然變得血紅，預示著極為可怕的徵兆。同盟結束了。
QUEST_RAT_4_6_QUESTINFODATA_ACTIONS_0_TESTSUCCESSOUTCOME_OUTCOMETEXT,懷爾德將天空變成了血紅色。兔子和熊大為驚詫，明白懷爾德並不看好他們的同盟。
QUEST_RAT_4_6_QUESTINFODATA_ACTIONS_1_ACTIONTEXT,擾亂會面，推遲同盟。
QUEST_RAT_4_6_QUESTINFODATA_ACTIONS_1_DEFAULTOUTCOME_JOURNALTEXT,我們的英雄衝進巨石陣，迫使族人們推遲。然而很遺憾，這兩個族群之間的結盟依然不可避免。
QUEST_RAT_4_6_QUESTINFODATA_ACTIONS_1_DEFAULTOUTCOME_OUTCOMETEXT,你走進石陣，讓熊和兔子吃了一驚。會面被打斷了，但你清楚，這只是將必然之事暫時推遲了而已。
QUEST_RAT_4_6_QUESTINFODATA_ACTIONS_2_ACTIONTEXT,「我能證明他們不適合聯盟。讓我來吧。」
QUEST_RAT_4_6_QUESTINFODATA_ACTIONS_2_DEFAULTOUTCOME_JOURNALTEXT,多虧了財務官費盡心力收集的證據拆穿了兩個部族間的陰謀詭計，他們的同盟關係決裂了。
QUEST_RAT_4_6_QUESTINFODATA_ACTIONS_2_DEFAULTOUTCOME_OUTCOMETEXT,財務官打斷了會面，出示了雙方僱傭暗殺的證據，控告雙方彼此敵對。雙方不歡而散。
QUEST_RAT_4_6_QUESTINFODATA_ACTIONS_3_ACTIONTEXT,偷偷靠近然後聽著
QUEST_RAT_4_6_QUESTINFODATA_ACTIONS_3_DEFAULTOUTCOME_JOURNALTEXT,陰謀詭計可是老鼠們的強項！我們的英雄躡手躡腳地湊了過去，然後開始偷聽。他們的陰謀現在完全沒用了。
QUEST_RAT_4_6_QUESTINFODATA_ACTIONS_3_DEFAULTOUTCOME_OUTCOMETEXT,發出微光的冰鑒斗篷讓你有辦法靠近會面地點。你偷聽到的情報遲早會派上用場的。
QUEST_RAT_4_6_QUESTINFODATA_ACTIONS_4_ACTIONTEXT,「不會吧？都發生過疾行兔清洗了？」
QUEST_RAT_4_6_QUESTINFODATA_ACTIONS_4_DEFAULTOUTCOME_JOURNALTEXT,熊族和兔族自從他們有記錄以來就是敵人了。有人得去給他們提個醒，吟遊詩人就是這個人。
QUEST_RAT_4_6_QUESTINFODATA_ACTIONS_4_DEFAULTOUTCOME_OUTCOMETEXT,你的吟遊詩人邁上前去，從他口中吐出的儘是熊族對兔族犯下的罪行。有了這次提醒，熊兔會談很快破裂了。
QUEST_RAT_4_6_QUESTINFODATA_ENCOUNTERTEXT,你注意到當地的熊族與兔族的頭領正在以低沉而又友善的口吻交談著。這可不行啊。
QUEST_RAT_4_6_QUESTINFODATA_JOURNALENCOUNTERTEXT,我們的英雄來到了巨石陣附近。熊族和兔族的人的確在那裡，正在友善地交談著 ── 聽上去像是要結盟。一定要阻止他們。
QUEST_RAT_4_6_QUESTINFODATA_JOURNALRUMOURTEXT,我們的英雄聽到傳言說熊族和兔族之間正在密謀同盟。如果是真的，那對鼠族來說絕對是災難。
QUEST_RAT_4_6_QUESTINFODATA_RUMOURTEXT,聽說兔族和熊族在附近計劃一場秘密的會談。難道是想結盟？你最好去看看他們在搞什麼鬼。
QUEST_RAT_4_6_QUESTINFODATA_TITLE,部族合謀
QUEST_RAT_4_7_QUESTINFODATA_ACTIONS_0_ACTIONTEXT,溜進城堡殺了狼族的傢伙。
QUEST_RAT_4_7_QUESTINFODATA_ACTIONS_0_DEFAULTOUTCOME_JOURNALTEXT,計劃的確不錯，可我們英雄的戰鬥技巧卻不行。狼族很快就佔了上風，逼著<hero_name>逃走了。
QUEST_RAT_4_7_QUESTINFODATA_ACTIONS_0_DEFAULTOUTCOME_OUTCOMETEXT,只可惜狼族很快就發現了你，他們憤怒地包圍了你。你只能落荒而逃。
QUEST_RAT_4_7_QUESTINFODATA_ACTIONS_0_TESTSUCCESSOUTCOME_JOURNALTEXT,計劃靠的是鋼鐵 ── 而且需要很多。<hero_name>悄悄潛入老城堡，殺光了裡面所有的狼族。
QUEST_RAT_4_7_QUESTINFODATA_ACTIONS_0_TESTSUCCESSOUTCOME_OUTCOMETEXT,你的突襲如同黑夜般悄無聲息，一頭狼都別想活下來。城堡和裡面的寶物都是你的了。
QUEST_RAT_4_7_QUESTINFODATA_ACTIONS_1_ACTIONTEXT,對狼族做出讓步。
QUEST_RAT_4_7_QUESTINFODATA_ACTIONS_1_DEFAULTOUTCOME_JOURNALTEXT,憑著自身的力量，你給狼族一個選擇：分享利潤，不然就死。謝天謝地，狼族接受了。
QUEST_RAT_4_7_QUESTINFODATA_ACTIONS_1_DEFAULTOUTCOME_OUTCOMETEXT,當你確定狼族已經發現你了，你提出赦免，以換來城堡一半的收入。他們覺得有趣，接受了協議。
QUEST_RAT_4_7_QUESTINFODATA_ACTIONS_2_ACTIONTEXT,用皇室護盾作為防禦，對城堡發動猛攻。
QUEST_RAT_4_7_QUESTINFODATA_ACTIONS_2_DEFAULTOUTCOME_JOURNALTEXT,對於大部分情況來說，對城堡發動猛攻都是下下之策。但是皇室護盾卻讓我們的英雄免受一切傷害。
QUEST_RAT_4_7_QUESTINFODATA_ACTIONS_2_DEFAULTOUTCOME_OUTCOMETEXT,狼族的攻擊全被你的盾牌擋開了，你將他們清出了城堡，沒有受到絲毫損傷。
QUEST_RAT_4_7_QUESTINFODATA_ACTIONS_3_ACTIONTEXT,「他們真是一無所知。」
QUEST_RAT_4_7_QUESTINFODATA_ACTIONS_3_DEFAULTOUTCOME_JOURNALTEXT,運營一個賭場可比狼族以為的要複雜得多。他們只好求助，而商人正好藉此收費。
QUEST_RAT_4_7_QUESTINFODATA_ACTIONS_3_DEFAULTOUTCOME_OUTCOMETEXT,在商人的陪同下，你進去了。狼族根本不知道怎麼運營一個賭場。他們同意只要能幫忙運營起來，就給你分紅，而你就這樣趁機敲了他們一筆。
QUEST_RAT_4_7_QUESTINFODATA_ACTIONS_4_ACTIONTEXT,「我們隨時能把城堡給弄塌的。」
QUEST_RAT_4_7_QUESTINFODATA_ACTIONS_4_DEFAULTOUTCOME_JOURNALTEXT,賭窩已經挺立多年了，它不可能永遠持續下去。在礦工的幫助下，我們的英雄把它弄塌了。殺光了裡面所有的傢伙。
QUEST_RAT_4_7_QUESTINFODATA_ACTIONS_4_DEFAULTOUTCOME_OUTCOMETEXT,與其讓賭窩落入狼族手裡，還不如毀了它呢。在礦工的幫助下，你弄倒了關鍵的支柱。賭窩崩塌了，殺死了裡面所有生物。
QUEST_RAT_4_7_QUESTINFODATA_ENCOUNTERTEXT,你來到了一座古代城堡的遺跡前，這裡是鼠族隱秘的賭博帝國 ── 只不過現在被狼族佔領了。
QUEST_RAT_4_7_QUESTINFODATA_JOURNALENCOUNTERTEXT,問題是，怎麼奪？狼族把守著古城，不分晝夜。<hero_name>需要一個計劃。
QUEST_RAT_4_7_QUESTINFODATA_JOURNALRUMOURTEXT,森林中的賭窩是鼠族的家業……卻被狼族侵佔了。我們的英雄發誓要奪回來。
QUEST_RAT_4_7_QUESTINFODATA_RUMOURTEXT,有傳言說森林深處的一座古老鼠族賭窩被狼族佔領了。你的上頭想讓你去奪回來。
QUEST_RAT_4_7_QUESTINFODATA_TITLE,賭窩
QUEST_RAT_4_8_QUESTINFODATA_ACTIONS_0_ACTIONTEXT,證明鼠族有稱王的實力，消滅他們。
QUEST_RAT_4_8_QUESTINFODATA_ACTIONS_0_DEFAULTOUTCOME_JOURNALTEXT,遭到刺客們的圍攻，我們英雄獲勝的機會渺茫。幸好高高的草叢成了掩護，避免了一場死亡。
QUEST_RAT_4_8_QUESTINFODATA_ACTIONS_0_DEFAULTOUTCOME_OUTCOMETEXT,失去了奇襲的優勢，你很快就受傷了。趁著扔出的一些金幣轉移他們注意力的時候，你進到高高的草叢中甩掉了他們。
QUEST_RAT_4_8_QUESTINFODATA_ACTIONS_0_TESTSUCCESSOUTCOME_JOURNALTEXT,熊和狼很快就在我們英雄的刀光劍影中殞命了，只有兔子逃走了 ── 還是用他們當地英雄的忠誠服侍喚來的。
QUEST_RAT_4_8_QUESTINFODATA_ACTIONS_0_TESTSUCCESSOUTCOME_OUTCOMETEXT,你的匕首飛舞著，先是終結了熊的命。接著狼倒下了，最後兔子為了活命只能交出了一張隨從卡牌。
QUEST_RAT_4_8_QUESTINFODATA_ACTIONS_1_ACTIONTEXT,鑽進高高的草叢裡逃跑。
QUEST_RAT_4_8_QUESTINFODATA_ACTIONS_1_DEFAULTOUTCOME_JOURNALTEXT,我們的英雄知道如果現身就必敗無疑，他躲進了高高的草叢裡，避開了暗殺者們，逃出了這個陷阱。
QUEST_RAT_4_8_QUESTINFODATA_ACTIONS_1_DEFAULTOUTCOME_OUTCOMETEXT,你嘴角一撇，躲進了高高的草叢裡，徹底從他們的視線中消失了。你幸運地活著離開了！
QUEST_RAT_4_8_QUESTINFODATA_ACTIONS_2_ACTIONTEXT,「這些傻瓜毫無勝算。」
QUEST_RAT_4_8_QUESTINFODATA_ACTIONS_2_DEFAULTOUTCOME_JOURNALTEXT,然而狂戰士完全沒想過要逃跑。他的斧子輕鬆地解決了三個暗殺者，救下了我們英雄的命。
QUEST_RAT_4_8_QUESTINFODATA_ACTIONS_2_DEFAULTOUTCOME_OUTCOMETEXT,狂戰士衝了上去，他的斧子一下就擊倒了驚恐的熊。狼和兔子想要逃走，可已經太遲了。
QUEST_RAT_4_8_QUESTINFODATA_ACTIONS_3_ACTIONTEXT,讓他們見見真正的力量
QUEST_RAT_4_8_QUESTINFODATA_ACTIONS_3_DEFAULTOUTCOME_JOURNALTEXT,我們英雄的烏鴉之喙匕首增強了他們的力量。<hero_name>殺掉了暗殺者，證明了鼠族才是間諜活動的大師。
QUEST_RAT_4_8_QUESTINFODATA_ACTIONS_3_DEFAULTOUTCOME_OUTCOMETEXT,沒有比鼠族更適合做暗殺者的了。你向他們招手示意，然後用烏鴉之喙匕首發動了攻擊。他們落敗了，你汲取了他們的力量。
QUEST_RAT_4_8_QUESTINFODATA_ACTIONS_4_ACTIONTEXT,呼喚懷爾德的幫助
QUEST_RAT_4_8_QUESTINFODATA_ACTIONS_4_DEFAULTOUTCOME_JOURNALTEXT,暗殺者們被我們英雄的懷爾德護符挫敗了。依靠它的力量，<hero_name>才得以逃脫。
QUEST_RAT_4_8_QUESTINFODATA_ACTIONS_4_DEFAULTOUTCOME_OUTCOMETEXT,面對這種不公，懷爾德可不會坐視不管。當你舉起護符的時候，它有了回應，升起了一片濃霧讓你趁機逃走了。
QUEST_RAT_4_8_QUESTINFODATA_ENCOUNTERTEXT,當你走在平原上的時候，感覺自己並非孤身一人，很快你就發現自己被狼族、兔族還有熊族的暗殺者包圍了。
QUEST_RAT_4_8_QUESTINFODATA_JOURNALENCOUNTERTEXT,最先現身的熊族暗殺者，而狼族和兔族的就躲在附近。我們的英雄得盡快逃離這場埋伏！
QUEST_RAT_4_8_QUESTINFODATA_JOURNALRUMOURTEXT,其他部族開始孤注一擲了，他們聚集了最優秀的暗殺者想要在平原上刺殺我們的英雄。
QUEST_RAT_4_8_QUESTINFODATA_RUMOURTEXT,有傳言說在平原上有一群兔族、熊族以及狼族暗殺者組成的同盟，密謀著想要你的命。
QUEST_RAT_4_8_QUESTINFODATA_TITLE,平原上的埋伏
QUEST_RAT_4_9_QUESTINFODATA_ACTIONS_0_ACTIONTEXT,拔出寶劍面對惡魔。
QUEST_RAT_4_9_QUESTINFODATA_ACTIONS_0_DEFAULTOUTCOME_JOURNALTEXT,原來是一隻魔鴆！我們的英雄勇敢地起身戰鬥，但汙穢的化身實在太強大了，逼著他們逃出了地牢。
QUEST_RAT_4_9_QUESTINFODATA_ACTIONS_0_DEFAULTOUTCOME_OUTCOMETEXT,你發現在黑暗中追獵你的竟然是一隻魔鴆！牠揮騰著極黑的汙穢向你襲來，逼著你落荒而逃。
QUEST_RAT_4_9_QUESTINFODATA_ACTIONS_0_TESTSUCCESSOUTCOME_JOURNALTEXT,原來那是一隻魔鴆！我們的英雄憑著蠻力幹掉了牠，不僅如此，還得到了一名冒險者同伴的追隨。
QUEST_RAT_4_9_QUESTINFODATA_ACTIONS_0_TESTSUCCESSOUTCOME_OUTCOMETEXT,憑藉著嫻熟的戰鬥技巧，邪惡的魔鴆很快就倒在了你的寶劍之下。你搜尋著受害者們，結果在其中找到了一張隨從卡。
QUEST_RAT_4_9_QUESTINFODATA_ACTIONS_1_ACTIONTEXT,翻找最近的寶箱然後逃跑。
QUEST_RAT_4_9_QUESTINFODATA_ACTIONS_1_DEFAULTOUTCOME_JOURNALTEXT,我們的英雄深知最好避免和古代的邪惡之物正面衝突。在洗劫了附近的一個寶箱之後，他們安然地逃出了地牢。
QUEST_RAT_4_9_QUESTINFODATA_ACTIONS_1_DEFAULTOUTCOME_OUTCOMETEXT,沒必要留下來硬碰硬！你打開了最近的寶箱，抓起裡面最閃亮的東西就逃走了。
QUEST_RAT_4_9_QUESTINFODATA_ACTIONS_2_ACTIONTEXT,高舉魔鴆之爪，結束一場還未開始的戰鬥。
QUEST_RAT_4_9_QUESTINFODATA_ACTIONS_2_DEFAULTOUTCOME_JOURNALTEXT,幸運的是，我們的英雄有魔鴆之爪在手，逼著地牢中古老的恐怖永遠退回了黑暗之中。
QUEST_RAT_4_9_QUESTINFODATA_ACTIONS_2_DEFAULTOUTCOME_OUTCOMETEXT,你舉起了爪子，堅守自己的位置。當邪惡的魔鴆繞過轉角時，牠嘶叫著發出尖叫，最後消失在一團黑煙之中。
QUEST_RAT_4_9_QUESTINFODATA_ACTIONS_3_ACTIONTEXT,「啊啊啊！」
QUEST_RAT_4_9_QUESTINFODATA_ACTIONS_3_DEFAULTOUTCOME_JOURNALTEXT,傻瓜一路上已經受了不少的刺激，在地下見到這樣一頭怪物終於成了壓垮他的最後一根稻草。他叫得那麼大聲，那頭野獸嚇跑了。
QUEST_RAT_4_9_QUESTINFODATA_ACTIONS_3_DEFAULTOUTCOME_OUTCOMETEXT,你隊伍中的傻瓜尖叫起來。算你走運，尖叫聲讓那頭生物敬而遠之。你趁機撈走了附近的寶箱並逃走了。
QUEST_RAT_4_9_QUESTINFODATA_ENCOUNTERTEXT,當你穿行在這個險惡的地方時，各種詭異的音調在曲折的小道上迴盪著。某個黑暗的存在正在前方虎視眈眈……
QUEST_RAT_4_9_QUESTINFODATA_JOURNALENCOUNTERTEXT,在地牢的深處，我們的英雄發現了一座充斥著曲折小道和上鎖大門的陰冷迷宮……還有些別的什麼。那是一場邪惡的覺醒！
QUEST_RAT_4_9_QUESTINFODATA_JOURNALRUMOURTEXT,一座古老的鼠族城樓深埋於地下，被遺忘了幾個世代。<hero_name>將會是這幾世紀來第一個開啟牠大門的野獸。
QUEST_RAT_4_9_QUESTINFODATA_RUMOURTEXT,長久以來一直有傳言說在愛門羅有一座被遺忘的城樓，那裡是一個瘋狂修補匠的家。去找到它，看看裡面到底有什麼寶貝。
QUEST_RAT_4_9_QUESTINFODATA_TITLE,深處的魔鴆
QUEST_RAT_5_1_QUESTINFODATA_ACTIONS_0_ACTIONTEXT,進入王宮城牆。
QUEST_RAT_5_1_QUESTINFODATA_ACTIONS_0_DEFAULTOUTCOME_JOURNALTEXT,<hero_name>通過一條密道溜進了王宮大院。這王座和它瘋狂的所有者，終於近在咫尺了。
QUEST_RAT_5_1_QUESTINFODATA_ACTIONS_0_DEFAULTOUTCOME_OUTCOMETEXT,你無聲無息地進入了王宮，通往國王的路就在你前面。這是一條通往你旅程終點的路，這是一條通往愛門羅王座的路。
QUEST_RAT_5_1_QUESTINFODATA_ENCOUNTERTEXT,王宮的穹頂直插雲霄，隱匿在一片精心修建的灌木叢後面的就是你的入口：一扇半開著的柵欄鐵門。
QUEST_RAT_5_1_QUESTINFODATA_JOURNALENCOUNTERTEXT,王宮的城牆已經為愛門羅的國王攔下了無數的軍隊、間諜還有暗殺者，可它攔不住鼠族。
QUEST_RAT_5_1_QUESTINFODATA_JOURNALRUMOURTEXT,鼠族的特務為我們的英雄找到了一條能穿過王宮重重危機的安全小路 ── 一條直通國王王座室的路！
QUEST_RAT_5_1_QUESTINFODATA_RUMOURTEXT,鼠族的特務發現了國王的防禦中的弱點，是時候由鼠族來奪得王座了！
QUEST_RAT_5_1_QUESTINFODATA_TITLE,決戰
QUEST_RAT_PROLOGUE_1_QUESTINFODATA_ACTIONS_0_ACTIONTEXT,吹一曲鼠族小調
QUEST_RAT_PROLOGUE_1_QUESTINFODATA_ACTIONS_0_TESTSUCCESSOUTCOME_JOURNALTEXT,<hero_name>吹了一首古老的鼠族之歌，將王牌間諜從她藏身的陰影中吸引了出來。他們的任務可以開始了。
QUEST_RAT_PROLOGUE_1_QUESTINFODATA_ACTIONS_0_TESTSUCCESSOUTCOME_OUTCOMETEXT,你挑了一首冷僻的小曲，一首只有留心聆聽才會知道的小曲。吹了沒幾個音節，王牌間諜就坐到了你的身邊。
QUEST_RAT_PROLOGUE_1_QUESTINFODATA_ENCOUNTERTEXT,城市熱鬧非凡。你進入了酒館，環視了一圈。都是你從沒見過的傢伙，沒看見王牌間諜。
QUEST_RAT_PROLOGUE_1_QUESTINFODATA_JOURNALENCOUNTERTEXT,拿到懸賞之後，我們的英雄進入了南岸村。他們不知道該去那裡找間諜，於是就去拜訪了酒館。
QUEST_RAT_PROLOGUE_1_QUESTINFODATA_JOURNALRUMOURTEXT,<hero_name>向著王宮奔去。他們有兩個目標，拿到森腦袋上的懸賞，還有找到王牌間諜。
QUEST_RAT_PROLOGUE_1_QUESTINFODATA_RUMOURTEXT,命令下來了，王牌間諜正在南岸等你。
QUEST_RAT_PROLOGUE_1_QUESTINFODATA_TITLE,鼠族之歌
QUEST_RAT_PROLOGUE_2_QUESTINFODATA_ACTIONS_0_ACTIONTEXT,偷偷繞過去。
QUEST_RAT_PROLOGUE_2_QUESTINFODATA_ACTIONS_0_TESTSUCCESSOUTCOME_JOURNALTEXT,沒人能發現一隻老鼠。我們的英雄繞過了愚蠢的守衛。不管森在盤算著什麼，墨可利歐很快就能知道了。
QUEST_RAT_PROLOGUE_2_QUESTINFODATA_ACTIONS_0_TESTSUCCESSOUTCOME_OUTCOMETEXT,你像是月光下的一道影子。就算近在咫尺，守衛也沒有發現你。線人是一名礦工，他微笑著引你進門。
QUEST_RAT_PROLOGUE_2_QUESTINFODATA_ACTIONS_1_ACTIONTEXT,給線人發信號。
QUEST_RAT_PROLOGUE_2_QUESTINFODATA_ACTIONS_1_DEFAULTOUTCOME_JOURNALTEXT,我們的英雄不能親自會見這個線人，但他們還是通過秘密的情報聯絡點取得了情報。
QUEST_RAT_PROLOGUE_2_QUESTINFODATA_ACTIONS_1_DEFAULTOUTCOME_OUTCOMETEXT,小小一點閃光就能讓線人知道你已經到了。她回應了你的信號，然後丟過來一封信。就這樣秘密接頭了，你也拿到了所需的情報。
QUEST_RAT_PROLOGUE_2_QUESTINFODATA_ENCOUNTERTEXT,夜晚的城市正在實施宵禁。線人的屋子就在街對面，可是屋子前面剛好有一個國王的守衛在巡邏。
QUEST_RAT_PROLOGUE_2_QUESTINFODATA_JOURNALENCOUNTERTEXT,我們的英雄毫不費力地趕到了村落裡，可那裡正在實施宵禁。一名國王的守衛在街上巡邏。
QUEST_RAT_PROLOGUE_2_QUESTINFODATA_JOURNALRUMOURTEXT,我們英雄的王牌間諜發現被偷的汙穢聖物藏在冬角山中。我們的英雄開始向那裡前進。
QUEST_RAT_PROLOGUE_2_QUESTINFODATA_RUMOURTEXT,王牌間諜發現被偷的汙穢聖物藏在冬角山中。城裡面有她的一個線人，對那座山瞭如指掌。
QUEST_RAT_PROLOGUE_2_QUESTINFODATA_TITLE,逐影
QUEST_RAT_PROLOGUE_AI_1_QUESTINFODATA_ACTIONS_0_ACTIONTEXT,QUEST_WOLF_PROLOGUE_AI_1_QUESTINFODATA_ACTIONS_0_ACTIONTEXT
QUEST_RAT_PROLOGUE_AI_1_QUESTINFODATA_ACTIONS_0_DEFAULTOUTCOME_JOURNALTEXT,QUEST_WOLF_PROLOGUE_AI_1_QUESTINFODATA_ACTIONS_0_DEFAULTOUTCOME_JOURNALTEXT
QUEST_RAT_PROLOGUE_AI_1_QUESTINFODATA_ACTIONS_0_DEFAULTOUTCOME_OUTCOMETEXT,QUEST_WOLF_PROLOGUE_AI_1_QUESTINFODATA_ACTIONS_0_DEFAULTOUTCOME_OUTCOMETEXT
QUEST_RAT_PROLOGUE_AI_1_QUESTINFODATA_ACTIONS_0_TESTSUCCESSOUTCOME_JOURNALTEXT,QUEST_WOLF_PROLOGUE_AI_1_QUESTINFODATA_ACTIONS_0_TESTSUCCESSOUTCOME_JOURNALTEXT
QUEST_RAT_PROLOGUE_AI_1_QUESTINFODATA_ACTIONS_0_TESTSUCCESSOUTCOME_OUTCOMETEXT,QUEST_WOLF_PROLOGUE_AI_1_QUESTINFODATA_ACTIONS_0_TESTSUCCESSOUTCOME_OUTCOMETEXT
QUEST_RAT_PROLOGUE_AI_1_QUESTINFODATA_ENCOUNTERTEXT,QUEST_WOLF_PROLOGUE_AI_1_QUESTINFODATA_ENCOUNTERTEXT
QUEST_RAT_PROLOGUE_AI_1_QUESTINFODATA_JOURNALENCOUNTERTEXT,QUEST_WOLF_PROLOGUE_AI_1_QUESTINFODATA_JOURNALENCOUNTERTEXT
QUEST_RAT_PROLOGUE_AI_1_QUESTINFODATA_JOURNALRUMOURTEXT,QUEST_WOLF_PROLOGUE_AI_1_QUESTINFODATA_JOURNALRUMOURTEXT
QUEST_RAT_PROLOGUE_AI_1_QUESTINFODATA_RUMOURTEXT,QUEST_WOLF_PROLOGUE_AI_1_QUESTINFODATA_RUMOURTEXT
QUEST_RAT_PROLOGUE_AI_1_QUESTINFODATA_TITLE,QUEST_WOLF_PROLOGUE_AI_1_QUESTINFODATA_TITLE
QUEST_REWARDS,獎勵
QUEST_REWARD_FULL_HEAL,恢復所有的生命值
QUEST_REWARD_PALACE_ENTRY,王宮入口
QUEST_ROT_2_1_QUESTINFODATA_ACTIONS_0_ACTIONTEXT,佔領這裡，你會成為這些力量的新主人。
QUEST_ROT_2_1_QUESTINFODATA_ACTIONS_0_DEFAULTOUTCOME_JOURNALTEXT,地牢深處的危機顯而易見。我們英雄的黑暗之力飄了進來，卻被火與鋼逼了回去。很快，很快他們就會回來的。
QUEST_ROT_2_1_QUESTINFODATA_ACTIONS_0_DEFAULTOUTCOME_OUTCOMETEXT,小嘍嘍根本不是你的對手，都倒在了你的劍下。可是拷問者頭目用火紅的烙鐵逼退了你，你受了傷，逃走了。
QUEST_ROT_2_1_QUESTINFODATA_ACTIONS_0_TESTSUCCESSOUTCOME_JOURNALTEXT,在黑暗深處，我們的英雄以遺忘已久的苦痛之力為食。隨著汙穢滋長，他們也花時間施加了自己的痛苦。
QUEST_ROT_2_1_QUESTINFODATA_ACTIONS_0_TESTSUCCESSOUTCOME_OUTCOMETEXT,沒有逃跑的傢伙都被你幹掉了，你將拷問者頭目駕到了刑具上，讓他自己也嘗嘗骨頭被扯開的滋味。
QUEST_ROT_2_1_QUESTINFODATA_ACTIONS_1_ACTIONTEXT,殺掉囚犯
QUEST_ROT_2_1_QUESTINFODATA_ACTIONS_1_DEFAULTOUTCOME_JOURNALTEXT,火與鋼逼退了我們的英雄，使他們無法靠近那些拷問者，卻救不了那些囚犯。沒有了他們，國王的力量將被削弱。
QUEST_ROT_2_1_QUESTINFODATA_ACTIONS_1_DEFAULTOUTCOME_OUTCOMETEXT,拷問者們可以自保，可他們無法阻止你。你殺光了囚犯，國王只能從別的地方尋求力量了。
QUEST_ROT_2_1_QUESTINFODATA_ACTIONS_2_ACTIONTEXT,拿出巫毒娃娃
QUEST_ROT_2_1_QUESTINFODATA_ACTIONS_2_DEFAULTOUTCOME_JOURNALTEXT,巫毒娃娃就是一件帶來痛苦的工具。我們的英雄把它給了拷問者。他們造成的痛苦讓<hero_name>的力量增強了。
QUEST_ROT_2_1_QUESTINFODATA_ACTIONS_2_DEFAULTOUTCOME_OUTCOMETEXT,在拷問者看到巫毒娃娃時，他們露出了微笑。你把巫毒娃娃給了他們，用這個帶來的痛苦使你內心的汙穢力量更加強大了。
QUEST_ROT_2_1_QUESTINFODATA_ACTIONS_3_ACTIONTEXT,「我認識這個地方。」
QUEST_ROT_2_1_QUESTINFODATA_ACTIONS_3_DEFAULTOUTCOME_JOURNALTEXT,陌生人知道房間的佈局，領著我們的英雄穿了過去。不過他究竟是怎麼知道的，<hero_name>沒敢細問。
QUEST_ROT_2_1_QUESTINFODATA_ACTIONS_3_DEFAULTOUTCOME_OUTCOMETEXT,陌生人看著前方，帶著你穿過了一連串的小道，來到了一座特別的觀察室。這是國王的觀察室。你從這裡吸取了力量。
QUEST_ROT_2_1_QUESTINFODATA_ACTIONS_4_ACTIONTEXT,「這些是自由的野獸。」
QUEST_ROT_2_1_QUESTINFODATA_ACTIONS_4_DEFAULTOUTCOME_JOURNALTEXT,我們的英雄用皇室赦令解放了囚犯。<hero_name>要的不是他們的感謝。重要的是，國王被削弱了。
QUEST_ROT_2_1_QUESTINFODATA_ACTIONS_4_DEFAULTOUTCOME_OUTCOMETEXT,皇室赦令赦免了每一個囚徒，國王的一處力量之源消失了，他在決戰中的力量將被削弱了。
QUEST_ROT_2_1_QUESTINFODATA_ENCOUNTERTEXT,原本用來關押國王的敵人，如今<quest_tile>的囚牢關的都是無辜者。拷問者的頭目在你到來的時候大聲咆哮著。
QUEST_ROT_2_1_QUESTINFODATA_JOURNALENCOUNTERTEXT,我們的英雄來到了<quest_tile>。深邃的地牢裡傳來一陣陣尖叫聲。國王的特務還真是賣力呢。
QUEST_ROT_2_1_QUESTINFODATA_JOURNALRUMOURTEXT,<hero_name>聽傳言說國王現在靠拷問者造成的痛苦來增強自己。解救他們就意味著削弱他。
QUEST_ROT_2_1_QUESTINFODATA_RUMOURTEXT,無辜的野獸被國王折磨著。據說他們的痛苦增強了他的黑暗之力。或許你可以利用這一點。
QUEST_ROT_2_1_QUESTINFODATA_TITLE,以牙還牙
QUEST_ROT_2_2_QUESTINFODATA_ACTIONS_0_ACTIONTEXT,自願成為引導者
QUEST_ROT_2_2_QUESTINFODATA_ACTIONS_0_DEFAULTOUTCOME_JOURNALTEXT,我們的英雄自願成為引導者的載體，可是湧現的力量實在太強大了。它傷到了他們的精力，留給他們的只有虛弱和憤怒。
QUEST_ROT_2_2_QUESTINFODATA_ACTIONS_0_DEFAULTOUTCOME_OUTCOMETEXT,你被教徒們團團圍住，他們一起吟誦著，對你引導魔法。你尖叫著，受不了了！接著眼前一黑。
QUEST_ROT_2_2_QUESTINFODATA_ACTIONS_0_TESTSUCCESSOUTCOME_JOURNALTEXT,我們英雄自願成為儀式的引導者。儀式成功了！咒術將整片大地壟罩在汙穢之下，這有效地增強了我們英雄的力量！
QUEST_ROT_2_2_QUESTINFODATA_ACTIONS_0_TESTSUCCESSOUTCOME_OUTCOMETEXT,在儀式開始之時，天空也降下了雨水。十幾名教徒合力將力量引至你的體內，汙穢在你的身體不斷翻騰著。你露出了微笑，力量覺醒了！
QUEST_ROT_2_2_QUESTINFODATA_ACTIONS_1_ACTIONTEXT,加入儀式
QUEST_ROT_2_2_QUESTINFODATA_ACTIONS_1_DEFAULTOUTCOME_JOURNALTEXT,選中的侍僧無法承受這股力量，結果墮入了極黑的汙穢裡。我們的英雄還是從中學習了不少黑暗魔法的潛在之力。
QUEST_ROT_2_2_QUESTINFODATA_ACTIONS_1_DEFAULTOUTCOME_OUTCOMETEXT,你加入了教徒們的行列，你對著被選中的侍僧引導著自己強大的汙穢之力。他們的身體沒辦法承受這股強大的力量，全部都凋零死去了！
QUEST_ROT_2_2_QUESTINFODATA_ACTIONS_2_ACTIONTEXT,「把引導者捆好了。」
QUEST_ROT_2_2_QUESTINFODATA_ACTIONS_2_DEFAULTOUTCOME_JOURNALTEXT,鐵匠不相信儀式上的古怪魔法。他們用鐐銬把引導者固定好，從而在儀式中救了他們的命。
QUEST_ROT_2_2_QUESTINFODATA_ACTIONS_2_DEFAULTOUTCOME_OUTCOMETEXT,鐵匠用鏈條和鐐銬把選中的侍僧捆了起來，從而避免他們在引導中傷害自己。咒術成功了。
QUEST_ROT_2_2_QUESTINFODATA_ACTIONS_3_ACTIONTEXT,「讓我來準備咒術。」
QUEST_ROT_2_2_QUESTINFODATA_ACTIONS_3_DEFAULTOUTCOME_JOURNALTEXT,我們英雄的學徒準備好了咒術。「這些教徒真是小白。」他譏諷著，然後退了一步，「好了，準備就緒。」
QUEST_ROT_2_2_QUESTINFODATA_ACTIONS_3_DEFAULTOUTCOME_OUTCOMETEXT,學徒給自己的導師準備過上千次的儀式。他為<quest_tile>的咒術做好了準備。「好了，都沒問題了。」
QUEST_ROT_2_2_QUESTINFODATA_ACTIONS_4_ACTIONTEXT,「讓我來吧。」
QUEST_ROT_2_2_QUESTINFODATA_ACTIONS_4_DEFAULTOUTCOME_JOURNALTEXT,超級傻瓜自願成為引導者的載體，並在引導中活了下來。可自從那天之後，他就再也不像以前那樣無憂無慮了。
QUEST_ROT_2_2_QUESTINFODATA_ACTIONS_4_DEFAULTOUTCOME_OUTCOMETEXT,你本想阻止超級傻瓜的，可還是默許了。出乎你的意料，他活了下來。咒術成功了。
QUEST_ROT_2_2_QUESTINFODATA_ENCOUNTERTEXT,黑暗的教徒們全都聚集在這片平原上。咒術快要詠唱完畢了，汙穢眼看就要一湧而出了。他們現在還差一名儀式引導者。
QUEST_ROT_2_2_QUESTINFODATA_JOURNALENCOUNTERTEXT,黑暗的道具已經擺放在那裡，有兔子腳，還有盛滿鮮血的高腳杯。咒術就快完成了，但還需要進行引導。
QUEST_ROT_2_2_QUESTINFODATA_JOURNALRUMOURTEXT,愛門羅所有的黑暗追隨者們都秘密地聚在了<quest_tile>。一種咒術正要開始施展，我們的英雄也想分一杯羹。
QUEST_ROT_2_2_QUESTINFODATA_RUMOURTEXT,汙穢教徒們正在徵求協助，他們的一種能傳播汙穢的咒術即將完成詠唱。那些前去幫助的人們，都可以獲得力量的賜福。
QUEST_ROT_2_2_QUESTINFODATA_TITLE,黑暗契約
QUEST_ROT_2_3_QUESTINFODATA_ACTIONS_0_ACTIONTEXT,挖開古墓
QUEST_ROT_2_3_QUESTINFODATA_ACTIONS_0_DEFAULTOUTCOME_JOURNALTEXT,地下的黑暗躲開了我們的英雄。他們挖了幾個小時，但汙穢女王埋得太深了。我們的英雄只能憤怒地離去。
QUEST_ROT_2_3_QUESTINFODATA_ACTIONS_0_DEFAULTOUTCOME_OUTCOMETEXT,你想要那股力量。你辛辛苦苦挖了幾個小時的泥，不久就感到體力不支了。最終，你只能蹣跚著悻悻離去。在風中迴盪著一陣嘲笑聲。
QUEST_ROT_2_3_QUESTINFODATA_ACTIONS_0_TESTSUCCESSOUTCOME_JOURNALTEXT,在<hero_name>挖到了女王的遺骨之後，一陣恐怖的陰風從墳墓裡鑽了出來。那就是女王的力量，我們的英雄得到了它。
QUEST_ROT_2_3_QUESTINFODATA_ACTIONS_0_TESTSUCCESSOUTCOME_OUTCOMETEXT,你專心致志地挖了幾個小時，終於挖到了骨頭。一陣呼嘯的寒風從墳墓裡鑽出來，流進了你的體內。
QUEST_ROT_2_3_QUESTINFODATA_ACTIONS_1_ACTIONTEXT,祭拜祈禱
QUEST_ROT_2_3_QUESTINFODATA_ACTIONS_1_DEFAULTOUTCOME_JOURNALTEXT,這座古墓散發腐化的力量如此強大。我們的英雄讚歎不已，並深表了敬意。
QUEST_ROT_2_3_QUESTINFODATA_ACTIONS_1_DEFAULTOUTCOME_OUTCOMETEXT,你對付過的魔鴆多到數不清。創傷牠們並收集牠們的血液不是什麼難事，但是咒術似乎沒有發揮作用。
QUEST_ROT_2_3_QUESTINFODATA_ACTIONS_2_ACTIONTEXT,「我來講講這個女王的故事吧。」
QUEST_ROT_2_3_QUESTINFODATA_ACTIONS_2_DEFAULTOUTCOME_JOURNALTEXT,我們的英雄坐在了墓穴前面，吟遊詩人講述了黑暗女王的故事。他們從她的死亡中學到了不少有用的東西。
QUEST_ROT_2_3_QUESTINFODATA_ACTIONS_2_DEFAULTOUTCOME_OUTCOMETEXT,你在古墓前坐了下來。吟遊詩人婉轉的語調將你帶入了另一個時空。過往的教訓給了你更多未來的啟示。
QUEST_ROT_2_3_QUESTINFODATA_ACTIONS_3_ACTIONTEXT,「我來給這裡畫張地圖吧。」
QUEST_ROT_2_3_QUESTINFODATA_ACTIONS_3_DEFAULTOUTCOME_JOURNALTEXT,如此獸跡罕至的地方，一座傳奇的古墓，這樣一張地圖能賣出大價錢。我們英雄的探險者畫出了一張地圖，然後將賣出後的所得和我們的英雄平分了。
QUEST_ROT_2_3_QUESTINFODATA_ACTIONS_3_DEFAULTOUTCOME_OUTCOMETEXT,探險者注視著墓穴，讚歎不已。他們拿出了一張圖紙，開始繪製這裡的地圖。你們平分了出售地圖的所得。
QUEST_ROT_2_3_QUESTINFODATA_ACTIONS_4_ACTIONTEXT,「我一下子就把它挖出來！」
QUEST_ROT_2_3_QUESTINFODATA_ACTIONS_4_DEFAULTOUTCOME_JOURNALTEXT,古墓突然就把所有魔力都釋放了出來，擊中了我們英雄的狂戰士。幸運的是，<hero_name>吸收了其中一些遊走的魔力。
QUEST_ROT_2_3_QUESTINFODATA_ACTIONS_4_DEFAULTOUTCOME_OUTCOMETEXT,狂戰士粗壯的雙臂繃緊，瘋狂地挖著。古墓的魔力釋放出來，形成了一股衝擊波打中了他，而你趁機吸收了一些。
QUEST_ROT_2_3_QUESTINFODATA_ENCOUNTERTEXT,沼澤臭氣熏天，可你還是踏了進去。汙穢散發自一座古代狼族女王的墓。源源不斷的力量從墓穴中溢出來。\n
QUEST_ROT_2_3_QUESTINFODATA_JOURNALENCOUNTERTEXT,在刺鼻的臭泥沼深處，我們的英雄發現了汙穢污染的源頭。那是一座黑暗女王的古墓，看著荒廢已久。
QUEST_ROT_2_3_QUESTINFODATA_JOURNALRUMOURTEXT,<hero_name>知道<quest_tile>已經被腐化詛咒了。據說如果能找到其中的黑暗之源，那就能得到它的力量。
QUEST_ROT_2_3_QUESTINFODATA_RUMOURTEXT,汙穢是如同愛門羅的影子一般，是絕不會從這片大地消失殆盡的。看來有些土地已經被污染了。在這裡…你能獲得巨大的力量。
QUEST_ROT_2_3_QUESTINFODATA_TITLE,汙穢之柱
QUEST_ROT_2_4_QUESTINFODATA_ACTIONS_0_ACTIONTEXT,獵食國王之血
QUEST_ROT_2_4_QUESTINFODATA_ACTIONS_0_DEFAULTOUTCOME_JOURNALTEXT,我們的英雄在獵食皇室血液的過程中不幸走漏了風聲。可惜傳到了不該聽到的人的耳朵裡，國王知道了這件事。
QUEST_ROT_2_4_QUESTINFODATA_ACTIONS_0_DEFAULTOUTCOME_OUTCOMETEXT,你沒有足夠的能力掩藏這個秘密，傳言如同懷爾德之火般傳播開來，國王的特務聽到了，他們集結起來準備給你一個教訓。
QUEST_ROT_2_4_QUESTINFODATA_ACTIONS_0_TESTSUCCESSOUTCOME_JOURNALTEXT,鮮血很容易就拿到了，喝下它之後，我們的英雄感到體內的黑暗更加強大了。他們的時代就要到了。
QUEST_ROT_2_4_QUESTINFODATA_ACTIONS_0_TESTSUCCESSOUTCOME_OUTCOMETEXT,你小心謹慎，只相信自己人。你買通了一個下人，最終得到了一滴血。你殺掉了他們，斬除了目擊者。
QUEST_ROT_2_4_QUESTINFODATA_ACTIONS_1_ACTIONTEXT,收集魔鴆之血
QUEST_ROT_2_4_QUESTINFODATA_ACTIONS_1_DEFAULTOUTCOME_JOURNALTEXT,我們的英雄收集了魔鴆之血，完成了儀式並喝光了它們。可惜收集起來的黑暗之力似乎還遠不夠強大。
QUEST_ROT_2_4_QUESTINFODATA_ACTIONS_1_DEFAULTOUTCOME_OUTCOMETEXT,你對付過的魔鴆多到數不清。創傷牠們並收集牠們的血液不是什麼難事，但是咒術似乎沒有發揮作用。
QUEST_ROT_2_4_QUESTINFODATA_ACTIONS_2_ACTIONTEXT,「我能拿到你想要的東西。」
QUEST_ROT_2_4_QUESTINFODATA_ACTIONS_2_DEFAULTOUTCOME_JOURNALTEXT,王牌間諜什麼東西都能得到。他們密謀獲得了一滴稀釋的國王之血。只有懷爾德知道是怎麼辦到的。
QUEST_ROT_2_4_QUESTINFODATA_ACTIONS_2_DEFAULTOUTCOME_OUTCOMETEXT,王牌間諜和她的接頭人說了幾句話，很快就來了一滴國王的血，只是已經稀釋過了，失去了部分的力量。
QUEST_ROT_2_4_QUESTINFODATA_ACTIONS_3_ACTIONTEXT,「我能想辦法買下它。」
QUEST_ROT_2_4_QUESTINFODATA_ACTIONS_3_DEFAULTOUTCOME_JOURNALTEXT,有錢能使鬼推磨。<hero_name>的商人做成了一樁灰色交易。鮮血買到了，可魔力削弱了。
QUEST_ROT_2_4_QUESTINFODATA_ACTIONS_3_DEFAULTOUTCOME_OUTCOMETEXT,你的商人點點頭說，「所有能買到的東西，都有一個價格。」  他想辦法買到了鮮血，可是這種買賣的行為著實削弱了黑暗魔法。
QUEST_ROT_2_4_QUESTINFODATA_ACTIONS_4_ACTIONTEXT,「我用一隻手都能做出更好的藥劑。」
QUEST_ROT_2_4_QUESTINFODATA_ACTIONS_4_DEFAULTOUTCOME_JOURNALTEXT,我們英雄的煉金術師看見了異教徒這種如同兒戲般的煉金術就坐不住了。他們煉製出一種更有潛力的藥劑。
QUEST_ROT_2_4_QUESTINFODATA_ACTIONS_4_DEFAULTOUTCOME_OUTCOMETEXT,煉金術師對異教徒的方法嗤之以鼻。利用他們的原料，（是你幫他…借來的）他製作了一種能夠強化你魔力的藥劑。
QUEST_ROT_2_4_QUESTINFODATA_ENCOUNTERTEXT,傳言是真的，<quest_tile>的異教徒咒術背後的魔力就是這麼來的。腐化的越嚴重，效果越好。
QUEST_ROT_2_4_QUESTINFODATA_JOURNALENCOUNTERTEXT,吸食其他野獸的血並不奇怪，野生動物也會捕食旅行者。但是和儀式聯繫在一起，那就完全是邪惡之力了。
QUEST_ROT_2_4_QUESTINFODATA_JOURNALRUMOURTEXT,<hero_name>聽說有一群異教徒靠喝取魔鴆之血來增強與汙穢的聯繫。
QUEST_ROT_2_4_QUESTINFODATA_RUMOURTEXT,據說有一群汙穢的異教徒靠著喝腐化生物的血增強自己的力量。
QUEST_ROT_2_4_QUESTINFODATA_TITLE,魔鴆之血
QUEST_ROT_3_1_QUESTINFODATA_ACTIONS_0_ACTIONTEXT,強行通過迷霧
QUEST_ROT_3_1_QUESTINFODATA_ACTIONS_0_DEFAULTOUTCOME_JOURNALTEXT,重重的迷霧纏住了我們英雄的脖子。<hero_name>好不容易才拖著身子逃到安全的地方，受了傷，但還活著。
QUEST_ROT_3_1_QUESTINFODATA_ACTIONS_0_DEFAULTOUTCOME_OUTCOMETEXT,你被重重的迷霧扼住了性命。你跪倒了下來，最後只能爬著逃到安全的地方。
QUEST_ROT_3_1_QUESTINFODATA_ACTIONS_0_TESTSUCCESSOUTCOME_JOURNALTEXT,<hero_name>衝了進去，拔出武器衝進了科學家的老巢。他們的研究很有用，他們的尖叫讓人愉悅。
QUEST_ROT_3_1_QUESTINFODATA_ACTIONS_0_TESTSUCCESSOUTCOME_OUTCOMETEXT,你咒罵了一句，心想自己一定不能失敗！你闖了過去，迷霧消散了，見到了科學家的老巢。你咆哮著衝了過去。
QUEST_ROT_3_1_QUESTINFODATA_ACTIONS_1_ACTIONTEXT,撤退並從長計議
QUEST_ROT_3_1_QUESTINFODATA_ACTIONS_1_DEFAULTOUTCOME_JOURNALTEXT,<hero_name>撤退了並進行了觀察，試圖掌握迷霧的規律。他們最終找到了一條通過的路，可是科學家已經逃走了。
QUEST_ROT_3_1_QUESTINFODATA_ACTIONS_1_DEFAULTOUTCOME_OUTCOMETEXT,你逃離了迷霧，在附近躲了起來。最後你終於發現了一條安全的小路，可為時已晚，科學家逃走了。
QUEST_ROT_3_1_QUESTINFODATA_ACTIONS_2_ACTIONTEXT,「快跳！趁現在！」
QUEST_ROT_3_1_QUESTINFODATA_ACTIONS_2_DEFAULTOUTCOME_JOURNALTEXT,迷霧令人作嘔的氣息在飛天翅靴的跳躍之後消失了。可惜的是他們跳過了頭，科學家趁機逃走了。
QUEST_ROT_3_1_QUESTINFODATA_ACTIONS_2_DEFAULTOUTCOME_OUTCOMETEXT,飛天翅靴將你彈出了迷霧，離開了峽谷。你花了些時間回來，可就在這段時間裡，科學家逃走了。
QUEST_ROT_3_1_QUESTINFODATA_ACTIONS_3_ACTIONTEXT,斬斷迷霧
QUEST_ROT_3_1_QUESTINFODATA_ACTIONS_3_DEFAULTOUTCOME_JOURNALTEXT,英雄的銀月巨鐮正是答案。它劈開了迷霧，可是花的這些時間讓科學家逃走了。
QUEST_ROT_3_1_QUESTINFODATA_ACTIONS_3_DEFAULTOUTCOME_OUTCOMETEXT,銀月巨鐮那閃亮的刀刃總算劈開了濃霧。但是過程還是花了不少時間，科學家早就趁機就落跑了。
QUEST_ROT_3_1_QUESTINFODATA_ACTIONS_4_ACTIONTEXT,戴上群英頭盔
QUEST_ROT_3_1_QUESTINFODATA_ACTIONS_4_DEFAULTOUTCOME_JOURNALTEXT,我們的英雄得到了群英頭盔的保護，可是他們的探索徒勞無功。穿過迷霧的旅程讓科學家有時間逃走。
QUEST_ROT_3_1_QUESTINFODATA_ACTIONS_4_DEFAULTOUTCOME_OUTCOMETEXT,群英頭盔驅散了眼前和脖子上的迷霧。你頂著迷霧往前，只找到了科學家空空的老巢。
QUEST_ROT_3_1_QUESTINFODATA_ENCOUNTERTEXT,一層邪惡的迷霧籠罩著峽谷。就在你穿過去的時候，它扼住了你的脖子。這是埋伏！巫師控制著迷霧！
QUEST_ROT_3_1_QUESTINFODATA_JOURNALENCOUNTERTEXT,在我們的英雄前往科學家的老窩時，他們穿過了一層發著微光迷霧。迷霧活了過來！發動了攻擊！
QUEST_ROT_3_1_QUESTINFODATA_JOURNALRUMOURTEXT,我們的英雄聽說有一個瘋狂的汙穢科學家藏在<quest_tile>南部的深爪谷裡。他的「研究」或許對我們有用。
QUEST_ROT_3_1_QUESTINFODATA_RUMOURTEXT,離深爪谷遠一點，好像有什麼汙穢巫師在那裡紮了營，還綁架了一些旅行者搞他的「研究」。
QUEST_ROT_3_1_QUESTINFODATA_TITLE,扭曲迷霧之谷
QUEST_ROT_3_2_QUESTINFODATA_ACTIONS_0_ACTIONTEXT,單打獨鬥
QUEST_ROT_3_2_QUESTINFODATA_ACTIONS_0_DEFAULTOUTCOME_JOURNALTEXT,幾個小時的戰鬥之後，我們的英雄覺得戰況陷入膠著，但就在這時母熊發揮了真正的實力。我們的英雄好不容易才逃脫。
QUEST_ROT_3_2_QUESTINFODATA_ACTIONS_0_DEFAULTOUTCOME_OUTCOMETEXT,你們廝殺了好幾個小時，戰況激烈緊張。但突然她嘲笑道：「這有點無聊啊！」她輕易地卸下你的武器並打傷你。「你實在太弱了！」
QUEST_ROT_3_2_QUESTINFODATA_ACTIONS_0_TESTSUCCESSOUTCOME_JOURNALTEXT,兩頭野獸相互廝殺了許久，直到<hero_name>刺穿對手腹部而勝出。熊的汙穢從傷口滲了出來，我們的英雄把它奪走了。
QUEST_ROT_3_2_QUESTINFODATA_ACTIONS_0_TESTSUCCESSOUTCOME_OUTCOMETEXT,她的刀刃閃著寒光，與你的劍相擊。戰鬥持續了好幾個小時，但你技高一籌。你把她的劍打到一旁，並把她砍倒了。
QUEST_ROT_3_2_QUESTINFODATA_ACTIONS_1_ACTIONTEXT,利用汙穢來強化你的力量
QUEST_ROT_3_2_QUESTINFODATA_ACTIONS_1_DEFAULTOUTCOME_JOURNALTEXT,我們的英雄從母熊身上吸取了汙穢力量。趁著她單腳跪下的時候，<hero_name>放出了這股力量。如此一擊就解決了她。
QUEST_ROT_3_2_QUESTINFODATA_ACTIONS_1_DEFAULTOUTCOME_OUTCOMETEXT,她是很能打沒錯，而你是掌控汙穢的大師。你吸收了她體內的汙穢之力，用強大的一擊把她放倒了。
QUEST_ROT_3_2_QUESTINFODATA_ACTIONS_2_ACTIONTEXT,開火
QUEST_ROT_3_2_QUESTINFODATA_ACTIONS_2_DEFAULTOUTCOME_JOURNALTEXT,榮耀和勝利會助長業餘者體內的汙穢，但真正的大師知道務實的重要。<hero_name>用手持加農砲將利雅娜擊落了。
QUEST_ROT_3_2_QUESTINFODATA_ACTIONS_2_DEFAULTOUTCOME_OUTCOMETEXT,沒時間來什麼麻煩的對決了。你在一陣彈雨中將母熊放倒。她的屍體留下了一件有用的寶藏。
QUEST_ROT_3_2_QUESTINFODATA_ACTIONS_3_ACTIONTEXT,小心靠近
QUEST_ROT_3_2_QUESTINFODATA_ACTIONS_3_DEFAULTOUTCOME_JOURNALTEXT,利雅娜雨點般的打擊全部被皇室護盾彈開了。我們的英雄幹掉了她，勝利
QUEST_ROT_3_2_QUESTINFODATA_ACTIONS_3_DEFAULTOUTCOME_OUTCOMETEXT,你躲在皇室護盾後面，小心翼翼地靠近她。熊戰士擊中你的盾牌時砰砰作響，可完全傷不到你。最後你把她幹掉了。
QUEST_ROT_3_2_QUESTINFODATA_ACTIONS_4_ACTIONTEXT,握緊懷爾德烈焰權杖
QUEST_ROT_3_2_QUESTINFODATA_ACTIONS_4_DEFAULTOUTCOME_JOURNALTEXT,我們英雄和懷爾德關係有點……不好說，不過懷爾德烈焰權杖依然是對付利雅娜的有力武器。
QUEST_ROT_3_2_QUESTINFODATA_ACTIONS_4_DEFAULTOUTCOME_OUTCOMETEXT,你不能再利用權杖的魔力，可它依然是一件有用的武器。它的攻擊距離保護了你。母熊咒罵著你的名字，逃走了。
QUEST_ROT_3_2_QUESTINFODATA_ENCOUNTERTEXT,你發現她就這麼站在山頂上看著你。她的眼裡閃爍著黑色的汙穢之光。「我要和你單挑！」她大喊著。
QUEST_ROT_3_2_QUESTINFODATA_JOURNALENCOUNTERTEXT,利雅娜曾經是強大的戰士。<hero_name>還聽說過她的傳奇故事。而在他們眼前的，只有她一半的軀殼，卻是雙倍的致命。
QUEST_ROT_3_2_QUESTINFODATA_JOURNALRUMOURTEXT,<hero_name>聽說有一個腐化的戰士在<quest_tile>騷擾過往的旅行者。我們的英雄想要前去竊取她的力量。
QUEST_ROT_3_2_QUESTINFODATA_RUMOURTEXT,一名強大的戰士被汙穢所腐化，對過往的旅行者造成了威脅。如果你能殺了她，那她的力量就是你的了。
QUEST_ROT_3_2_QUESTINFODATA_TITLE,汙穢對決
QUEST_ROT_3_3_QUESTINFODATA_ACTIONS_0_ACTIONTEXT,埋下不和諧的種子
QUEST_ROT_3_3_QUESTINFODATA_ACTIONS_0_DEFAULTOUTCOME_JOURNALTEXT,但是我們的英雄沒能力說服他們，他們的話語全被村民們當成了耳邊風。村民拒絕助長汙穢！真是一群白癡！
QUEST_ROT_3_3_QUESTINFODATA_ACTIONS_0_DEFAULTOUTCOME_OUTCOMETEXT,你散佈著謠言，想讓他們窩裡鬥，可那些該死的傢伙真是太和睦了。你悻悻地離開了，一幫快樂的死愚民！
QUEST_ROT_3_3_QUESTINFODATA_ACTIONS_0_TESTSUCCESSOUTCOME_JOURNALTEXT,我們的英雄已經掌握了欺騙之術。他們沉浸在村莊的悲哀之中，最後在離開前將其轉化成了對國王的憤怒。
QUEST_ROT_3_3_QUESTINFODATA_ACTIONS_0_TESTSUCCESSOUTCOME_OUTCOMETEXT,在你的低語慫恿下，鄰里變得針鋒相對起來。小小的拌嘴最後變成大打出手。你待在村莊裡，享受著其中的悲哀。
QUEST_ROT_3_3_QUESTINFODATA_ACTIONS_1_ACTIONTEXT,威脅村民
QUEST_ROT_3_3_QUESTINFODATA_ACTIONS_1_DEFAULTOUTCOME_JOURNALTEXT,或許不是……<hero_name>威脅了百姓，希望能用他們的恐懼來增強我們英雄的力量。可還沒來得及，他們就跑光了。
QUEST_ROT_3_3_QUESTINFODATA_ACTIONS_1_DEFAULTOUTCOME_OUTCOMETEXT,村民們看到你就嚇壞了，更不用說你開始威脅要他們命了。在你還來不及沉浸在他們的恐懼中前，他們就打好行李逃走了。
QUEST_ROT_3_3_QUESTINFODATA_ACTIONS_2_ACTIONTEXT,使用化妝面具
QUEST_ROT_3_3_QUESTINFODATA_ACTIONS_2_DEFAULTOUTCOME_JOURNALTEXT,化妝面具詭異的妝容足夠嚇壞那些村民了。恐慌增強了我們英雄體內的汙穢。
QUEST_ROT_3_3_QUESTINFODATA_ACTIONS_2_DEFAULTOUTCOME_OUTCOMETEXT,你的話語如同幽靈一般。你嚇到了百姓，很多人甚至嚇跑了。不過恐慌還是增強了你……或多或少吧。
QUEST_ROT_3_3_QUESTINFODATA_ACTIONS_2_TESTSUCCESSOUTCOME_JOURNALTEXT,我們的英雄已經掌握了欺騙之術。他們沉浸在村莊的悲哀之中，最後在離開前將其轉化成了對國王的憤怒。
QUEST_ROT_3_3_QUESTINFODATA_ACTIONS_2_TESTSUCCESSOUTCOME_OUTCOMETEXT,在你的低語慫恿下，鄰里變得針鋒相對起來。小小的拌嘴最後變成大打出手。你待在村莊裡，享受著其中的悲哀。
QUEST_ROT_3_3_QUESTINFODATA_ACTIONS_3_ACTIONTEXT,「我能製造恐慌。」
QUEST_ROT_3_3_QUESTINFODATA_ACTIONS_3_DEFAULTOUTCOME_JOURNALTEXT,我們英雄的咒術師自告奮勇開始製造恐慌。他們精緻的魔法為<hero_name>提供了更多的力量之源。
QUEST_ROT_3_3_QUESTINFODATA_ACTIONS_3_DEFAULTOUTCOME_OUTCOMETEXT,咒術師製造出了扭曲陰影以及黑暗生物的幻象。村民們嚇得四散而逃，他們的尖叫增強了你的力量。
QUEST_ROT_3_3_QUESTINFODATA_ACTIONS_4_ACTIONTEXT,製造幻象
QUEST_ROT_3_3_QUESTINFODATA_ACTIONS_4_DEFAULTOUTCOME_JOURNALTEXT,直到今日，「舞動的閃光」的傳說依然在<quest_tile>裡口耳相傳著。但那不過是我們的英雄使用冰鑒斗篷所製造的恐懼罷了。
QUEST_ROT_3_3_QUESTINFODATA_ACTIONS_4_DEFAULTOUTCOME_OUTCOMETEXT,普通百姓就像傻瓜一樣懼怕魔法。你用冰鑒斗篷製造了詭異的閃光。他們的恐懼強化了你的力量。
QUEST_ROT_3_3_QUESTINFODATA_ENCOUNTERTEXT,<quest_tile>一座平靜的小村就在你的面前。不需要任何暴力，欺瞞與謊言就能實現你所尋求的黑暗。
QUEST_ROT_3_3_QUESTINFODATA_JOURNALENCOUNTERTEXT,我們的英雄帶著疑惑來到了<quest_tile>。他們知道需要製造恐慌，那麼是盜搶還是攻擊呢？不對，應該要更獨特才行……
QUEST_ROT_3_3_QUESTINFODATA_JOURNALRUMOURTEXT,我們的英雄剛腐化沒多久，知道增強力量的方法還不多。他們被混亂所吸引，所以決定去製造一些。
QUEST_ROT_3_3_QUESTINFODATA_RUMOURTEXT,不安與懷疑可以增強你體內的力量。讓一座村落墮落可以創造汙穢。這樣的汙穢可以為你所用。
QUEST_ROT_3_3_QUESTINFODATA_TITLE,煩心事
QUEST_ROT_3_4_QUESTINFODATA_ACTIONS_0_ACTIONTEXT,幫忙召喚魔鴆
QUEST_ROT_3_4_QUESTINFODATA_ACTIONS_0_DEFAULTOUTCOME_JOURNALTEXT,我們的英雄高估了自己和汙穢的維繫。當他們試著召喚魔鴆時，魔力反過來擊倒了他們。
QUEST_ROT_3_4_QUESTINFODATA_ACTIONS_0_DEFAULTOUTCOME_OUTCOMETEXT,你將手伸向汙穢。一聲尖嘯劃破長空。汙穢凝聚成一道魔法閃電向你襲來。你倒下了，身受重傷。
QUEST_ROT_3_4_QUESTINFODATA_ACTIONS_0_TESTSUCCESSOUTCOME_JOURNALTEXT,大地開始冒出邪惡的漆黑膿皰。在這最純粹的汙穢中，魔鴆出現了，多麼美麗而又壯觀的災厄啊。
QUEST_ROT_3_4_QUESTINFODATA_ACTIONS_0_TESTSUCCESSOUTCOME_OUTCOMETEXT,黑暗之力增長了，汙穢的酸臭味瀰漫在空氣中，巨大的魔鴆出現了。牠尖叫著，然後飛走了。
QUEST_ROT_3_4_QUESTINFODATA_ACTIONS_1_ACTIONTEXT,吸收汙穢之力
QUEST_ROT_3_4_QUESTINFODATA_ACTIONS_1_DEFAULTOUTCOME_JOURNALTEXT,空氣中原始的魔力讓人無可抗拒。我們的英雄吸收了它們，讓這股力量為自己所用。
QUEST_ROT_3_4_QUESTINFODATA_ACTIONS_1_DEFAULTOUTCOME_OUTCOMETEXT,你沒興趣創造一頭魔鴆。而這股力量能為你所用。你吸收了它，強化了自身的魔力。
QUEST_ROT_3_4_QUESTINFODATA_ACTIONS_2_ACTIONTEXT,「我們一起來召喚它！」
QUEST_ROT_3_4_QUESTINFODATA_ACTIONS_2_DEFAULTOUTCOME_JOURNALTEXT,我們的英雄自己也快成為一名術士了。他們與同伴一起召喚出了恐怖的魔鴆。
QUEST_ROT_3_4_QUESTINFODATA_ACTIONS_2_DEFAULTOUTCOME_OUTCOMETEXT,術士的眼中充滿了興奮。你們一起將魔鴆召喚了出來，牠的力量在你們體內湧動著。
QUEST_ROT_3_4_QUESTINFODATA_ENCOUNTERTEXT,山裡陰雲密佈，空氣中滿是詭異。山頂上的天空中閃過一道紫色的光。事情有些不對勁。
QUEST_ROT_3_4_QUESTINFODATA_JOURNALENCOUNTERTEXT,魔法已經開始了，魔鴆還沒現形。事情不太對勁，這頭生物並沒有形成。
QUEST_ROT_3_4_QUESTINFODATA_JOURNALRUMOURTEXT,我們的英雄聽說有一隻魔鴆正在<quest_tile>的山頂上成形。觀察這場降生或許能學到不少汙穢之道。
QUEST_ROT_3_4_QUESTINFODATA_RUMOURTEXT,看見那些烏雲了嗎？你聽好囉。那是正在轉化的魔鴆，很快就會成形了。
QUEST_ROT_3_4_QUESTINFODATA_TITLE,誕生的奇蹟
QUEST_ROT_4_1_QUESTINFODATA_ACTIONS_0_ACTIONTEXT,命野獸臣服。
QUEST_ROT_4_1_QUESTINFODATA_ACTIONS_0_DEFAULTOUTCOME_JOURNALTEXT,我們英雄控制汙穢的力量還不夠純熟。他們不能讓魔鴆屈服，反而受到了重傷。
QUEST_ROT_4_1_QUESTINFODATA_ACTIONS_0_DEFAULTOUTCOME_OUTCOMETEXT,逃走了？或許吧……看來魔鴆是不會聽命於<hero_name>的。牠假裝順從，然後發起了攻擊，重創了我們的英雄。
QUEST_ROT_4_1_QUESTINFODATA_ACTIONS_0_TESTSUCCESSOUTCOME_JOURNALTEXT,我們的英雄控制了魔鴆，讓牠臣服了。這是一次巨大而又費力的成功。這項技能看來還要多加練習。
QUEST_ROT_4_1_QUESTINFODATA_ACTIONS_0_TESTSUCCESSOUTCOME_OUTCOMETEXT,魔鴆尖嘯著，一次，兩次，然後終於安靜下來。牠收起了翅膀臣服了。你笑了。你是真正的汙穢大師了。
QUEST_ROT_4_1_QUESTINFODATA_ACTIONS_1_ACTIONTEXT,命野獸逃走。
QUEST_ROT_4_1_QUESTINFODATA_ACTIONS_1_DEFAULTOUTCOME_JOURNALTEXT,我們的英雄使用汙穢來影響魔鴆。牠逃走了，但到底是出於恐懼還是強制，<hero_name> 也不曉得就是了。
QUEST_ROT_4_1_QUESTINFODATA_ACTIONS_1_DEFAULTOUTCOME_OUTCOMETEXT,你體內的汙穢湧了上來，大喊著並逼退魔鴆。最終牠逃走了，但你到頭來還是不知道牠究竟是服從命令，還只是害怕了而已。
QUEST_ROT_4_1_QUESTINFODATA_ACTIONS_2_ACTIONTEXT,事先準備
QUEST_ROT_4_1_QUESTINFODATA_ACTIONS_2_DEFAULTOUTCOME_JOURNALTEXT,我們英雄的咒術失敗了，魔鴆發起了攻擊。幸運的是，<hero_name>有備而來。攻擊都被獅心胸甲化解了。
QUEST_ROT_4_1_QUESTINFODATA_ACTIONS_2_DEFAULTOUTCOME_OUTCOMETEXT,考慮到裡面的危險，你穿上了獅心胸甲。你的咒術失敗了，幸好這頭野獸的攻擊只是擦身而過。你迅速逃走了。
QUEST_ROT_4_1_QUESTINFODATA_ACTIONS_3_ACTIONTEXT,「我……服……從……」
QUEST_ROT_4_1_QUESTINFODATA_ACTIONS_3_DEFAULTOUTCOME_JOURNALTEXT,儘管魔鴆毫無影響，<hero_name>的意志倒是影響了他們的侍從。看來虔誠和效忠也能通過魔法實現。
QUEST_ROT_4_1_QUESTINFODATA_ACTIONS_3_DEFAULTOUTCOME_OUTCOMETEXT,你吃驚地瞪大了眼。你身邊的侍從像著了魔一般，看來汙穢也能夠控制那些未被感染的生物。
QUEST_ROT_4_1_QUESTINFODATA_ACTIONS_4_ACTIONTEXT,魔鴆攻了過來！
QUEST_ROT_4_1_QUESTINFODATA_ACTIONS_4_DEFAULTOUTCOME_JOURNALTEXT,我們的英雄還沒來得及施咒，魔鴆就攻了過來，但是魔鴆之刃保護了他們。及時趕上。
QUEST_ROT_4_1_QUESTINFODATA_ACTIONS_4_DEFAULTOUTCOME_OUTCOMETEXT,你的魔鴆之刃及時擋住了牠的攻擊。你一腳回踹並砍死了牠。運氣不錯，看來你還需要多加練習。
QUEST_ROT_4_1_QUESTINFODATA_ENCOUNTERTEXT,當地居民指向了一座在河畔的廢棄洞穴，魔鴆就藏在裡面。你進去了。魔鴆在發現你時發出了尖嘯。
QUEST_ROT_4_1_QUESTINFODATA_JOURNALENCOUNTERTEXT,我們的英雄跟隨著魔鴆來到了一座河畔洞穴的深處。是時候驗證傳言的真偽了，當然還要馴服那隻怪物。
QUEST_ROT_4_1_QUESTINFODATA_JOURNALRUMOURTEXT,汙穢領主可以指揮魔鴆，國王也想做同樣的事情。我們的英雄發誓要先搞明白他們是怎麼做到的，於是他來到了<quest_tile>尋找魔鴆。
QUEST_ROT_4_1_QUESTINFODATA_RUMOURTEXT,看來國王正在研究如何駕馭這群魔鴆。一般來說，強大的汙穢領主有辦法操縱這些怪物。\n
QUEST_ROT_4_1_QUESTINFODATA_TITLE,黑暗頭領
QUEST_ROT_4_2_QUESTINFODATA_ACTIONS_0_ACTIONTEXT,戴上王冠。
QUEST_ROT_4_2_QUESTINFODATA_ACTIONS_0_DEFAULTOUTCOME_JOURNALTEXT,<hero_name>沒辦法承受因為傷口所帶來的痛苦。儀式失敗了，英雄也受了重傷。
QUEST_ROT_4_2_QUESTINFODATA_ACTIONS_0_DEFAULTOUTCOME_OUTCOMETEXT,你尚未準備好接受這股力量。很快你就開始尖叫。甚至連眼睛也開始出血了。你扯下了王冠，抽泣著逃跑了。
QUEST_ROT_4_2_QUESTINFODATA_ACTIONS_0_TESTSUCCESSOUTCOME_JOURNALTEXT,我們的英雄承受住黑暗王冠的力量，體內的汙穢得到了強化。等<hero_name>奪得王位時，就能一直戴著王冠了。
QUEST_ROT_4_2_QUESTINFODATA_ACTIONS_0_TESTSUCCESSOUTCOME_OUTCOMETEXT,戴在你頭上的王冠就像燒紅的烙鐵一樣。你不禁嚎叫起來，但狂怒讓你承受了疼痛。很快，疼痛便平息了，你自身的力量也得到了強化。
QUEST_ROT_4_2_QUESTINFODATA_ACTIONS_1_ACTIONTEXT,從王冠吸取力量
QUEST_ROT_4_2_QUESTINFODATA_ACTIONS_1_DEFAULTOUTCOME_JOURNALTEXT,我們的英雄不願意冒著在試煉中受傷的風險。英雄破壞了聖物，然後將裡面蘊含的力量吸取到身上。
QUEST_ROT_4_2_QUESTINFODATA_ACTIONS_1_DEFAULTOUTCOME_OUTCOMETEXT,破壞了聖物後，裡面含有的魔力也傾洩而出。你抓住了它們，並成功將它們吸收到自己的身上。
QUEST_ROT_4_2_QUESTINFODATA_ACTIONS_2_ACTIONTEXT,「讓我來執行這個儀式吧。」
QUEST_ROT_4_2_QUESTINFODATA_ACTIONS_2_DEFAULTOUTCOME_JOURNALTEXT,我們的英雄讓藥劑師在自己身上開始儀式。儀式只吸收了少量力量來協助英雄進行任務。
QUEST_ROT_4_2_QUESTINFODATA_ACTIONS_2_DEFAULTOUTCOME_OUTCOMETEXT,藥劑師以外科手術般的精確進行儀式。雖然其完美主義弱化了魔法，但也減少了風險。
QUEST_ROT_4_2_QUESTINFODATA_ACTIONS_3_ACTIONTEXT,控制王冠裡的汙穢
QUEST_ROT_4_2_QUESTINFODATA_ACTIONS_3_DEFAULTOUTCOME_JOURNALTEXT,我們的英雄用魔鴆之爪控制聖物中的汙穢。魔鴆之爪為亦正亦邪之物，就和我們的英雄一樣。
QUEST_ROT_4_2_QUESTINFODATA_ACTIONS_3_DEFAULTOUTCOME_OUTCOMETEXT,魔鴆之爪讓王冠微微發光：邪惡力量緩緩褪入爪子中。你可以把它用於正途了。
QUEST_ROT_4_2_QUESTINFODATA_ENCOUNTERTEXT,你毫不費力地「取回」了王冠。在瀏覽了伊甸的筆記後，你從中發現：任何試煉者只要能忍受戴上王冠的痛苦，他們的力量都會增加。
QUEST_ROT_4_2_QUESTINFODATA_JOURNALENCOUNTERTEXT,伊甸的筆記裡提到了一件遺物：一頂漆黑且外貌樸實的王冠。擁有藉著傷害配戴者來增強他們身上汙穢的效果。
QUEST_ROT_4_2_QUESTINFODATA_JOURNALRUMOURTEXT,伊甸是傳說中的鼠族探險者，在地牢深處找到了一個古代的汙穢王冠。我們的英雄前往<quest_tile>去尋找他。
QUEST_ROT_4_2_QUESTINFODATA_RUMOURTEXT,一名財寶獵人在附近的地牢裡偶然發現一個被汙穢詛咒的寶物。它的力量也許會派上用場。
QUEST_ROT_4_2_QUESTINFODATA_TITLE,汙穢思想之冠
QUEST_ROT_4_3_QUESTINFODATA_ACTIONS_0_ACTIONTEXT,亮出你的爪子
QUEST_ROT_4_3_QUESTINFODATA_ACTIONS_0_DEFAULTOUTCOME_JOURNALTEXT,我們的英雄試圖和預言家戰鬥，但卻被對方懷爾德本尊的力量壓倒了。
QUEST_ROT_4_3_QUESTINFODATA_ACTIONS_0_DEFAULTOUTCOME_OUTCOMETEXT,你與懷爾德本尊缺少共同聯繫。預言家重重地砍了你一下，你逃了出去，感覺既疼痛又羞愧。
QUEST_ROT_4_3_QUESTINFODATA_ACTIONS_0_TESTSUCCESSOUTCOME_JOURNALTEXT,我們的英雄不需要懷爾德本尊，他們與汙穢同在。他們從它的混沌中引導力量，戰勝了預言家。
QUEST_ROT_4_3_QUESTINFODATA_ACTIONS_0_TESTSUCCESSOUTCOME_OUTCOMETEXT,預言家可以操縱懷爾德，但你也能驅使汙穢。你們既原始又野蠻，撕牙裂嘴地撲向對方。結果你成功咬碎了對方的喉嚨，喝下了他的鮮血。
QUEST_ROT_4_3_QUESTINFODATA_ACTIONS_1_ACTIONTEXT,將他斬殺
QUEST_ROT_4_3_QUESTINFODATA_ACTIONS_1_DEFAULTOUTCOME_JOURNALTEXT,我們的英雄還沒有足夠力量與懷爾德本尊戰鬥。他們轉而去破壞鏡湖，讓懷爾德之力衰退。
QUEST_ROT_4_3_QUESTINFODATA_ACTIONS_1_DEFAULTOUTCOME_OUTCOMETEXT,野獸之道根本就敵不過精良的武器。你不會自降身分接受他的條件。你殺死了預言家。這下汙穢就能不受阻礙地散播了。
QUEST_ROT_4_3_QUESTINFODATA_ACTIONS_2_ACTIONTEXT,舉起懷爾德護符
QUEST_ROT_4_3_QUESTINFODATA_ACTIONS_2_DEFAULTOUTCOME_JOURNALTEXT,我們的英雄利用懷爾德護符的干擾來掩護他們的攻擊。懷爾德的造物是多麼的愚蠢啊。
QUEST_ROT_4_3_QUESTINFODATA_ACTIONS_2_DEFAULTOUTCOME_OUTCOMETEXT,靈魂在看到護符後，眼神變得溫柔了。你成功引開了他們的注意。你立刻發起了攻擊，靈魂被迫退回湖中。
QUEST_ROT_4_3_QUESTINFODATA_ACTIONS_3_ACTIONTEXT,腐化懷爾德本尊
QUEST_ROT_4_3_QUESTINFODATA_ACTIONS_3_DEFAULTOUTCOME_JOURNALTEXT,雖然我們的英雄無法戰勝體內的懷爾德本尊，但他們可以對其造成傷害。他們用烏鴉之喙匕首成功腐化了靈魂。
QUEST_ROT_4_3_QUESTINFODATA_ACTIONS_3_DEFAULTOUTCOME_OUTCOMETEXT,你無法消滅自己的靈魂，但你能削弱它！你使用烏鴉之喙匕首刺向它，靈魂發出了刺耳的尖嘯聲，它已經被汙穢污染了！
QUEST_ROT_4_3_QUESTINFODATA_ACTIONS_4_ACTIONTEXT,展示皇室旗幟
QUEST_ROT_4_3_QUESTINFODATA_ACTIONS_4_DEFAULTOUTCOME_JOURNALTEXT,我們的英雄向靈魂指出真正的敵人來說服他們：那就是瘋王，還有他的暴虐統治。
QUEST_ROT_4_3_QUESTINFODATA_ACTIONS_4_DEFAULTOUTCOME_OUTCOMETEXT,你把旗幟插到了地面。「我們不要忘了真正的敵人。直到愛門羅恢復和平前，不要阻擋我。」你體內的懷爾德本尊點了點頭。
QUEST_ROT_4_3_QUESTINFODATA_ENCOUNTERTEXT,預言家站在了你的面前。「我不需要雙眼也能看穿你的意圖。」他跪了下來，他體內的懷爾德本尊咆哮著奔騰而出。
QUEST_ROT_4_3_QUESTINFODATA_JOURNALENCOUNTERTEXT,預言家感覺到了<hero_name>的出現。他們亮出了爪子。他們準備以野獸的原始方式戰鬥。
QUEST_ROT_4_3_QUESTINFODATA_JOURNALRUMOURTEXT,懷爾德本尊是一種古老之術，它與你的內在靈魂相互連結，帶來淨化汙穢的效果，而這正是我們的英雄想極力避免的。
QUEST_ROT_4_3_QUESTINFODATA_RUMOURTEXT,一名盲僧使用一種被稱為「懷爾德本尊」的古老德魯伊技術治癒腐化。必須得阻止他的破壞行為。
QUEST_ROT_4_3_QUESTINFODATA_TITLE,懷爾德本尊
QUEST_ROT_4_4_QUESTINFODATA_ACTIONS_0_ACTIONTEXT,找出林間空地所在的位置。
QUEST_ROT_4_4_QUESTINFODATA_ACTIONS_0_DEFAULTOUTCOME_JOURNALTEXT,我們的英雄查找了數小時的文獻，依然一無所獲。那些僧侶雜亂無章的筆記似乎是在迷惑我們。
QUEST_ROT_4_4_QUESTINFODATA_ACTIONS_0_DEFAULTOUTCOME_OUTCOMETEXT,你一直在研究，直到蠟燭燒盡，眼皮也垂了下來。最後，你沮喪地關上書本離開了。簡直是浪費時間。
QUEST_ROT_4_4_QUESTINFODATA_ACTIONS_0_TESTSUCCESSOUTCOME_JOURNALTEXT,正當我們的英雄要放棄研究時，他們感覺到了魔法的鳴響。很快地，他們找到了被隔絕在神殿下方的汙穢林地。
QUEST_ROT_4_4_QUESTINFODATA_ACTIONS_0_TESTSUCCESSOUTCOME_OUTCOMETEXT,這些書籍毫無用處，但你還是感覺到了什麼。你在神殿中搜索，結果發現了一個通往地下花園的階梯。你笑了。
QUEST_ROT_4_4_QUESTINFODATA_ACTIONS_1_ACTIONTEXT,學習更多有關汙穢的知識
QUEST_ROT_4_4_QUESTINFODATA_ACTIONS_1_DEFAULTOUTCOME_JOURNALTEXT,汙穢已經被研究了很長時間。牠一直都是愛門羅的一部分。我們的英雄從僧侶的書中學到了許多關於牠的知識。
QUEST_ROT_4_4_QUESTINFODATA_ACTIONS_1_DEFAULTOUTCOME_OUTCOMETEXT,沒時間浪費在文獻上了。你蒐遍了修道院中和汙穢相關的書籍，學習到許多古代使用汙穢力量的方法。
QUEST_ROT_4_4_QUESTINFODATA_ACTIONS_2_ACTIONTEXT,「根本抵抗不了這些寶藏的誘惑。」
QUEST_ROT_4_4_QUESTINFODATA_ACTIONS_2_DEFAULTOUTCOME_JOURNALTEXT,我們的英雄很快就放棄了研究：他們的礦工在撬開裝飾修道院的寶石時發出的噪音太大了。但至少這些寶石能賣個好價錢。
QUEST_ROT_4_4_QUESTINFODATA_ACTIONS_2_DEFAULTOUTCOME_OUTCOMETEXT,你的礦工揮起了鎬子，砸向鑲嵌在牆上較鬆動的寶石。在那些持續的噪音下根本沒辦法專心研究。
QUEST_ROT_4_4_QUESTINFODATA_ACTIONS_3_ACTIONTEXT,「我可以協助你去理解……」
QUEST_ROT_4_4_QUESTINFODATA_ACTIONS_3_DEFAULTOUTCOME_JOURNALTEXT,我們隊伍中的財務官曾經長時間管理帳目。他們協助英雄在書中找出有用的情報。
QUEST_ROT_4_4_QUESTINFODATA_ACTIONS_3_DEFAULTOUTCOME_OUTCOMETEXT,財務官過去經常要在數千本帳簿中尋找交易記錄，因此他很適合這樣的工作。他們最終找到了許多關於汙穢的有用小信息。
QUEST_ROT_4_4_QUESTINFODATA_ENCOUNTERTEXT,在<quest_tile>的神殿收藏了大量關於汙穢之術的文獻。你闖了進去，開始研究那些佈滿灰塵的卷軸。
QUEST_ROT_4_4_QUESTINFODATA_JOURNALENCOUNTERTEXT,<quest_tile>的僧侶基本上沒有威脅。我們的英雄將阻擋的僧侶全部殺死，然後便開始搜索關於林中空地的信息。\n
QUEST_ROT_4_4_QUESTINFODATA_JOURNALRUMOURTEXT,我們的英雄聽說有一個叫做「汙穢林地」的地方，那是一個被灌注了力量的古代遺跡。他們動身前往<quest_tile>的圖書館，以獲得更多的資訊。
QUEST_ROT_4_4_QUESTINFODATA_RUMOURTEXT,在一個修會的傳說中提到了一個古代遺跡，裡面充滿了汙穢。在那裡一定蘊藏著巨大的力量。
QUEST_ROT_4_4_QUESTINFODATA_TITLE,汙穢林地
QUEST_ROT_5_1_QUESTINFODATA_ACTIONS_0_ACTIONTEXT,接受王宮的邀請。
QUEST_ROT_5_1_QUESTINFODATA_ACTIONS_0_DEFAULTOUTCOME_JOURNALTEXT,我們的英雄沿著小路前進。愛門羅的汙穢核心將他們拉了進去。王宮已經被荊棘包圍。它們為<hero_name>分出了一條通道。
QUEST_ROT_5_1_QUESTINFODATA_ACTIONS_0_DEFAULTOUTCOME_OUTCOMETEXT,你在旅行過程中產生了變化，接受了黑暗的擁抱。現在……你已經準備好帶領整個愛門羅經歷同樣的改變了。
QUEST_ROT_5_1_QUESTINFODATA_ENCOUNTERTEXT,荊棘破壞了王宮的牆壁讓你進入。當你經過噴泉時，裡面的水化作了黑色的腐水。王宮正歡迎你的到來。
QUEST_ROT_5_1_QUESTINFODATA_JOURNALENCOUNTERTEXT,風在刮過王宮時變得冰冷。黑腐之水為<hero_name>燒出了一條通道。黑暗長毯帶著你前往國王所在的地方。
QUEST_ROT_5_1_QUESTINFODATA_JOURNALRUMOURTEXT,汙穢選擇了新的勇士。<hero_name>將擊倒假國王。汙穢的真正追隨者將會開創新紀元。
QUEST_ROT_5_1_QUESTINFODATA_RUMOURTEXT,當你踏入草地時，草葉紛紛枯萎殆盡。懷爾德不再會為你帶來祝福了，因為你已經成為汙穢的化身。你準備好了，王宮等候著你的前來。
QUEST_ROT_5_1_QUESTINFODATA_TITLE,國王的末日
QUEST_STORY_BONUS,故事獎勵
QUEST_TEST,挑戰獎勵
QUEST_WOLF_1_1_QUESTINFODATA_ACTIONS_0_ACTIONTEXT,證明你自己！攻擊
QUEST_WOLF_1_1_QUESTINFODATA_ACTIONS_0_DEFAULTOUTCOME_JOURNALTEXT,我們的英雄在第一次挑戰中被打敗了。看來這次旅程的開頭不怎麼好。但<hero_name>還是充滿了決心。
QUEST_WOLF_1_1_QUESTINFODATA_ACTIONS_0_DEFAULTOUTCOME_OUTCOMETEXT,你甚至連拔出武器都來不及，就被對手擊飛而遭遇慘敗，然後被扔了出去。「你是不可能登上王位的。」
QUEST_WOLF_1_1_QUESTINFODATA_ACTIONS_0_TESTSUCCESSOUTCOME_JOURNALTEXT,正當他們準備投入戰鬥時，<hero_name>的攻擊者跪下了。這次攻擊是一次試煉。我們的英雄已經合格了。
QUEST_WOLF_1_1_QUESTINFODATA_ACTIONS_0_TESTSUCCESSOUTCOME_OUTCOMETEXT,你發起了衝鋒。在戰鬥期間，你的對手投降了。「我不是想傷害你！我只是想知道你是否有資格接受我的效忠。讓我加入你的隊伍吧！」
QUEST_WOLF_1_1_QUESTINFODATA_ACTIONS_1_ACTIONTEXT,逃出酒館
QUEST_WOLF_1_1_QUESTINFODATA_ACTIONS_1_DEFAULTOUTCOME_JOURNALTEXT,<hero_name>像一條受驚的小狗一樣逃跑了。我們英雄的臉漲得通紅。這樣簡直無法忍受。他們下次不會再逃了。\n
QUEST_WOLF_1_1_QUESTINFODATA_ACTIONS_1_DEFAULTOUTCOME_OUTCOMETEXT,你轉過身。你穿梭在城鎮的大街小巷之中。那個身影緊追不捨。最終你在曲折的小巷中擺脫了他。你提心吊膽地躲了一整個夜晚。害怕著。
QUEST_WOLF_1_1_QUESTINFODATA_ENCOUNTERTEXT,酒館裡一片漆黑，但裡面是空的。當你進入的時候，一個黑影從黑暗中衝了出來。金屬的響聲在酒館中迴響。這是個陷阱！
QUEST_WOLF_1_1_QUESTINFODATA_JOURNALENCOUNTERTEXT,<hero_name>知道爭奪愛門羅之王的路上必然充滿了危機，但還是沒料到對方會在會面中設伏。
QUEST_WOLF_1_1_QUESTINFODATA_JOURNALRUMOURTEXT,<hero_name>到達的消息比預計中傳播得還要快。聽說某個傢伙希望與我們的英雄在<quest_tile>的酒館中見面。
QUEST_WOLF_1_1_QUESTINFODATA_RUMOURTEXT,「你就是<hero_name>！他們之前談起的那個傢伙。有人一直在找你。」
QUEST_WOLF_1_1_QUESTINFODATA_TITLE,第一次試煉
QUEST_WOLF_1_2_QUESTINFODATA_ACTIONS_0_ACTIONTEXT,一次對付他們全部
QUEST_WOLF_1_2_QUESTINFODATA_ACTIONS_0_DEFAULTOUTCOME_JOURNALTEXT,<hero_name>決定與整個森林為敵。他們的傲慢成了阻礙。他們在戰鬥中受了傷，僅勉強奪得勝利。
QUEST_WOLF_1_2_QUESTINFODATA_ACTIONS_0_DEFAULTOUTCOME_OUTCOMETEXT,暴徒從四面八方向你們衝來。他們比你想像中的還要多。你高估了自己的技巧，現在不得不撤退了。
QUEST_WOLF_1_2_QUESTINFODATA_ACTIONS_0_TESTSUCCESSOUTCOME_JOURNALTEXT,<hero_name>掃蕩了整個森林，消滅了所有的強盜，但只有結束瘋王的統治，這片土地才會迎來真正的安寧。
QUEST_WOLF_1_2_QUESTINFODATA_ACTIONS_0_TESTSUCCESSOUTCOME_OUTCOMETEXT,無論他們來多少，這些低賤的小賊也威脅不了你。你掃蕩了整個森林，還順手取走了盜賊的藏寶。
QUEST_WOLF_1_2_QUESTINFODATA_ACTIONS_1_ACTIONTEXT,偷襲盜賊
QUEST_WOLF_1_2_QUESTINFODATA_ACTIONS_1_DEFAULTOUTCOME_JOURNALTEXT,<hero_name>在灌木叢中匍匐前進，一個接一個地放倒那些盜賊。我們不能容忍暴力與偷盜在愛門羅肆虐。
QUEST_WOLF_1_2_QUESTINFODATA_ACTIONS_1_DEFAULTOUTCOME_OUTCOMETEXT,你在森林中匍匐前進，摧毀了盜賊的營地。森林終於再次恢復了安寧。
QUEST_WOLF_1_2_QUESTINFODATA_ENCOUNTERTEXT,<quest_tile>已經變成了盜賊的窩點。他們的營地覆蓋了森林的每一個角落。
QUEST_WOLF_1_2_QUESTINFODATA_JOURNALENCOUNTERTEXT,盜賊佔據了這座森林。如果不及時消滅他們，周圍的城鎮都會面臨可怕的危機。
QUEST_WOLF_1_2_QUESTINFODATA_JOURNALRUMOURTEXT,愛門羅已經變成黑暗與危險肆虐之地。<hero_name>同意消滅隱藏在<quest_tile>的盜賊，以讓該地區恢復安寧。
QUEST_WOLF_1_2_QUESTINFODATA_RUMOURTEXT,國王的守衛無法消滅肆虐的強盜和盜賊。必須得有誰拿起武器對抗他們。
QUEST_WOLF_1_2_QUESTINFODATA_TITLE,修剪雜草
QUEST_WOLF_1_3_QUESTINFODATA_ACTIONS_0_ACTIONTEXT,攻擊巨魔
QUEST_WOLF_1_3_QUESTINFODATA_ACTIONS_0_DEFAULTOUTCOME_JOURNALTEXT,<hero_name>並不擅長在腐臭的沼澤戰鬥。那隻怪物打傷了我們的英雄後逃跑了。
QUEST_WOLF_1_3_QUESTINFODATA_ACTIONS_0_DEFAULTOUTCOME_OUTCOMETEXT,當你衝向怪物時，不慎踩上了河岸的泥巴滑倒在地。在沼澤長大的巨魔輕鬆地打傷了你，然後逃跑了。
QUEST_WOLF_1_3_QUESTINFODATA_ACTIONS_0_TESTSUCCESSOUTCOME_JOURNALTEXT,儘管巨魔更大更強壯，但<hero_name>卻是更優秀的戰士。巨魔被殺死了，我們的英雄拿到了牠的心靈石。
QUEST_WOLF_1_3_QUESTINFODATA_ACTIONS_0_TESTSUCCESSOUTCOME_OUTCOMETEXT,你大喊一聲喚醒了巨魔，然後大步向前發起攻擊。戰鬥十分激烈，但你還是獲得了勝利，拿到了巨魔的心靈石。
QUEST_WOLF_1_3_QUESTINFODATA_ACTIONS_1_ACTIONTEXT,偷竊巨魔的物品
QUEST_WOLF_1_3_QUESTINFODATA_ACTIONS_1_DEFAULTOUTCOME_JOURNALTEXT,<hero_name>小心地靠近巨魔，在牠渾然不覺的情況下偷走了心靈石。
QUEST_WOLF_1_3_QUESTINFODATA_ACTIONS_1_DEFAULTOUTCOME_OUTCOMETEXT,巨魔雖然把心靈石保管在身邊，但其它東西卻散落在周圍。你偷走了不少東西，然後笑嘻嘻地離開了。
QUEST_WOLF_1_3_QUESTINFODATA_ENCOUNTERTEXT,你分不清<quest_tile>裡是泥巴還是巨魔更臭。那隻怪物就睡在裡面，半個身子泡在髒水裡。
QUEST_WOLF_1_3_QUESTINFODATA_JOURNALENCOUNTERTEXT,巨魔就在其中一潭臭水中歇息。<hero_name>已經看到了被牠的髒爪子緊緊握住的心靈石。
QUEST_WOLF_1_3_QUESTINFODATA_JOURNALRUMOURTEXT,巨魔是稀有的危險生物，他們喜歡收集閃亮的物品。一隻體型特別龐大的巨魔偷了一塊心靈石，並藏在了<quest_tile>裡。
QUEST_WOLF_1_3_QUESTINFODATA_RUMOURTEXT,一隻邪惡的巨魔從附近的修道院偷走了一塊心靈石。無論是誰，只要能殺死牠，都可以拿走那塊心靈石。
QUEST_WOLF_1_3_QUESTINFODATA_TITLE,巨魔寶藏
QUEST_WOLF_1_4_QUESTINFODATA_ACTIONS_0_ACTIONTEXT,用懷爾德之力淨化水井
QUEST_WOLF_1_4_QUESTINFODATA_ACTIONS_0_DEFAULTOUTCOME_JOURNALTEXT,<hero_name>嘗試讓懷爾德淨化汙穢感染。然而並沒有什麼效果。這個任務超出了英雄的能力範圍。
QUEST_WOLF_1_4_QUESTINFODATA_ACTIONS_0_DEFAULTOUTCOME_OUTCOMETEXT,你在運用懷爾德之術方面還只是個菜鳥。水井並沒有被淨化。這次嘗試讓你元氣大傷。這個村莊已經沒救了。
QUEST_WOLF_1_4_QUESTINFODATA_ACTIONS_0_TESTSUCCESSOUTCOME_JOURNALTEXT,<hero_name>淨化了井水，懷爾德送給了他們一塊心靈石作為獎勵。再過一段時間，村民們應該也會逐漸痊癒。
QUEST_WOLF_1_4_QUESTINFODATA_ACTIONS_0_TESTSUCCESSOUTCOME_OUTCOMETEXT,井中升起一團水霧，井水開始沸騰並湧向街道。村民似乎都冷靜下來了。同時一塊心靈石也從水中浮起。
QUEST_WOLF_1_4_QUESTINFODATA_ACTIONS_1_ACTIONTEXT,燒毀村莊
QUEST_WOLF_1_4_QUESTINFODATA_ACTIONS_1_DEFAULTOUTCOME_JOURNALTEXT,我們的英雄被迫走上了黑暗之道。<hero_name>摧毀了村落。這種惡毒的手段是必須的。
QUEST_WOLF_1_4_QUESTINFODATA_ACTIONS_1_DEFAULTOUTCOME_OUTCOMETEXT,英雄有時會被迫走上黑暗之道。已經沒有別的辦法了。你摧毀了汙穢，連同整座村落一起摧毀。
QUEST_WOLF_1_4_QUESTINFODATA_ENCOUNTERTEXT,在村莊中你發現了汙穢瘋狂的源頭。村裡的水井被濃密的紫色汙穢地脈給腐化了。
QUEST_WOLF_1_4_QUESTINFODATA_JOURNALENCOUNTERTEXT,<quest_tile>的村民被從腐化水井中湧出的汙穢魔法控制了。這無論是對他們自己還是其他夥伴都非常危險！
QUEST_WOLF_1_4_QUESTINFODATA_JOURNALRUMOURTEXT,又一座村落殞落在汙穢的黑暗之中！周圍的愛門羅子民都受到了威脅！我們必須把汙穢給淨化乾淨！
QUEST_WOLF_1_4_QUESTINFODATA_RUMOURTEXT,附近的一座村落受到了汙穢的感染！裡面的村民全都發瘋了！他們已經沒救了！
QUEST_WOLF_1_4_QUESTINFODATA_TITLE,汙穢之地
QUEST_WOLF_1_5_QUESTINFODATA_ACTIONS_0_ACTIONTEXT,質疑法令
QUEST_WOLF_1_5_QUESTINFODATA_ACTIONS_0_DEFAULTOUTCOME_JOURNALTEXT,狡猾的財務官利用法律遊戲讓<hero_name>的任務陷入困境。這是一場挫折，但我們的英雄是不會屈服的。
QUEST_WOLF_1_5_QUESTINFODATA_ACTIONS_0_DEFAULTOUTCOME_OUTCOMETEXT,你結結巴巴地為自己辯護。油滑的律師嘲笑你的話語。他們濫用法令，耗盡了你用於任務的資源。
QUEST_WOLF_1_5_QUESTINFODATA_ACTIONS_0_TESTSUCCESSOUTCOME_JOURNALTEXT,誰敢嘲笑狼族不擅長言辭，那就記得在晚上保管好自己的錢袋。<hero_name>贏了，並且有了新的同盟。
QUEST_WOLF_1_5_QUESTINFODATA_ACTIONS_0_TESTSUCCESSOUTCOME_OUTCOMETEXT,你運用法律術語讓財務官陷入困境，他們只好灰溜溜地逃回王宮。作為感謝，村莊首領加入了你的隊伍。
QUEST_WOLF_1_5_QUESTINFODATA_ACTIONS_1_ACTIONTEXT,威脅稅務官
QUEST_WOLF_1_5_QUESTINFODATA_ACTIONS_1_DEFAULTOUTCOME_JOURNALTEXT,<hero_name>不會讓國王的代表阻止他們的計劃。很快國王就得親自和他見面。
QUEST_WOLF_1_5_QUESTINFODATA_ACTIONS_1_DEFAULTOUTCOME_OUTCOMETEXT,你一拳砸在了桌子上。一隻桌腳被折斷了。稅務官奪路而逃。你輕蔑地哼了一聲。就這樣吧。這樣的遊戲已經結束了。
QUEST_WOLF_1_5_QUESTINFODATA_ENCOUNTERTEXT,<quest_tile>籠罩在一片灰暗之中。國王的財務官在村莊廣場建起稅站，統計他們搜刮得來的金幣。
QUEST_WOLF_1_5_QUESTINFODATA_JOURNALENCOUNTERTEXT,瘋王的稅務官已經吃得滿肚腸肥了。他們把<quest_tile>的狼族的財產搾取得乾乾淨淨。
QUEST_WOLF_1_5_QUESTINFODATA_JOURNALRUMOURTEXT,國王的僕從正在向狼族徵稅。血與鋼固然危險，但玩弄法律遊戲同樣能拖延<hero_name>的任務。
QUEST_WOLF_1_5_QUESTINFODATA_RUMOURTEXT,狼族的大量財產被征作稅收。那樣<hero_name>就很難獲得他們的支持了。
QUEST_WOLF_1_5_QUESTINFODATA_TITLE,戰勝法令
QUEST_WOLF_1_6_QUESTINFODATA_ACTIONS_0_ACTIONTEXT,潛入偷走寶藏！
QUEST_WOLF_1_6_QUESTINFODATA_ACTIONS_0_DEFAULTOUTCOME_JOURNALTEXT,我們的英雄開始行動了，卻沒有自己想像中的敏捷。最終英雄被發現了，他們只好羞愧地逃了出去。
QUEST_WOLF_1_6_QUESTINFODATA_ACTIONS_0_DEFAULTOUTCOME_OUTCOMETEXT,你攀上博物館的牆壁。爬到一半，你的抓手鬆脫了。你摔進了人群中間。比起受傷，你更覺羞辱，於是奪路而逃。
QUEST_WOLF_1_6_QUESTINFODATA_ACTIONS_0_TESTSUCCESSOUTCOME_JOURNALTEXT,<hero_name>潛入了博物館並偷走了寶物。我們的英雄迅速逃了出去，比以往更加危險。
QUEST_WOLF_1_6_QUESTINFODATA_ACTIONS_0_TESTSUCCESSOUTCOME_OUTCOMETEXT,你在陰影中潛行，登上牆壁，進入了博物館。在守衛發現寶物失蹤前，你早已逃離博物館。
QUEST_WOLF_1_6_QUESTINFODATA_ACTIONS_1_ACTIONTEXT,請求圍觀者支援
QUEST_WOLF_1_6_QUESTINFODATA_ACTIONS_1_DEFAULTOUTCOME_JOURNALTEXT,工藝品的防禦太嚴密了。與其冒著被抓的風險，<hero_name>轉而抓緊機會去尋找支持者。
QUEST_WOLF_1_6_QUESTINFODATA_ACTIONS_1_DEFAULTOUTCOME_OUTCOMETEXT,你沒有偷竊，而是利用這段時間在開幕式上尋求在場權貴的支持。你學到了不少關於部族政治的知識。
QUEST_WOLF_1_6_QUESTINFODATA_ENCOUNTERTEXT,贊助者們喝一小口燒辣汙穢酒，在入口附近討論著藝術。博物館大門還沒有打開，而且建築周圍有守衛把守。
QUEST_WOLF_1_6_QUESTINFODATA_JOURNALENCOUNTERTEXT,一場慶祝博物館開放的派對正進行得如火如荼。<hero_name>無法接近建築，更別提那件工藝品了。
QUEST_WOLF_1_6_QUESTINFODATA_JOURNALRUMOURTEXT,<hero_name>聽說有一件偉大的寶物正在<quest_tile>展出。我們的英雄決定……把它解救出來。這是為了我們的目標。
QUEST_WOLF_1_6_QUESTINFODATA_RUMOURTEXT,一場為了慶祝新開幕的博物館展出珍貴古物的派對正在舉行。
QUEST_WOLF_1_6_QUESTINFODATA_TITLE,狼族竊賊
QUEST_WOLF_1_7_QUESTINFODATA_ACTIONS_0_ACTIONTEXT,依靠你的準備。繼續
QUEST_WOLF_1_7_QUESTINFODATA_ACTIONS_0_DEFAULTOUTCOME_JOURNALTEXT,小聰明只能帶你走到這裡。<hero_name>吸取了教訓，我們的英雄決定要多留意周遭的環境。
QUEST_WOLF_1_7_QUESTINFODATA_ACTIONS_0_DEFAULTOUTCOME_OUTCOMETEXT,在花了大量時間準備裝備後，你開始出發了。數小時後，你已經感到又冷又累，卻發現自己又返回了山腳。
QUEST_WOLF_1_7_QUESTINFODATA_ACTIONS_0_TESTSUCCESSOUTCOME_JOURNALTEXT,我們的英雄強行穿越風暴的怒號，在幾乎失明又凍僵的情況下，最後還是找到了石頭，終結了它對這座山的掌控。
QUEST_WOLF_1_7_QUESTINFODATA_ACTIONS_0_TESTSUCCESSOUTCOME_OUTCOMETEXT,風雪對於有準備的登山者而言並沒有威脅。在厚重斗篷的保護下，你繼續前行，最終找到了心靈石。
QUEST_WOLF_1_7_QUESTINFODATA_ACTIONS_1_ACTIONTEXT,蹲下。等待風暴結束。
QUEST_WOLF_1_7_QUESTINFODATA_ACTIONS_1_DEFAULTOUTCOME_JOURNALTEXT,風暴實在是太強大了，無法繼續前進。<hero_name>轉身就跑，逃離了嚴冬的怒火，撤到山腳下的安全地帶。
QUEST_WOLF_1_7_QUESTINFODATA_ACTIONS_1_DEFAULTOUTCOME_OUTCOMETEXT,狼族知道對付嚴寒的方法。你挖了一個雪洞，然後蜷縮在鋪蓋裡。第二天早上趁風雪稍歇時，你撤退了。
QUEST_WOLF_1_7_QUESTINFODATA_ENCOUNTERTEXT,正當你開始登山時，天色突然變黑了。你見過最恐怖的風暴正向你襲來。你被大雪和冰雹擋住了視線。
QUEST_WOLF_1_7_QUESTINFODATA_JOURNALENCOUNTERTEXT,心靈石的魔法開始向山脈滲透。魔法力量產生了一股風暴，將<hero_name>困在了裡面！
QUEST_WOLF_1_7_QUESTINFODATA_JOURNALRUMOURTEXT,附近居民在茶餘飯後間提到了一塊古老的心靈石就藏在<quest_tile>的山頂上。
QUEST_WOLF_1_7_QUESTINFODATA_RUMOURTEXT,「我聽到山上傳來隆隆的響聲。我打賭那是一塊心靈石正在釋放魔法製造惡劣天氣。」
QUEST_WOLF_1_7_QUESTINFODATA_TITLE,遮蔽視線
QUEST_WOLF_1_8_QUESTINFODATA_ACTIONS_0_ACTIONTEXT,要求給出謎題
QUEST_WOLF_1_8_QUESTINFODATA_ACTIONS_0_DEFAULTOUTCOME_JOURNALTEXT,那謎題簡直和出題的生物一樣愚蠢至極。<hero_name>不高興地離開了，而且因為這場嚴酷的考驗而感到虛弱。
QUEST_WOLF_1_8_QUESTINFODATA_ACTIONS_0_DEFAULTOUTCOME_OUTCOMETEXT,山羊張開了嘴。他沒有說話，而是發出了奇怪的聲音。看到你迷惑的樣子後，他搖了搖頭。「你已經失敗了。」
QUEST_WOLF_1_8_QUESTINFODATA_ACTIONS_0_TESTSUCCESSOUTCOME_JOURNALTEXT,山羊用一種古老的懷爾德腔調說話，但是我們的英雄能破譯出來。最終山羊送給了他們一件寶物。
QUEST_WOLF_1_8_QUESTINFODATA_ACTIONS_0_TESTSUCCESSOUTCOME_OUTCOMETEXT,「你會說懷爾德語嗎？」山羊的聲音既深邃又可怕。你回答說：「會。」山羊露出了微笑，並交給你一件寶物。
QUEST_WOLF_1_8_QUESTINFODATA_ACTIONS_1_ACTIONTEXT,尋求庇佑
QUEST_WOLF_1_8_QUESTINFODATA_ACTIONS_1_DEFAULTOUTCOME_JOURNALTEXT,<hero_name>想尋求庇佑。山羊在我們的英雄耳邊低聲說了幾句，他們的力量便被懷爾德強化了。
QUEST_WOLF_1_8_QUESTINFODATA_ACTIONS_1_DEFAULTOUTCOME_OUTCOMETEXT,山羊點了點頭。「小心駛得萬年船啊，我的朋友。」他靠在你的耳邊低語了幾句。你感覺自己的力量變強了。
QUEST_WOLF_1_8_QUESTINFODATA_ENCOUNTERTEXT,在<quest_tile>中部的草原上坐著一隻盲山羊。「我有兩樣東西給你選。你可以要一個謎題，或者我的庇佑。」
QUEST_WOLF_1_8_QUESTINFODATA_JOURNALENCOUNTERTEXT,這隻盲山羊獨自坐在<quest_tile>的草原上。他給我們的英雄兩種選擇：要麼是謎題，要麼是庇佑。
QUEST_WOLF_1_8_QUESTINFODATA_JOURNALRUMOURTEXT,一名愛門羅的陌生人想出了最難的謎題。無論是誰，只要能解決謎題，他都會送出一個神秘寶物。
QUEST_WOLF_1_8_QUESTINFODATA_RUMOURTEXT,一名瘋狂的漫遊者為能解決他的謎題的人準備了一份強大的禮物。
QUEST_WOLF_1_8_QUESTINFODATA_TITLE,古老遊戲
QUEST_WOLF_1_9_QUESTINFODATA_ACTIONS_0_ACTIONTEXT,使用懷爾德反擊他的魔法
QUEST_WOLF_1_9_QUESTINFODATA_ACTIONS_0_DEFAULTOUTCOME_JOURNALTEXT,<hero_name>呼喚了懷爾德，卻沒有任何反應。惡毒的術士詛咒了我們的英雄，用汙穢讓他中毒了。
QUEST_WOLF_1_9_QUESTINFODATA_ACTIONS_0_DEFAULTOUTCOME_OUTCOMETEXT,你對懷爾德的呼喚沒有得到任何回應。正當你猶豫不決的時候，術士向你使用了咒術。你感覺汙穢滲透到了血管之中。
QUEST_WOLF_1_9_QUESTINFODATA_ACTIONS_0_TESTSUCCESSOUTCOME_JOURNALTEXT,在懷爾德的幫助下，<hero_name>把陌生人從術士手中救了出來。作為感謝，他們宣誓效忠我們的英雄。
QUEST_WOLF_1_9_QUESTINFODATA_ACTIONS_0_TESTSUCCESSOUTCOME_OUTCOMETEXT,狂風刮進了村莊。術士在懷爾德的包圍下顫抖不已。他逃跑了。被解救的陌生人宣誓效忠於你。
QUEST_WOLF_1_9_QUESTINFODATA_ACTIONS_1_ACTIONTEXT,警告村民
QUEST_WOLF_1_9_QUESTINFODATA_ACTIONS_1_DEFAULTOUTCOME_JOURNALTEXT,<hero_name>召集村民對抗術士。他最終夾著尾巴逃跑了。村落再次恢復了昔日的安寧。
QUEST_WOLF_1_9_QUESTINFODATA_ACTIONS_1_DEFAULTOUTCOME_OUTCOMETEXT,你指出術士，召集村民來對付他。你們團結一致將術士趕出了村莊，挫敗了他的陰謀。
QUEST_WOLF_1_9_QUESTINFODATA_ENCOUNTERTEXT,慶典的氣氛非常愉快。正當你準備享受其中時，突然發現了一名國王的占星師。看來他正在向一名路過的陌生人施咒汙穢之術。
QUEST_WOLF_1_9_QUESTINFODATA_JOURNALENCOUNTERTEXT,愉快的慶典被黑魔法破壞了。汙穢術士正在向一名路過的陌生人耳邊低聲吟唱汙穢咒術。
QUEST_WOLF_1_9_QUESTINFODATA_JOURNALRUMOURTEXT,瘋王的法師竟然滲透到慶典中，並且使用汙穢咒術侵蝕愛門羅的子民們。<hero_name>不得不採取行動！
QUEST_WOLF_1_9_QUESTINFODATA_RUMOURTEXT,瘋王舉辦了一場輝煌的慶典。他的法師正利用這個機會向無辜的遊客們散播汙穢之術！
QUEST_WOLF_1_9_QUESTINFODATA_TITLE,不倦之狼
QUEST_WOLF_2_10_QUESTINFODATA_ACTIONS_0_ACTIONTEXT,與傻瓜在喝蜂蜜酒比賽中比試。
QUEST_WOLF_2_10_QUESTINFODATA_ACTIONS_0_DEFAULTOUTCOME_JOURNALTEXT,哎呀，沒有誰能比那隻野豬更擅長喝蜂蜜酒比賽了！我們傳奇般的英雄只能帶著「傳奇般」的宿醉在第二天早上醒來！
QUEST_WOLF_2_10_QUESTINFODATA_ACTIONS_0_DEFAULTOUTCOME_OUTCOMETEXT,你喝下了兩大杯蜂蜜酒，卻沒有酒量再繼續下去了。「再來一杯！」你大叫著醉倒在地。
QUEST_WOLF_2_10_QUESTINFODATA_ACTIONS_0_TESTSUCCESSOUTCOME_JOURNALTEXT,當野豬發現他居然在自己的蜂蜜酒大廳被一隻狼打敗時，他感到十分驚訝！「請接受我的敬意，」他說道。「上路前再喝一杯吧！」
QUEST_WOLF_2_10_QUESTINFODATA_ACTIONS_0_TESTSUCCESSOUTCOME_OUTCOMETEXT,儘管你平日的體能訓練不包括喝酒，但你還是在野豬自己的蜂蜜酒大廳中打敗了他，並贏得他深刻的尊重。
QUEST_WOLF_2_10_QUESTINFODATA_ACTIONS_1_ACTIONTEXT,用武器決鬥是唯一的解決方式。
QUEST_WOLF_2_10_QUESTINFODATA_ACTIONS_1_DEFAULTOUTCOME_JOURNALTEXT,我們的英雄可沒時間玩什麼遊戲！隨著你亮出刀刃，傻瓜匆忙收回了自己說的話。無論他是否有意冒犯，我們都不會知道了。
QUEST_WOLF_2_10_QUESTINFODATA_ACTIONS_1_DEFAULTOUTCOME_OUTCOMETEXT,你不想玩這樣的傻瓜遊戲。在你亮出刀刃的一瞬間，野豬的眼神變得溫和起來 ── 儘管你還是懷疑他的忠誠。
QUEST_WOLF_2_10_QUESTINFODATA_ACTIONS_2_ACTIONTEXT,「作為你的醫生我不建議這樣做。不過話說回來……」
QUEST_WOLF_2_10_QUESTINFODATA_ACTIONS_2_DEFAULTOUTCOME_JOURNALTEXT,一瓶來自<hero_name>忠誠醫生的簡易滋補藥幫助你取得了勝利，野豬的尊敬，還有劇烈的頭痛！
QUEST_WOLF_2_10_QUESTINFODATA_ACTIONS_2_DEFAULTOUTCOME_OUTCOMETEXT,醫生提供了一瓶簡易滋補藥，讓蜂蜜酒不會影響你的神智。你贏得了野豬的尊敬，但也出現了劇烈的頭痛！
QUEST_WOLF_2_10_QUESTINFODATA_ACTIONS_3_ACTIONTEXT,「我肯定我們可以嘗試更有利可圖的安排。」
QUEST_WOLF_2_10_QUESTINFODATA_ACTIONS_3_DEFAULTOUTCOME_JOURNALTEXT,<hero_name>的財務官非常熟悉貴族階層的陰謀詭計。他贏得了男爵的支持，同時喝下了一小口蜂蜜酒。
QUEST_WOLF_2_10_QUESTINFODATA_ACTIONS_3_DEFAULTOUTCOME_OUTCOMETEXT,一說到金幣，男爵的眼睛都發亮了。你的財務官拉來一張椅子坐下，「這樣對這裡的每一位都有利可圖。」
QUEST_WOLF_2_10_QUESTINFODATA_ACTIONS_4_ACTIONTEXT,使用巫毒娃娃作弊
QUEST_WOLF_2_10_QUESTINFODATA_ACTIONS_4_DEFAULTOUTCOME_JOURNALTEXT,我們的英雄利用巫毒娃娃取得了優勢。男爵很快就醉倒了。<hero_name>贏得了勝利。
QUEST_WOLF_2_10_QUESTINFODATA_ACTIONS_4_DEFAULTOUTCOME_OUTCOMETEXT,巫毒娃娃正適合在這種情況下使用。你把蜂蜜酒灑在了上面。很快地，男爵便打起了呼嚕，直到離開時，你依然能保持頭腦清醒。
QUEST_WOLF_2_10_QUESTINFODATA_ENCOUNTERTEXT,魁梧的野豬邀請你到他最重視的蜂蜜酒大廳。「如果你能證明自己有領導的實力，我就不會再詆毀你了！你選哪個？」
QUEST_WOLF_2_10_QUESTINFODATA_JOURNALENCOUNTERTEXT,野豬的蜂蜜酒大廳正是狼族可以證明自己的場所。雖然野豬男爵佔據著上風，但<hero_name>也決心要取得勝利！
QUEST_WOLF_2_10_QUESTINFODATA_JOURNALRUMOURTEXT,流言十分惡毒：附近一座城鎮的野豬男爵稱<hero_name>是懦夫和弱者。顯然不能讓他繼續這樣下去！
QUEST_WOLF_2_10_QUESTINFODATA_RUMOURTEXT,狼族的名譽可能岌岌可危！據說附近一座村落的男爵稱你是弱者和懦夫。最好阻止他繼續散播流言！
QUEST_WOLF_2_10_QUESTINFODATA_TITLE,蜂蜜酒大廳
QUEST_WOLF_2_11_QUESTINFODATA_ACTIONS_0_ACTIONTEXT,將篷車拉出來。
QUEST_WOLF_2_11_QUESTINFODATA_ACTIONS_0_DEFAULTOUTCOME_JOURNALTEXT,我們的英雄試圖將篷車拉出來，但<hero_name>的力氣不夠。商人和他的篷車再也未能離開這個沼澤。
QUEST_WOLF_2_11_QUESTINFODATA_ACTIONS_0_DEFAULTOUTCOME_OUTCOMETEXT,你拉呀拉，但你的力量不足。商人和篷車很快就沉沒在淤泥之中，永遠地消失了。
QUEST_WOLF_2_11_QUESTINFODATA_ACTIONS_0_TESTSUCCESSOUTCOME_JOURNALTEXT,在狼族天生神力的幫助下，<hero_name>只用一隻爪子就把篷車拉了出去！篷車已經安全了！
QUEST_WOLF_2_11_QUESTINFODATA_ACTIONS_0_TESTSUCCESSOUTCOME_OUTCOMETEXT,當你把篷車拉回硬地時，商人簡直不能相信自己的眼睛。他贈予了你能夠與你的努力相稱的禮物！
QUEST_WOLF_2_11_QUESTINFODATA_ACTIONS_1_ACTIONTEXT,幫助商人，放棄篷車。
QUEST_WOLF_2_11_QUESTINFODATA_ACTIONS_1_DEFAULTOUTCOME_JOURNALTEXT,我們的英雄無法同時拯救商人和他的財寶。狗接受了<hero_name>的幫助，但轉眼間就失去了自己的財產。
QUEST_WOLF_2_11_QUESTINFODATA_ACTIONS_1_DEFAULTOUTCOME_OUTCOMETEXT,「離開篷車吧，」你大叫道。「我沒辦法把你和篷車都救上來！」狗商人同意了你的幫助，但也變得垂頭喪氣：他的財產已經永遠地消失了。
QUEST_WOLF_2_11_QUESTINFODATA_ACTIONS_2_ACTIONTEXT,有了飛天翅靴讓人飛翔，還有什麼能絕望的呢？
QUEST_WOLF_2_11_QUESTINFODATA_ACTIONS_2_DEFAULTOUTCOME_JOURNALTEXT,即使使用受到限制，飛天翅靴在這種情況下還是發揮出了很好的作用！我們的英雄輕鬆地將商人和篷車拉了出來。
QUEST_WOLF_2_11_QUESTINFODATA_ACTIONS_2_DEFAULTOUTCOME_OUTCOMETEXT,飛天翅靴為你提供了一個簡單的解決方案。商人和他的貨物都安全了，而你的爪子甚至連髒都沒髒！
QUEST_WOLF_2_11_QUESTINFODATA_ACTIONS_3_ACTIONTEXT,「加把勁！來吧！」
QUEST_WOLF_2_11_QUESTINFODATA_ACTIONS_3_DEFAULTOUTCOME_JOURNALTEXT,惡臭的淤泥和沉重的篷車都比不上鐵匠鎚子的重量。他把篷車扯出了泥潭。狗商人也得救了。
QUEST_WOLF_2_11_QUESTINFODATA_ACTIONS_3_DEFAULTOUTCOME_OUTCOMETEXT,你隊伍中的鐵匠跳進了惡臭的淤泥中。他用巨大的力氣將篷車拖了出來。狗商人分別送給你們禮物作為感謝。
QUEST_WOLF_2_11_QUESTINFODATA_ENCOUNTERTEXT,你發現篷車陷入到了泥潭的深處，而且還在下沉。狗商人請求你提供幫助，但是你可以選擇的選項非常有限。
QUEST_WOLF_2_11_QUESTINFODATA_JOURNALENCOUNTERTEXT,在泥潭的深處，篷車的一半已經陷入到淤泥中。「救命啊！」狗商人正在求救。但是你可以做些什麼呢？
QUEST_WOLF_2_11_QUESTINFODATA_JOURNALRUMOURTEXT,篷車晚點了，這點是確定的。我們的英雄懷疑它愚蠢地想從<quest_tile>抄近路。
QUEST_WOLF_2_11_QUESTINFODATA_RUMOURTEXT,我們原本期望昨天會有篷車經過這裡，但直到現在它都沒有出現。我恐怕他們是被困在了<quest_tile>裡！
QUEST_WOLF_2_11_QUESTINFODATA_TITLE,下沉的篷車
QUEST_WOLF_2_12_QUESTINFODATA_ACTIONS_0_ACTIONTEXT,你的體力是足夠的！去直面嚴寒吧。
QUEST_WOLF_2_12_QUESTINFODATA_ACTIONS_0_DEFAULTOUTCOME_JOURNALTEXT,<hero_name>繼續前進，但邪惡魔法太強大了，那樣的寒冷實在是難以忍受。我們的英雄逃跑了，丟下了其他人讓他們聽天由命。
QUEST_WOLF_2_12_QUESTINFODATA_ACTIONS_0_DEFAULTOUTCOME_OUTCOMETEXT,你繼續前進，但嚴寒馬上就耗盡了你的力量。在近乎昏迷的情況下，你逃離了山脈，留下其他人讓他們聽天由命。
QUEST_WOLF_2_12_QUESTINFODATA_ACTIONS_0_TESTSUCCESSOUTCOME_JOURNALTEXT,<hero_name>與風暴搏鬥，最終與術士展開了正面對決。她最後倒下了，旅客也被救了出來！
QUEST_WOLF_2_12_QUESTINFODATA_ACTIONS_0_TESTSUCCESSOUTCOME_OUTCOMETEXT,你僅僅依靠自己的力氣繼續前進。「你怎麼……！」術士還沒來得及把話講完，你就了結了她的性命。
QUEST_WOLF_2_12_QUESTINFODATA_ACTIONS_1_ACTIONTEXT,進入庇護所躲避術士的魔法。
QUEST_WOLF_2_12_QUESTINFODATA_ACTIONS_1_DEFAULTOUTCOME_JOURNALTEXT,我們的英雄等待方士耗盡魔法，然後輕鬆地殺死了她。但遺憾的是，其他探險者都已經葬身在風暴之中。
QUEST_WOLF_2_12_QUESTINFODATA_ACTIONS_1_DEFAULTOUTCOME_OUTCOMETEXT,你在一個附近的洞穴等待術士耗盡魔法，然後輕鬆打敗了她。然而其他的探險者就沒有你這麼好運了。
QUEST_WOLF_2_12_QUESTINFODATA_ACTIONS_2_ACTIONTEXT,以汙穢對抗汙穢
QUEST_WOLF_2_12_QUESTINFODATA_ACTIONS_2_DEFAULTOUTCOME_JOURNALTEXT,汙穢的力量不可信任，隨時都會反過來對付自己。烏鴉之喙匕首帶著我們的英雄找到了術士。我們的英雄很快就打敗了她。
QUEST_WOLF_2_12_QUESTINFODATA_ACTIONS_2_DEFAULTOUTCOME_OUTCOMETEXT,烏鴉之喙匕首在指向北邊時發出了嗡嗡聲。你跟著它的指示在暴雪中前進。很快你就找到了術士，輕鬆地把她殺死了。
QUEST_WOLF_2_12_QUESTINFODATA_ACTIONS_3_ACTIONTEXT,「用化妝面具迷惑術士」
QUEST_WOLF_2_12_QUESTINFODATA_ACTIONS_3_DEFAULTOUTCOME_JOURNALTEXT,狡猾的化妝面具成功欺騙了愚蠢的術士。在誤以為英雄是她認識的人後，她讓風暴停了下來，為<hero_name>創造了攻擊的時機！
QUEST_WOLF_2_12_QUESTINFODATA_ACTIONS_3_DEFAULTOUTCOME_OUTCOMETEXT,戴上面具後，你看起來就像一名汙穢崇拜者。術士為你減緩了風暴，讓你能抵達她身旁好趁機殺死她。
QUEST_WOLF_2_12_QUESTINFODATA_ACTIONS_4_ACTIONTEXT,使用皇室護盾保護自己
QUEST_WOLF_2_12_QUESTINFODATA_ACTIONS_4_DEFAULTOUTCOME_JOURNALTEXT,但是汙穢魔法能夠對抗傳說中的皇室護盾嗎？<hero_name>開闢出一條道路，直達術士身邊，結束了她帶來的恐怖。
QUEST_WOLF_2_12_QUESTINFODATA_ACTIONS_4_DEFAULTOUTCOME_OUTCOMETEXT,你舉起了強大的皇室護盾抵擋風暴，前進至術士身邊，然後一刀了結了她的性命。
QUEST_WOLF_2_12_QUESTINFODATA_ENCOUNTERTEXT,山脈本身就是一個強大的敵人，同時術士的邪惡魔法也將你困在了冰冷的空氣和嚴酷的寒冷之中。
QUEST_WOLF_2_12_QUESTINFODATA_JOURNALENCOUNTERTEXT,但是這裡的天氣惡劣得很不正常，寒風輕鬆地鑽入了<hero_name>的皮毛中。雖說術士就在前方，但我們的英雄能到達那裡嗎？
QUEST_WOLF_2_12_QUESTINFODATA_JOURNALRUMOURTEXT,一名邪惡的術士擋住了附近山脈的通道，將無數無辜者困在了從未止息的暴風雪中。必須得阻止她！
QUEST_WOLF_2_12_QUESTINFODATA_RUMOURTEXT,一名邪惡的術士擋住了穿越山脈的通道，把我的許多朋友困在了嚴寒中。求你把他們救出來吧！
QUEST_WOLF_2_12_QUESTINFODATA_TITLE,怨恨的暴風雪
QUEST_WOLF_2_1_QUESTINFODATA_ACTIONS_0_ACTIONTEXT,轉身，拿好武器。
QUEST_WOLF_2_1_QUESTINFODATA_ACTIONS_0_DEFAULTOUTCOME_JOURNALTEXT,哎呀，我們的英雄沒有防備從灌木中投出的戰斧！英雄在痛苦中嚎叫起來，狐狸強盜得勝而退。
QUEST_WOLF_2_1_QUESTINFODATA_ACTIONS_0_DEFAULTOUTCOME_OUTCOMETEXT,你轉過身，但對手留下的唯一痕跡只有一把插在你腿上的斧子。斧子的主人狂笑著消失在了森林中。
QUEST_WOLF_2_1_QUESTINFODATA_ACTIONS_0_TESTSUCCESSOUTCOME_JOURNALTEXT,我們的英雄早就有所準備，因此能及時避開暗殺者的斧子。黑狐最終逃跑了，並且留下了一塊心靈石。
QUEST_WOLF_2_1_QUESTINFODATA_ACTIONS_0_TESTSUCCESSOUTCOME_OUTCOMETEXT,你轉身，迅速擋下一把飛來的斧子！斧子的主人，一隻黑狐，迅速地逃跑了，但逃跑前落下了她的背包。
QUEST_WOLF_2_1_QUESTINFODATA_ACTIONS_1_ACTIONTEXT,在森林中擺脫追蹤者。
QUEST_WOLF_2_1_QUESTINFODATA_ACTIONS_1_DEFAULTOUTCOME_JOURNALTEXT,黑暗森林是擺脫追蹤的理想地點。我們的英雄花了不少時間躲避和走彎路，那些狐狸很快便跟丟了。
QUEST_WOLF_2_1_QUESTINFODATA_ACTIONS_1_DEFAULTOUTCOME_OUTCOMETEXT,他們追蹤你的時間比你想像中的要長，但最終你還是成功擺脫了他們。你的能力超出了你自己的想像。
QUEST_WOLF_2_1_QUESTINFODATA_ACTIONS_2_ACTIONTEXT,戴上群英頭盔，獲得額外防護。
QUEST_WOLF_2_1_QUESTINFODATA_ACTIONS_2_DEFAULTOUTCOME_JOURNALTEXT,我們的英雄一戴上傳說中的護盔，一把斧子就砸在了上面！狐狸強盜乞求英雄放過他們，並以一件禮物作為交換。
QUEST_WOLF_2_1_QUESTINFODATA_ACTIONS_2_DEFAULTOUTCOME_OUTCOMETEXT,當你戴上頭盔時，一把飛來的斧子被它彈了出去。強盜乞求你放過他們，並以一件禮物作為交換。
QUEST_WOLF_2_1_QUESTINFODATA_ACTIONS_3_ACTIONTEXT,把侍從當作誘餌
QUEST_WOLF_2_1_QUESTINFODATA_ACTIONS_3_DEFAULTOUTCOME_JOURNALTEXT,侍從成為了絕佳的誘餌，讓<hero_name>得以戰勝暗殺者。侍從也很幸運地活了下來。
QUEST_WOLF_2_1_QUESTINFODATA_ACTIONS_3_DEFAULTOUTCOME_OUTCOMETEXT,你把斗篷披在了侍從的肩膀上。當暗殺者發起攻擊時，你衝向了她。她交出了財寶請求饒命。
QUEST_WOLF_2_1_QUESTINFODATA_ACTIONS_4_ACTIONTEXT,捉弄攻擊者
QUEST_WOLF_2_1_QUESTINFODATA_ACTIONS_4_DEFAULTOUTCOME_JOURNALTEXT,使用冰鑒斗篷來迷惑追蹤者，我們的英雄成功戰勝了暗殺者。他們還不夠格成為<hero_name>的對手呢！\n
QUEST_WOLF_2_1_QUESTINFODATA_ACTIONS_4_DEFAULTOUTCOME_OUTCOMETEXT,你利用冰鑒斗篷擺脫了追蹤，並反過來潛行到他們的身後。在匕首的威脅下，他們用寶藏來換取他們的性命。
QUEST_WOLF_2_1_QUESTINFODATA_ENCOUNTERTEXT,你進一步深入森林，然後沿著自己的腳印返回，躺在地上等著。突然，你聽到灌木發出了沙沙聲……
QUEST_WOLF_2_1_QUESTINFODATA_JOURNALENCOUNTERTEXT,我們的英雄想盡辦法都未能擺脫跟蹤者。到了附近的森林時，<hero_name>想到了一個計劃。
QUEST_WOLF_2_1_QUESTINFODATA_JOURNALRUMOURTEXT,<hero_name>好不容易才開始問鼎王位的計劃，但與此同時，一個奇怪的跟蹤者突然出現了……
QUEST_WOLF_2_1_QUESTINFODATA_RUMOURTEXT,現在先別看，但你似乎真的被一個不速之客跟蹤了。你可以試著在附近的森林擺脫追蹤。
QUEST_WOLF_2_1_QUESTINFODATA_TITLE,黑曜石狐狸
QUEST_WOLF_2_2_QUESTINFODATA_ACTIONS_0_ACTIONTEXT,殺死守衛和貓暴君。
QUEST_WOLF_2_2_QUESTINFODATA_ACTIONS_0_DEFAULTOUTCOME_JOURNALTEXT,我們的英雄盡力想殺死暴君，但敵人的數量實在是太多了。我們的英雄最後失敗了，並且被扔出了城鎮。
QUEST_WOLF_2_2_QUESTINFODATA_ACTIONS_0_DEFAULTOUTCOME_OUTCOMETEXT,你拔出了利劍，但貓守衛很快便佔據了上風。他們把你痛打了一頓，然後將你癱軟的身軀扔出了城門。
QUEST_WOLF_2_2_QUESTINFODATA_ACTIONS_0_TESTSUCCESSOUTCOME_JOURNALTEXT,我們的英雄出劍既快又穩，輕而易舉地把貓暴君殺死了。村落最終從暴君的統治下解放了出來。
QUEST_WOLF_2_2_QUESTINFODATA_ACTIONS_0_TESTSUCCESSOUTCOME_OUTCOMETEXT,你以無法察覺的速度拔出利劍，突破守衛的包圍。暴君很快便被你殺死了，最終你以英雄的姿態離開。
QUEST_WOLF_2_2_QUESTINFODATA_ACTIONS_1_ACTIONTEXT,隨守衛前去，再殺死暴君。
QUEST_WOLF_2_2_QUESTINFODATA_ACTIONS_1_DEFAULTOUTCOME_JOURNALTEXT,我們的英雄決定，擒賊先擒王，只奪取暴君的性命。守衛四散奔逃，最終村落得到了自由。
QUEST_WOLF_2_2_QUESTINFODATA_ACTIONS_1_DEFAULTOUTCOME_OUTCOMETEXT,當你被扔到貓暴君面前時，你表明了意圖，輕鬆殺死了他。雖然守衛四散而逃，但村落也得到了自由。
QUEST_WOLF_2_2_QUESTINFODATA_ACTIONS_2_ACTIONTEXT,拔出銀月巨鐮。像割麥一樣地快速解決這群蠢貨。
QUEST_WOLF_2_2_QUESTINFODATA_ACTIONS_2_DEFAULTOUTCOME_JOURNALTEXT,銀月巨鐮對那些貓士兵造成了恐慌。我們的英雄全力揮舞著刀刃，血洗了那群貓咪，並從牠們的魔爪中解放了村落。
QUEST_WOLF_2_2_QUESTINFODATA_ACTIONS_2_DEFAULTOUTCOME_OUTCOMETEXT,你舉起那傳說中的巨鐮。沒有敵人能在它面前活下來。那些守衛開始恐慌地逃竄，但有許多都變成了刀下亡魂。
QUEST_WOLF_2_2_QUESTINFODATA_ACTIONS_3_ACTIONTEXT,「奪取統治權的方式不只有一種……」\n
QUEST_WOLF_2_2_QUESTINFODATA_ACTIONS_3_DEFAULTOUTCOME_JOURNALTEXT,在精通謊言和誹謗的王牌間諜的幫助下，暴君的統治結束了。村落再次恢復了安寧。
QUEST_WOLF_2_2_QUESTINFODATA_ACTIONS_3_DEFAULTOUTCOME_OUTCOMETEXT,你的王牌間諜將你帶到了村落外圍。只過了一會，流言便開始到處散播，很快它們就會像利劍一樣終結暴君的統治了。
QUEST_WOLF_2_2_QUESTINFODATA_ACTIONS_4_ACTIONTEXT,「要打了嗎？我們出發吧。」
QUEST_WOLF_2_2_QUESTINFODATA_ACTIONS_4_DEFAULTOUTCOME_JOURNALTEXT,守衛使用武器的技巧根本無法與狂戰士的威力相比。不到一會，守衛便四散而逃，暴君也被推翻了。
QUEST_WOLF_2_2_QUESTINFODATA_ACTIONS_4_DEFAULTOUTCOME_OUTCOMETEXT,你隊伍中的狂戰士加入了戰鬥，守衛四散而逃。在狂戰士追逐殘兵期間，你獨自去對付貓暴君，漂亮而又緩慢地讓他迎來了死亡。
QUEST_WOLF_2_2_QUESTINFODATA_ENCOUNTERTEXT,當你進入城鎮的一刻，守衛命令你向城鎮的殘暴統治者下跪，並且向他宣誓效忠。
QUEST_WOLF_2_2_QUESTINFODATA_JOURNALENCOUNTERTEXT,在進入村落的一刻，我們的英雄立刻就被貓守衛包圍，要求他向他們的領主下跪。
QUEST_WOLF_2_2_QUESTINFODATA_JOURNALRUMOURTEXT,<hero_name>聽說了關於狼族村落的傳聞，還有關於殘暴統治牠們的貓族。但我們的英雄能提供什麼幫助呢？
QUEST_WOLF_2_2_QUESTINFODATA_RUMOURTEXT,狼族的成員正在一個小城鎮中遭受貓暴君的殘暴統治。去解救他們吧，他們的忠誠將屬於你。
QUEST_WOLF_2_2_QUESTINFODATA_TITLE,法官，陪審員，劊子手
QUEST_WOLF_2_3_QUESTINFODATA_ACTIONS_0_ACTIONTEXT,拔出利刃，殺死怪物！
QUEST_WOLF_2_3_QUESTINFODATA_ACTIONS_0_DEFAULTOUTCOME_JOURNALTEXT,我們的英雄出手固然迅速，但還是不敵那隻汙穢野豬的攻勢。我們的英雄只能帶著一身傷逃走了。
QUEST_WOLF_2_3_QUESTINFODATA_ACTIONS_0_DEFAULTOUTCOME_OUTCOMETEXT,你想要拔出武器，但卻遲疑了。那隻像是被汙穢所感染的野豬形體把你傷得很重，你只好逃走了！
QUEST_WOLF_2_3_QUESTINFODATA_ACTIONS_0_TESTSUCCESSOUTCOME_JOURNALTEXT,我們的英雄瞬間劍拔出鞘，邪惡的生物簡直不堪一擊。<hero_name>的勇武得到了豐厚的回報。
QUEST_WOLF_2_3_QUESTINFODATA_ACTIONS_0_TESTSUCCESSOUTCOME_OUTCOMETEXT,這隻野獸可能是某種汙穢野豬，在劇烈掙扎了一番後終於倒在了你面前。居民們好好報答了你一番。
QUEST_WOLF_2_3_QUESTINFODATA_ACTIONS_1_ACTIONTEXT,跳到一邊，躲開這邪惡的野獸。
QUEST_WOLF_2_3_QUESTINFODATA_ACTIONS_1_DEFAULTOUTCOME_JOURNALTEXT,我們的英雄躲開了野獸的衝鋒，然後在平原上追逐著牠，讓牠再也沒法在這片土地上作亂。
QUEST_WOLF_2_3_QUESTINFODATA_ACTIONS_1_DEFAULTOUTCOME_OUTCOMETEXT,在這奇怪的野獸發起攻擊時，你閃到一邊，及時避開牠的血盆大口，最終把牠從這片土地上永遠地趕走了。
QUEST_WOLF_2_3_QUESTINFODATA_ACTIONS_2_ACTIONTEXT,魔鴆之爪正在發光
QUEST_WOLF_2_3_QUESTINFODATA_ACTIONS_2_DEFAULTOUTCOME_JOURNALTEXT,魔鴆之爪感受到了這生物的邪惡。它吸走了野豬的力量，殺死了牠。真是一件厲害的東西。\n
QUEST_WOLF_2_3_QUESTINFODATA_ACTIONS_2_DEFAULTOUTCOME_OUTCOMETEXT,一隻可怕的汙穢野豬從草叢中衝了出來。當牠看到魔鴆之爪時，開始咆哮起來。突然間，牠爆炸了，弄了你一身的汙穢。
QUEST_WOLF_2_3_QUESTINFODATA_ACTIONS_3_ACTIONTEXT,用懷爾德之力轟掉這東西！
QUEST_WOLF_2_3_QUESTINFODATA_ACTIONS_3_DEFAULTOUTCOME_JOURNALTEXT,懷爾德烈焰權杖所蘊含的魔法淨化了這隻衝鋒的野獸 ── 一隻遭到汙穢腐化的野豬。
QUEST_WOLF_2_3_QUESTINFODATA_ACTIONS_3_DEFAULTOUTCOME_OUTCOMETEXT,你高舉法杖，它的頂端閃爍著神秘的光芒。野獸退縮了。你釋放了魔法，白色的火焰淨化了這隻野獸。
QUEST_WOLF_2_3_QUESTINFODATA_ACTIONS_4_ACTIONTEXT,快！快穿上獅心胸甲。
QUEST_WOLF_2_3_QUESTINFODATA_ACTIONS_4_DEFAULTOUTCOME_JOURNALTEXT,腳步聲來自於一隻正在衝鋒的汙穢野豬。雖然牠十分兇惡，但卻無法破壞獅心胸甲，我們的英雄成功擊敗了牠。
QUEST_WOLF_2_3_QUESTINFODATA_ACTIONS_4_DEFAULTOUTCOME_OUTCOMETEXT,你剛剛繫好最後一條帶子，這東西就發動了攻擊。牠的獠牙狠狠咬了下來，卻被你的盔甲彈開了。你殺掉了這隻野獸，
QUEST_WOLF_2_3_QUESTINFODATA_ENCOUNTERTEXT,你的任務帶領你來到了平原腹地，這裡的小麥長成了一片茂密的金色森林。接下來，你聽到了雷霆一般的腳步聲……
QUEST_WOLF_2_3_QUESTINFODATA_JOURNALENCOUNTERTEXT,任務將我們的英雄帶到了平原的腹地深處，迷失在了一片小麥的金色森林中。接著，不知從哪裡傳來了雷鳴般的腳步聲！
QUEST_WOLF_2_3_QUESTINFODATA_JOURNALRUMOURTEXT,我們的英雄聽說，附近的一個平原發生了奇怪的失蹤事件。這片青翠的海洋裡，究竟隱藏著什麼樣的邪惡？
QUEST_WOLF_2_3_QUESTINFODATA_RUMOURTEXT,有一些平原上的居民毫無道理地失蹤了。他們請求派一名戰士把這件事調查清楚。
QUEST_WOLF_2_3_QUESTINFODATA_TITLE,失蹤
QUEST_WOLF_2_4_QUESTINFODATA_ACTIONS_0_ACTIONTEXT,叫喊這隻獵犬，讓他到你這裡來。
QUEST_WOLF_2_4_QUESTINFODATA_ACTIONS_0_DEFAULTOUTCOME_JOURNALTEXT,我們的英雄想要說服獵犬從安全的石陣裡出來。然而，這傢伙一肚子怨氣，氣沖沖地走了。
QUEST_WOLF_2_4_QUESTINFODATA_ACTIONS_0_DEFAULTOUTCOME_OUTCOMETEXT,你的話語激怒了牠。「我可不是你的僕人，小崽子。我不知道你是誰，但這裡是愛門羅，你什麼都還不算。」
QUEST_WOLF_2_4_QUESTINFODATA_ACTIONS_0_TESTSUCCESSOUTCOME_JOURNALTEXT,我們的英雄站在石陣外，遠遠地呼喚著獵人。獵人絲毫沒有感到被冒犯，於是為他們的謹慎獻上了禮物。
QUEST_WOLF_2_4_QUESTINFODATA_ACTIONS_0_TESTSUCCESSOUTCOME_OUTCOMETEXT,你向老獵犬招招手。他笑著將一個小包扔在了你們之間。「小心不會有錯，千萬記得這點。」
QUEST_WOLF_2_4_QUESTINFODATA_ACTIONS_1_ACTIONTEXT,走進石陣，面對獵人。
QUEST_WOLF_2_4_QUESTINFODATA_ACTIONS_1_DEFAULTOUTCOME_JOURNALTEXT,然而，我們的英雄並沒有動搖。獵人對於<hero_name>表現出的勇氣感到很有趣，但也警告他們，將來一定要更加小心。
QUEST_WOLF_2_4_QUESTINFODATA_ACTIONS_1_DEFAULTOUTCOME_OUTCOMETEXT,你徑直走進了巨石陣。「萬一這是陷阱呢，這麼走進去可不好，」獵犬說。「你要學的還多著呢。」
QUEST_WOLF_2_4_QUESTINFODATA_ACTIONS_2_ACTIONTEXT,展示你的懷爾德之力
QUEST_WOLF_2_4_QUESTINFODATA_ACTIONS_2_DEFAULTOUTCOME_JOURNALTEXT,石陣裡的身影被<hero_name>的懷爾德護符的力量嚇到了。他不停地道著歉，生怕遭到攻擊。
QUEST_WOLF_2_4_QUESTINFODATA_ACTIONS_2_DEFAULTOUTCOME_OUTCOMETEXT,你舉起了護符。這頭狼見識到了你的力量。他很快就道歉了。「你比我想像中厲害得多。」
QUEST_WOLF_2_4_QUESTINFODATA_ACTIONS_3_ACTIONTEXT,展示皇室旗幟
QUEST_WOLF_2_4_QUESTINFODATA_ACTIONS_3_DEFAULTOUTCOME_JOURNALTEXT,在皇室旗幟授予的國王權威下，這個人滿面愧色地現身了。只有實力能帶來尊重。
QUEST_WOLF_2_4_QUESTINFODATA_ACTIONS_3_DEFAULTOUTCOME_OUTCOMETEXT,你舉起了皇室旗幟。「出來，陌生人！這是國王的命令。」狼不甘情願地走了出來。「你的影響力比我想像中還要深遠。」
QUEST_WOLF_2_4_QUESTINFODATA_ACTIONS_4_ACTIONTEXT,「我認識這個獵手。」
QUEST_WOLF_2_4_QUESTINFODATA_ACTIONS_4_DEFAULTOUTCOME_JOURNALTEXT,看起來醫生和獵人是老戰友！獵人向我們的英雄宣誓效忠，並獻上了代表敬重的小小禮物。
QUEST_WOLF_2_4_QUESTINFODATA_ACTIONS_4_DEFAULTOUTCOME_OUTCOMETEXT,「迪根，出來吧。」陌生人悄悄說著。獵人往前走了一步，低下頭。「如果你已經宣誓效忠了，那我也一樣。」
QUEST_WOLF_2_4_QUESTINFODATA_ENCOUNTERTEXT,這獵犬靠在一根立著的石柱上。「進來吧！」他笑著說。但他說這話的時候有點奇怪……
QUEST_WOLF_2_4_QUESTINFODATA_JOURNALENCOUNTERTEXT,獵人就在他說好的地方，但整件事就是有些奇怪。<hero_name>感到一陣不安。
QUEST_WOLF_2_4_QUESTINFODATA_JOURNALRUMOURTEXT,一位狼族的傳奇獵人請求與<hero_name>見面。不過，會面的目的依然是一個謎。
QUEST_WOLF_2_4_QUESTINFODATA_RUMOURTEXT,我聽說，有一個狼族獵人就在附近的一個奇怪的巨石陣徘徊，還指名道姓地問起了你的事情。
QUEST_WOLF_2_4_QUESTINFODATA_TITLE,石陣中的獵人
QUEST_WOLF_2_5_QUESTINFODATA_ACTIONS_0_ACTIONTEXT,衝進營地，殺掉他們。
QUEST_WOLF_2_5_QUESTINFODATA_ACTIONS_0_DEFAULTOUTCOME_JOURNALTEXT,我們的英雄將謹慎拋到九霄雲外，衝上前去 ── 但那天的魯莽並沒有得到回報，<hero_name>傷痕累累地逃走了。
QUEST_WOLF_2_5_QUESTINFODATA_ACTIONS_0_DEFAULTOUTCOME_OUTCOMETEXT,你砍倒了最近的強盜，但他們很快就重新集結起來。你帶著一身傷痕逃離了那裡，從此再也沒見到地方官。
QUEST_WOLF_2_5_QUESTINFODATA_ACTIONS_0_TESTSUCCESSOUTCOME_JOURNALTEXT,即便是微乎其微的勝率，也無法阻擋我們的英雄，他手持狼族利刃，一路砍翻了強盜。地方官得救了，強盜們也都被殺死了。
QUEST_WOLF_2_5_QUESTINFODATA_ACTIONS_0_TESTSUCCESSOUTCOME_OUTCOMETEXT,你拔出武器，衝進營地，大殺四方。地方官感激地為你獻上了一位忠實的家族追隨者作為幫助。
QUEST_WOLF_2_5_QUESTINFODATA_ACTIONS_1_ACTIONTEXT,悄悄地溜到地方官身邊。
QUEST_WOLF_2_5_QUESTINFODATA_ACTIONS_1_DEFAULTOUTCOME_JOURNALTEXT,一切全拜潛行的功勞，我們的英雄才得以成功。雖然沒有幹掉幾個強盜，但地方官很快就獲救了。
QUEST_WOLF_2_5_QUESTINFODATA_ACTIONS_1_DEFAULTOUTCOME_OUTCOMETEXT,你決定避免戰鬥，轉而順著洞穴的邊緣潛入進去，降下了地方官的籠子，然後安全地溜了出去。
QUEST_WOLF_2_5_QUESTINFODATA_ACTIONS_2_ACTIONTEXT,打磨魔鴆之刃
QUEST_WOLF_2_5_QUESTINFODATA_ACTIONS_2_DEFAULTOUTCOME_JOURNALTEXT,魔鴆之刃給<hero_name>帶來了無窮力量，擊敗了所有的強盜。不知為什麼，地方官眼中的恐懼看起來讓人愉悅。
QUEST_WOLF_2_5_QUESTINFODATA_ACTIONS_2_DEFAULTOUTCOME_OUTCOMETEXT,強盜們活不了多久了。你走進他們的營地，砍翻了這些蠢貨。地方官請求你饒他一命。這讓你很煩。
QUEST_WOLF_2_5_QUESTINFODATA_ACTIONS_3_ACTIONTEXT,「他們壓根都見不著我們。」
QUEST_WOLF_2_5_QUESTINFODATA_ACTIONS_3_DEFAULTOUTCOME_JOURNALTEXT,利用術士的魔法來解決這群強盜簡直輕而易舉。看到<hero_name>展現的汙穢之力，地方官卻嚇得逃跑了。
QUEST_WOLF_2_5_QUESTINFODATA_ACTIONS_3_DEFAULTOUTCOME_OUTCOMETEXT,從術士的手中噴發出了汙穢魔法。強盜們一個接一個地哀號倒下了。地方官雖然得救了，卻也被你們給嚇跑了。
QUEST_WOLF_2_5_QUESTINFODATA_ACTIONS_4_ACTIONTEXT,「我去吸引注意力。這可是我的拿手好戲！」
QUEST_WOLF_2_5_QUESTINFODATA_ACTIONS_4_DEFAULTOUTCOME_JOURNALTEXT,靠著忠誠的傻瓜製造混亂，<hero_name>趁他們不注意接近了籠子，放走了地方官。三個人都毫髮無傷地逃了出來。
QUEST_WOLF_2_5_QUESTINFODATA_ACTIONS_4_DEFAULTOUTCOME_OUTCOMETEXT,你忠實的傻瓜直入虎穴，惹毛了整個強盜部族，而你則和地方官一起逃了出去。
QUEST_WOLF_2_5_QUESTINFODATA_ENCOUNTERTEXT,在營地中，你發現地方官被裝在一個柳條籠裡，掛在洞穴的頂上。那麼現在，怎麼對付這些強盜呢？
QUEST_WOLF_2_5_QUESTINFODATA_JOURNALENCOUNTERTEXT,營地很快就找到了，就在一個小洞穴裡面，但要從半空中的籠子裡救出地方官可能不太容易。
QUEST_WOLF_2_5_QUESTINFODATA_JOURNALRUMOURTEXT,一位意志堅定的狼族地方官被強盜抓住了，這很可能是瘋王的命令！我們的英雄急忙過去營救他們。
QUEST_WOLF_2_5_QUESTINFODATA_RUMOURTEXT,一位忠於狼族的地方官被強盜抓住了！有傳言說，他們在附近的平原有一個營地……
QUEST_WOLF_2_5_QUESTINFODATA_TITLE,絞刑判官
QUEST_WOLF_2_6_QUESTINFODATA_ACTIONS_0_ACTIONTEXT,堅持住！讓陰影現出原形。
QUEST_WOLF_2_6_QUESTINFODATA_ACTIONS_0_DEFAULTOUTCOME_JOURNALTEXT,我們的英雄盡力呼叫那個神秘的身影，但寒冷讓他們的感覺更加遲鈍了。<hero_name>勉強活著逃離了山峰。
QUEST_WOLF_2_6_QUESTINFODATA_ACTIONS_0_DEFAULTOUTCOME_OUTCOMETEXT,你用盡全力，但還是被寒冷所擊敗。你在一個洞穴裡被小小的火焰喚醒。你得救了……但永遠也不知道是誰救了你。
QUEST_WOLF_2_6_QUESTINFODATA_ACTIONS_0_TESTSUCCESSOUTCOME_JOURNALTEXT,是維庫斯！古老的戰爭之狼極盡所能幫助了<hero_name>的大業，然後回到了群山孤獨的懷抱中。
QUEST_WOLF_2_6_QUESTINFODATA_ACTIONS_0_TESTSUCCESSOUTCOME_OUTCOMETEXT,在一片白霧中，你看到一頭老狼正在接近。是維庫斯！在你啟程離開前，他向你傳授了許多知識。
QUEST_WOLF_2_6_QUESTINFODATA_ACTIONS_1_ACTIONTEXT,警告那個身影保持距離。
QUEST_WOLF_2_6_QUESTINFODATA_ACTIONS_1_DEFAULTOUTCOME_JOURNALTEXT,「離遠點！我手裡有武器！」<hero_name>警告著陰影，對方很快就消失了。山脈的秘密依然無人知曉。
QUEST_WOLF_2_6_QUESTINFODATA_ACTIONS_1_DEFAULTOUTCOME_OUTCOMETEXT,在這些山裡，還是安全第一！你拔出武器，警告那個身影離遠點。暗影逐漸散去。
QUEST_WOLF_2_6_QUESTINFODATA_ACTIONS_2_ACTIONTEXT,「朋友，這陰影沒什麼可怕的。讓我來吧。」
QUEST_WOLF_2_6_QUESTINFODATA_ACTIONS_2_DEFAULTOUTCOME_JOURNALTEXT,探險者知道的更多 ── 這是維庫斯，狼族的戰爭英雄！三人一同克服了暴風雪。
QUEST_WOLF_2_6_QUESTINFODATA_ACTIONS_2_DEFAULTOUTCOME_OUTCOMETEXT,你應允了探險者，看著他們把陰影招呼過來。是維庫斯，狼族的戰爭英雄！
QUEST_WOLF_2_6_QUESTINFODATA_ACTIONS_3_ACTIONTEXT,「閉上眼睛！」
QUEST_WOLF_2_6_QUESTINFODATA_ACTIONS_3_DEFAULTOUTCOME_JOURNALTEXT,寒冷是十分致命的。<hero_name>的煉金術師製造了一陣化學火焰，拯救了他們，但也趕走了陰影。
QUEST_WOLF_2_6_QUESTINFODATA_ACTIONS_3_DEFAULTOUTCOME_OUTCOMETEXT,一些黏糊糊的東西落在了雪上，冒著泡。一團火焰閃耀著騰起。那個身影被嚇跑了，但至少現在你暖和了不少。
QUEST_WOLF_2_6_QUESTINFODATA_ACTIONS_4_ACTIONTEXT,「找掩護！跟著我！」
QUEST_WOLF_2_6_QUESTINFODATA_ACTIONS_4_DEFAULTOUTCOME_JOURNALTEXT,風暴實在是太強烈了。與其在暴風雪中面對那個身影，<hero_name>選擇了跟隨他們的礦工來到了附近一個安全的洞穴。
QUEST_WOLF_2_6_QUESTINFODATA_ACTIONS_4_DEFAULTOUTCOME_OUTCOMETEXT,你把那個不詳的陰影拋在身後，在礦工的帶領下來到了附近一個安全的洞穴。在那裡，一個骷髏手中握著一件值錢的寶物。
QUEST_WOLF_2_6_QUESTINFODATA_ENCOUNTERTEXT,沒過多久，你就發現了雪幕中有一個奇怪的影子。或許是維庫斯，但也可能是一隻山丘巨魔。
QUEST_WOLF_2_6_QUESTINFODATA_JOURNALENCOUNTERTEXT,一堵厚厚的雪牆包圍了<hero_name>，沒過幾個小時，他們就迷路了。看起來死亡將近 ── 但這時，一個影子浮現出來……
QUEST_WOLF_2_6_QUESTINFODATA_JOURNALRUMOURTEXT,半個世代前，狼族的戰爭英雄 ── 維庫斯突然消失，沒有留下一句話。不知說他生活在山裡的傳言是真的嗎？
QUEST_WOLF_2_6_QUESTINFODATA_RUMOURTEXT,可能我有時候確實會出現幻覺，但在探索附近山脈的時候，絕對看見了維庫斯，我發誓！你知道吧，以前的那個狼族戰爭英雄？
QUEST_WOLF_2_6_QUESTINFODATA_TITLE,隱士
QUEST_WOLF_2_7_QUESTINFODATA_ACTIONS_0_ACTIONTEXT,向懷爾德尋求建議。
QUEST_WOLF_2_7_QUESTINFODATA_ACTIONS_0_DEFAULTOUTCOME_JOURNALTEXT,我們的英雄想要與懷爾德交流，結果卻惹怒了德魯伊！會面以失敗告終，<hero_name>逃跑了。
QUEST_WOLF_2_7_QUESTINFODATA_ACTIONS_0_DEFAULTOUTCOME_OUTCOMETEXT,這些穿著袍子的身影被你無力的召喚懷爾德之舉激怒了。你感覺很虛弱。你理解了懷爾德之道，但代價很大。
QUEST_WOLF_2_7_QUESTINFODATA_ACTIONS_0_TESTSUCCESSOUTCOME_JOURNALTEXT,我們的英雄明白這些生物信仰著懷爾德，於是決定召喚祂的幫助。德魯伊消失了，但留下了一件強力的禮物。
QUEST_WOLF_2_7_QUESTINFODATA_ACTIONS_0_TESTSUCCESSOUTCOME_OUTCOMETEXT,懷爾德之歌在你耳邊環繞 ── 你閉上了眼睛。當你睜開眼，人影已經不見了，而在他們原先站著的地方，放著一塊心靈石。
QUEST_WOLF_2_7_QUESTINFODATA_ACTIONS_1_ACTIONTEXT,保持距離。觀察。
QUEST_WOLF_2_7_QUESTINFODATA_ACTIONS_1_DEFAULTOUTCOME_JOURNALTEXT,我們的英雄保持著安全的距離，遠遠地看著。德魯伊們完成了他們的儀式，授予了更多懷爾德的知識。
QUEST_WOLF_2_7_QUESTINFODATA_ACTIONS_1_DEFAULTOUTCOME_OUTCOMETEXT,你站在圈外，觀察著這些人和他們奇怪的儀式。當他們離去時，你感覺自己和懷爾德之間的聯繫更深了。
QUEST_WOLF_2_7_QUESTINFODATA_ACTIONS_2_ACTIONTEXT,「我聽說過這些德魯伊的故事。我知道該怎麼做。」
QUEST_WOLF_2_7_QUESTINFODATA_ACTIONS_2_DEFAULTOUTCOME_JOURNALTEXT,學徒對於魔法的知識幫助我們的英雄與德魯伊進行了溝通，並得到了豐厚的獎賞。
QUEST_WOLF_2_7_QUESTINFODATA_ACTIONS_2_DEFAULTOUTCOME_OUTCOMETEXT,學徒跪在德魯伊的面前，輕聲說著奇怪的話語。三人向他點點頭，然後消失了，留下一件小小的寶物。
QUEST_WOLF_2_7_QUESTINFODATA_ENCOUNTERTEXT,在巨石陣中，三個穿著袍子的身影高踞於你面前。這些難道就是古時候如同神明一般的德魯伊？
QUEST_WOLF_2_7_QUESTINFODATA_JOURNALENCOUNTERTEXT,<hero_name>接近了巨石陣，世界在迷霧中模糊起來。在正中央，德魯伊們高踞受覲。
QUEST_WOLF_2_7_QUESTINFODATA_JOURNALRUMOURTEXT,我們的英雄追尋著傳奇 ── 有人在附近看到了古代的德魯伊，他們的古代知識一定很有助益。
QUEST_WOLF_2_7_QUESTINFODATA_RUMOURTEXT,不是我喜歡說小道消息，但我確實是聽說，一群古老的德魯伊經常出現在愛門羅的一個奇怪的巨石陣裡。
QUEST_WOLF_2_7_QUESTINFODATA_TITLE,力量之環
QUEST_WOLF_2_8_QUESTINFODATA_ACTIONS_0_ACTIONTEXT,請求懷爾德截住商隊。
QUEST_WOLF_2_8_QUESTINFODATA_ACTIONS_0_DEFAULTOUTCOME_JOURNALTEXT,我們的英雄試圖控制懷爾德，但祂卻用桀驁狂野的力量摧毀了商隊。在這場災難中，一切都沒了。
QUEST_WOLF_2_8_QUESTINFODATA_ACTIONS_0_DEFAULTOUTCOME_OUTCOMETEXT,一陣狂風吹過平原，強到將商隊吹過路堤，再也找不回來。流浪者們不見了。
QUEST_WOLF_2_8_QUESTINFODATA_ACTIONS_0_TESTSUCCESSOUTCOME_JOURNALTEXT,懷爾德覺察到了我們英雄的困境，用一陣強風放慢了商隊的速度。先知倍感驚訝，而後向狼族宣誓效忠。
QUEST_WOLF_2_8_QUESTINFODATA_ACTIONS_0_TESTSUCCESSOUTCOME_OUTCOMETEXT,一陣強風吹起，令商隊不得不停下腳步。先知說這便是命中注定，然後給了你一張隨從卡牌。
QUEST_WOLF_2_8_QUESTINFODATA_ACTIONS_1_ACTIONTEXT,用咆哮吸引商隊的注意。
QUEST_WOLF_2_8_QUESTINFODATA_ACTIONS_1_DEFAULTOUTCOME_JOURNALTEXT,我們的英雄嚎叫著，聲音比什麼其他狼都大，但商隊卻錯當成了威脅！他們趕緊逃走，再也沒有出現。
QUEST_WOLF_2_8_QUESTINFODATA_ACTIONS_1_DEFAULTOUTCOME_OUTCOMETEXT,你的嚎叫聲超過了任何一個族人。商隊短暫地停下，然後以雙倍的速度加速前進，很快就從愛門羅消失了。
QUEST_WOLF_2_8_QUESTINFODATA_ACTIONS_2_ACTIONTEXT,「來點閃光粉……看！」
QUEST_WOLF_2_8_QUESTINFODATA_ACTIONS_2_DEFAULTOUTCOME_JOURNALTEXT,咒術師的魔法工具看起來相當有用，<hero_name>吸引了商隊的注意。
QUEST_WOLF_2_8_QUESTINFODATA_ACTIONS_2_DEFAULTOUTCOME_OUTCOMETEXT,一撮奇怪的粉末製造出了明亮的閃光。這對於咒術師來說不過是小把戲而已。商隊看見了，然後調轉了方向。
QUEST_WOLF_2_8_QUESTINFODATA_ACTIONS_3_ACTIONTEXT,「這商隊馬上就停了！」
QUEST_WOLF_2_8_QUESTINFODATA_ACTIONS_3_DEFAULTOUTCOME_JOURNALTEXT,商人一生都在跟著商隊旅行，他知道這些流浪者很快就會紮營。當他們紮營時，我們的英雄接近了他們。
QUEST_WOLF_2_8_QUESTINFODATA_ACTIONS_3_DEFAULTOUTCOME_OUTCOMETEXT,商人看了看商隊的載貨，認定他們很快就需要紮營。當它紮營時，你接近了上去。命運正等著你。
QUEST_WOLF_2_8_QUESTINFODATA_ACTIONS_4_ACTIONTEXT,吸引商隊的注意力
QUEST_WOLF_2_8_QUESTINFODATA_ACTIONS_4_DEFAULTOUTCOME_JOURNALTEXT,只消用強力的手持加農砲來上一發，就足夠吸引商隊的注意力了。先知向<hero_name>展現了很多東西。
QUEST_WOLF_2_8_QUESTINFODATA_ACTIONS_4_DEFAULTOUTCOME_OUTCOMETEXT,你發射手持加農砲，射擊的聲音響徹平原。商隊停了下來。當你到達後，先知同意解讀你的命運。
QUEST_WOLF_2_8_QUESTINFODATA_ENCOUNTERTEXT,你發現正在追趕的那支古老的流浪者商隊離自己有點遠，而且正在迅速離你而去。你要怎麼及時趕上？
QUEST_WOLF_2_8_QUESTINFODATA_JOURNALENCOUNTERTEXT,流浪者商隊正以極快的速度穿過平原。除非發生奇跡，<hero_name>才能趕得上先知。
QUEST_WOLF_2_8_QUESTINFODATA_JOURNALRUMOURTEXT,我們的英雄聽說，有一個古老的流浪者先知可以預見未來。我們的英雄決定最好去見上一面。
QUEST_WOLF_2_8_QUESTINFODATA_RUMOURTEXT,有一位古老的流浪者先知正跟著她的商隊在附近旅行。或許你可以去見見她，說不定能瞭解一些關於未來的事情。
QUEST_WOLF_2_8_QUESTINFODATA_TITLE,流浪者商隊
QUEST_WOLF_2_9_QUESTINFODATA_ACTIONS_0_ACTIONTEXT,請求懷爾德分散他們的注意力。
QUEST_WOLF_2_9_QUESTINFODATA_ACTIONS_0_DEFAULTOUTCOME_JOURNALTEXT,懷爾德實在是一位變幻無常的主人，他直接將國王的守衛帶到了<hero_name>面前。魔法師被消滅了，我們的英雄只得逃離。
QUEST_WOLF_2_9_QUESTINFODATA_ACTIONS_0_DEFAULTOUTCOME_OUTCOMETEXT,一陣冷風吹起 ── 但只是將國王的守衛帶到了你面前。經過一場惡戰後，占星師死去了，而你則身負重傷逃走了。
QUEST_WOLF_2_9_QUESTINFODATA_ACTIONS_0_TESTSUCCESSOUTCOME_JOURNALTEXT,這天，國王守衛與<hero_name>打得難解難分，而<hero_name>則爭取到時間救出了忠誠的皇室法師。
QUEST_WOLF_2_9_QUESTINFODATA_ACTIONS_0_TESTSUCCESSOUTCOME_OUTCOMETEXT,你請求懷爾德在遠處製造出了占星師的幻影，引走了國王的守衛。占星師報答了你，然後安全地逃走了。
QUEST_WOLF_2_9_QUESTINFODATA_ACTIONS_1_ACTIONTEXT,拿走卷軸。
QUEST_WOLF_2_9_QUESTINFODATA_ACTIONS_1_DEFAULTOUTCOME_JOURNALTEXT,占星師含著淚送上了祝福，我們的英雄從國王的守衛那裡把卷軸搶了過來……但占星師最終倒在了他們劍下。
QUEST_WOLF_2_9_QUESTINFODATA_ACTIONS_1_DEFAULTOUTCOME_OUTCOMETEXT,占星師將卷軸推到你手上，然後接受了自己的命運。雖然佔星師犧牲了，但卷軸令你的眼界更加開闊了。
QUEST_WOLF_2_9_QUESTINFODATA_ACTIONS_2_ACTIONTEXT,用皇室赦令愚弄國王的守衛。
QUEST_WOLF_2_9_QUESTINFODATA_ACTIONS_2_DEFAULTOUTCOME_JOURNALTEXT,偽造的皇室赦令這時候就派上用場了！我們機智的英雄帶著占星師毫髮無傷地從森林裡逃了出來。
QUEST_WOLF_2_9_QUESTINFODATA_ACTIONS_2_DEFAULTOUTCOME_OUTCOMETEXT,「我帶著國王陛下的寬赦來到這裡，」你舉起那張仿冒的紙，用最莊嚴的聲音說著。好險！
QUEST_WOLF_2_9_QUESTINFODATA_ACTIONS_3_ACTIONTEXT,「等等！我去引開他們。」
QUEST_WOLF_2_9_QUESTINFODATA_ACTIONS_3_DEFAULTOUTCOME_JOURNALTEXT,多虧了一場漂亮的聲東擊西，占星師逃了出來。我們的吟遊詩人確實是一個鬼點子相當多的人。
QUEST_WOLF_2_9_QUESTINFODATA_ACTIONS_3_DEFAULTOUTCOME_OUTCOMETEXT,吟遊詩人穿過森林，載歌載舞，為占星師爭取了逃跑的時間。
QUEST_WOLF_2_9_QUESTINFODATA_ENCOUNTERTEXT,你發現占星師正在狹窄的樹叢間穿梭，雙手抱滿了卷軸。國王的守衛緊跟其後。
QUEST_WOLF_2_9_QUESTINFODATA_JOURNALENCOUNTERTEXT,在森林深處，忠誠的占星師艱難地前進，想要甩掉追在後面的國王的守衛。<hero_name>的幫助來得正是時候。
QUEST_WOLF_2_9_QUESTINFODATA_JOURNALRUMOURTEXT,我們的英雄聽說，一位忠誠而又倒霉的占星師正被國王的守衛追殺。或許這個異端能提供一些有用的情報？
QUEST_WOLF_2_9_QUESTINFODATA_RUMOURTEXT,一位忠誠的占星師正帶著他的卷軸穿過附近的森林。他的能力似乎激怒了國王的守衛。或許會是一個有用的盟友。
QUEST_WOLF_2_9_QUESTINFODATA_TITLE,法師與卷軸
QUEST_WOLF_3_10_QUESTINFODATA_ACTIONS_0_ACTIONTEXT,扔一把小刀，切斷繩子！
QUEST_WOLF_3_10_QUESTINFODATA_ACTIONS_0_DEFAULTOUTCOME_JOURNALTEXT,我們的英雄沒能救下貴族。這一天，絞架的嘎吱聲一直在<hero_name>的耳邊縈繞不去。
QUEST_WOLF_3_10_QUESTINFODATA_ACTIONS_0_DEFAULTOUTCOME_OUTCOMETEXT,你扔得很準，但還是沒能切斷繩子。守衛們衝向你，你只好逃走。貴族的命運到此為止了。
QUEST_WOLF_3_10_QUESTINFODATA_ACTIONS_0_TESTSUCCESSOUTCOME_JOURNALTEXT,漂亮的營救！<hero_name>救下了將要赴刑的貴族。作為感謝，她給了他一件從王宮裡偷來的寶貝。
QUEST_WOLF_3_10_QUESTINFODATA_ACTIONS_0_TESTSUCCESSOUTCOME_OUTCOMETEXT,你甩開胳膊。扔！繩子被切斷了。貴族逃走了。來到安全的地方後，她給了你一件從王宮裡偷來的寶貝。
QUEST_WOLF_3_10_QUESTINFODATA_ACTIONS_1_ACTIONTEXT,「進攻！」
QUEST_WOLF_3_10_QUESTINFODATA_ACTIONS_1_DEFAULTOUTCOME_JOURNALTEXT,我們的英雄擊退了劊子手。貴族安全了，但為救她而死去的人令<hero_name>深感不安。
QUEST_WOLF_3_10_QUESTINFODATA_ACTIONS_1_DEFAULTOUTCOME_OUTCOMETEXT,<quest_tile>的鬆散民兵在訓練有素的戰士面前不堪一擊。你救出了貴族，但卻也不得不擊傷了很多驚慌的守衛。
QUEST_WOLF_3_10_QUESTINFODATA_ACTIONS_2_ACTIONTEXT,快！用飛天翅靴！
QUEST_WOLF_3_10_QUESTINFODATA_ACTIONS_2_DEFAULTOUTCOME_JOURNALTEXT,飛天翅靴給了我們的英雄如風一般的速度。<hero_name>從絞架上抓起貴族，把她帶到了安全的地方。
QUEST_WOLF_3_10_QUESTINFODATA_ACTIONS_2_DEFAULTOUTCOME_OUTCOMETEXT,你裝備上飛天翅靴，越過守衛，從絞架上奪走了貴族。守衛們追了一陣，但你實在太快了。
QUEST_WOLF_3_10_QUESTINFODATA_ACTIONS_3_ACTIONTEXT,舉起皇室赦令
QUEST_WOLF_3_10_QUESTINFODATA_ACTIONS_3_DEFAULTOUTCOME_JOURNALTEXT,我們的英雄拿著授予他們的皇室赦令，從絞架上救下了貴族。瘋王的殘忍真的是到了前所未有的程度。
QUEST_WOLF_3_10_QUESTINFODATA_ACTIONS_3_DEFAULTOUTCOME_OUTCOMETEXT,你大聲吠叫著，走上前去。守衛不情願地釋放了貴族。看來，法律也可以當成你的武器。
QUEST_WOLF_3_10_QUESTINFODATA_ACTIONS_4_ACTIONTEXT,借助化妝面具接近。
QUEST_WOLF_3_10_QUESTINFODATA_ACTIONS_4_DEFAULTOUTCOME_JOURNALTEXT,沒有時間制定計劃了，也沒有辦法在這麼遠的距離上行動。幸好，我們的英雄戴上化妝面具，接近之後救出了貴族。
QUEST_WOLF_3_10_QUESTINFODATA_ACTIONS_4_DEFAULTOUTCOME_OUTCOMETEXT,你戴上化妝面具，輕鬆地穿過守衛，及時趕到了絞架邊。你切斷繩子，救出了貴族。
QUEST_WOLF_3_10_QUESTINFODATA_ENCOUNTERTEXT,城市守衛們不情願地承擔了這件殘忍的工作 ── 把貴族帶上絞架。繩索已經繞在了她的脖子上。不能浪費時間了！
QUEST_WOLF_3_10_QUESTINFODATA_JOURNALENCOUNTERTEXT,這一幕可怕的場景發生在<quest_tile>。<hero_name>到達時，剩下的時間已經不多了！
QUEST_WOLF_3_10_QUESTINFODATA_JOURNALRUMOURTEXT,國王一位忠誠的顧問被判了死刑。她對瘋王的瞭解或許會很有價值。
QUEST_WOLF_3_10_QUESTINFODATA_RUMOURTEXT,「處決！國王的顧問被判了死刑。她會被吊死的！」
QUEST_WOLF_3_10_QUESTINFODATA_TITLE,臨近的敵人
QUEST_WOLF_3_11_QUESTINFODATA_ACTIONS_0_ACTIONTEXT,從風暴中衝過去
QUEST_WOLF_3_11_QUESTINFODATA_ACTIONS_0_DEFAULTOUTCOME_JOURNALTEXT,風暴感受到了威脅，盡情地釋放著它的憤怒，擊倒了我們的英雄。<hero_name>在一片冰上醒了過來，渾身是傷。
QUEST_WOLF_3_11_QUESTINFODATA_ACTIONS_0_DEFAULTOUTCOME_OUTCOMETEXT,你向前衝去。風暴則狠狠回敬。世界一點一點陷入黑暗。當你醒來時，風暴已經遠去，但你也失去了力量。
QUEST_WOLF_3_11_QUESTINFODATA_ACTIONS_0_TESTSUCCESSOUTCOME_JOURNALTEXT,<hero_name>勇敢地對抗著風暴的力量。它的魔法在反擊中消耗殆盡。這場混亂是因一塊心靈石而起。
QUEST_WOLF_3_11_QUESTINFODATA_ACTIONS_0_TESTSUCCESSOUTCOME_OUTCOMETEXT,你向前走去。風暴憤怒了，瘋狂地向你宣洩著怒火。最後，它消散了。一塊心靈石在地牢裡閃爍著暗淡的光芒。
QUEST_WOLF_3_11_QUESTINFODATA_ACTIONS_1_ACTIONTEXT,疏散附近地區
QUEST_WOLF_3_11_QUESTINFODATA_ACTIONS_1_DEFAULTOUTCOME_JOURNALTEXT,<hero_name>帶領危險地區的人們來到了安全的地方。雖然他們的家園被摧毀了，但至少保住了命。
QUEST_WOLF_3_11_QUESTINFODATA_ACTIONS_1_DEFAULTOUTCOME_OUTCOMETEXT,你咆哮起來警告著，召集了所有遊蕩的人一起逃走。風暴肆虐，但多虧了懷爾德的恩惠，沒有人遇難。
QUEST_WOLF_3_11_QUESTINFODATA_ACTIONS_2_ACTIONTEXT,「退後！」
QUEST_WOLF_3_11_QUESTINFODATA_ACTIONS_2_DEFAULTOUTCOME_JOURNALTEXT,學徒成功抵消了這來自地下的邪惡魔法。風暴平息了，愛門羅安全了。
QUEST_WOLF_3_11_QUESTINFODATA_ACTIONS_2_DEFAULTOUTCOME_OUTCOMETEXT,你的學徒舉起雙爪，嗥叫著。當魔法經過他們的身體時，他們的眼睛閃爍著白色的光芒。懷爾德平息了，但空氣中依然迴盪著嗡嗡的響聲。
QUEST_WOLF_3_11_QUESTINFODATA_ACTIONS_3_ACTIONTEXT,用你的護符令懷爾德平靜下來
QUEST_WOLF_3_11_QUESTINFODATA_ACTIONS_3_DEFAULTOUTCOME_JOURNALTEXT,我們的英雄在懷爾德護符的幫助下平息了魔法，真是鋼鐵般堅定的意志。扭曲的魔法消散了。暫時地。
QUEST_WOLF_3_11_QUESTINFODATA_ACTIONS_3_DEFAULTOUTCOME_OUTCOMETEXT,你手持護符，以堅強的意志擊退了風暴。雖然風暴消散了，但你感覺它的能量依然在你體內悶燒。
QUEST_WOLF_3_11_QUESTINFODATA_ACTIONS_4_ACTIONTEXT,「<hero_name>！幫幫我！」
QUEST_WOLF_3_11_QUESTINFODATA_ACTIONS_4_DEFAULTOUTCOME_JOURNALTEXT,多虧了機智的礦工，她和<hero_name>堵上了礦洞的入口。保護了附近的土地免受裡面魔法的侵害。
QUEST_WOLF_3_11_QUESTINFODATA_ACTIONS_4_DEFAULTOUTCOME_OUTCOMETEXT,你轉過身。礦工正往地牢的入口搬一塊大石頭，你跑過去幫她。你們同心協力，堵上了<quest_tile>的血盆大口……
QUEST_WOLF_3_11_QUESTINFODATA_ENCOUNTERTEXT,你頂著風暴，艱難地來到了地牢的入口。一陣陣風雨交加的迷霧從裡面噴出，似乎永不停止。
QUEST_WOLF_3_11_QUESTINFODATA_JOURNALENCOUNTERTEXT,魔法風暴從地牢的入口中噴湧而出。若是放任不管，一定會發展成可怕的災難。
QUEST_WOLF_3_11_QUESTINFODATA_JOURNALRUMOURTEXT,我們的家園附近迴盪著可怕的風暴聲響。它的怒火似乎來自<quest_tile>深處。
QUEST_WOLF_3_11_QUESTINFODATA_RUMOURTEXT,閃電噼啪作響！它從地下升起！
QUEST_WOLF_3_11_QUESTINFODATA_TITLE,風起深淵
QUEST_WOLF_3_12_QUESTINFODATA_ACTIONS_0_ACTIONTEXT,加入搜索
QUEST_WOLF_3_12_QUESTINFODATA_ACTIONS_0_DEFAULTOUTCOME_JOURNALTEXT,搜索毫無成效。<hero_name>精疲力竭，只好讓那隻蝙蝠孤獨地繼續尋找。
QUEST_WOLF_3_12_QUESTINFODATA_ACTIONS_0_DEFAULTOUTCOME_OUTCOMETEXT,山峰的力量實在是太強大了。經過了數日的搜索後，為了食物和溫暖，你只好撤退。
QUEST_WOLF_3_12_QUESTINFODATA_ACTIONS_0_TESTSUCCESSOUTCOME_JOURNALTEXT,<hero_name>待在山上，協助著搜索。我們的英雄解救了旅行者，並得到了一位同伴。
QUEST_WOLF_3_12_QUESTINFODATA_ACTIONS_0_TESTSUCCESSOUTCOME_OUTCOMETEXT,你發現旅行者們被雪困在了一個洞穴裡。你挖開雪，把他們救了出來。作為回報，他們中的一個人向你宣誓效忠。
QUEST_WOLF_3_12_QUESTINFODATA_ACTIONS_1_ACTIONTEXT,帶蝙蝠去安全的地方
QUEST_WOLF_3_12_QUESTINFODATA_ACTIONS_1_DEFAULTOUTCOME_JOURNALTEXT,<hero_name>強迫蝙蝠回到安全的地方。蝙蝠被自己的失敗所打擊，放棄之後逃走了。
QUEST_WOLF_3_12_QUESTINFODATA_ACTIONS_1_DEFAULTOUTCOME_OUTCOMETEXT,山裡實在是太危險了。你強迫蝙蝠與你一起下去。夜深人靜之時，他絕望地走上了回家的路。滿臉羞愧。
QUEST_WOLF_3_12_QUESTINFODATA_ACTIONS_2_ACTIONTEXT,「這座山對我來說沒有任何秘密！」
QUEST_WOLF_3_12_QUESTINFODATA_ACTIONS_2_DEFAULTOUTCOME_JOURNALTEXT,在探險者的幫助下，我們的英雄征服了這座山。充足的準備意味著成功的一半。
QUEST_WOLF_3_12_QUESTINFODATA_ACTIONS_2_DEFAULTOUTCOME_OUTCOMETEXT,靠著探險者的幫助，這座山毫無阻礙。你找到了被困在洞穴裡的旅行者。經驗似乎很有用。
QUEST_WOLF_3_12_QUESTINFODATA_ACTIONS_3_ACTIONTEXT,發射信號彈
QUEST_WOLF_3_12_QUESTINFODATA_ACTIONS_3_DEFAULTOUTCOME_JOURNALTEXT,<quest_tile>沐浴在手持加農砲發出的火光中。走失的旅行者看到了火焰，很快就聚集過來。
QUEST_WOLF_3_12_QUESTINFODATA_ACTIONS_3_DEFAULTOUTCOME_OUTCOMETEXT,手持加農砲會發出巨大的聲音。你填裝了一發特殊彈藥，發射出一枚紅色的信號彈。旅行者很快就過來了。
QUEST_WOLF_3_12_QUESTINFODATA_ACTIONS_4_ACTIONTEXT,「我來點一堆烽火！」
QUEST_WOLF_3_12_QUESTINFODATA_ACTIONS_4_DEFAULTOUTCOME_JOURNALTEXT,鐵匠給出了答案。他們利用多年的鍛造經驗，點燃了一堆烽火，將旅行者們吸引了過來。
QUEST_WOLF_3_12_QUESTINFODATA_ACTIONS_4_DEFAULTOUTCOME_OUTCOMETEXT,鐵匠在雪中蹲了下去。很快，一股閃耀的火焰照亮了天空。旅行者們循著煙霧找到了你，並感謝了你們。
QUEST_WOLF_3_12_QUESTINFODATA_ENCOUNTERTEXT,經過搜索，傳言的源頭被發現了。一隻孤獨的蝙蝠正在尋找同伴的蹤跡，他的同伴在穿過山脈時失蹤了。
QUEST_WOLF_3_12_QUESTINFODATA_JOURNALENCOUNTERTEXT,這野獸是隻孤獨的蝙蝠，正在山上徘徊著尋找朋友的蛛絲馬跡。他的朋友在嚴酷的寒冷中不見了蹤影。
QUEST_WOLF_3_12_QUESTINFODATA_JOURNALRUMOURTEXT,據說，有人在愛門羅的山頂上看見了一隻正在遊蕩的可怕野獸。
QUEST_WOLF_3_12_QUESTINFODATA_RUMOURTEXT,「有怪物！就在<quest_tile>！救命！」
QUEST_WOLF_3_12_QUESTINFODATA_TITLE,冰山上的來客
QUEST_WOLF_3_1_QUESTINFODATA_ACTIONS_0_ACTIONTEXT,拔出武器，戰鬥！
QUEST_WOLF_3_1_QUESTINFODATA_ACTIONS_0_DEFAULTOUTCOME_JOURNALTEXT,我們的英雄時刻準備好戰鬥，但敵人實在是太多了。雖然<hero_name>摧毀了旗幟，但也在戰鬥中負傷了。
QUEST_WOLF_3_1_QUESTINFODATA_ACTIONS_0_DEFAULTOUTCOME_OUTCOMETEXT,強盜們組織嚴密，雖然你擊潰了他們、摧毀了旗幟，但自己也受傷了。
QUEST_WOLF_3_1_QUESTINFODATA_ACTIONS_0_TESTSUCCESSOUTCOME_JOURNALTEXT,我們的英雄發起了戰鬥。<hero_name>恢復了族人的名譽、奪回了不義之財後離開了。
QUEST_WOLF_3_1_QUESTINFODATA_ACTIONS_0_TESTSUCCESSOUTCOME_OUTCOMETEXT,你加入戰鬥，撕開了強盜的防線。在戰利品中，你找到了一件珍貴的寶物。
QUEST_WOLF_3_1_QUESTINFODATA_ACTIONS_1_ACTIONTEXT,假裝投降，然後突襲。
QUEST_WOLF_3_1_QUESTINFODATA_ACTIONS_1_DEFAULTOUTCOME_JOURNALTEXT,正面戰鬥或許沒什麼希望，我們的英雄選擇假裝示弱。當夜幕降臨，<hero_name>偷回了旗幟，消失在了陰影中。
QUEST_WOLF_3_1_QUESTINFODATA_ACTIONS_1_DEFAULTOUTCOME_OUTCOMETEXT,面對眾多敵人，你選擇了束手就擒。夜幕降臨時，你帶著旗幟從熟睡的強盜中溜走了。
QUEST_WOLF_3_1_QUESTINFODATA_ACTIONS_2_ACTIONTEXT,「賊嘛，都是為了錢。交給我吧！」
QUEST_WOLF_3_1_QUESTINFODATA_ACTIONS_2_DEFAULTOUTCOME_JOURNALTEXT,在財務官的幫助下，<hero_name>成功地招安了他們，還得到了一些其他的收穫。
QUEST_WOLF_3_1_QUESTINFODATA_ACTIONS_2_DEFAULTOUTCOME_OUTCOMETEXT,你靠著財務官的智慧，成功地說服強盜們投降。這巧妙的手段也讓你對未來有了一些新的考量。
QUEST_WOLF_3_1_QUESTINFODATA_ACTIONS_3_ACTIONTEXT,用手持加農砲開火
QUEST_WOLF_3_1_QUESTINFODATA_ACTIONS_3_DEFAULTOUTCOME_JOURNALTEXT,強大的手持加農砲消滅了各處的強盜。他們或被捕、或逃散，<quest_tile>再一次安全了。
QUEST_WOLF_3_1_QUESTINFODATA_ACTIONS_3_DEFAULTOUTCOME_OUTCOMETEXT,強盜們滿以為這會是一場輕鬆的戰鬥。當火焰與死亡降臨到他們頭上時，他們四散逃離，永遠地離開了<quest_tile>。
QUEST_WOLF_3_1_QUESTINFODATA_ENCOUNTERTEXT,你穿上了農夫的服裝，來到了<quest_tile>。當盜賊們發動突襲時，你果然看見了一群卑鄙的老鼠！
QUEST_WOLF_3_1_QUESTINFODATA_JOURNALENCOUNTERTEXT,<hero_name>假裝成一位無助的旅行者，把盜賊們騙了過來。其實，這些所謂的狼不過是一群凶殘的老鼠。
QUEST_WOLF_3_1_QUESTINFODATA_JOURNALRUMOURTEXT,<hero_name>聽說一群強盜正打著狼族的旗號燒殺搶掠。
QUEST_WOLF_3_1_QUESTINFODATA_RUMOURTEXT,狼族不過是一群惡霸暴徒！兇手們在劫掠的時候打著你的旗幟。你怎麼能不管？
QUEST_WOLF_3_1_QUESTINFODATA_TITLE,家族榮譽
QUEST_WOLF_3_2_QUESTINFODATA_ACTIONS_0_ACTIONTEXT,進攻！救出幼童！
QUEST_WOLF_3_2_QUESTINFODATA_ACTIONS_0_DEFAULTOUTCOME_JOURNALTEXT,<hero_name>被老鼠們的卑劣手段欺騙後擊敗，幼童也被帶走了，再也沒有見到過。
QUEST_WOLF_3_2_QUESTINFODATA_ACTIONS_0_DEFAULTOUTCOME_OUTCOMETEXT,老鼠們早有準備。衝進營地後，你掉進了一個奸詐的陷阱。老鼠們四散而逃，帶走了幼童。
QUEST_WOLF_3_2_QUESTINFODATA_ACTIONS_0_TESTSUCCESSOUTCOME_JOURNALTEXT,<hero_name>以洪荒之力打敗了綁匪。幼童的村民們向他們的恩人高聲歡呼。或許，過不了多久，全愛門羅的子民們都會為你們歡呼的。
QUEST_WOLF_3_2_QUESTINFODATA_ACTIONS_0_TESTSUCCESSOUTCOME_OUTCOMETEXT,老鼠們不是你的對手。他們逃跑了。幼童得救了。在幼童居住的村子裡，一位村民被你的英雄行為所感動，選擇加入你的行列。
QUEST_WOLF_3_2_QUESTINFODATA_ACTIONS_1_ACTIONTEXT,等待夜幕降臨
QUEST_WOLF_3_2_QUESTINFODATA_ACTIONS_1_DEFAULTOUTCOME_JOURNALTEXT,<hero_name>躲了回去。強盜們終於進入夢鄉，我們的英雄潛入營地，解救了瑟瑟發抖的幼童。
QUEST_WOLF_3_2_QUESTINFODATA_ACTIONS_1_DEFAULTOUTCOME_OUTCOMETEXT,趁著強盜們睡著的時候，你悄悄溜進了他們的營地。你救出了幼童，消失在了沼澤的茫茫迷霧中。
QUEST_WOLF_3_2_QUESTINFODATA_ACTIONS_2_ACTIONTEXT,用冰鑒斗篷製造混亂
QUEST_WOLF_3_2_QUESTINFODATA_ACTIONS_2_DEFAULTOUTCOME_JOURNALTEXT,愚蠢的強盜們被冰鑒斗篷的閃光耍得團團轉。<hero_name>於是溜了回去，放走了孩童。
QUEST_WOLF_3_2_QUESTINFODATA_ACTIONS_2_DEFAULTOUTCOME_OUTCOMETEXT,你用斗篷發出的光引得老鼠們四處奔走。等他們分散開後，你溜回去放走了幼童。
QUEST_WOLF_3_2_QUESTINFODATA_ACTIONS_3_ACTIONTEXT,「讓我來吧。他們會在黑暗面前倒下的。」
QUEST_WOLF_3_2_QUESTINFODATA_ACTIONS_3_DEFAULTOUTCOME_JOURNALTEXT,召喚了忠誠的術士的力量，<hero_name>把強盜們困在了沼澤中。他們再沒法從<quest_tile>離開了。
QUEST_WOLF_3_2_QUESTINFODATA_ACTIONS_3_DEFAULTOUTCOME_OUTCOMETEXT,你的術士召喚出了沼澤中的黑暗力量。沼澤將強盜們吞噬了。感激的幼童遞給你一件她在旅途中發現的小東西。
QUEST_WOLF_3_2_QUESTINFODATA_ACTIONS_4_ACTIONTEXT,「退後。我會趕走他們的。」
QUEST_WOLF_3_2_QUESTINFODATA_ACTIONS_4_DEFAULTOUTCOME_JOURNALTEXT,將粉末與水晶石放置穩妥後，一場爆炸打散了強盜們。煉金術師的妙計很成功，讓我們的英雄得以跑過去解救了幼童。
QUEST_WOLF_3_2_QUESTINFODATA_ACTIONS_4_DEFAULTOUTCOME_OUTCOMETEXT,煉金術師蹲了下來。從他的袖子裡滑出了粉末。一場巨大的爆炸讓強盜們四散奔逃。你趕忙過去救出了幼童。
QUEST_WOLF_3_2_QUESTINFODATA_ENCOUNTERTEXT,你在扭曲的樹叢間穿梭，發現了一處篝火的光亮。幼童被綁在一根桿子上，被鼠族的匪徒們所環繞。
QUEST_WOLF_3_2_QUESTINFODATA_JOURNALENCOUNTERTEXT,<hero_name>穿過了茂密的森林，發現了那隻幼狼。她被一群惡毒的老鼠抓住，綁在一根桿子上。
QUEST_WOLF_3_2_QUESTINFODATA_JOURNALRUMOURTEXT,一名狼族幼童離開了族人，啟程冒險。然而自從她進入了<quest_tile>，就從此杳無音信。
QUEST_WOLF_3_2_QUESTINFODATA_RUMOURTEXT,「一名狼族幼童被綁架了！你必須去救她！」
QUEST_WOLF_3_2_QUESTINFODATA_TITLE,狼犢之勇
QUEST_WOLF_3_3_QUESTINFODATA_ACTIONS_0_ACTIONTEXT,作為挑戰者加入
QUEST_WOLF_3_3_QUESTINFODATA_ACTIONS_0_DEFAULTOUTCOME_JOURNALTEXT,<hero_name>戰鬥很英勇，但敵人毫無榮譽感！他們用下三濫的手段竊取了勝利。
QUEST_WOLF_3_3_QUESTINFODATA_ACTIONS_0_DEFAULTOUTCOME_OUTCOMETEXT,戰士們十分兇猛，在最後一場戰鬥時，你已精疲力竭。你的對手陰險地絆倒了你，獲取了勝利。
QUEST_WOLF_3_3_QUESTINFODATA_ACTIONS_0_TESTSUCCESSOUTCOME_JOURNALTEXT,<hero_name>戰鬥很英勇，從其他挑戰者那裡贏得了勝利與獎品。
QUEST_WOLF_3_3_QUESTINFODATA_ACTIONS_0_TESTSUCCESSOUTCOME_OUTCOMETEXT,也就最後一個戰士還有點本事。在經過了長達一個小時的戰鬥後，你擊敗他獲取了勝利，得到了獎品。
QUEST_WOLF_3_3_QUESTINFODATA_ACTIONS_1_ACTIONTEXT,觀察戰鬥
QUEST_WOLF_3_3_QUESTINFODATA_ACTIONS_1_DEFAULTOUTCOME_JOURNALTEXT,我們的英雄擔不起受傷的風險，於是就在遠處觀察著戰鬥。<hero_name>自己的技巧正渴望著接受考驗。
QUEST_WOLF_3_3_QUESTINFODATA_ACTIONS_1_DEFAULTOUTCOME_OUTCOMETEXT,你在遠處觀看著戰鬥，想起了很多已被你遺忘的訓練。你離開時雖然沒得到獎賞，但至少做好了戰鬥的準備。
QUEST_WOLF_3_3_QUESTINFODATA_ACTIONS_2_ACTIONTEXT,「你不能冒這個險……但我可以！」
QUEST_WOLF_3_3_QUESTINFODATA_ACTIONS_2_DEFAULTOUTCOME_JOURNALTEXT,侍從急於證明自己，很快加入了競賽。我們的英雄則指導他們獲得了亞軍。<hero_name>十分自豪。
QUEST_WOLF_3_3_QUESTINFODATA_ACTIONS_2_DEFAULTOUTCOME_OUTCOMETEXT,你的侍從請求你讓他加入。你同意了，並教導他們並獲得了不錯的第二名。侍從幹得不錯！
QUEST_WOLF_3_3_QUESTINFODATA_ACTIONS_3_ACTIONTEXT,武裝起來，然後加入
QUEST_WOLF_3_3_QUESTINFODATA_ACTIONS_3_DEFAULTOUTCOME_JOURNALTEXT,皇室護盾在最初的幾場比賽中保護了我們的英雄。<hero_name>加入了，很輕鬆地贏得了一件小獎品。
QUEST_WOLF_3_3_QUESTINFODATA_ACTIONS_3_DEFAULTOUTCOME_OUTCOMETEXT,你舉起皇室護盾加入進去，絲毫不擔心自己會受傷。你迴避了最終對決的風險，不過也贏了一些小獎品。
QUEST_WOLF_3_3_QUESTINFODATA_ACTIONS_4_ACTIONTEXT,靠著魔鴆之刃，一次挑戰全部！
QUEST_WOLF_3_3_QUESTINFODATA_ACTIONS_4_DEFAULTOUTCOME_JOURNALTEXT,<hero_name>一次挑戰了所有的戰士。魔鴆之刃在手，沒有人能生還。
QUEST_WOLF_3_3_QUESTINFODATA_ACTIONS_4_DEFAULTOUTCOME_OUTCOMETEXT,展示了一番令人炫目的技巧後，你化解了他們的圍攻。當你離開時，他們低聲說著你的名字。你手持利刃，感覺良好。
QUEST_WOLF_3_3_QUESTINFODATA_ENCOUNTERTEXT,到達戰場後，你看到了一百多位面容堅定的戰士。這可不是什麼簡單的試煉！
QUEST_WOLF_3_3_QUESTINFODATA_JOURNALENCOUNTERTEXT,這場競賽中滿是雄心勃勃的挑戰者，每個人都久經沙場。
QUEST_WOLF_3_3_QUESTINFODATA_JOURNALRUMOURTEXT,我們的英雄聽說，為了紀念國王即位，將會舉辦一場競賽。
QUEST_WOLF_3_3_QUESTINFODATA_RUMOURTEXT,「戰士們！證明你自己！競賽要開始了！」
QUEST_WOLF_3_3_QUESTINFODATA_TITLE,冠軍獎盃
QUEST_WOLF_3_4_QUESTINFODATA_ACTIONS_0_ACTIONTEXT,觀察會面
QUEST_WOLF_3_4_QUESTINFODATA_ACTIONS_0_DEFAULTOUTCOME_JOURNALTEXT,正當我們的英雄在營地中潛行時，一名激動的幼狼發現了<hero_name>。狼群們逃散了，他們舉行集會的目的依然是一個謎。
QUEST_WOLF_3_4_QUESTINFODATA_ACTIONS_0_DEFAULTOUTCOME_OUTCOMETEXT,你溜到了離火焰更近的地方。還沒等你聽到什麼，一名幼狼就發現了你，並咆哮起來。狼群四散而去，他們舉行集會的目的依然未知。
QUEST_WOLF_3_4_QUESTINFODATA_ACTIONS_0_TESTSUCCESSOUTCOME_JOURNALTEXT,<hero_name>滲透到了集會中，在他們討論到最熱烈的時候突然從陰影中衝出來，迫使目瞪口呆的狼群效忠。
QUEST_WOLF_3_4_QUESTINFODATA_ACTIONS_0_TESTSUCCESSOUTCOME_OUTCOMETEXT,狼群們確實在質疑你的智慧。為了證明你的「精明」，你從陰影中衝了出來。他們的首領心服口服，加入了你。
QUEST_WOLF_3_4_QUESTINFODATA_ACTIONS_1_ACTIONTEXT,拔出武器。叛徒只有死路一條。
QUEST_WOLF_3_4_QUESTINFODATA_ACTIONS_1_DEFAULTOUTCOME_JOURNALTEXT,<hero_name>靠著一把武器鎮壓了一切意圖反叛的人。
QUEST_WOLF_3_4_QUESTINFODATA_ACTIONS_1_DEFAULTOUTCOME_OUTCOMETEXT,你用狼族的武器挑戰著變節者，證明了你是最強大的人。他們不情願地向你屈膝。
QUEST_WOLF_3_4_QUESTINFODATA_ACTIONS_2_ACTIONTEXT,「精明？你們知道<hero_name>有多精明嗎？」
QUEST_WOLF_3_4_QUESTINFODATA_ACTIONS_2_DEFAULTOUTCOME_JOURNALTEXT,看到這裡，我們英雄的吟遊詩人走上前去，歌頌著<hero_name>的旅程。這些歌謠似乎打消了狼群心中的所有疑慮。
QUEST_WOLF_3_4_QUESTINFODATA_ACTIONS_2_DEFAULTOUTCOME_OUTCOMETEXT,吟遊詩人歌頌著你的每一件功績。當他結束後，狼群們終於想起了自己當初為什麼會宣誓效忠。
QUEST_WOLF_3_4_QUESTINFODATA_ACTIONS_3_ACTIONTEXT,「智力？所以我才會在這！」
QUEST_WOLF_3_4_QUESTINFODATA_ACTIONS_3_DEFAULTOUTCOME_JOURNALTEXT,狼群們為商人的話語而羞愧，重新向<hero_name>保證效忠。忠誠很重要，而我們的英雄可以命令它。
QUEST_WOLF_3_4_QUESTINFODATA_ACTIONS_3_DEFAULTOUTCOME_OUTCOMETEXT,你的商人向前一步，「<hero_name>的智慧會讓他尋求建議。」他怒目而視。「而這份智慧也抓到了你們在陰影中的密謀。」
QUEST_WOLF_3_4_QUESTINFODATA_ACTIONS_4_ACTIONTEXT,「殺雞儆猴」
QUEST_WOLF_3_4_QUESTINFODATA_ACTIONS_4_DEFAULTOUTCOME_JOURNALTEXT,在<hero_name>的怒火面前，狼群們重新宣誓效忠。只要殺掉一個就可以了，有烏鴉之喙匕首在，實在是再容易不過。
QUEST_WOLF_3_4_QUESTINFODATA_ACTIONS_4_DEFAULTOUTCOME_OUTCOMETEXT,你手持烏鴉之喙匕首，靠近上去。還沒等狼群們反應過來，你就衝上前去，殺掉了一個長者。「夠不夠精明？」你咆哮著。
QUEST_WOLF_3_4_QUESTINFODATA_ENCOUNTERTEXT,來到會面地點後，你發現一群狼正坐在一堆火旁邊。他們似乎正在討論你是否有統治的資格。
QUEST_WOLF_3_4_QUESTINFODATA_JOURNALENCOUNTERTEXT,狼群的秘密被揭發了。他們確實在秘密會面。<hero_name>絕不能容忍這種行為。
QUEST_WOLF_3_4_QUESTINFODATA_JOURNALRUMOURTEXT,<hero_name>聽說狼族的一些成員正在背著他們舉行秘密集會。地點就在<quest_tile>。
QUEST_WOLF_3_4_QUESTINFODATA_RUMOURTEXT,「狼族在這裡舉行了集會。他們不讓你知道。」
QUEST_WOLF_3_4_QUESTINFODATA_TITLE,朋友間的質疑
QUEST_WOLF_3_5_QUESTINFODATA_ACTIONS_0_ACTIONTEXT,說服憤怒的民眾放過村子。
QUEST_WOLF_3_5_QUESTINFODATA_ACTIONS_0_DEFAULTOUTCOME_JOURNALTEXT,民眾們的憤怒實在難以平息。<hero_name>只得逃走，留下蟾蜍們面對可怕的命運。
QUEST_WOLF_3_5_QUESTINFODATA_ACTIONS_0_DEFAULTOUTCOME_OUTCOMETEXT,憤怒的民眾指責你與盜賊沆瀣一氣，於是發起了攻擊。你只好逃跑，蟾蜍們的家園在你的身後被燒毀了。
QUEST_WOLF_3_5_QUESTINFODATA_ACTIONS_0_TESTSUCCESSOUTCOME_JOURNALTEXT,多虧了<hero_name>熟練的談判技巧，村子得救了。作為感謝，蟾蜍們向我們的英雄獻上了一件寶物。
QUEST_WOLF_3_5_QUESTINFODATA_ACTIONS_0_TESTSUCCESSOUTCOME_OUTCOMETEXT,憤怒的民眾被你的巧舌說服了。他們毫髮無損地離開了村子。作為報答，蟾蜍們給了你一件秘藏的寶物。
QUEST_WOLF_3_5_QUESTINFODATA_ACTIONS_1_ACTIONTEXT,搗毀賊窩
QUEST_WOLF_3_5_QUESTINFODATA_ACTIONS_1_DEFAULTOUTCOME_JOURNALTEXT,<hero_name>毀掉了蟾蜍村。為了愛門羅的利益，必須要做出犧牲。必須要嚴懲盜賊。
QUEST_WOLF_3_5_QUESTINFODATA_ACTIONS_1_DEFAULTOUTCOME_OUTCOMETEXT,你將受苦受難的村民們的憤怒發洩到了倒霉的蟾蜍身上。無論他們是否有罪，反正村子已經被燒了。正義已得伸張。
QUEST_WOLF_3_5_QUESTINFODATA_ACTIONS_2_ACTIONTEXT,「你必須先過我這關！」
QUEST_WOLF_3_5_QUESTINFODATA_ACTIONS_2_DEFAULTOUTCOME_JOURNALTEXT,我們英雄的狂戰士不會允許無辜之人蒙受不義。他站在人群前，凝視著他們。獨自一人。
QUEST_WOLF_3_5_QUESTINFODATA_ACTIONS_2_DEFAULTOUTCOME_OUTCOMETEXT,狂戰士擋在蟾蜍與人群之間，就像一面血肉與鋼鐵鑄成的高牆。誰也不敢激起他無盡的怒火。
QUEST_WOLF_3_5_QUESTINFODATA_ACTIONS_3_ACTIONTEXT,嚇走村民
QUEST_WOLF_3_5_QUESTINFODATA_ACTIONS_3_DEFAULTOUTCOME_JOURNALTEXT,必須要阻止人群。跟他們沒辦法講道理，我們的英雄揮舞著被詛咒的魔鴆之爪將他們嚇跑了。
QUEST_WOLF_3_5_QUESTINFODATA_ACTIONS_3_DEFAULTOUTCOME_OUTCOMETEXT,既然無法用希望來領導群眾，那就用恐懼來支配他們。你從魔鴆之爪中釋放了汙穢之力。人群一哄而散，其中一人甚至落下了一把有用的武器！
QUEST_WOLF_3_5_QUESTINFODATA_ACTIONS_4_ACTIONTEXT,舉起皇室旗幟
QUEST_WOLF_3_5_QUESTINFODATA_ACTIONS_4_DEFAULTOUTCOME_JOURNALTEXT,奉國王之名，我們的英雄呼籲和平。儘管沒有人進攻，但正是<hero_name>的一席話語，而非國王的聖諭使得他們撤退。
QUEST_WOLF_3_5_QUESTINFODATA_ACTIONS_4_DEFAULTOUTCOME_OUTCOMETEXT,國王的聖諭現在還是有些份量的。你站在人群與營地之間。誰也不敢先動手。沒有發生流血衝突。
QUEST_WOLF_3_5_QUESTINFODATA_ENCOUNTERTEXT,你搶在憤怒的人群之前一馬當先衝入泥潭。穿過濃厚的迷霧，可以看到一座蟾蜍村莊。人們要求血戰廝殺！
QUEST_WOLF_3_5_QUESTINFODATA_JOURNALENCOUNTERTEXT,在泥潭的深水處，人們發現了盜賊。一座隱藏在濃霧中的蟾蜍小村。
QUEST_WOLF_3_5_QUESTINFODATA_JOURNALRUMOURTEXT,一群不滿的農夫想讓我們的英雄帶領他們突襲藏在<quest_tile>的盜賊們。
QUEST_WOLF_3_5_QUESTINFODATA_RUMOURTEXT,「骯髒邪惡的東西藏在沼澤裡。他們從我們的農場中偷竊東西！你能率領我們對抗他們嗎？」
QUEST_WOLF_3_5_QUESTINFODATA_TITLE,潭中之蟾
QUEST_WOLF_3_6_QUESTINFODATA_ACTIONS_0_ACTIONTEXT,說服馬戲團繼續前進
QUEST_WOLF_3_6_QUESTINFODATA_ACTIONS_0_DEFAULTOUTCOME_JOURNALTEXT,馬戲團繼續前行，對此頗有微詞，口出怨言。<hero_name>一直都覺得很有成就感，但直到後來，他發現自己錢包不見了。
QUEST_WOLF_3_6_QUESTINFODATA_ACTIONS_0_DEFAULTOUTCOME_OUTCOMETEXT,鹿被激怒了，開始口出粗鄙之語，進而開始大罵。直到他們都走遠了，你才發現自己的錢包被偷走了。
QUEST_WOLF_3_6_QUESTINFODATA_ACTIONS_0_TESTSUCCESSOUTCOME_JOURNALTEXT,鹿同意了<hero_name>讓他們離開的要求。他們留下了一塊心靈石作為禮物。鹿族確實非常奇怪。
QUEST_WOLF_3_6_QUESTINFODATA_ACTIONS_0_TESTSUCCESSOUTCOME_OUTCOMETEXT,預言家有點困惑，接受了你的要求。她命令她的兄弟們繼續行動。她在離開之前悄悄說了一個神秘的謎語，並把一個東西塞進了你手裡。
QUEST_WOLF_3_6_QUESTINFODATA_ACTIONS_1_ACTIONTEXT,威脅鹿族
QUEST_WOLF_3_6_QUESTINFODATA_ACTIONS_1_DEFAULTOUTCOME_JOURNALTEXT,鹿族以他們到來時同樣的速度離開了。他們離開的時候似乎打擾到了懷爾德。也許鹿族德魯伊的傳說是真的……
QUEST_WOLF_3_6_QUESTINFODATA_ACTIONS_1_DEFAULTOUTCOME_OUTCOMETEXT,鹿族帶著一股靜默的緊繃收拾行裝離開了。當他們消失在地平線上時，你感覺到有哪裡不對勁。懷爾德被打擾到了。
QUEST_WOLF_3_6_QUESTINFODATA_ACTIONS_2_ACTIONTEXT,「小心，他們在注視著……」
QUEST_WOLF_3_6_QUESTINFODATA_ACTIONS_2_DEFAULTOUTCOME_JOURNALTEXT,鹿族比你想像中的要危險。幸運的是，<hero_name>的間諜大師及時地警告了我們的英雄，他們都逃走了。
QUEST_WOLF_3_6_QUESTINFODATA_ACTIONS_2_DEFAULTOUTCOME_OUTCOMETEXT,一個聲音在你耳邊提醒你要注意鹿族敵意的凝視。你意識到了自己所處的險境之後便離開了。你的王牌賤諜點了點頭以示認可。
QUEST_WOLF_3_6_QUESTINFODATA_ACTIONS_3_ACTIONTEXT,「<hero_name>，我們必須離開。趁現在！」
QUEST_WOLF_3_6_QUESTINFODATA_ACTIONS_3_DEFAULTOUTCOME_JOURNALTEXT,鹿族可都是妙手神偷。不過好在<hero_name>的同伴們棋高一著。
QUEST_WOLF_3_6_QUESTINFODATA_ACTIONS_3_DEFAULTOUTCOME_OUTCOMETEXT,你的咒術師把你帶出了營地。「他們偷走了你的錢袋，」他說道。他拿起一個錢包。「而我把他們的偷了回來。」
QUEST_WOLF_3_6_QUESTINFODATA_ENCOUNTERTEXT,到了<quest_tile>之後，你動身前往了馬戲團營地。他們確實很奇怪。一位雄鹿預言家朝你走來。
QUEST_WOLF_3_6_QUESTINFODATA_JOURNALENCOUNTERTEXT,<hero_name>在馬戲團調查了一番。畢竟裡面的鹿族人太奇怪了。或許他們前面有奇怪的魔法在作祟。
QUEST_WOLF_3_6_QUESTINFODATA_JOURNALRUMOURTEXT,奇怪的魔法改變了<quest_tile>周圍的天氣。  據說這是一個神秘的鹿族馬戲團搞的。
QUEST_WOLF_3_6_QUESTINFODATA_RUMOURTEXT,「幾秒之內，天空從狂風亂作變成了晴空萬里！我知道這後面肯定是那該死的馬戲團在作祟！給他們好好上一課！」
QUEST_WOLF_3_6_QUESTINFODATA_TITLE,狂風與晴空
QUEST_WOLF_3_7_QUESTINFODATA_ACTIONS_0_ACTIONTEXT,呼喚內在之力。逃出去！
QUEST_WOLF_3_7_QUESTINFODATA_ACTIONS_0_DEFAULTOUTCOME_JOURNALTEXT,<hero_name>總算打敗這些野獸了，但也被劇毒汙穢給重傷了。
QUEST_WOLF_3_7_QUESTINFODATA_ACTIONS_0_DEFAULTOUTCOME_OUTCOMETEXT,魔鴆與你廝殺了起來。儘管你擺脫了魔爪，但它的尖喙已經刺進了身體，你的靈魂受到汙染了。
QUEST_WOLF_3_7_QUESTINFODATA_ACTIONS_0_TESTSUCCESSOUTCOME_JOURNALTEXT,魔鴆被擊敗了，它落下一件寶物就逃往地牢深處去了。
QUEST_WOLF_3_7_QUESTINFODATA_ACTIONS_0_TESTSUCCESSOUTCOME_OUTCOMETEXT,你感到自己的精神在湧動。懷爾德在你體內流動。魔鴆發出了尖叫。牠遁入了黑暗，在逃跑時有東西掉落了下來。
QUEST_WOLF_3_7_QUESTINFODATA_ACTIONS_1_ACTIONTEXT,拔出匕首
QUEST_WOLF_3_7_QUESTINFODATA_ACTIONS_1_DEFAULTOUTCOME_JOURNALTEXT,<hero_name>死裡逃生，總算打敗了魔鴆。要是嘯月者看到這場戰鬥，一定會羞愧死了。
QUEST_WOLF_3_7_QUESTINFODATA_ACTIONS_1_DEFAULTOUTCOME_OUTCOMETEXT,這一仗打得七零八落，毫無威嚴。雖然今日取得了勝利，但如果對抗國王時出這種差錯，那你肯定就會被擊殺。
QUEST_WOLF_3_7_QUESTINFODATA_ACTIONS_2_ACTIONTEXT,拿取銀月巨鐮
QUEST_WOLF_3_7_QUESTINFODATA_ACTIONS_2_DEFAULTOUTCOME_JOURNALTEXT,魔鴆看到銀月巨鐮後嚇得縮成一團。<hero_name>能夠打敗牠，來替死去的狼族同胞們報仇。
QUEST_WOLF_3_7_QUESTINFODATA_ACTIONS_2_DEFAULTOUTCOME_OUTCOMETEXT,你的右手動不了了，你用左手抄起了銀月巨鐮。魔鴆跳了回去。在一陣激烈的刀光劍影後，你終於砍死了牠。
QUEST_WOLF_3_7_QUESTINFODATA_ACTIONS_3_ACTIONTEXT,飛身頭錘！
QUEST_WOLF_3_7_QUESTINFODATA_ACTIONS_3_DEFAULTOUTCOME_JOURNALTEXT,在群英頭盔的保護下，<hero_name>得以抵擋住魔鴆的攻擊，並將牠打跑。
QUEST_WOLF_3_7_QUESTINFODATA_ACTIONS_3_DEFAULTOUTCOME_OUTCOMETEXT,群英頭盔會保護你的！你回頭猛擊。嘎吱！打得鳥嘴滿天飛。這動物發出了尖叫聲，然後逃之夭夭了。
QUEST_WOLF_3_7_QUESTINFODATA_ENCOUNTERTEXT,你潛入地牢，劍已備好。地上到處都是狼族的屍體。在你來得及拔劍之前，一隻魔鴆的魔爪掐住了你的手腕。
QUEST_WOLF_3_7_QUESTINFODATA_JOURNALENCOUNTERTEXT,<hero_name>進入了<quest_tile>的深處。嘯月者死在了石頭上。就在<hero_name>看到這一幕的時候，一隻魔鴆發動了伏擊。
QUEST_WOLF_3_7_QUESTINFODATA_JOURNALRUMOURTEXT,嘯月者，勇敢的狼族戰士，為了狩獵逃入<quest_tile>的魔鴆而從此一去不回。
QUEST_WOLF_3_7_QUESTINFODATA_RUMOURTEXT,「嘯月者！狼族最英勇的戰士。我們部族的勇士們消失在了黑暗之中。」
QUEST_WOLF_3_7_QUESTINFODATA_TITLE,魔鴆殺手
QUEST_WOLF_3_8_QUESTINFODATA_ACTIONS_0_ACTIONTEXT,撐過噩夢
QUEST_WOLF_3_8_QUESTINFODATA_ACTIONS_0_DEFAULTOUTCOME_JOURNALTEXT,無論是什麼懷爾德魔法導致了這些噩夢，都對我們的英雄造成了傷害。<hero_name>因此變得虛弱，心神不寧。
QUEST_WOLF_3_8_QUESTINFODATA_ACTIONS_0_DEFAULTOUTCOME_OUTCOMETEXT,噩夢持續不停。不久之後，你再也無法忍受煎熬並從夢中驚醒，像幼兒一樣不斷啜泣著。痛苦的折磨讓你變得軟弱不堪。
QUEST_WOLF_3_8_QUESTINFODATA_ACTIONS_0_TESTSUCCESSOUTCOME_JOURNALTEXT,無論是什麼奇怪的魔法導致了這些噩夢，似乎都認為<hero_name>配得上這份考驗。我們的英雄醒來之後變得更強大了，而且還獲贈了禮物作為賜福。
QUEST_WOLF_3_8_QUESTINFODATA_ACTIONS_0_TESTSUCCESSOUTCOME_OUTCOMETEXT,強化自己，你就能戰勝恐懼。噩夢逐漸模糊了。你醒來發現自己手中有一塊冰冷的石頭。
QUEST_WOLF_3_8_QUESTINFODATA_ACTIONS_1_ACTIONTEXT,掐醒自己
QUEST_WOLF_3_8_QUESTINFODATA_ACTIONS_1_DEFAULTOUTCOME_JOURNALTEXT,我們的英雄被噩夢擊敗了，沒有領悟到懷爾德對愛門羅的奇異掌控。
QUEST_WOLF_3_8_QUESTINFODATA_ACTIONS_1_DEFAULTOUTCOME_OUTCOMETEXT,你驚醒過來，渾身冒汗，筋疲力盡。隨著你關於噩夢的記憶開始消退，一聲怪笑讓你感到毛骨悚然。
QUEST_WOLF_3_8_QUESTINFODATA_ACTIONS_2_ACTIONTEXT,「喝了這個吧。這會讓你不再抽搐。」
QUEST_WOLF_3_8_QUESTINFODATA_ACTIONS_2_DEFAULTOUTCOME_JOURNALTEXT,<hero_name>的醫生發現了噩夢造成的傷害後，給了他們一劑藥來防止抽搐。藥劑使夢失效了，阻止了一切傷害。
QUEST_WOLF_3_8_QUESTINFODATA_ACTIONS_2_DEFAULTOUTCOME_OUTCOMETEXT,你的醫生給你強灌下了一種惡臭的藥劑。一開始你覺得滾燙，但之後一種舒服的麻醉感緩解了痛苦，你忍過了噩夢。
QUEST_WOLF_3_8_QUESTINFODATA_ACTIONS_3_ACTIONTEXT,「繼續睡吧。一切都沒事的。」
QUEST_WOLF_3_8_QUESTINFODATA_ACTIONS_3_DEFAULTOUTCOME_JOURNALTEXT,按照超級傻瓜給出的奇怪方法。<hero_name>能夠抵抗懷爾德魔法，並且吸取了它的一部分力量。
QUEST_WOLF_3_8_QUESTINFODATA_ACTIONS_3_DEFAULTOUTCOME_OUTCOMETEXT,一個聲音在你的腦海裡迴響。你睡得更熟了，噩夢逐漸散去。你起來後，你的傻瓜朝你欠身，露出了標誌性的微笑。
QUEST_WOLF_3_8_QUESTINFODATA_ACTIONS_4_ACTIONTEXT,吸取魔法
QUEST_WOLF_3_8_QUESTINFODATA_ACTIONS_4_DEFAULTOUTCOME_JOURNALTEXT,影響<hero_name>心智的邪惡魔法被<hero_name>的巫毒娃娃消滅了。我們的英雄會好好利用的。
QUEST_WOLF_3_8_QUESTINFODATA_ACTIONS_4_DEFAULTOUTCOME_OUTCOMETEXT,你強迫自己爬起來，摸索著巫毒娃娃。當你碰到它時，惡夢就消失了。你看到巫毒娃娃的臉因為痛苦而扭成一團。
QUEST_WOLF_3_8_QUESTINFODATA_ENCOUNTERTEXT,你在可怕的<quest_tile>建起了營地。當你最終入睡的時候，幻象突然闖入你的腦海中。
QUEST_WOLF_3_8_QUESTINFODATA_JOURNALENCOUNTERTEXT,傳言果然不虛，<hero_name>被幻象和低語聲所困擾。
QUEST_WOLF_3_8_QUESTINFODATA_JOURNALRUMOURTEXT,愛門羅的人們都被噩夢所困擾。似乎在巨石陣附近休息的人風險最大。
QUEST_WOLF_3_8_QUESTINFODATA_RUMOURTEXT,隨著這片土地的汙穢日益嚴重，愛門羅人的夢中都會出現巨石陣中戴著兜帽的怪人，人們飽受這種怪夢侵擾。
QUEST_WOLF_3_8_QUESTINFODATA_TITLE,暗中幻象
QUEST_WOLF_3_9_QUESTINFODATA_ACTIONS_0_ACTIONTEXT,呼喚懷爾德來淨化汙穢之獸
QUEST_WOLF_3_9_QUESTINFODATA_ACTIONS_0_DEFAULTOUTCOME_JOURNALTEXT,懷爾德是難以馴服的。當<hero_name>呼喚它時，事情出了差錯。野獸帶著幼兔逃走了！
QUEST_WOLF_3_9_QUESTINFODATA_ACTIONS_0_DEFAULTOUTCOME_OUTCOMETEXT,懷爾德在你體內流動著。事情有些不太對勁，身體突然傳來一陣劇痛，你暈了過去！當你醒來時，野獸和幼兔都已經不見了！
QUEST_WOLF_3_9_QUESTINFODATA_ACTIONS_0_TESTSUCCESSOUTCOME_JOURNALTEXT,<hero_name>沒有訴諸武力，他呼喚懷爾德治癒這頭野獸。獲得治癒後，這頭生物對我們的英雄致意宣誓效忠！
QUEST_WOLF_3_9_QUESTINFODATA_ACTIONS_0_TESTSUCCESSOUTCOME_OUTCOMETEXT,你專注引導著懷爾德的力量，你感受到一陣隆隆的咆嘯，彷彿它正衝著你嘶吼一般。動物上的汙穢漸漸褪去，感染獲得了淨化。你看到牠跪在眼前向您致意…
QUEST_WOLF_3_9_QUESTINFODATA_ACTIONS_1_ACTIONTEXT,殺了這頭野獸
QUEST_WOLF_3_9_QUESTINFODATA_ACTIONS_1_DEFAULTOUTCOME_JOURNALTEXT,<hero_name>在山巔與這頭野獸展開了廝殺，最終成功解決了牠！無論如何都必須阻止汙穢的蔓延！
QUEST_WOLF_3_9_QUESTINFODATA_ACTIONS_1_DEFAULTOUTCOME_OUTCOMETEXT,這頭兇獸在你的力量面前毫無勝算。你解決了牠！想起牠也曾是莊嚴高貴的生物，你為此感到十分遺憾！
QUEST_WOLF_3_9_QUESTINFODATA_ACTIONS_2_ACTIONTEXT,穿上戰甲
QUEST_WOLF_3_9_QUESTINFODATA_ACTIONS_2_DEFAULTOUTCOME_JOURNALTEXT,汙穢之獸無法擊穿我們英雄的獅心胸甲。<hero_name>斬殺了野獸、救出了幼兔！
QUEST_WOLF_3_9_QUESTINFODATA_ACTIONS_2_DEFAULTOUTCOME_OUTCOMETEXT,當你逐漸靠近時，野獸突然朝你衝了過來！牠的利爪從你的獅心胸甲上彈開，沒有對你造成一絲傷害。你解決了牠，並救出了幼兔。
QUEST_WOLF_3_9_QUESTINFODATA_ACTIONS_3_ACTIONTEXT,舉起懷爾德烈焰權杖
QUEST_WOLF_3_9_QUESTINFODATA_ACTIONS_3_DEFAULTOUTCOME_JOURNALTEXT,借助懷爾德烈焰權杖的力量，<hero_name>解決了這頭兇獸！愛門羅的子民們再也不用活在這頭野獸的恐懼威脅之下了！
QUEST_WOLF_3_9_QUESTINFODATA_ACTIONS_3_DEFAULTOUTCOME_OUTCOMETEXT,你舉起了權杖，一股寒意竄過身體，權杖發出了光芒，野獸被炸成無數的碎片！你的體內翻騰著懷爾德的力量！
QUEST_WOLF_3_9_QUESTINFODATA_ENCOUNTERTEXT,在抵達山上後，你攀爬著岩石、尋找兇獸的蹤跡。你最終發現牠在自己的巢穴旁巡邏著，幼兔一定就藏在裡面！
QUEST_WOLF_3_9_QUESTINFODATA_JOURNALENCOUNTERTEXT,<hero_name>不斷地翻山越嶺、尋找著這頭兇獸的蹤跡。在山頂上，我們的英雄總算發現了牠的巢穴，入口處骸骨遍地。
QUEST_WOLF_3_9_QUESTINFODATA_JOURNALRUMOURTEXT,這頭兇惡的汙穢之獸將兔族幼崽拖到了<quest_tile>的峭岩上！
QUEST_WOLF_3_9_QUESTINFODATA_RUMOURTEXT,「我的兒子！我的兒子被汙穢之獸抓走了！他被抓到山上去了！」
QUEST_WOLF_3_9_QUESTINFODATA_TITLE,淨化牠
QUEST_WOLF_4_10_QUESTINFODATA_ACTIONS_0_ACTIONTEXT,把蛇的嘴撬開，救下幼獸！
QUEST_WOLF_4_10_QUESTINFODATA_ACTIONS_0_DEFAULTOUTCOME_JOURNALTEXT,<hero_name>向前跑去，想要強行撬開蛇的嘴！唉，我們的英雄還不夠強大，沒法救下可憐的幼獸，牠被吃掉了。
QUEST_WOLF_4_10_QUESTINFODATA_ACTIONS_0_DEFAULTOUTCOME_OUTCOMETEXT,蛇發動了攻擊！你在牠咬住時抓住了牠，但你無力撬開牠的嘴。你不幸負傷，幼獸也被吃掉了。
QUEST_WOLF_4_10_QUESTINFODATA_ACTIONS_0_TESTSUCCESSOUTCOME_JOURNALTEXT,<hero_name>英勇向前，掰開蛇嘴，救下了幼獸，此等英雄壯舉被歌頌流傳至今！
QUEST_WOLF_4_10_QUESTINFODATA_ACTIONS_0_TESTSUCCESSOUTCOME_OUTCOMETEXT,蛇發起了攻擊，你也一樣！你在牠咬住時抓住牠的下顎並用力掰開，從牠的食道裡救出了瑟瑟發抖但還活著的幼獸。
QUEST_WOLF_4_10_QUESTINFODATA_ACTIONS_1_ACTIONTEXT,斬殺毒蛇。
QUEST_WOLF_4_10_QUESTINFODATA_ACTIONS_1_DEFAULTOUTCOME_JOURNALTEXT,<hero_name>在激戰中對蛇又砍又刺，雖然蛇被殺死了，但是無辜的幼獸也死於非命。
QUEST_WOLF_4_10_QUESTINFODATA_ACTIONS_1_DEFAULTOUTCOME_OUTCOMETEXT,你躲過了蛇的攻擊，有條不紊地將其制服。很不幸地，就在你將其擊殺之時，幼獸已經死去很久了。
QUEST_WOLF_4_10_QUESTINFODATA_ACTIONS_2_ACTIONTEXT,「孩子不會有事的！攻擊！」
QUEST_WOLF_4_10_QUESTINFODATA_ACTIONS_2_DEFAULTOUTCOME_JOURNALTEXT,藥劑師知道自己可以拯救幼獸，他催促我們的英雄發動攻擊。<hero_name>無奈只好照做。幼獸真的活了下來。
QUEST_WOLF_4_10_QUESTINFODATA_ACTIONS_2_DEFAULTOUTCOME_OUTCOMETEXT,你咬著牙，發動了攻擊。這條蛇被打敗了，幼獸從蛇的口中滑了出來。你的醫生趕到她的身邊，答道：「她會沒事的。」
QUEST_WOLF_4_10_QUESTINFODATA_ACTIONS_3_ACTIONTEXT,「我知道有一種曲調可以將這種蛇催眠！」
QUEST_WOLF_4_10_QUESTINFODATA_ACTIONS_3_DEFAULTOUTCOME_JOURNALTEXT,<hero_name>隊伍中忠誠的吟遊詩人今天立了大功！他演奏起催眠曲，我們的英雄趁機將蛇斬殺，救下了幼童！
QUEST_WOLF_4_10_QUESTINFODATA_ACTIONS_3_DEFAULTOUTCOME_OUTCOMETEXT,你忠誠的吟遊詩人演奏了一首催眠曲，讓蛇精神恍惚，蛇的防禦被削弱了，你將其斬殺，安全地救下了幼童。
QUEST_WOLF_4_10_QUESTINFODATA_ACTIONS_4_ACTIONTEXT,給牠一份更好的食物
QUEST_WOLF_4_10_QUESTINFODATA_ACTIONS_4_DEFAULTOUTCOME_JOURNALTEXT,蛇漆黑的眼中透露著無盡的飢餓。我們的英雄用侍從來吸引牠的注意力。當蛇被吸引時，<hero_name>把它殺掉了。
QUEST_WOLF_4_10_QUESTINFODATA_ACTIONS_4_DEFAULTOUTCOME_OUTCOMETEXT,你把侍從推向前去。蛇吐出幼童，急忙趕去吃這份新的美味。蛇被誘餌吸引分了神，你趁機將其擊殺。
QUEST_WOLF_4_10_QUESTINFODATA_ENCOUNTERTEXT,你到了之後發現村民們都陷入了恐慌：蛇正在發動攻擊！你發現牠將一個幼獸整個抓起，然後將漆黑的目光轉向你！
QUEST_WOLF_4_10_QUESTINFODATA_JOURNALENCOUNTERTEXT,<hero_name>到了之後發現一條邪惡的野獸正在發動攻擊，一個幼童被整個生吞了下去！我們的英雄展開了行動。
QUEST_WOLF_4_10_QUESTINFODATA_JOURNALRUMOURTEXT,一條恐怖的巨蛇在平原上的狼族小村中作威作福，我們的英雄應邀前來終結牠的暴虐統治！
QUEST_WOLF_4_10_QUESTINFODATA_RUMOURTEXT,看來有條巨蛇一直威壓著附近的狼族農夫。他們說如果你能幫助他們，就會獲得村裡的寶貝！
QUEST_WOLF_4_10_QUESTINFODATA_TITLE,胃口大開
QUEST_WOLF_4_11_QUESTINFODATA_ACTIONS_0_ACTIONTEXT,「你從我這什麼也得不到！」
QUEST_WOLF_4_11_QUESTINFODATA_ACTIONS_0_DEFAULTOUTCOME_JOURNALTEXT,那一天我們的英雄被國王狠狠地折磨了一番，身心都遭到扭曲。<hero_name>最終逃掉了，但已不再是原來的自己。
QUEST_WOLF_4_11_QUESTINFODATA_ACTIONS_0_DEFAULTOUTCOME_OUTCOMETEXT,很不幸你沒有能力對抗拷問者，在痛苦中昏了過去。你最終逃了出去，但就像是變了一個人一樣。
QUEST_WOLF_4_11_QUESTINFODATA_ACTIONS_0_TESTSUCCESSOUTCOME_JOURNALTEXT,但我們的英雄是狼族選中的英雄！任何折磨都不會擊垮他們，他們很快就逃跑了。我們的英雄過處，士兵無一倖存！
QUEST_WOLF_4_11_QUESTINFODATA_ACTIONS_0_TESTSUCCESSOUTCOME_OUTCOMETEXT,你咬緊牙關忍住疼痛，慢慢掙脫鐐銬殺死拷問者，然後與一個囚犯一起逃走了。
QUEST_WOLF_4_11_QUESTINFODATA_ACTIONS_1_ACTIONTEXT,「狼族的秘密？好吧……」
QUEST_WOLF_4_11_QUESTINFODATA_ACTIONS_1_DEFAULTOUTCOME_JOURNALTEXT,毫無疑問，這確實很不光彩。洩露了狼族的秘密後，士兵大笑起來，這個膽小鬼肯定無法成為國王！
QUEST_WOLF_4_11_QUESTINFODATA_ACTIONS_1_DEFAULTOUTCOME_OUTCOMETEXT,你害怕拷問者，並且全部都招了。國王的守衛嘲笑你的懦弱膽小，發現你並不能對王位產生威脅。
QUEST_WOLF_4_11_QUESTINFODATA_ACTIONS_2_ACTIONTEXT,「哦，這些鎖是我設計的。想讓我來開開它們嗎？」
QUEST_WOLF_4_11_QUESTINFODATA_ACTIONS_2_DEFAULTOUTCOME_JOURNALTEXT,真是巧了，這些鎖住大家的鎖是我們的英雄隊伍中的一名鐵匠隨從設計的！大家安然無恙地逃了出去。
QUEST_WOLF_4_11_QUESTINFODATA_ACTIONS_2_DEFAULTOUTCOME_OUTCOMETEXT,你的鎖是由這名鐵匠設計的，這名忠誠的隨從很快便把你從國王的守衛手中救了出來。你們兩個安然無恙地逃了出去。
QUEST_WOLF_4_11_QUESTINFODATA_ACTIONS_3_ACTIONTEXT,「這些鎖難不倒我。」
QUEST_WOLF_4_11_QUESTINFODATA_ACTIONS_3_DEFAULTOUTCOME_JOURNALTEXT,天下還沒有鎖能鎖住身經百戰的王牌間諜。我們的英雄放出來以後，與她一起逃離了<quest_tile>。
QUEST_WOLF_4_11_QUESTINFODATA_ACTIONS_3_DEFAULTOUTCOME_OUTCOMETEXT,王牌間諜將手腕扭到了令人難以置信的角度。鎖打開時她微微一笑。你們一起殺出了重圍。
QUEST_WOLF_4_11_QUESTINFODATA_ENCOUNTERTEXT,你醒來後發現自己在森林深處的一間牢房裡，原來你被國王的守衛伏擊了。一名皇室拷問者向你走來，要求你說出狼族的秘密。
QUEST_WOLF_4_11_QUESTINFODATA_JOURNALENCOUNTERTEXT,<hero_name>在一個陰濕的古墓深處被國王的守衛抓住了，守衛們以酷刑相逼，要他們說出氏族的秘密！
QUEST_WOLF_4_11_QUESTINFODATA_JOURNALRUMOURTEXT,國王的守衛知道我們的英雄想要奪得王位，他們會不惜一切代價阻止這種事發生。他們設下了一個陷阱……
QUEST_WOLF_4_11_QUESTINFODATA_RUMOURTEXT,我建議在古墓附近走的時候要小心，國王的守衛知道你覬覦著王位，如果他們抓住你，後果恐怕不堪設想。
QUEST_WOLF_4_11_QUESTINFODATA_TITLE,皇室酷刑
QUEST_WOLF_4_12_QUESTINFODATA_ACTIONS_0_ACTIONTEXT,擊倒圖騰。
QUEST_WOLF_4_12_QUESTINFODATA_ACTIONS_0_DEFAULTOUTCOME_JOURNALTEXT,我們的英雄勇敢地打壞了圖騰，但卻不敵圖騰上邪惡力量的影響！我們英雄的心智被汙穢給趁虛而入了！
QUEST_WOLF_4_12_QUESTINFODATA_ACTIONS_0_DEFAULTOUTCOME_OUTCOMETEXT,你想把圖騰移出祭壇，但是不幸地你的力量不夠。汙穢傳播開來，腐化了你的心靈和身體。
QUEST_WOLF_4_12_QUESTINFODATA_ACTIONS_0_TESTSUCCESSOUTCOME_JOURNALTEXT,我們的英雄聚集力量義無反顧地衝了上去，搗毀了這尊邪惡的圖騰，將整片森林從牠的邪惡中解救出來。
QUEST_WOLF_4_12_QUESTINFODATA_ACTIONS_0_TESTSUCCESSOUTCOME_OUTCOMETEXT,你聚集力量，逕直衝向了圖騰。衝鋒奏效了，圖騰被撞在了地上，儀式永遠停止了。
QUEST_WOLF_4_12_QUESTINFODATA_ACTIONS_1_ACTIONTEXT,嘗試控制住圖騰之力。
QUEST_WOLF_4_12_QUESTINFODATA_ACTIONS_1_DEFAULTOUTCOME_JOURNALTEXT,我們的英雄沒有摧毀這尊邪物，而是通過懷爾德將其力量壓制住。圖騰至今仍留在那裡。
QUEST_WOLF_4_12_QUESTINFODATA_ACTIONS_1_DEFAULTOUTCOME_OUTCOMETEXT,你召喚懷爾德截斷了圖騰的能量，而沒有將其整個搗毀。然而它留在那裡總會有潛在的威脅的……
QUEST_WOLF_4_12_QUESTINFODATA_ACTIONS_2_ACTIONTEXT,懷爾德護符閃耀著奇異的能量……
QUEST_WOLF_4_12_QUESTINFODATA_ACTIONS_2_DEFAULTOUTCOME_JOURNALTEXT,邪惡的圖騰之力在<hero_name>懷爾德護符面前毫無招架之力！一束純潔的聖光永久淨化了這片森林中的邪惡。
QUEST_WOLF_4_12_QUESTINFODATA_ACTIONS_2_DEFAULTOUTCOME_OUTCOMETEXT,你的懷爾德護符散發出一束純潔的聖光。你高舉著護符，感受到圖騰之力被強力的護符吸收了進去。
QUEST_WOLF_4_12_QUESTINFODATA_ACTIONS_3_ACTIONTEXT,你自己也有圖騰……
QUEST_WOLF_4_12_QUESTINFODATA_ACTIONS_3_DEFAULTOUTCOME_JOURNALTEXT,邪惡的汙穢魔法散發著力量。雖然令人反感，但是我們的英雄看出了裡面蘊含的力量。<hero_name>使用巫毒娃娃來控制它。
QUEST_WOLF_4_12_QUESTINFODATA_ACTIONS_3_DEFAULTOUTCOME_OUTCOMETEXT,祭壇中的魔力被灌注於圖騰之中。當你把傀儡娃娃放到上面時，魔力全都轉移到了娃娃身上。這遲早會派上用場的。
QUEST_WOLF_4_12_QUESTINFODATA_ENCOUNTERTEXT,在森林深處，你發現了怪事發生的根源：有一座祭壇在供奉汙穢！一座汙穢圖騰聳立在上，向周圍散發著力量。
QUEST_WOLF_4_12_QUESTINFODATA_JOURNALENCOUNTERTEXT,追蹤來源，發現原來是一座供奉汙穢的邪惡祭壇和散發汙穢之力的魔力圖騰在作祟！
QUEST_WOLF_4_12_QUESTINFODATA_JOURNALRUMOURTEXT,一股奇怪的力量在附近的樹林裡作祟，當地居民請求我們勇敢的英雄深入其中探索一下其源頭。
QUEST_WOLF_4_12_QUESTINFODATA_RUMOURTEXT,據說林中發生了一些奇怪的事情。當地居民想請你去看一下，無論是什麼都務必將其扼止。
QUEST_WOLF_4_12_QUESTINFODATA_TITLE,汙穢圖騰
QUEST_WOLF_4_1_QUESTINFODATA_ACTIONS_0_ACTIONTEXT,拔出武器戰鬥！
QUEST_WOLF_4_1_QUESTINFODATA_ACTIONS_0_DEFAULTOUTCOME_JOURNALTEXT,施法者的部隊太過強大，我們的英雄很快便敗下陣來。魔法師只給他們留下了一句可怕的警告。
QUEST_WOLF_4_1_QUESTINFODATA_ACTIONS_0_DEFAULTOUTCOME_OUTCOMETEXT,你發起了衝鋒，但是魔法師的部隊很快將你擊敗。狐猴伸出爪子發起了警告。「下一次我們的國王可就不會這麼寬宏大量了。」
QUEST_WOLF_4_1_QUESTINFODATA_ACTIONS_0_TESTSUCCESSOUTCOME_JOURNALTEXT,但是要想戰勝狼族的英雄可沒那麼容易！戰鬥持續了很久，但很快魔法師和他的複製人都被擊殺了。
QUEST_WOLF_4_1_QUESTINFODATA_ACTIONS_0_TESTSUCCESSOUTCOME_OUTCOMETEXT,你處於巔峰狀態，輕而易舉地戰勝了他們。魔法師倒下了，一枚心靈石從他的爪中滾了出來。
QUEST_WOLF_4_1_QUESTINFODATA_ACTIONS_1_ACTIONTEXT,從森林中殺出一條血路。
QUEST_WOLF_4_1_QUESTINFODATA_ACTIONS_1_DEFAULTOUTCOME_JOURNALTEXT,但是魔法師和他的軍隊是不會有機會的！刀光一閃，鏡像應聲倒地，我們的英雄逃進了森林。
QUEST_WOLF_4_1_QUESTINFODATA_ACTIONS_1_DEFAULTOUTCOME_OUTCOMETEXT,你轉身跑進森林，熟練地斬殺了一些鏡像。最好改日再戰！
QUEST_WOLF_4_1_QUESTINFODATA_ACTIONS_2_ACTIONTEXT,「我喜歡酣戰一場！把他們全殺光！」
QUEST_WOLF_4_1_QUESTINFODATA_ACTIONS_2_DEFAULTOUTCOME_JOURNALTEXT,忠誠的狂戰士幫助我們的英雄在難以置信的戰鬥中取得了成功，但真正的戰鬥才剛剛開始：國王的王座在等著我們！
QUEST_WOLF_4_1_QUESTINFODATA_ACTIONS_2_DEFAULTOUTCOME_OUTCOMETEXT,你拔出武器，與狂戰士並肩而立，你們兩個發現戰勝魔法師的部隊簡直簡單得難以置信。魔法師逃走了。
QUEST_WOLF_4_1_QUESTINFODATA_ACTIONS_3_ACTIONTEXT,使用自己的詭術
QUEST_WOLF_4_1_QUESTINFODATA_ACTIONS_3_DEFAULTOUTCOME_JOURNALTEXT,鏡像是十分強大的幻象，但冰鑒斗篷也同樣詭詐。當勝算再次拉平，我們的英雄讓魔法師落荒而逃。
QUEST_WOLF_4_1_QUESTINFODATA_ACTIONS_3_DEFAULTOUTCOME_OUTCOMETEXT,你也有花招。你甩動冰鑒斗篷，穿過一群暈頭轉向的鏡像。你傷到了魔法師，他倉皇逃跑了。
QUEST_WOLF_4_1_QUESTINFODATA_ACTIONS_4_ACTIONTEXT,「我可以抵消那個咒術！」
QUEST_WOLF_4_1_QUESTINFODATA_ACTIONS_4_DEFAULTOUTCOME_JOURNALTEXT,在<hero_name>的學徒的幫助下，占星師的法術被消除了。沒有了他的詭術，對付他簡直易如反掌。
QUEST_WOLF_4_1_QUESTINFODATA_ACTIONS_4_DEFAULTOUTCOME_OUTCOMETEXT,占星師睜大了眼睛。你的學徒站了出來。隨著爪子的揮舞，幻象消失不見了。你微笑著拔出了武器。
QUEST_WOLF_4_1_QUESTINFODATA_ENCOUNTERTEXT,在你朝狐猴走去的時候，他冷笑一聲，舉起爪子，似乎要分出十二個完全一致的分身。這太糟糕了。
QUEST_WOLF_4_1_QUESTINFODATA_JOURNALENCOUNTERTEXT,占星師知道，空地是放置陷阱的最佳地段。在十二個鏡像的幫助下，他想要殺死我們的英雄！
QUEST_WOLF_4_1_QUESTINFODATA_JOURNALRUMOURTEXT,據說國王的皇室占星師是一個古怪刻薄的人。當他要求會面時，我們的英雄自然十分謹慎。
QUEST_WOLF_4_1_QUESTINFODATA_RUMOURTEXT,我聽說國王的御用宮廷占星師想要見個面。如果我是你的話，我會做好萬全準備，可不能輕信法師說的話。
QUEST_WOLF_4_1_QUESTINFODATA_TITLE,人格分裂
QUEST_WOLF_4_2_QUESTINFODATA_ACTIONS_0_ACTIONTEXT,大鬧堡壘，擊殺奴隸主。
QUEST_WOLF_4_2_QUESTINFODATA_ACTIONS_0_DEFAULTOUTCOME_JOURNALTEXT,我們的英雄出於一片好心大鬧了堡壘，但是很快就被擊敗，然後被迫逃跑了。奴隸無法被解救。
QUEST_WOLF_4_2_QUESTINFODATA_ACTIONS_0_DEFAULTOUTCOME_OUTCOMETEXT,你衝開了大門，但很快便被擊敗。你在中央廣場準備受刑，在最後關頭你逃掉了。
QUEST_WOLF_4_2_QUESTINFODATA_ACTIONS_0_TESTSUCCESSOUTCOME_JOURNALTEXT,絕不能允許這種瘋狂的行徑繼續下去！我們的英雄憤怒地大鬧了堡壘，擊殺了守衛並且放走了所有奴隸。
QUEST_WOLF_4_2_QUESTINFODATA_ACTIONS_0_TESTSUCCESSOUTCOME_OUTCOMETEXT,你衝開了前門，從奴隸販子之間殺出一條血路。奴隸們被放了出來，你從他們之中獲得了一位隨從。
QUEST_WOLF_4_2_QUESTINFODATA_ACTIONS_1_ACTIONTEXT,不動用武力解救奴隸。
QUEST_WOLF_4_2_QUESTINFODATA_ACTIONS_1_DEFAULTOUTCOME_JOURNALTEXT,得知奴隸主非常難對付後，我們的英雄匍匐穿過堡壘，把奴隸一次性放走了。
QUEST_WOLF_4_2_QUESTINFODATA_ACTIONS_1_DEFAULTOUTCOME_OUTCOMETEXT,你在放走奴隸的同時暗殺了一小部分守衛。堡壘依然挺立，但當你做主之後決定將其搗毀。
QUEST_WOLF_4_2_QUESTINFODATA_ACTIONS_2_ACTIONTEXT,「此間一定有補給通道。」
QUEST_WOLF_4_2_QUESTINFODATA_ACTIONS_2_DEFAULTOUTCOME_JOURNALTEXT,礦工意識到山頂城堡必定需要地下補給線，她找到了一個秘密入口。將奴隸解救出來非常容易。
QUEST_WOLF_4_2_QUESTINFODATA_ACTIONS_2_DEFAULTOUTCOME_OUTCOMETEXT,你非常信任礦工的智慧，一直跟在她後面。在短暫的搜尋後，她發現了一個地下入口。
QUEST_WOLF_4_2_QUESTINFODATA_ACTIONS_3_ACTIONTEXT,進攻時使用皇室護盾。
QUEST_WOLF_4_2_QUESTINFODATA_ACTIONS_3_DEFAULTOUTCOME_JOURNALTEXT,我們的英雄揮動著遠古的皇室護盾，奴隸販子的刀劍都傷不到我們的英雄，很快堡壘就從他們邪惡的統治下得到了解放。
QUEST_WOLF_4_2_QUESTINFODATA_ACTIONS_3_DEFAULTOUTCOME_OUTCOMETEXT,你在城門前大鬧一番，舉起皇室護盾抵擋著奴隸主們的一切攻擊。你勝利了，奴隸們也獲得了自由。
QUEST_WOLF_4_2_QUESTINFODATA_ENCOUNTERTEXT,經過千辛萬苦，你終於爬到了這個奴隸主的城堡之前。你可以很明顯地聽到痛苦的聲音穿牆而來。
QUEST_WOLF_4_2_QUESTINFODATA_JOURNALENCOUNTERTEXT,我們的英雄追隨線索來到了一座山頂的堡壘前，從遠處就能聽到風中夾雜著刺耳的哀嚎聲。
QUEST_WOLF_4_2_QUESTINFODATA_JOURNALRUMOURTEXT,一條非常惡毒的流言在這片土地上流傳開來：國王正在奴役他的人民！我們的英雄決定前去查明真相。
QUEST_WOLF_4_2_QUESTINFODATA_RUMOURTEXT,我雖然不願相信，但據說我們的國王正在奴役他的人民！也許你可以調查清楚更多真相...
QUEST_WOLF_4_2_QUESTINFODATA_TITLE,上有堡壘
QUEST_WOLF_4_3_QUESTINFODATA_ACTIONS_0_ACTIONTEXT,拔出武器迎戰魔鴆。
QUEST_WOLF_4_3_QUESTINFODATA_ACTIONS_0_DEFAULTOUTCOME_JOURNALTEXT,當我們的英雄與這邪惡的野獸交鋒之時，一股具有腐蝕性的汙穢之潮幾乎致<hero_name>於死地，這迫使他們落荒而逃。
QUEST_WOLF_4_3_QUESTINFODATA_ACTIONS_0_DEFAULTOUTCOME_OUTCOMETEXT,事實證明，與魔鴆交鋒會將你帶向毀滅。遭到邪惡之觸捅穿，你差點就被汙穢吞噬了。
QUEST_WOLF_4_3_QUESTINFODATA_ACTIONS_0_TESTSUCCESSOUTCOME_JOURNALTEXT,接下來的戰鬥將會在愛門羅的史書上寫下濃墨重彩的一筆，成為這片土地上最偉大的戰鬥之一。魔鴆的邪惡被淨化了。
QUEST_WOLF_4_3_QUESTINFODATA_ACTIONS_0_TESTSUCCESSOUTCOME_OUTCOMETEXT,作為一個北方狼族，你的戰鬥技藝飽經磨練，爐火純青，你取得了勝利，使小鎮重獲自由。
QUEST_WOLF_4_3_QUESTINFODATA_ACTIONS_1_ACTIONTEXT,帶領居民去安全地帶。
QUEST_WOLF_4_3_QUESTINFODATA_ACTIONS_1_DEFAULTOUTCOME_JOURNALTEXT,<hero_name>知道魔鴆的邪惡之觸可以腐化一切，於是就幫助居民逃離了他們被毀掉的村莊。
QUEST_WOLF_4_3_QUESTINFODATA_ACTIONS_1_DEFAULTOUTCOME_OUTCOMETEXT,村莊被魔鴆毀掉了，因此你堅持帶居民們放棄村莊前往安全地帶。
QUEST_WOLF_4_3_QUESTINFODATA_ACTIONS_2_ACTIONTEXT,用魔鴆之刃反擊
QUEST_WOLF_4_3_QUESTINFODATA_ACTIONS_2_DEFAULTOUTCOME_JOURNALTEXT,我們的英雄對汙穢十分瞭解！刀刃滴透著汙穢，雙方直面交鋒！最終魔鴆倒地不起，村民們並沒有因此現身。
QUEST_WOLF_4_3_QUESTINFODATA_ACTIONS_2_DEFAULTOUTCOME_OUTCOMETEXT,你躍身而下，直面交鋒！兩股汙穢之力互相衝擊，但你的力量更勝一籌，你最終斬殺了魔鴆！
QUEST_WOLF_4_3_QUESTINFODATA_ACTIONS_3_ACTIONTEXT,揮動銀月巨鐮
QUEST_WOLF_4_3_QUESTINFODATA_ACTIONS_3_DEFAULTOUTCOME_JOURNALTEXT,魔鴆已非如同以往那般令人畏懼的危險之物。我們英雄的旅程即將抵達終點。<our_hero>一擊就將其擊敗。
QUEST_WOLF_4_3_QUESTINFODATA_ACTIONS_3_DEFAULTOUTCOME_OUTCOMETEXT,你奮力一擊，將魔鴆斬作兩段。牠頓時化為灰燼。懷爾德在你周圍湧現，給你注入了魔法。
QUEST_WOLF_4_3_QUESTINFODATA_ENCOUNTERTEXT,被廢棄的村落！更確切地說，村民們都躲進屋裡了。你很快就發現了原因，一隻致命的魔鴆頓時從屋頂跳下！
QUEST_WOLF_4_3_QUESTINFODATA_JOURNALENCOUNTERTEXT,村莊空無一人，或者說看起來空無一人。<hero_name>很快就發現村民們都活在死亡的恐懼之中，有魔鴆潛伏在附近。
QUEST_WOLF_4_3_QUESTINFODATA_JOURNALRUMOURTEXT,已經有好幾個星期沒有收到附近小村的消息了。我們的英雄得知情況很有可能不妙之後動身趕往了那裡。
QUEST_WOLF_4_3_QUESTINFODATA_RUMOURTEXT,已經有幾周沒有收到附近村落的消息了。我在那有幾個朋友……也許你可以去那裡看一看？
QUEST_WOLF_4_3_QUESTINFODATA_TITLE,暗中之眼
QUEST_WOLF_4_4_QUESTINFODATA_ACTIONS_0_ACTIONTEXT,說服軍官加入你的行列
QUEST_WOLF_4_4_QUESTINFODATA_ACTIONS_0_DEFAULTOUTCOME_JOURNALTEXT,很不幸的，我們的英雄無法撼動軍官的忠誠心。<hero_name>說服失敗了！場面一度十分尷尬，只好空手離開了。
QUEST_WOLF_4_4_QUESTINFODATA_ACTIONS_0_DEFAULTOUTCOME_OUTCOMETEXT,很不幸的，軍官對國王的一片忠心讓你根本說服不了他。你失落地離開了酒館。
QUEST_WOLF_4_4_QUESTINFODATA_ACTIONS_0_TESTSUCCESSOUTCOME_JOURNALTEXT,幸運的是，我們的英雄的勸說非常有效。不久之後，軍官高唱起狼族的贊歌，並加入了你的行列。
QUEST_WOLF_4_4_QUESTINFODATA_ACTIONS_0_TESTSUCCESSOUTCOME_OUTCOMETEXT,你成功將名為不信任的種子埋入了軍官的心裡。假如真心為了愛門羅的未來，他會在旅途上提供他的協助。
QUEST_WOLF_4_4_QUESTINFODATA_ACTIONS_1_ACTIONTEXT,恐嚇軍官
QUEST_WOLF_4_4_QUESTINFODATA_ACTIONS_1_DEFAULTOUTCOME_JOURNALTEXT,恐嚇的效果十分顯著，使得軍官能暫時地為我們的英雄提供協助。有至少比沒有來的好！
QUEST_WOLF_4_4_QUESTINFODATA_ACTIONS_1_DEFAULTOUTCOME_OUTCOMETEXT,為了不給你留下壞印象，軍官通過自己的諜報網路將訊息傳達給你，但除此之外就免談了。
QUEST_WOLF_4_4_QUESTINFODATA_ACTIONS_2_ACTIONTEXT,先發制人，殺掉軍官！
QUEST_WOLF_4_4_QUESTINFODATA_ACTIONS_2_DEFAULTOUTCOME_JOURNALTEXT,<hero_name>不能讓與自己為敵的人再增加了，我們的英雄只好把軍官給殺掉了！尤其現在只離王座幾步之遙的時候！
QUEST_WOLF_4_4_QUESTINFODATA_ACTIONS_2_DEFAULTOUTCOME_OUTCOMETEXT,你戴上了群英頭盔，對軍官發起了對決！軍官對此大吃一驚，被你擊敗，然後你逃走了。這是必要的。旅程即將邁入終章！
QUEST_WOLF_4_4_QUESTINFODATA_ACTIONS_3_ACTIONTEXT,高舉皇室旗幟
QUEST_WOLF_4_4_QUESTINFODATA_ACTIONS_3_DEFAULTOUTCOME_JOURNALTEXT,皇室旗幟讓軍官回想起事情的真相。國王早就駕崩了，留下來的殘影只是汙穢的化身罷了。<hero_name>會把它淨化乾淨的！
QUEST_WOLF_4_4_QUESTINFODATA_ACTIONS_3_DEFAULTOUTCOME_OUTCOMETEXT,你高舉旗幟。「吾王已逝。現在王座上的只不過是汙穢的傀儡。」你丟下旗幟。全場一片寂靜，軍官點了點頭。
QUEST_WOLF_4_4_QUESTINFODATA_ACTIONS_4_ACTIONTEXT,「這名軍官比他看起來的還要好說服。這交給我吧。」
QUEST_WOLF_4_4_QUESTINFODATA_ACTIONS_4_DEFAULTOUTCOME_JOURNALTEXT,財務官向前走去，塞給了他一件別人沒辦法承諾的東西：一筆保證的報酬。這足以說服軍官投靠我們了！
QUEST_WOLF_4_4_QUESTINFODATA_ACTIONS_4_DEFAULTOUTCOME_OUTCOMETEXT,「當地軍需官欠了你一大筆錢。」財政官微笑道。「狼族向來都是準時付帳的。」看來這招的確有效！
QUEST_WOLF_4_4_QUESTINFODATA_ENCOUNTERTEXT,當你步入酒館時，現場立馬安靜了下來，大家竊竊私語著。穿過室裡瀰漫著的煙雲，軍官向你投來了嫌惡的目光。
QUEST_WOLF_4_4_QUESTINFODATA_JOURNALENCOUNTERTEXT,當地酒館裡人們在喧鬧交談著……直到我們的英雄進入酒館，面對軍官為止。所有人都把目光投向了他們。
QUEST_WOLF_4_4_QUESTINFODATA_JOURNALRUMOURTEXT,我們的英雄聽說了附近的一座小村落裡住著一名高階軍官。或許他可以為狼族提供協助？
QUEST_WOLF_4_4_QUESTINFODATA_RUMOURTEXT,在<quest_tile>裡住著一名帶領當地獨立部隊的軍官。他究竟會是一個有價值的盟友呢？還是一個必須除掉的障礙呢？
QUEST_WOLF_4_4_QUESTINFODATA_TITLE,摸清底細
QUEST_WOLF_4_5_QUESTINFODATA_ACTIONS_0_ACTIONTEXT,開動腦筋掙脫束縛。
QUEST_WOLF_4_5_QUESTINFODATA_ACTIONS_0_DEFAULTOUTCOME_JOURNALTEXT,我們的英雄試圖逃離強盜的束縛卻徒勞無功，繩子綁得太緊了！我們的英雄被洗劫了一筆錢後失落地離開了墓地。
QUEST_WOLF_4_5_QUESTINFODATA_ACTIONS_0_DEFAULTOUTCOME_OUTCOMETEXT,很不幸，你想不到解開繩結的辦法。強盜很快洗劫了你的金幣，把你丟在了墓穴暗處。
QUEST_WOLF_4_5_QUESTINFODATA_ACTIONS_0_TESTSUCCESSOUTCOME_JOURNALTEXT,<hero_name>很快逃離了強盜的束縛，殺死了很多強盜！他們的財寶會幫助我們的英雄奪取王位。
QUEST_WOLF_4_5_QUESTINFODATA_ACTIONS_0_TESTSUCCESSOUTCOME_OUTCOMETEXT,隨著聲音的消散，你憑感覺解開了繩結。強盜很驚訝你能逃脫，他們的財寶很快就歸你所有了。
QUEST_WOLF_4_5_QUESTINFODATA_ACTIONS_1_ACTIONTEXT,靜候時機，悄悄溜走。
QUEST_WOLF_4_5_QUESTINFODATA_ACTIONS_1_DEFAULTOUTCOME_JOURNALTEXT,雖然被蒙著眼綁了起來，但我們的英雄還是在強盜眼皮子底下從墓穴裡溜走了！
QUEST_WOLF_4_5_QUESTINFODATA_ACTIONS_1_DEFAULTOUTCOME_OUTCOMETEXT,你憑藉著對墓穴構造的記憶，趁強盜轉身離開的時候掙脫眼罩逃出了墓穴。
QUEST_WOLF_4_5_QUESTINFODATA_ACTIONS_2_ACTIONTEXT,「嘿！強盜！你們真噁心！」
QUEST_WOLF_4_5_QUESTINFODATA_ACTIONS_2_DEFAULTOUTCOME_JOURNALTEXT,傻瓜被抓了起來，然後大吵大鬧，分散了強盜的注意力。<hero_name>趁機逃走並擊殺了他們。
QUEST_WOLF_4_5_QUESTINFODATA_ACTIONS_2_DEFAULTOUTCOME_OUTCOMETEXT,你的傻瓜如此大呼小叫，強盜們都過去準備「教他做人。」當他們分散注意力時，你掙脫了束縛，發動了攻擊！
QUEST_WOLF_4_5_QUESTINFODATA_ACTIONS_3_ACTIONTEXT,烏鴉之喙匕首在召喚你
QUEST_WOLF_4_5_QUESTINFODATA_ACTIONS_3_DEFAULTOUTCOME_JOURNALTEXT,烏鴉之喙匕首感覺這是個吸血的好機會，設法來到了<hero_name>你的爪中。我們的英雄……不得不……使用它。
QUEST_WOLF_4_5_QUESTINFODATA_ACTIONS_3_DEFAULTOUTCOME_OUTCOMETEXT,你覺得強盜們拿走了你的武器，但是你感覺到這把匕首通過某些可怕的魔法來到了你的爪中。你斬斷束縛，並且將他們擊殺。
QUEST_WOLF_4_5_QUESTINFODATA_ACTIONS_4_ACTIONTEXT,「唔，我早就切斷繩子了。需要幫忙嗎？」
QUEST_WOLF_4_5_QUESTINFODATA_ACTIONS_4_DEFAULTOUTCOME_JOURNALTEXT,咒術師是個逃脫大師，很快就把我們的英雄從束縛中解救出來。強盜們在這兩人面前毫無招架之力！
QUEST_WOLF_4_5_QUESTINFODATA_ACTIONS_4_DEFAULTOUTCOME_OUTCOMETEXT,你擺脫了束縛之後，與咒術師一起搗毀了強盜們在古墓中的窩點，在此過程中得到了一件非常有價值的道具。
QUEST_WOLF_4_5_QUESTINFODATA_ENCOUNTERTEXT,在你的旅途中，一個強盜將你擊敗，並且把你綁了起來。四周傳來陣陣耳語，在石頭間迴盪。
QUEST_WOLF_4_5_QUESTINFODATA_JOURNALENCOUNTERTEXT,事實證明旅途並沒有我們英雄預期的那樣簡單。一群強盜很快伏擊了<hero_name>！
QUEST_WOLF_4_5_QUESTINFODATA_JOURNALRUMOURTEXT,我們的英雄幾乎已經準備好繼續向王座進發了，但是還要進行最後一場尋寶探險。也許這道具會在接下來的戰鬥中有所幫助？
QUEST_WOLF_4_5_QUESTINFODATA_RUMOURTEXT,附近有一座古墓，裡面有各種各樣的寶貝！強盜們喜歡在附近紮營，所以你最好多加小心。
QUEST_WOLF_4_5_QUESTINFODATA_TITLE,一刀兩斷
QUEST_WOLF_4_6_QUESTINFODATA_ACTIONS_0_ACTIONTEXT,找一條路穿過沙地。
QUEST_WOLF_4_6_QUESTINFODATA_ACTIONS_0_DEFAULTOUTCOME_JOURNALTEXT,<hero_name>試著趟過沙地，但是差點被沙子永遠吞沒！他們明智地放棄了沼澤，還有石頭。
QUEST_WOLF_4_6_QUESTINFODATA_ACTIONS_0_DEFAULTOUTCOME_OUTCOMETEXT,你不確定從那裡才能過去，於是試著趟過流沙。你幾乎要被掩埋在深處窒息而死，然後趕快將自己刨了出來！
QUEST_WOLF_4_6_QUESTINFODATA_ACTIONS_0_TESTSUCCESSOUTCOME_JOURNALTEXT,我們的英雄用一根長籐條和幾根粗壯的樹枝做成繩子和鉤爪，足以從遠處抓住石頭！
QUEST_WOLF_4_6_QUESTINFODATA_ACTIONS_0_TESTSUCCESSOUTCOME_OUTCOMETEXT,你用沼澤裡遍地都是的長籐條和粗壯樹枝做成了簡易繩子和鉤爪。石頭很快就是你的了！
QUEST_WOLF_4_6_QUESTINFODATA_ACTIONS_1_ACTIONTEXT,尋找更安全的寶貝。
QUEST_WOLF_4_6_QUESTINFODATA_ACTIONS_1_DEFAULTOUTCOME_JOURNALTEXT,雖然我們的英雄很聰明，但是卻忽視了很明顯的陷阱。在愛門羅，有時最安全的辦法就是最聰明的。
QUEST_WOLF_4_6_QUESTINFODATA_ACTIONS_1_DEFAULTOUTCOME_OUTCOMETEXT,你得知有很多生命都被流沙吞噬後，逕直走出了沼澤。你什麼也沒找到，但離開時增長了智慧。
QUEST_WOLF_4_6_QUESTINFODATA_ACTIONS_2_ACTIONTEXT,「我知道這片沼澤的一個秘密。跟著我！」
QUEST_WOLF_4_6_QUESTINFODATA_ACTIONS_2_DEFAULTOUTCOME_JOURNALTEXT,這個探險者非常有頭腦。他沒有管石頭，直接帶著我們的英雄來到了附近強盜們的藏寶庫！
QUEST_WOLF_4_6_QUESTINFODATA_ACTIONS_2_DEFAULTOUTCOME_OUTCOMETEXT,探險者轉向附近的樹幹。他伸手進樹洞裡，抽出一張卡牌。「當地盜賊們的一點東西。比什麼都沒得到要好！」
QUEST_WOLF_4_6_QUESTINFODATA_ACTIONS_3_ACTIONTEXT,使用飛天翅靴跳過流沙
QUEST_WOLF_4_6_QUESTINFODATA_ACTIONS_3_DEFAULTOUTCOME_JOURNALTEXT,你在旅途中收集的器物有利有弊。<hero_name>的飛天翅靴將他們帶偏了。石頭不見了。
QUEST_WOLF_4_6_QUESTINFODATA_ACTIONS_3_DEFAULTOUTCOME_OUTCOMETEXT,你跑起來一躍而起。不幸的是，靴子威力太過強大。你跳出去好幾里地，結果迷了路。無論如何你幸運地逃出了沼澤。
QUEST_WOLF_4_6_QUESTINFODATA_ACTIONS_4_ACTIONTEXT,用懷爾德烈焰權杖將流沙分開
QUEST_WOLF_4_6_QUESTINFODATA_ACTIONS_4_DEFAULTOUTCOME_JOURNALTEXT,<quest_tile>的流沙已經沉寂了幾百年。沒有人可以通過。幸運的是，我們的英雄在裡面找到了一些有用的東西。\n
QUEST_WOLF_4_6_QUESTINFODATA_ACTIONS_4_DEFAULTOUTCOME_OUTCOMETEXT,流沙緩緩移動著，但你還是不能通過。你開始垂頭喪氣，直到你發現沙子底下有東西在閃光。
QUEST_WOLF_4_6_QUESTINFODATA_ENCOUNTERTEXT,在這骯髒的沼澤深處，你發現你想要的石頭就在一座小丘之上，周圍則是一片險惡的流沙。
QUEST_WOLF_4_6_QUESTINFODATA_JOURNALENCOUNTERTEXT,我們的英雄很快就找到了這片骯髒沼澤的中心，也發現了他們想要的心靈石。不幸的是，這塊石頭周圍全是流沙。
QUEST_WOLF_4_6_QUESTINFODATA_JOURNALRUMOURTEXT,這片沼澤以殺人奪命而出名，包括最近有個帶著心靈石的人也喪命於此。這是一塊我們英雄想要的心靈石...
QUEST_WOLF_4_6_QUESTINFODATA_RUMOURTEXT,有些旅行者試著穿過附近的沼澤……但是沒人生還。我發誓他們中有人持有心靈石。
QUEST_WOLF_4_6_QUESTINFODATA_TITLE,閃電之沙
QUEST_WOLF_4_7_QUESTINFODATA_ACTIONS_0_ACTIONTEXT,與懷爾德交流。
QUEST_WOLF_4_7_QUESTINFODATA_ACTIONS_0_DEFAULTOUTCOME_JOURNALTEXT,實際上，即便是懷爾德也不願屈尊幫助這個可憐的野獸。我們的英雄只得被迫將其擊殺，心情十分沉重。
QUEST_WOLF_4_7_QUESTINFODATA_ACTIONS_0_DEFAULTOUTCOME_OUTCOMETEXT,懷爾德並沒有回應你，氣氛安靜得可怕。遭汙穢感染的瘋狼差點要把你撕成碎片，但訓練成果派上了用場，最終獲得了勝利。
QUEST_WOLF_4_7_QUESTINFODATA_ACTIONS_0_TESTSUCCESSOUTCOME_JOURNALTEXT,但我們的英雄拒絕放棄。向懷爾德求助後，狼族勇士從她的詛咒中解脫，並重賞了<hero_name>。
QUEST_WOLF_4_7_QUESTINFODATA_ACTIONS_0_TESTSUCCESSOUTCOME_OUTCOMETEXT,巢穴中充滿亮光，狼從她的詛咒中解脫了出來。她心存感激，作為感謝，她將自己最寶貴的財寶送給了你。
QUEST_WOLF_4_7_QUESTINFODATA_ACTIONS_1_ACTIONTEXT,擊殺野獸。將牠從悲慘中解救出來。
QUEST_WOLF_4_7_QUESTINFODATA_ACTIONS_1_DEFAULTOUTCOME_JOURNALTEXT,我們的英雄接受了這個殘酷的事實，與這頭汙穢瘋狼展開廝殺。最終獲得了勝利，挽回了狼族在愛門羅的聲譽。
QUEST_WOLF_4_7_QUESTINFODATA_ACTIONS_1_DEFAULTOUTCOME_OUTCOMETEXT,這頭野獸英勇奮戰，但在你的猛擊面前毫無招架之力。狼族的聲譽得以挽回。
QUEST_WOLF_4_7_QUESTINFODATA_ACTIONS_2_ACTIONTEXT,將這頭野獸從悲慘中解救出來。
QUEST_WOLF_4_7_QUESTINFODATA_ACTIONS_2_DEFAULTOUTCOME_JOURNALTEXT,這頭野獸已經沒救了。<hero_named>拔出手持加農砲，閉上眼扣下了扳機。這件事至今仍縈繞在他們心頭。
QUEST_WOLF_4_7_QUESTINFODATA_ACTIONS_2_DEFAULTOUTCOME_OUTCOMETEXT,僅僅一發就解決了！你在屍體前低頭禱告著。大地已經被汙穢侵蝕的太久了！瘋王必須被消滅不可！
QUEST_WOLF_4_7_QUESTINFODATA_ACTIONS_3_ACTIONTEXT,「讓他喝這個！」
QUEST_WOLF_4_7_QUESTINFODATA_ACTIONS_3_DEFAULTOUTCOME_JOURNALTEXT,煉金術師的一瓶純白藥劑派上了用場！這是一種治癒汙穢的藥劑。我們的英雄把它灌進了瘋狼的喉嚨裡，他獲救了！
QUEST_WOLF_4_7_QUESTINFODATA_ACTIONS_3_DEFAULTOUTCOME_OUTCOMETEXT,這次不是冒泡的鬼東西，而是一瓶純白色的藥劑。你發起了攻擊，然後猛然地把藥劑灌到了野獸的喉嚨裡。汙穢逐漸褪去。
QUEST_WOLF_4_7_QUESTINFODATA_ACTIONS_4_ACTIONTEXT,吸收汙穢之獸
QUEST_WOLF_4_7_QUESTINFODATA_ACTIONS_4_DEFAULTOUTCOME_JOURNALTEXT,魔鴆之爪的力量能夠淨化汙穢。它雖然治癒了這頭野獸，但在過程中也造成了嚴重的傷害。
QUEST_WOLF_4_7_QUESTINFODATA_ACTIONS_4_DEFAULTOUTCOME_OUTCOMETEXT,你舉起了魔鴆之爪。野獸的皮膚冒起了泡。隨著病痛的消失，牠嚎叫了起來。最後，這頭狼失去意識倒下了，但是沒有死去。
QUEST_WOLF_4_7_QUESTINFODATA_ENCOUNTERTEXT,你跟蹤這頭野獸來到了牠那佈滿骸骨的巢穴。曾經光榮驕傲的狼族勇士已然被汙穢扭曲變形。
QUEST_WOLF_4_7_QUESTINFODATA_JOURNALENCOUNTERTEXT,<hero_name>跟著這個生物來到了古老堡壘深處，牠那堆滿骨頭的巢穴。曾經驕傲的戰士似乎已經無藥可救了。
QUEST_WOLF_4_7_QUESTINFODATA_JOURNALRUMOURTEXT,狼族中的一員已被轉化為汙穢力量的一份子。是時候讓我們的英雄將他們從瘋狂中拯救出來了。
QUEST_WOLF_4_7_QUESTINFODATA_RUMOURTEXT,我不是想說狼族的壞話，但有傳言說，你們中的一個已經被汙穢扭曲，在周圍的堡壘中屠殺無辜的人。
QUEST_WOLF_4_7_QUESTINFODATA_TITLE,被汙穢的人
QUEST_WOLF_4_8_QUESTINFODATA_ACTIONS_0_ACTIONTEXT,呼喚懷爾德幫助你。
QUEST_WOLF_4_8_QUESTINFODATA_ACTIONS_0_DEFAULTOUTCOME_JOURNALTEXT,我們的英雄尋求著懷爾德的幫助，但它無視了他們的請求。一大群蜘蛛落了下來， <hero_name>從沼澤逃走了。
QUEST_WOLF_4_8_QUESTINFODATA_ACTIONS_0_DEFAULTOUTCOME_OUTCOMETEXT,你乞求懷爾德的幫助，但沒有回應。突然你胸口一陣劇痛，感覺到汙穢的邪惡力量在泥沼中四處流動著。
QUEST_WOLF_4_8_QUESTINFODATA_ACTIONS_0_TESTSUCCESSOUTCOME_JOURNALTEXT,厚厚的蛛網很快就被懷爾德撕碎，為熊族薩滿打開了一條通路。她非常感動，給予了<hero_name>一份寶藏。
QUEST_WOLF_4_8_QUESTINFODATA_ACTIONS_0_TESTSUCCESSOUTCOME_OUTCOMETEXT,很快，蛛網就被沼澤中衝出的籐蔓撕破。熊族薩滿十分感動，給予了你一份寶藏。
QUEST_WOLF_4_8_QUESTINFODATA_ACTIONS_1_ACTIONTEXT,讓熊過來跟你聊聊。
QUEST_WOLF_4_8_QUESTINFODATA_ACTIONS_1_DEFAULTOUTCOME_JOURNALTEXT,年邁的熊族薩滿接近了我們的英雄，說著智慧而謹慎的話語。聽進去這些話的人能夠更好的與懷爾德協調。
QUEST_WOLF_4_8_QUESTINFODATA_ACTIONS_1_DEFAULTOUTCOME_OUTCOMETEXT,熊對你說道：「國王很快就會倒下。狼族一定準備著統治這個地方。」你離開了，感覺自己更睿智了。
QUEST_WOLF_4_8_QUESTINFODATA_ACTIONS_2_ACTIONTEXT,「牠們是汙穢之獸！讓我來解決牠們！」
QUEST_WOLF_4_8_QUESTINFODATA_ACTIONS_2_DEFAULTOUTCOME_JOURNALTEXT,術士的力量解除了所有通往薩滿的路上的阻礙，使我們的英雄能夠得到熊族珍貴的寶物。
QUEST_WOLF_4_8_QUESTINFODATA_ACTIONS_2_DEFAULTOUTCOME_OUTCOMETEXT,沼澤中充斥著紫色的霧，殺死了蜘蛛。薩滿被激怒了，拿出一個聖物讓你滾開。
QUEST_WOLF_4_8_QUESTINFODATA_ACTIONS_3_ACTIONTEXT,「奧斯維納！出來！你欠我一個人情。」
QUEST_WOLF_4_8_QUESTINFODATA_ACTIONS_3_DEFAULTOUTCOME_JOURNALTEXT,這個陌生人認識樹林中的熊。他呼喚著她的名字，熊離開了蛛網的保護，來與<hero_name>交談。
QUEST_WOLF_4_8_QUESTINFODATA_ACTIONS_3_DEFAULTOUTCOME_OUTCOMETEXT,陌生人走上前來，對熊喊著。在片刻的寂靜後，那個生物不情願地出現了，向你走去。
QUEST_WOLF_4_8_QUESTINFODATA_ACTIONS_4_ACTIONTEXT,裝備獅心胸甲
QUEST_WOLF_4_8_QUESTINFODATA_ACTIONS_4_DEFAULTOUTCOME_JOURNALTEXT,蜘蛛的攻擊無法穿透獅心胸甲。我們的英雄與占卜者交談，他給予了他們一張咒術卡牌。
QUEST_WOLF_4_8_QUESTINFODATA_ACTIONS_4_DEFAULTOUTCOME_OUTCOMETEXT,你穿上獅心胸甲，向蛛網衝去。蜘蛛向你發起攻擊，但在你的護甲上滑了過去。你毫髮無損地抵達了屋子。
QUEST_WOLF_4_8_QUESTINFODATA_ENCOUNTERTEXT,你偶然發現一間被巨大蛛網保護的殘破小屋。一陣耳語將你召喚到明顯感覺像是陷阱的地方。
QUEST_WOLF_4_8_QUESTINFODATA_JOURNALENCOUNTERTEXT,潮濕的沼澤看上去被厚厚的蛛網連在一起，將我們的英雄直接帶到了熊的老舊小屋那裡。
QUEST_WOLF_4_8_QUESTINFODATA_JOURNALRUMOURTEXT,傳說中在這個沼澤中的有一位年老的熊族與汙穢有著聯結。她會協助我們一同對抗瘋王嗎？我們的英雄需要知道更多。
QUEST_WOLF_4_8_QUESTINFODATA_RUMOURTEXT,傳言說在附近的一個詛咒沼澤中，住著一名年老的熊族。她熟知汙穢之道，可能值得去造訪一下。
QUEST_WOLF_4_8_QUESTINFODATA_TITLE,蛛網之屋
QUEST_WOLF_4_9_QUESTINFODATA_ACTIONS_0_ACTIONTEXT,召喚懷爾德保護這個村莊。
QUEST_WOLF_4_9_QUESTINFODATA_ACTIONS_0_DEFAULTOUTCOME_JOURNALTEXT,無法呼喚懷爾德幫助這個村莊，洪水暢通無阻的到來了。我們的英雄失敗地逃走了，村莊被洪水沖走。
QUEST_WOLF_4_9_QUESTINFODATA_ACTIONS_0_DEFAULTOUTCOME_OUTCOMETEXT,儘管此處的懷爾德很強烈，但你沒能理解祂的存在。於是祂無視了你的呼喚。洪水永遠地令這個村莊消失了。
QUEST_WOLF_4_9_QUESTINFODATA_ACTIONS_0_TESTSUCCESSOUTCOME_JOURNALTEXT,當然！召喚懷爾德！一面難以置信的石頭與泥土之牆從地面升起，拯救了村莊和整個森林盆地。
QUEST_WOLF_4_9_QUESTINFODATA_ACTIONS_0_TESTSUCCESSOUTCOME_OUTCOMETEXT,洪水到來的時候，一面石頭與泥土之牆從地面升起，令洪水改變了方向，永遠地拯救了村莊。你是一個英雄！
QUEST_WOLF_4_9_QUESTINFODATA_ACTIONS_1_ACTIONTEXT,幫助所有人離開山谷。
QUEST_WOLF_4_9_QUESTINFODATA_ACTIONS_1_DEFAULTOUTCOME_JOURNALTEXT,我們的英雄知道，拯救這個村莊的唯一辦法就是拯救這裡的居民。他們不知疲倦地將居民們轉移到了安全地帶。
QUEST_WOLF_4_9_QUESTINFODATA_ACTIONS_1_DEFAULTOUTCOME_OUTCOMETEXT,你在洪水到來之前不知疲倦地將所有人轉移到了安全地帶。儘管村民們安全了，他們失去了森林的魔法。
QUEST_WOLF_4_9_QUESTINFODATA_ACTIONS_2_ACTIONTEXT,用皇室赦令為村民請求寬恕
QUEST_WOLF_4_9_QUESTINFODATA_ACTIONS_2_DEFAULTOUTCOME_JOURNALTEXT,\n我們的英雄以法律和皇室赦令作為武器，停止了洪水。村莊中的生物們安全了！\n
QUEST_WOLF_4_9_QUESTINFODATA_ACTIONS_2_DEFAULTOUTCOME_OUTCOMETEXT,海狸們到達的時候，你向他們展示了皇室赦令。他們不情願地接受了自己的工作不能繼續這一點。
QUEST_WOLF_4_9_QUESTINFODATA_ACTIONS_3_ACTIONTEXT,用化妝面具愚弄獾們
QUEST_WOLF_4_9_QUESTINFODATA_ACTIONS_3_DEFAULTOUTCOME_JOURNALTEXT,我們的英雄用化妝面具說服了獾們，說他們的工作被推遲了。旅程幾乎要完成了！
QUEST_WOLF_4_9_QUESTINFODATA_ACTIONS_3_DEFAULTOUTCOME_OUTCOMETEXT,你戴上面具，說服獾們你是國王派來的使者。你設法說服他們離開……暫時的。
QUEST_WOLF_4_9_QUESTINFODATA_ACTIONS_4_ACTIONTEXT,「這些海狸們為了錢而工作。那就讓他們為我們工作吧。」
QUEST_WOLF_4_9_QUESTINFODATA_ACTIONS_4_DEFAULTOUTCOME_JOURNALTEXT,商人用非法取得的金子收買了愚蠢的海狸，讓他們遠離這片森林。村莊被拯救了！
QUEST_WOLF_4_9_QUESTINFODATA_ACTIONS_4_DEFAULTOUTCOME_OUTCOMETEXT,商人帶著一個簡單的計策接近了皇室海狸建築師：一份賄賂，但這錢既不由你，也不由他來付。成功了！
QUEST_WOLF_4_9_QUESTINFODATA_ENCOUNTERTEXT,國王的海狸建築師想要引來洪水淹沒整個山谷，殺死這裡的所有人！很不幸的是，你的選擇很有限……
QUEST_WOLF_4_9_QUESTINFODATA_JOURNALENCOUNTERTEXT,國王的海狸建築師想要引來洪水淹沒整個森林盆地，殺死裡面的所有人！要怎麼做才能阻止這個瘋狂的舉動呢？
QUEST_WOLF_4_9_QUESTINFODATA_JOURNALRUMOURTEXT,在森林的深處，一個村莊正受到國王的瘋狂計劃的威脅。我們的英雄前去從必然的死亡中拯救他們。
QUEST_WOLF_4_9_QUESTINFODATA_RUMOURTEXT,我聽說國王正準備向一個附近森林的盆地引去洪水 ── 但是我的許多朋友都生活在那裡！求你了，去阻止這個瘋狂的行為吧！
QUEST_WOLF_4_9_QUESTINFODATA_TITLE,即將到來的洪水
QUEST_WOLF_5_1_QUESTINFODATA_ACTIONS_0_ACTIONTEXT,打開門。進入王宮。
QUEST_WOLF_5_1_QUESTINFODATA_ACTIONS_0_DEFAULTOUTCOME_JOURNALTEXT,<hero_name>打開了門，走了進去，準備好刀刃相見。在黑暗中的某處，瘋王正等待著。
QUEST_WOLF_5_1_QUESTINFODATA_ACTIONS_0_DEFAULTOUTCOME_OUTCOMETEXT,門開了。王宮是空的，僕人們已經離開很久了。你踏過了門檻。在你面前，瘋王和他的王座正等待著你。
QUEST_WOLF_5_1_QUESTINFODATA_ENCOUNTERTEXT,你拿在手中的，是王宮的鑰匙。你不知道得到它要付出什麼代價，但深深的刮痕暗示它不是免費的。
QUEST_WOLF_5_1_QUESTINFODATA_JOURNALENCOUNTERTEXT,我們的英雄拿起了通往僕人區的鑰匙。通過那個小小的，毫不顯眼的門，王宮和瘋王正等待著。
QUEST_WOLF_5_1_QUESTINFODATA_JOURNALRUMOURTEXT,多虧了<hero_name>的探險者，狼族的特務設法發現了通往王宮的秘密通道。到時間了。
QUEST_WOLF_5_1_QUESTINFODATA_RUMOURTEXT,狼族已經忍耐夠久了。你必須站出來，面對自己的命運，永遠地奪得王座！
QUEST_WOLF_5_1_QUESTINFODATA_TITLE,決戰
QUEST_WOLF_PROLOGUE_1_QUESTINFODATA_ACTIONS_0_ACTIONTEXT,攔住這個傢伙！
QUEST_WOLF_PROLOGUE_1_QUESTINFODATA_ACTIONS_0_DEFAULTOUTCOME_OUTCOMETEXT,這個不能失敗
QUEST_WOLF_PROLOGUE_1_QUESTINFODATA_ACTIONS_0_TESTSUCCESSOUTCOME_JOURNALTEXT,森重傷了他，搶走了他的補給品，但他已經殺死了騎士。不可原諒的行為。
QUEST_WOLF_PROLOGUE_1_QUESTINFODATA_ACTIONS_0_TESTSUCCESSOUTCOME_OUTCOMETEXT,你站到那人面前，擋住了他笨拙的攻擊。你在他逃走之前奪下了他的背包。一本手寫的日誌掉了出來。
QUEST_WOLF_PROLOGUE_1_QUESTINFODATA_ACTIONS_1_ACTIONTEXT,讓他們離開。
QUEST_WOLF_PROLOGUE_1_QUESTINFODATA_ACTIONS_1_DEFAULTOUTCOME_OUTCOMETEXT,不能選擇這個
QUEST_WOLF_PROLOGUE_1_QUESTINFODATA_ENCOUNTERTEXT,一個披著長袍的人從南岸的大門衝了出來，手中握著一把帶血的匕首，一名侍從緊追在後。「森！快攔住他！」她大喊。
QUEST_WOLF_PROLOGUE_1_QUESTINFODATA_JOURNALENCOUNTERTEXT,我們的英雄抵達南岸，發現這裡一片混亂！一個穿著長袍的人正在逃離這座城市，手裡拿著一把帶血的刀！
QUEST_WOLF_PROLOGUE_1_QUESTINFODATA_RUMOURTEXT,無必需的流言文本
QUEST_WOLF_PROLOGUE_1_QUESTINFODATA_TITLE,南岸的謀殺案！
QUEST_WOLF_PROLOGUE_2_QUESTINFODATA_ACTIONS_0_ACTIONTEXT,投入追逐！
QUEST_WOLF_PROLOGUE_2_QUESTINFODATA_ACTIONS_0_DEFAULTOUTCOME_JOURNALTEXT,我們的英雄有能夠抓住殺手的速度，但並沒有考慮到會再被襲擊。<hero_name> 受傷了，殺死騎士的人又一次地逃走了。
QUEST_WOLF_PROLOGUE_2_QUESTINFODATA_ACTIONS_0_DEFAULTOUTCOME_OUTCOMETEXT,你四足著地，穿過巨石陣追趕他。就在幾乎要追上的時候，那個人猛地轉身，向你的臉部用力砍去。你發出了咆哮，而他成功逃走了。
QUEST_WOLF_PROLOGUE_2_QUESTINFODATA_ACTIONS_0_TESTSUCCESSOUTCOME_JOURNALTEXT,無法成功做到
QUEST_WOLF_PROLOGUE_2_QUESTINFODATA_ACTIONS_0_TESTSUCCESSOUTCOME_OUTCOMETEXT,無法成功做到
QUEST_WOLF_PROLOGUE_2_QUESTINFODATA_ACTIONS_1_ACTIONTEXT,拾起黑暗裝備。
QUEST_WOLF_PROLOGUE_2_QUESTINFODATA_ACTIONS_1_DEFAULTOUTCOME_JOURNALTEXT,我們的英雄舉起了他們的刀刃，開始一個接一個地破壞工具。儘管意識到了，那個人看上去拿走了幾個關鍵的物品。
QUEST_WOLF_PROLOGUE_2_QUESTINFODATA_ACTIONS_1_DEFAULTOUTCOME_OUTCOMETEXT,沒有時間復仇了！這些汙穢的器具必須被銷毀！這些會威脅到愛門羅的穢物！
QUEST_WOLF_PROLOGUE_2_QUESTINFODATA_ENCOUNTERTEXT,巨石陣中散落著黑暗力量的符號。在石陣中間慌亂地收拾行囊的，正是那個穿著長袍的人！他看見你了，急忙衝進了巨石陣邊緣的樹叢中。
QUEST_WOLF_PROLOGUE_2_QUESTINFODATA_JOURNALENCOUNTERTEXT,謀殺者的確就在巨石陣裡。他們一看到<hero_name>就逃走了，鑽進了附近的樹叢裡。
QUEST_WOLF_PROLOGUE_2_QUESTINFODATA_JOURNALRUMOURTEXT,我們的英雄向北前行，來到<quest_tile>。殺死<hero_name>的騎士的黑暗生物將為他們的罪行付出代價！
QUEST_WOLF_PROLOGUE_2_QUESTINFODATA_RUMOURTEXT,你快速瀏覽了穿著長袍的人落下的日誌。他的筆記顯示，他就在此地的北方紮營。
QUEST_WOLF_PROLOGUE_2_QUESTINFODATA_TITLE,黑暗遍佈
QUEST_WOLF_PROLOGUE_AI_2_QUESTINFODATA_ACTIONS_0_ACTIONTEXT,QUEST_WOLF_PROLOGUE_AI_1_QUESTINFODATA_ACTIONS_0_ACTIONTEXT
QUEST_WOLF_PROLOGUE_AI_2_QUESTINFODATA_ACTIONS_0_DEFAULTOUTCOME_JOURNALTEXT,QUEST_WOLF_PROLOGUE_AI_1_QUESTINFODATA_ACTIONS_0_DEFAULTOUTCOME_JOURNALTEXT
QUEST_WOLF_PROLOGUE_AI_2_QUESTINFODATA_ACTIONS_0_DEFAULTOUTCOME_OUTCOMETEXT,QUEST_WOLF_PROLOGUE_AI_1_QUESTINFODATA_ACTIONS_0_DEFAULTOUTCOME_OUTCOMETEXT
QUEST_WOLF_PROLOGUE_AI_2_QUESTINFODATA_ACTIONS_0_TESTSUCCESSOUTCOME_JOURNALTEXT,QUEST_WOLF_PROLOGUE_AI_1_QUESTINFODATA_ACTIONS_0_TESTSUCCESSOUTCOME_JOURNALTEXT
QUEST_WOLF_PROLOGUE_AI_2_QUESTINFODATA_ACTIONS_0_TESTSUCCESSOUTCOME_OUTCOMETEXT,QUEST_WOLF_PROLOGUE_AI_1_QUESTINFODATA_ACTIONS_0_TESTSUCCESSOUTCOME_OUTCOMETEXT
QUEST_WOLF_PROLOGUE_AI_2_QUESTINFODATA_ENCOUNTERTEXT,QUEST_WOLF_PROLOGUE_AI_1_QUESTINFODATA_ENCOUNTERTEXT
QUEST_WOLF_PROLOGUE_AI_2_QUESTINFODATA_JOURNALENCOUNTERTEXT,QUEST_WOLF_PROLOGUE_AI_1_QUESTINFODATA_JOURNALENCOUNTERTEXT
QUEST_WOLF_PROLOGUE_AI_2_QUESTINFODATA_JOURNALRUMOURTEXT,QUEST_WOLF_PROLOGUE_AI_1_QUESTINFODATA_JOURNALRUMOURTEXT
QUEST_WOLF_PROLOGUE_AI_2_QUESTINFODATA_RUMOURTEXT,QUEST_WOLF_PROLOGUE_AI_1_QUESTINFODATA_RUMOURTEXT
QUEST_WOLF_PROLOGUE_AI_2_QUESTINFODATA_TITLE,QUEST_WOLF_PROLOGUE_AI_1_QUESTINFODATA_TITLE
RANK_10_TITLE,國王
RANK_1_TITLE,倒楣的侍從
RANK_2_TITLE,徵收
RANK_3_TITLE,村民
RANK_4_TITLE,學者
RANK_5_TITLE,長者
RANK_6_TITLE,皇室顧問
RANK_7_TITLE,特務
RANK_8_TITLE,王牌間諜
RANK_9_TITLE,黑暗委員會
RATE_CONFIRM,當然可以。
RATE_DECLINE,不了，謝謝。
RATE_LATER,之後吧。
RATE_MESSAGE,好玩嗎？我們期望您能留下評論。<3
RATE_MESSAGE_1,請給我們評分！
RATE_TITLE,給愛門羅評分
REPORT_BUG_ATTACH_LOG,附上記錄檔
REPORT_BUG_AUTOMATED_DESCRIPTION,您想要回報一個遊戲中的問題嗎？如果您發現的錯誤最好能搭配描述和螢幕截圖來說明，您可以將其發布到 leagueofgeeks.com/forums。
REPORT_BUG_CATEGORY,分類
REPORT_BUG_CATEGORY_BUG,程式錯誤
REPORT_BUG_CATEGORY_DESIGN,設計
REPORT_BUG_CATEGORY_TYPO,翻譯錯誤
REPORT_BUG_CATEGORY_USER,帳戶
REPORT_BUG_DESCRIPTION_INSTRUCTIONS,在此填寫程式錯誤描述
REPORT_BUG_EMAIL_INSTRUCTIONS,填寫電郵（可選）
REPORT_BUG_REPRODUCTION_INSTRUCTIONS,填寫程式錯誤重現步驟
REPORT_BUG_SCREENSHOT,如果您所發現的程式錯誤能夠搭配合適的描述和螢幕截圖，您可以將其發布到 LoG 論壇上。[u][url=http://leagueofgeeks.com/forums/index.php?board=19.0]這裡[/url][/u].\n\n
REPORT_BUG_SUBJECT_INSTRUCTIONS,在此填寫主題
REPORT_BUG_TAKE_SCREENSHOT_INSTRUCTIONS,在Steam中按下F12鍵螢幕截圖。之後你可以從Steam overlay（Shift+Tab）找到它們。
REPORT_USER_REASON,匯報理由
REPORT_USER_USERNAME,玩家
SENTENCE_COLON,：
SENTENCE_ENDING,.
SENTENCE_SEPARATOR,，
SKEEVE_FREE_DAILYCHEST_01,朋友！這兒有你的免費寶箱。
SKEEVE_FREE_DAILYCHEST_02,拿到免費寶箱你要記得簽收。
SKEEVE_FREE_DAILYCHEST_03,這兒還有一個給你的免費寶箱！
SKEEVE_FREE_DAILYCHEST_04,每一天，都有一個免費寶箱等著你！
SKEEVE_FREE_DAILYCHEST_05,快遞到啦！免費寶箱就在這裏。
SKEEVE_FREE_DAILYCHEST_06,你回來啦！一個免費寶箱！快來拿！
SKEEVE_FREE_GENERIC_01,嘿！想來個贈品嗎？
SKEEVE_FREE_GENERIC_02,是你！有個給你的小禮物，朋友！
SKEEVE_FREE_GENERIC_03,免費的喲！快來拿啊！
SKEEVE_NEWGOODS_01,還想要嗎？我還有！剛到的新玩意！
SKEEVE_NEWGOODS_02,新貨剛到！快來看看！
SKEEVE_NEWGOODS_03,最新上架，港口獨家！
SKEEVE_NEWGOODS_04,這兒有些好貨，朋友。如假包換。
SKEEVE_NEWGOODS_05,我要先告訴你……新貨剛到。
SKEEVE_NOVELLA_01,書和你的其它東西放在一起。
SKEEVE_NOVELLA_02,讀書時間到了？短篇故事已加入您的清單。
SKEEVE_NOVELLA_03,該讀本好書的時候到了？查看您的物品清單吧。
SKIN_BANDIT_01_0_NAME,經典
SKIN_BANDIT_01_1_NAME,黑色傭兵團
SKIN_BANDIT_02_0_NAME,經典
SKIN_BANDIT_02_1_NAME,黑色傭兵團
SKIN_BANDIT_03_0_NAME,經典
SKIN_BANDIT_03_1_NAME,黑色傭兵團
SKIN_BANDIT_04_0_NAME,經典
SKIN_BANDIT_04_1_NAME,黑色傭兵團
SKIN_BANE_01_0_NAME,經典
SKIN_BEAR_01_0_NAME,經典
SKIN_BEAR_01_1_NAME,懷爾德歌手
SKIN_BEAR_02_0_NAME,經典
SKIN_BEAR_02_1_NAME,軍閥
SKIN_BEAR_03_0_NAME,經典
SKIN_BEAR_03_1_NAME,強者
SKIN_BEAR_04_0_NAME,經典
SKIN_DRAGON_01_0_NAME,經典
SKIN_DRAGON_02_0_NAME,經典
SKIN_DRAGON_03_0_NAME,經典
SKIN_DRAGON_04_0_NAME,經典
SKIN_KINGSGUARD_01_0_NAME,經典
SKIN_KING_01_0_NAME,經典
SKIN_RABBIT_01_0_NAME,經典
SKIN_RABBIT_01_1_NAME,遠征者
SKIN_RABBIT_02_0_NAME,經典
SKIN_RABBIT_02_1_NAME,先行者
SKIN_RABBIT_03_0_NAME,經典
SKIN_RABBIT_03_1_NAME,建築高手
SKIN_RABBIT_04_0_NAME,經典
SKIN_RAT_01_0_NAME,經典
SKIN_RAT_01_1_NAME,鬍鬚
SKIN_RAT_02_0_NAME,經典
SKIN_RAT_02_1_NAME,夜之姊妹
SKIN_RAT_03_0_NAME,經典
SKIN_RAT_03_1_NAME,迷霧之王
SKIN_RAT_04_0_NAME,經典
SKIN_WOLF_01_0_NAME,經典
SKIN_WOLF_01_1_NAME,赫肯守衛
SKIN_WOLF_02_0_NAME,經典
SKIN_WOLF_02_1_NAME,荒野
SKIN_WOLF_03_0_NAME,經典
SKIN_WOLF_03_1_NAME,狂怒之盾
SKIN_WOLF_04_0_NAME,經典
SPECIALSTATUSBOUNTY_NAME,懸賞
SPECIALSTATUSCANNONEER_NAME,砲手
SPECIALSTATUSCAULDRONCRONE_NAME,坩堝老嫗
SPECIALSTATUSCORRUPTED_NAME,腐化
SPECIALSTATUSEVADE_NAME,閃避
SPECIALSTATUSHIGHERGROUND_NAME,防禦強化
SPECIALSTATUSINFECTED_NAME,被感染
SPECIALSTATUSINTIMIDATED_NAME,被恫嚇
SPECIALSTATUSPERILVISION_NAME,危機視野
SPECIALSTATUSPOISONED_NAME,中毒
SPECIALSTATUSPOISONED_OVERHEAD_ICON_NAME,中毒了！
SPECIALSTATUSQUESTVISION_NAME,任務視野
SPECIALSTATUSSCARCASTING_NAME,疤痕施法
SPECIALSTATUSSCOUT_NAME,偵查
SPECIALSTATUSSPIRITWALKER_NAME,心靈行者
SPECIALSTATUSSTEALTH_NAME,潛行
SPECIALSTATUSSTREETQUEEN_NAME,街頭女皇
SPECIALSTATUSTREEARMOUR_NAME,守護之樹人
SPECIALSTATUSWORMSBLESSING_NAME,蠕蟲的祝福
SPELLCARDTYPE_NAME,咒術
SPELLCARDTYPE_STATUSFEEDRECEIVEDMESSAGE,<hero>獲得了一張咒術卡牌。
SPLASH_SPONSOR_INTRO,感謝以下人們在開發過程中給予的協助：
STATCHANGE_HEALTH,生命值
STATCHANGE_WOUND,傷口
STATUSFEED_AITAKEOVERHERO,<hero>被AI玩家接管了。
STATUSFEED_AWOKENBANE,<hero>將沉睡的黑暗野獸喚醒了。
STATUSFEED_A_BANE,魔鴆
STATUSFEED_A_KINGSGUARD,國王的守衛
STATUSFEED_BANESPAWNED,一隻魔鴆在地牢中生成了。
STATUSFEED_BANISHED,<from_creature>已淨化 <to_creature>。
STATUSFEED_BOUNTYCLAIMED_FUGITIVE,<bounty_claimer>已奪得了對<tooltip_BuffIconFugitive>逃亡者</tooltip_BuffIconFugitive><bounty_target>的懸賞。
STATUSFEED_BOUNTYCLAIMED_KINGSGUARD,<bounty_target>已經為他們的罪行受到了懲罰！
STATUSFEED_BOUNTYCLAIMED_TRAITOR,<bounty_claimer>已奪得了對<tooltip_BuffIconTraitor>叛國者</tooltip_BuffIconTraitor> <bounty_target>的懸賞。
STATUSFEED_BOUNTYCLAIMED_WANTED,<bounty_claimer>已奪得了對<tooltip_BuffIconWanted>通緝犯</tooltip_BuffIconWanted><bounty_target>的懸賞。
STATUSFEED_BOUNTYCLEARED_FUGITIVE,<bounty_target>已不再是<tooltip_BuffIconFugitive>逃亡者</tooltip_BuffIconFugitive>。
STATUSFEED_BOUNTYCLEARED_TRAITOR,<bounty_target>已不再被視為<tooltip_BuffIconTraitor>叛國者</tooltip_BuffIconTraitor>。
STATUSFEED_BOUNTYCLEARED_WANTED,<bounty_target>已不再是一個<tooltip_BuffIconWanted>通緝犯</tooltip_BuffIconWanted>。
STATUSFEED_BOUNTYSTARTED_FUGITIVE,國王宣佈，<bounty_target>現在是一個<tooltip_BuffIconFugitive>逃亡者</tooltip_BuffIconFugitive>！
STATUSFEED_BOUNTYSTARTED_TRAITOR,國王宣佈，<bounty_target>是皇室的<tooltip_BuffIconTraitor>叛國者</tooltip_BuffIconTraitor>！
STATUSFEED_BOUNTYSTARTED_WANTED,國王宣佈，<bounty_target>是一個<tooltip_BuffIconWanted>通緝犯</tooltip_BuffIconWanted>！
STATUSFEED_CAPTUREDSETTLEMENT,<hero>佔據了一個村落。
STATUSFEED_CAPTUREDSETTLEMENTFROM,<to_hero>佔據了<from_hero>的一個村落。
STATUSFEED_COMBATDRAW,<from_creature>與<to_creature>的戰鬥<encounter_url>不分上下</encounter_url>。
STATUSFEED_COMBATMUTUALDEATH,<from_creature>和<to_creature> <encounter_url>同歸於盡了</encounter_url>。
STATUSFEED_CREATURECORRUPTED,<creature>已被汙穢所<specialstatus_corrupted>腐化</specialstatus_corrupted>。
STATUSFEED_CREATURENOLONGERCORRUPTED,<creature>已脫離汙穢的<specialstatus_corrupted>腐化</specialstatus_corrupted>.
STATUSFEED_DAWNINCOME,所有英雄都從村落獲得黎明收益。
STATUSFEED_DAWNKINGMESSAGE,我們的國王離死亡更近了。
STATUSFEED_DAWNROT,汙穢令<hero>離死亡更靠近一步。
STATUSFEED_DAY_HEADING,白天 <round_number>
STATUSFEED_DECKSHUFFLED_FOLLOWER,累積的隨從棄牌被重新洗入隨從牌堆。
STATUSFEED_DECKSHUFFLED_ITEM,累積的道具棄牌被重新洗入道具牌堆。
STATUSFEED_DECKSHUFFLED_SPELL,累積的咒術棄牌被重新洗入咒術牌堆。
STATUSFEED_DECKSHUFFLED_TREASURE,累積的寶藏棄牌被重新洗入寶藏牌堆。
STATUSFEED_DECKSHUFFLED_TRICKERY,累積的詭術棄牌被重新洗入詭術牌堆。
STATUSFEED_DISCONNECT_AFK,國王將 AFK 太久的<player>踢出了遊戲。一個 A.I. 玩家取代了他。
STATUSFEED_DISCONNECT_LEFT,<player>離開了遊戲。一個 A.I. 玩家取代了他。
STATUSFEED_DISCONNECT_TIMEOUT,與<player>的會談已斷開連結，並重連失敗。一個 A.I. 玩家取代了他。
STATUSFEED_DRAWINGCARDS,<hero>正在抽取卡牌。
STATUSFEED_DRAWINGCARDSCOMPLETE,<hero>已完成抽卡。
STATUSFEED_DUSKINCOME,所有英雄的魔法都被懷爾德平衡了。
STATUSFEED_DUSKKINGMESSAGE,汙穢令我們的國王陷入了更深的瘋狂中。
STATUSFEED_ENCOUNTEREDARMS,<hero> 拜訪了西米恩的鍛臂坊。
STATUSFEED_ENCOUNTEREDBROKER,<hero> 拜訪了畢夫的非法市集。
STATUSFEED_ENCOUNTEREDDOCTOR,藥劑師前來拯救<hero>！
STATUSFEED_ENCOUNTEREDDRUIDS,<hero>看到了古人。
STATUSFEED_ENCOUNTEREDGOBLINS,<hero>進行了哥布林的遊戲！
STATUSFEED_ENCOUNTEREDPOTIONS,<hero> 拜訪了貝蒂的私售釀造。
STATUSFEED_ENCOUNTEREDRECRUITER,<hero> 拜訪了蘿克希的招募棧。
STATUSFEED_ENCOUNTEREDSHADE,白色陰影
STATUSFEED_ENOUGHSPIRITSTONESBANISH,<hero>現在是一個<specialstatus_spiritwalker>心靈行者</specialstatus_spiritwalker>，擁有足以淨化國王的心靈石。
STATUSFEED_ENTEREDPALACE,<hero>進入了王宮花園。
STATUSFEED_ENTRALLED,<hero>魅惑了一隻魔鴆。
STATUSFEED_EQUIPCARD,<hero>已裝備<card>。
STATUSFEED_EXPLOREFOUNDNOTHING,<hero>什麼都沒有找到。
STATUSFEED_EXPLORING,<hero>正在探索。
STATUSFEED_FICKLECARDLEFT_FOL07,<card>在國王嚴厲的目光下溜走了。
STATUSFEED_FORTIFIEDSETTLEMENT,<creature>對<tile_name>進行了防禦強化。
STATUSFEED_HASDEFEATED,<from_creature> <encounter_url>擊敗了</encounter_url> <to_creature>。
STATUSFEED_HASENCOUNTEREDPERIL,<peril_challenger> 遇到了<peril_owner>的<perilcard_url>危機</perilcard_url>。
STATUSFEED_HASESCAPEDPERIL,<peril_challenger> <encounter_url>逃出了</encounter_url> <peril_owner>施放的危機。
STATUSFEED_HASFAILEDPERIL,<peril_challenger><encounter_url>沒能逃脫</encounter_url> <peril_owner>施放的危機。
STATUSFEED_HASROUTED,<to_creature>被<from_creature><encounter_url>趕盡殺絕</encounter_url> 。
STATUSFEED_HASSLAIN,<from_creature><encounter_url>擊殺了</encounter_url> <to_creature>。
STATUSFEED_HASTRIGGEREDPERIL,<peril_challenger>觸發了<peril_owner>的危機。
STATUSFEED_HERODEATH,<hero>已死亡。
STATUSFEED_HEROSPAWNEDSPIRITSTONE,<hero>在<tile_name>具現出了一塊心靈石。
STATUSFEED_ISATTACKING,<from_creature>正在攻擊<to_creature>。
STATUSFEED_KINGHASCALLED,國王叫内務府大臣<hero>來到他的身邊。
STATUSFEED_KINGSGUARDRESCUEDSETTLEMENT,一位國王的守衛救援了<tile_name>。
STATUSFEED_NEWKINGSDECLARATION,<declaration_name>詔令現已生效。
STATUSFEED_NIGHT_HEADING,黑夜 <round_number>
STATUSFEED_PERILVISION,危機視野
STATUSFEED_PICKPOCKET,<from_creature>掏了<to_creature>的口袋，偷走了一張卡牌。
STATUSFEED_PLAYEDPERIL,<peril_owner> 在<tile_name>佈置了一場危機。
STATUSFEED_PLAYERDISCONNECTED,<player>斷開了連結。
STATUSFEED_POISONED,<specialstatus_poisoned>中毒</specialstatus_poisoned>流入了<hero>的血管。
STATUSFEED_PORTAL,<hero>穿過了一個隱藏的傳送門。
STATUSFEED_PRESTIGELOSSONDEATH,<hero>由於死亡而失去了威望。
STATUSFEED_PRESTIGEPENALTYFORKINGSGUARD,<hero>由於殺死一個國王的守衛而失去了威望。
STATUSFEED_QUESTCOMPLETE,<hero>完成了一個任務。
STATUSFEED_QUESTING,<hero>正進行在<tile_name>的任務。
STATUSFEED_RECEIVEDSOMETHING,<hero>獲得了<stat_amount> <stat_type>。
STATUSFEED_RECRUITCARD,<hero>招募了<card>。
STATUSFEED_SPIRITSTONEDESTROYEDBYKINGSGUARD,一個國王的守衛毀掉了一塊心靈石。
STATUSFEED_SPIRITSTONEGAINED,<hero>得到了一塊心靈石。
STATUSFEED_SPIRITSTONESPAWNED,一塊心靈石在<tile_name>具現化了。
STATUSFEED_SQUIREACTIVATED,<card>英勇地犧牲了自己，救下了<hero>。
STATUSFEED_STARTGAME,王座的競逐開始了。
STATUSFEED_STOLESOMETHING,<stealer_creature>從<victim_creature>那裡偷走了<stat_amount> <stat_type>。
STATUSFEED_TERRORIZEDSETTLEMENT,<creature>恐嚇了<tile_name>村落。
STATUSFEED_THE_KING,國王
STATUSFEED_TRANSFERREDSOMETHING,<stealer_creature>從<victim_creature>那裡取得了<stat_amount> <stat_type>。
STATUSFEED_WASDEFEATEDBY,<from_creature>被<to_creature><encounter_url>擊敗</encounter_url> 。
STATUSFEED_WASSLAINBY,<from_creature> 被<to_creature><encounter_url>擊殺</encounter_url> 。
STAT_BODY,體力
STAT_FIGHT,戰力
STAT_GOLD,金幣
STAT_HEALTH,生命值
STAT_MAGIC,魔法
STAT_NONE,無
STAT_PRESTIGE,威望
STAT_ROT,汙穢
STAT_SPIRIT,精力
STAT_SPIRITSTONES,心靈石
STAT_SPIRITSTONE_SINGULAR,心靈石
STAT_STARTTURNACTIONPOINTS,開始回合的行動點數
STAT_WITS,智力
STORE_ARMELLO_DESCRIPTION,在你最喜歡的數位桌上遊戲中沒有別的夥伴可背叛了？為你的朋友購買愛門羅，送給他一個弒君遊戲作為禮物。
STORE_ARMELLO_TITLE,愛門羅
STORE_BANDITCLAN_DESCRIPTION,愛門羅首款部族DLC，使用惡名昭彰的強盜部族來場榮譽之戰！強盜部族DLC能夠為你提供四個新的可玩英雄，超過 50 個獨特的強盜任務，強盜骰子，一個新的強盜部族印戒和許多好東西！
STORE_BANDITCLAN_TITLE,強盜部族
STORE_CATEGORY_BOOKS_TITLE,短篇故事
STORE_CATEGORY_COLLECTORS_EDITION,珍藏版
STORE_CATEGORY_CURRENCY_TITLE,碎片
STORE_CATEGORY_DICE_TITLE,掠奪
STORE_CATEGORY_FEATURED_TITLE,精選商品
STORE_CATEGORY_HEROES_TITLE,英雄
STORE_CATEGORY_HERO_SKINS_TITLE,外觀
STORE_CATEGORY_LOADOUTITEMS_TITLE,首飾
STORE_CATEGORY_OTHER_TITLE,DLC
STORE_CATEGORY_SUBSCRIPTION_TITLE,訂閱！
STORE_COLLECTORS_BUNDLE_DESCRIPTION,購買下面列出的所有愛門羅 DLC 以獲得 -10% 的折扣。附註：Steam 組合包只會對你沒有的 DLC 進行收費。
STORE_COLLECTORS_BUNDLE_TITLE,珍藏版組合包
STORE_DICE_ROT_TITLE,汙穢骰子
STORE_DICE_ROYAL_TITLE,皇室骰子
STORE_DRAGONCLAN_DESCRIPTION,成為這群陰險的龍之部族英雄的一員，再次奪回他們生而應得的愛門羅王座。龍之部族，愛門羅的第二個部族DLC，提供四個可玩的新英雄、全新的龍之部族獨家任務系統、龍之部族骰子、六個新印戒、以及一個新護符！
STORE_DRAGONCLAN_TITLE,龍之部族
STORE_FIRSTTIMEOFFER_DESCRIPTION,在歡迎特賣期間，以極優惠的價格獲得狼族的里弗及一把碎片！
STORE_FIRSTTIMEOFFER_TITLE,歡迎特賣！
STORE_MANAGE_SUBSCRIPTIONS,管理訂閱
STORE_MAP_SEASONS_DESCRIPTION,購買季節 DLC 以獲得兩個全新地圖外觀，並在兩個絕美的愛門羅季節 ── 秋季和春季中開始王座之旅！
STORE_MAP_SEASONS_MOBILE_DESCRIPTION,購買季節棋盤外觀組合包以獲得三個新地圖外觀，並在三個絕美的愛門羅季節 ── 秋季、冬季和春季中開始王座之旅。\n\n該組合包包括\n- 秋季棋盤外觀\n- 冬季棋盤外觀\n- 春季棋盤外觀
STORE_MAP_SEASONS_TITLE,季節地圖外觀
STORE_RESTORE_PURCHASES,恢復購買
STORE_RIVALS_DESCRIPTION,透過競爭者英雄包，招募各個部落桀敖不馴的反叛份子，挑戰愛門羅的經典英雄們！包含四位全新的英雄、一枚新護符、以及四枚新印戒！
STORE_RIVALS_DESCRIPTION_MOBILE,透過競爭者英雄包，招募各個部落桀敖不馴的反叛份子，挑戰愛門羅的經典英雄們！即將推出四位全新的可遊玩英雄！
STORE_RIVALS_TITLE,競爭者英雄包
STORE_RIVALS_TITLE_MOBILE,競爭者英雄
STORE_SOUNDTRACK_DESCRIPTION,體驗由優秀作曲家邁克爾·艾倫和在國際上受歡迎的歌手/創作者麗莎·傑勒德所創作的愛門羅音樂原聲帶。伴隨著愛門羅的原聲帶──懷爾德的呼喚，沉浸在愛門羅的世界中吧。
STORE_SOUNDTRACK_TITLE,音樂原聲帶 - 懷爾德的呼喚
STORE_SUBSCRIPTION_MONTH_01_DESCRIPTION,透過訂閱以獲得所有的高級內容：\n- 所有英雄\n- 所有英雄外觀\n- 強盜部族\n- 季節棋盤外觀\n- 所有高級骰子\n- 所有短篇小說\n\n訂閱者還能獲得……\n- 購買寶箱時享受 10% 的折扣！\n- 一枚獨一無二的、不斷進化的訂閱者徽章。\n- 一個獨特的，能夠顯示你成為訂閱者的時長的骰子！
STORE_SUBSCRIPTION_MONTH_01_LINE2,解鎖愛門羅能為你提供的一切 & 更多。
STORE_SUBSCRIPTION_MONTH_01_LINE4,每月
STORE_SUBSCRIPTION_MONTH_01_TITLE,按月訂閱
STORE_SUBSCRIPTION_MONTH_03_DESCRIPTION,透過訂閱以獲得所有的高級內容：\n- 所有英雄\n- 所有英雄外觀\n- 強盜部族\n- 季節棋盤外觀\n- 所有高級骰子\n- 所有短篇小說\n\n訂閱者還能獲得……\n- 購買寶箱時享受 10% 的折扣！\n- 一枚獨一無二的、不斷進化的訂閱者徽章。\n- 一個獨特的，能夠顯示你成為訂閱者的時長的骰子！
STORE_SUBSCRIPTION_MONTH_03_LINE2,預付以獲得一個 20% 的折扣。
STORE_SUBSCRIPTION_MONTH_03_LINE4,每 3 個月
STORE_SUBSCRIPTION_MONTH_03_TITLE,3 個月訂閱
STORE_SUBSCRIPTION_MONTH_12_DESCRIPTION,透過訂閱以獲得所有的高級內容：\n- 所有英雄\n- 所有英雄外觀\n- 強盜部族\n- 季節棋盤外觀\n- 所有高級骰子\n- 所有短篇小說\n\n訂閱者還能獲得……\n- 購買寶箱時享受 10% 的折扣！\n- 一枚獨一無二的、不斷進化的訂閱者徽章。\n- 一個獨特的，能夠顯示你成為訂閱者的時長的骰子！
STORE_SUBSCRIPTION_MONTH_12_LINE2,預付以獲得一個50%的折扣。
STORE_SUBSCRIPTION_MONTH_12_LINE4,每 12 個月
STORE_SUBSCRIPTION_MONTH_12_TITLE,12 個月訂閱
STORE_SUBSCRIPTION_TERMS,訂閱條款
STORE_SUBSCRIPTION_TERMS_DESCRIPTION,注意：訂閱功能目前已下架。若您的訂閱過期、或主動停止訂閱，您將無法再次訂閱。\n愛門羅的月度訂閱，讓玩家獲得更多專屬內容，包括所有英雄、所有英雄外觀、強盜部族、季節地圖外觀、所有專屬骰子和所有短篇小說。訂購者也可獲得一枚獨一無二、不斷進化的訂閱者徽章和骰子，以及 10% 的寶箱折扣！請注意，愛門羅的訂閱戶，將在購買後從您的 iTunes 帳戶收費。請至少提前 24 小時取消訂購，否則，您的會員身份或訂閱將自動續訂。您可以管理您的訂閱，在購買後前往您的帳戶設置可以關閉自動續訂。如果您的訂閱過期，曾購買的內容將保留，但是透過訂閱才能獲得的所有內容將無法使用，直到下一次續訂。
STORE_TYPE_BUNDLE,組合包
STORE_TYPE_DLC,DLC
STORE_TYPE_GAME,遊戲
STORE_USURPERS_DESCRIPTION,帶著愛門羅的第一個主DLC包來加入對愛門羅王座的爭奪吧，該DLC包中包含著四個新的可玩英雄以及四個新印戒 ── 每個部族各一個！
STORE_USURPERS_TITLE,篡奪者英雄組合包
SUBTITLE_VO_KING_2DCOMBAT_1,這很愚蠢，英雄。
SUBTITLE_VO_KING_2DCOMBAT_10,我會拿走你的頭。
SUBTITLE_VO_KING_2DCOMBAT_2,哈哈！你會後悔的。
SUBTITLE_VO_KING_2DCOMBAT_3,一個挑戰者，哈哈！
SUBTITLE_VO_KING_2DCOMBAT_4,你敢跟我作對？
SUBTITLE_VO_KING_2DCOMBAT_5,我會讓你知道獅王的寶劍的厲害。
SUBTITLE_VO_KING_2DCOMBAT_6,你的生命會在此結束。
SUBTITLE_VO_KING_2DCOMBAT_7,結束了，英雄。
SUBTITLE_VO_KING_2DCOMBAT_8,這將是你的終結。
SUBTITLE_VO_KING_2DCOMBAT_9,你的旅程要在這裡結束了，英雄。
SUBTITLE_VO_KING_BOAST_1,我是真正的國王。
SUBTITLE_VO_KING_BOAST_10,這是我的王國。
SUBTITLE_VO_KING_BOAST_2,是我為愛門羅帶來了和平。
SUBTITLE_VO_KING_BOAST_3,你竟敢篡我的位？
SUBTITLE_VO_KING_BOAST_4,跪下。
SUBTITLE_VO_KING_BOAST_5,再努力點，英雄們。
SUBTITLE_VO_KING_BOAST_6,真可憐。
SUBTITLE_VO_KING_BOAST_7,你們永遠都不會成為統治者。
SUBTITLE_VO_KING_BOAST_8,我會帶上我的王國。
SUBTITLE_VO_KING_BOAST_9,哈哈，我是國王。
SUBTITLE_VO_KING_DAYSTART_1,詛咒這個疾病。
SUBTITLE_VO_KING_DAYSTART_10,你的任務是沒有希望的。
SUBTITLE_VO_KING_DAYSTART_2,一個新的黎明。
SUBTITLE_VO_KING_DAYSTART_3,醒來吧，我的王國。
SUBTITLE_VO_KING_DAYSTART_4,哎呀，它燒起來了！
SUBTITLE_VO_KING_DAYSTART_5,懷爾德醒了，黎明到來了。
SUBTITLE_VO_KING_DAYSTART_6,這一天，你們都會死去。
SUBTITLE_VO_KING_DAYSTART_7,你們這些叛國者。
SUBTITLE_VO_KING_DAYSTART_8,我的權利還是真的。
SUBTITLE_VO_KING_DAYSTART_9,我又活過了一天。
SUBTITLE_VO_KING_GAMESTART_1,追尋著我的王座的英雄們，哈哈！
SUBTITLE_VO_KING_GAMESTART_10,你們誰都別想成為統治者。
SUBTITLE_VO_KING_GAMESTART_2,那麼你們就是背叛者。王座只會屬於我。
SUBTITLE_VO_KING_GAMESTART_3,你們竟敢衝著我的王冠而來。
SUBTITLE_VO_KING_GAMESTART_4,哈哈，祝你們好運，英雄們。
SUBTITLE_VO_KING_GAMESTART_5,看上去部族的寵物們想扮演一下英雄了。
SUBTITLE_VO_KING_GAMESTART_6,愛門羅永遠是我的。
SUBTITLE_VO_KING_GAMESTART_7,這個王國是我建立的，也應由我來破壞。
SUBTITLE_VO_KING_GAMESTART_8,你們都該去死，愚蠢的傢伙。
SUBTITLE_VO_KING_GAMESTART_9,衝著我的王座來的暗殺者？
SUBTITLE_VO_KING_KDANNOUNCE_1,那就這樣吧。
SUBTITLE_VO_KING_KDANNOUNCE_10,很好，就這樣吧。
SUBTITLE_VO_KING_KDANNOUNCE_2,讓我的統治遍布整個王國。
SUBTITLE_VO_KING_KDANNOUNCE_3,是的，一個完美的選擇。
SUBTITLE_VO_KING_KDANNOUNCE_4,以我之名，聽好了。
SUBTITLE_VO_KING_KDANNOUNCE_5,我的名字即是律法。
SUBTITLE_VO_KING_KDANNOUNCE_6,是的，今天是這樣的。
SUBTITLE_VO_KING_KDANNOUNCE_7,這會非常有趣。
SUBTITLE_VO_KING_KDANNOUNCE_8,是的，這很好。
SUBTITLE_VO_KING_KDANNOUNCE_9,讓我的統治被人所聆聽。
SUBTITLE_VO_KING_KDSTEWARD_1,走上前來，英雄。
SUBTITLE_VO_KING_KDSTEWARD_2,那麼今天的法律是什麼呢？
SUBTITLE_VO_KING_KDSTEWARD_3,英雄，來一些建議吧？
SUBTITLE_VO_KING_KDSTEWARD_4,這一天，什麼會成為律法？
SUBTITLE_VO_KING_KDSTEWARD_5,我已經厭倦了過去的詔令。
SUBTITLE_VO_KING_KDSTEWARD_6,一個新詔令，該說什麼好呢？
SUBTITLE_VO_KING_KDSTEWARD_7,今天會是什麼呢？
SUBTITLE_VO_KING_KDSTEWARD_8,讓我們來試試新的東西吧。
SUBTITLE_VO_KING_KDSTEWARD_9,一個新的法律，為什麼是呢。
SUBTITLE_VO_KING_NIGHTSTART_1,給我帶來黑暗。
SUBTITLE_VO_KING_NIGHTSTART_10,在夜空下，他們升起。
SUBTITLE_VO_KING_NIGHTSTART_2,懼怕黑夜。
SUBTITLE_VO_KING_NIGHTSTART_3,出來吧！黑色的野獸。
SUBTITLE_VO_KING_NIGHTSTART_4,這個夜晚會有什麼到來？
SUBTITLE_VO_KING_NIGHTSTART_5,我感受到了汙穢的召喚。
SUBTITLE_VO_KING_NIGHTSTART_6,讓黑暗傳播吧。
SUBTITLE_VO_KING_NIGHTSTART_7,汙穢將會蔓延。
SUBTITLE_VO_KING_NIGHTSTART_8,英雄們，擁抱黑暗吧。
SUBTITLE_VO_KING_NIGHTSTART_9,在黑暗中，我們繁榮興旺。
SUBTITLE_VO_KING_PRESTIGEVICTORY_1,不！不，不可能！我的統治會 ──
SUBTITLE_VO_KING_PRESTIGEVICTORY_2,愛門羅永遠都 ──
SUBTITLE_VO_KING_PRESTIGEVICTORY_3,不！我是你們的國王！
SUBTITLE_VO_KING_ROTVICTORY_1,你！怎會？滾開！算你贏！離我遠一點…
SUBTITLE_VO_KING_ROTVICTORY_2,什麼？！黑暗它 ── 離我遠點！快住手！啊啊啊啊啊啊！
SUBTITLE_VO_KING_ROTVICTORY_3,不！不！不是這樣！不不不 ── ！
SUBTITLE_VO_KING_SPIRITVICTORY_1,這是什麼法術？！停下來！啊啊啊！
SUBTITLE_VO_KING_SPIRITVICTORY_2,石頭！滾遠點！啊啊啊—
SUBTITLE_VO_KING_SPIRITVICTORY_3,懷爾德永遠都不會繁榮！啊啊啊啊啊！
TILEEFFECT_CLANCASTLE,英雄們在自己的部族屬地上是安全的。
TILEEFFECT_DUNGEON,自動探索。
TILEEFFECT_FOREST,在夜晚提供潛行效果。
TILEEFFECT_KINGSPALACEEAST,失去剩餘的行動點數。
TILEEFFECT_KINGSPALACENORTH,失去剩餘的行動點數。
TILEEFFECT_KINGSPALACESOUTH,失去剩餘的行動點數。
TILEEFFECT_KINGSPALACEWEST,失去剩餘的行動點數。
TILEEFFECT_MOUNTAINS,防禦強化。需要耗費 2 行動點數來進入，在戰鬥中盾牌 +1。
TILEEFFECT_PLAINS,基礎地形。無效果。
TILEEFFECT_SANCTIFIEDWARDS,守護石：使進入此處的腐化生物每一點汙穢承受生命值 -1。
TILEEFFECT_SETTLEMENT,每逢黎明時金幣 +1。
TILEEFFECT_SETTLEMENT_BONUS_GOLD_PRESTIGE_INCOME,每逢黎明時金幣 +2 與威望 +1。
TILEEFFECT_SETTLEMENT_FORTIFIED,防禦強化。需要耗費 2 行動點數來進入，在戰鬥中盾牌 +1。
TILEEFFECT_SETTLEMENT_TERRORISED,受到恐嚇。佔領時可獲得威望 +1。
TILEEFFECT_STONECIRCLE,恢復 1 生命值。
TILEEFFECT_SWAMP,生命值 -1。
TILENAME_CLANCASTLE_BANDIT,強盜領地
TILENAME_CLANCASTLE_BEAR,熊族領地
TILENAME_CLANCASTLE_RABBIT,兔族領地
TILENAME_CLANCASTLE_RAT,鼠族領地
TILENAME_CLANCASTLE_WOLF,狼族領地
TILENAME_DUNGEON_0,災厄深淵
TILENAME_DUNGEON_1,裹屍布洞穴
TILENAME_DUNGEON_10,黑塔
TILENAME_DUNGEON_11,殘破的巢穴
TILENAME_DUNGEON_12,迷宮
TILENAME_DUNGEON_13,死狗之墓
TILENAME_DUNGEON_14,冒險者之墓
TILENAME_DUNGEON_15,咆哮寶庫
TILENAME_DUNGEON_16,貝爾蘭堡
TILENAME_DUNGEON_17,尖叫洞穴
TILENAME_DUNGEON_18,巫術坑
TILENAME_DUNGEON_19,汙穢峽谷
TILENAME_DUNGEON_2,落影冥界
TILENAME_DUNGEON_20,希望的終結
TILENAME_DUNGEON_21,頂峰瀑布
TILENAME_DUNGEON_3,掠鴉古墓
TILENAME_DUNGEON_4,血塚深淵
TILENAME_DUNGEON_5,蠕蟲之胃
TILENAME_DUNGEON_6,亨德堡
TILENAME_DUNGEON_7,費伯要塞
TILENAME_DUNGEON_8,悲傷深處
TILENAME_DUNGEON_9,墮落墓穴
TILENAME_FOREST_0,荊棘樹林
TILENAME_FOREST_1,迷霧森林
TILENAME_FOREST_10,黑松林
TILENAME_FOREST_11,叛國者的避難所
TILENAME_FOREST_12,遺忘之森
TILENAME_FOREST_13,獵人之死
TILENAME_FOREST_14,翡翠尖塔
TILENAME_FOREST_15,死路灌木叢
TILENAME_FOREST_16,黑橡樹林
TILENAME_FOREST_17,安靜的小山林
TILENAME_FOREST_18,移動林地
TILENAME_FOREST_19,黑瑪瑙山谷
TILENAME_FOREST_2,阿克戴爾森林
TILENAME_FOREST_20,石化森林
TILENAME_FOREST_21,恐怖樹
TILENAME_FOREST_22,生命之毯
TILENAME_FOREST_23,鹿角松林
TILENAME_FOREST_24,燼葉樹林
TILENAME_FOREST_25,火絨爪森林
TILENAME_FOREST_26,失落的橡果灌木林
TILENAME_FOREST_27,火狐谷
TILENAME_FOREST_28,黃昏飛行樹冠
TILENAME_FOREST_29,冬花樹林
TILENAME_FOREST_3,費爾登樹林
TILENAME_FOREST_30,雪松河谷
TILENAME_FOREST_31,幽影谷
TILENAME_FOREST_4,薄霧樹林
TILENAME_FOREST_5,苔蘚瀑布森林
TILENAME_FOREST_6,強盜山谷
TILENAME_FOREST_7,扭曲樹林
TILENAME_FOREST_8,破舊山谷
TILENAME_FOREST_9,失落森林
TILENAME_KING,王宮
TILENAME_KINGSPALACEEAST,欺騙之道
TILENAME_KINGSPALACENORTH,母后的迷宮
TILENAME_KINGSPALACESOUTH,隱藏的死亡
TILENAME_KINGSPALACEWEST,愚者噴泉
TILENAME_MOUNTAINS_0,魔爪峰
TILENAME_MOUNTAINS_1,黑岩峰
TILENAME_MOUNTAINS_10,山谷牧區
TILENAME_MOUNTAINS_11,呼嘯山
TILENAME_MOUNTAINS_12,龍之巢穴
TILENAME_MOUNTAINS_13,冬角山
TILENAME_MOUNTAINS_14,灰谷牧區
TILENAME_MOUNTAINS_15,乞丐的斷崖
TILENAME_MOUNTAINS_16,冬厄山
TILENAME_MOUNTAINS_17,格雷邁恩之山
TILENAME_MOUNTAINS_18,冷眼峰
TILENAME_MOUNTAINS_19,斷雲河段
TILENAME_MOUNTAINS_2,高谷峰
TILENAME_MOUNTAINS_20,黑石尖塔
TILENAME_MOUNTAINS_21,西部懸崖
TILENAME_MOUNTAINS_3,庇護岩
TILENAME_MOUNTAINS_4,國王峰高地
TILENAME_MOUNTAINS_5,溫布利亞山
TILENAME_MOUNTAINS_6,順風尖塔
TILENAME_MOUNTAINS_7,峭蹄平地
TILENAME_MOUNTAINS_8,鐵針
TILENAME_MOUNTAINS_9,雄鹿懸崖
TILENAME_PLAINS_0,綠影平原
TILENAME_PLAINS_1,疾行丘陵
TILENAME_PLAINS_10,三葉草田野
TILENAME_PLAINS_11,春之草原
TILENAME_PLAINS_12,夏季田野
TILENAME_PLAINS_13,懦夫山谷
TILENAME_PLAINS_14,深紅曠野
TILENAME_PLAINS_15,天空之吻平原
TILENAME_PLAINS_16,獅子關
TILENAME_PLAINS_17,箭矢風暴場
TILENAME_PLAINS_18,風地
TILENAME_PLAINS_19,平地圍場
TILENAME_PLAINS_2,戴恩行軍平原
TILENAME_PLAINS_20,奎克博恩谷
TILENAME_PLAINS_21,轟鳴步行田野
TILENAME_PLAINS_22,伯羅帽苔原
TILENAME_PLAINS_23,月光曠野
TILENAME_PLAINS_24,莫斯草甸
TILENAME_PLAINS_25,懷爾德之花牧場
TILENAME_PLAINS_26,河灣草原
TILENAME_PLAINS_27,金色草原
TILENAME_PLAINS_28,水豚牧區
TILENAME_PLAINS_29,兔之河
TILENAME_PLAINS_3,綠沼谷
TILENAME_PLAINS_30,薊花冠毛
TILENAME_PLAINS_31,翡翠公園
TILENAME_PLAINS_4,斗轉星移平原
TILENAME_PLAINS_5,高地古墳谷
TILENAME_PLAINS_6,紅角草甸
TILENAME_PLAINS_7,絲綢綠地
TILENAME_PLAINS_8,雷行草原
TILENAME_PLAINS_9,陌生人草坪
TILENAME_SETTLEMENT_0,藍莓鎮
TILENAME_SETTLEMENT_1,埃斯塔山谷
TILENAME_SETTLEMENT_10,烏木溪
TILENAME_SETTLEMENT_11,格林守衛
TILENAME_SETTLEMENT_12,黑暗泥潭
TILENAME_SETTLEMENT_13,水手藏身處
TILENAME_SETTLEMENT_14,橡木瀑布
TILENAME_SETTLEMENT_15,雄鹿草甸
TILENAME_SETTLEMENT_16,格雷之風
TILENAME_SETTLEMENT_17,獵犬山口
TILENAME_SETTLEMENT_18,箭座
TILENAME_SETTLEMENT_19,獅王之傲
TILENAME_SETTLEMENT_2,雲杉谷
TILENAME_SETTLEMENT_20,雙橡園
TILENAME_SETTLEMENT_21,江河山頂
TILENAME_SETTLEMENT_3,橡樹港
TILENAME_SETTLEMENT_4,黎明的呼喚
TILENAME_SETTLEMENT_5,烏鴉溪
TILENAME_SETTLEMENT_6,褐城
TILENAME_SETTLEMENT_7,博雷溪郡
TILENAME_SETTLEMENT_8,布藍茲維
TILENAME_SETTLEMENT_9,南岸
TILENAME_STONECIRCLE_0,沉默樹林
TILENAME_STONECIRCLE_1,古人
TILENAME_STONECIRCLE_10,隕石
TILENAME_STONECIRCLE_11,流放之地
TILENAME_STONECIRCLE_12,瓦恩黑爾登
TILENAME_STONECIRCLE_13,魔化樹林
TILENAME_STONECIRCLE_14,索爾巨石陣
TILENAME_STONECIRCLE_15,懷爾德守護者
TILENAME_STONECIRCLE_16,歌唱岩
TILENAME_STONECIRCLE_17,德魯伊之歌
TILENAME_STONECIRCLE_18,懷爾德烈焰聖殿
TILENAME_STONECIRCLE_19,巨熊之眠
TILENAME_STONECIRCLE_2,石塚
TILENAME_STONECIRCLE_20,石港
TILENAME_STONECIRCLE_21,暗夜之眼
TILENAME_STONECIRCLE_3,沉眠巨人
TILENAME_STONECIRCLE_4,心靈的呼喚
TILENAME_STONECIRCLE_5,耳語石柱
TILENAME_STONECIRCLE_6,先知棲木
TILENAME_STONECIRCLE_7,德魯伊的喘息
TILENAME_STONECIRCLE_8,咒術高原
TILENAME_STONECIRCLE_9,躍隙關隘
TILENAME_SWAMP_0,格雷蘭沼澤
TILENAME_SWAMP_1,綠泥潭
TILENAME_SWAMP_10,哈羅泥潭
TILENAME_SWAMP_11,刺鼻林地
TILENAME_SWAMP_12,死亡沼澤
TILENAME_SWAMP_13,荒蕪腐沼
TILENAME_SWAMP_14,沉沒濕地
TILENAME_SWAMP_15,靈魂沼澤
TILENAME_SWAMP_16,巨蚺泥沼
TILENAME_SWAMP_17,汙穢平地
TILENAME_SWAMP_18,伯格泥潭
TILENAME_SWAMP_19,窒息沼澤
TILENAME_SWAMP_2,尖牙溪沼
TILENAME_SWAMP_20,疫病沼澤
TILENAME_SWAMP_21,石楠木溪
TILENAME_SWAMP_3,低地沼澤
TILENAME_SWAMP_4,籐條樹林沼澤
TILENAME_SWAMP_5,鹽水沼地
TILENAME_SWAMP_6,墳墓腐化沼澤地
TILENAME_SWAMP_7,陰影泥潭
TILENAME_SWAMP_8,紅樹林地
TILENAME_SWAMP_9,汙穢泥潭
TILETYPE_ALL,全部
TILETYPE_CLANCASTLE,部族屬地
TILETYPE_DUNGEON,地牢
TILETYPE_FOREST,森林
TILETYPE_KINGSPALACEEAST,王宮花園（東側）
TILETYPE_KINGSPALACENORTH,王宮花園（北側）
TILETYPE_KINGSPALACESOUTH,王宮花園（南側）
TILETYPE_KINGSPALACEWEST,王宮花園（西側）
TILETYPE_MOUNTAINS,山地
TILETYPE_NONE,無
TILETYPE_PLAINS,平原
TILETYPE_SETTLEMENT,村落
TILETYPE_STONECIRCLE,巨石陣
TILETYPE_SWAMP,沼澤
TIMER_OUTCOME_BURNDOWN,擲骰
TIMER_OUTCOME_CARDDRAW,抽卡
TIMER_OUTCOME_CHOOSERUMOUR,選擇
TIMER_OUTCOME_ENCOUNTERQUEST,選擇
TIMER_OUTCOME_KINGSDEC,選擇
TIMER_OUTCOME_QUESTOUTCOME,繼續
TIMER_OUTCOME_TURN,回合結束
TOOLTIP_ACTIONPOINTS_BODYTEXT,在地圖上移動需要行動點數。
TOOLTIP_ACTIONPOINTS_HEADINGTEXT,行動點數
TOOLTIP_AFKWARNING,你離開太久了，將會在{0} {1}之後被踢出遊戲。
TOOLTIP_AFKWARNING_HEADINGTEXT,暫離警告
TOOLTIP_AFKWARNING_TURN,回合
TOOLTIP_AFKWARNING_TURNS,回合
TOOLTIP_AMULET01_BODYTEXT,提供戰力值 +1。
TOOLTIP_AMULET01_HEADINGTEXT,劃裂之符
TOOLTIP_AMULET02_BODYTEXT,提供體力値 +1。
TOOLTIP_AMULET02_HEADINGTEXT,醉心之符
TOOLTIP_AMULET03_BODYTEXT,提供智力值 +1。
TOOLTIP_AMULET03_HEADINGTEXT,思索之符
TOOLTIP_AMULET04_BODYTEXT,提供精力值 +1。
TOOLTIP_AMULET04_HEADINGTEXT,靈感之符
TOOLTIP_AMULET05_BODYTEXT,每逢黃昏來臨的時候會有自我治癒能力，使生命值 +1。
TOOLTIP_AMULET05_HEADINGTEXT,生長之符
TOOLTIP_AMULET06_BODYTEXT,每當進入危機之中，保證第一個符號會被直接匹配。
TOOLTIP_AMULET06_HEADINGTEXT,觀察之符
TOOLTIP_AMULET07_BODYTEXT,初始即擁有威望 2 。而且你的威望絕不會降到少於 2。
TOOLTIP_AMULET07_HEADINGTEXT,偏愛之符
TOOLTIP_AMULET08_BODYTEXT,初始汙穢為 2 ：遊戲一開始已經是被感染的狀態，故每逢黎明會遭受生命值 -1。
TOOLTIP_AMULET08_HEADINGTEXT,敗壞之符
TOOLTIP_AMULET09_BODYTEXT,在完成一場多人遊戲比賽後，可獲得 1 顆額外的星星！
TOOLTIP_AMULET09_HEADINGTEXT,聽者之符
TOOLTIP_AMULET10_BODYTEXT,每次獲得一塊心靈石的時候，同時也能夠獲得金幣 +3。
TOOLTIP_AMULET10_HEADINGTEXT,挖掘之符
TOOLTIP_AMULET11_BODYTEXT,結束回合時，若有剩餘 1 點以上的行動點數，則你下一個回合的行動點數 +1。
TOOLTIP_AMULET11_HEADINGTEXT,衝刺之符
TOOLTIP_AMULET12_BODYTEXT,在部族特性的晝／夜加成上，額外再提供骰子數 +2。
TOOLTIP_AMULET12_HEADINGTEXT,紀律之符
TOOLTIP_AMULET13_BODYTEXT,每次進入戰鬥之中、或是危機中的時候，賦予盾牌 +1。
TOOLTIP_AMULET13_HEADINGTEXT,抵抗之符
TOOLTIP_AMULET14_BODYTEXT,在一個生物身旁格子結束你的回合之後，會使該生物在戰鬥中遭受到骰子數 -2，直到下一個回合結束。
TOOLTIP_AMULET14_HEADINGTEXT,恫嚇之符
TOOLTIP_AMULET15_BODYTEXT,當尚未腐化的時候，在戰鬥中，你手裡頭所有汙穢符號的卡牌會變成懷爾德符號。
TOOLTIP_AMULET15_HEADINGTEXT,調和之符
TOOLTIP_AMULET16_BODYTEXT,每當汙穢 +1，會治癒生命值 +2，腐化狀態進入巨石陣時所受到的傷害被侷限為 3。
TOOLTIP_AMULET16_HEADINGTEXT,腐朽之符
TOOLTIP_AMULET21_BODYTEXT,前往村落恐嚇他們，就能獲得 +1 金幣， +1 汙穢和 -1 威望。
TOOLTIP_AMULET21_HEADINGTEXT,毀滅
TOOLTIP_BANE_HEADINGTEXT,魔鴆
TOOLTIP_BANE_LURED,引誘前去
TOOLTIP_BUFFICONBOUNTY_BODYTEXT,懸賞有三個等級：通緝犯、逃亡者和叛國者。\n\n它們只能通過緩刑或死亡清除。\n\n其他的英雄可以獲取對你的懸賞。
TOOLTIP_BUFFICONBOUNTY_HEADINGTEXT,懸賞
TOOLTIP_BUFFICONCANNONEER_BODYTEXT,在平原或山地上結束回合後，哈格雷夫將用他的加農砲對所有進入相鄰格子的生物開火。
TOOLTIP_BUFFICONCANNONEER_HEADINGTEXT,砲手
TOOLTIP_BUFFICONCAULDRONCRONE_BODYTEXT,在約達納的回合，對她施用的咒術會被她的坩堝吞噬，魔法 -1，並使她在回合結束時獲得 1 張條約咒術卡牌。
TOOLTIP_BUFFICONCAULDRONCRONE_HEADINGTEXT,坩堝老嫗
TOOLTIP_BUFFICONCLANGROUNDS_BODYTEXT,當你在自己的部族屬地上時，是不會受到攻擊和他人卡牌效果的影響的。\n\n你可以對自己使用卡牌，但不能對屬地外使用卡牌。
TOOLTIP_BUFFICONCLANGROUNDS_HEADINGTEXT,部族屬地
TOOLTIP_BUFFICONCORRUPTED_BODYTEXT,被汙穢所腐化。\n\n進入有守護石的地塊會讓你失去與汙穢同樣多的生命值，但能藉由戰鬥擊殺來恢復生命值。\n\n魔鴆將不再攻擊你。\n\n你的英雄每逢黎明時會生命值 -1。\n\n戰鬥時，當你的汙穢多過對手，你可以獲得與對手的汙穢一樣多的獎勵骰子數。
TOOLTIP_BUFFICONCORRUPTED_HEADINGTEXT,腐化
TOOLTIP_BUFFICONDAY_BODYTEXT,白天部族\n在白天時，骰子數 +1
TOOLTIP_BUFFICONDAY_HEADINGTEXT,部族特性（白天）
TOOLTIP_BUFFICONEVADE_BODYTEXT,當遭到攻擊時，按智力值來擲骰子，而不是戰力值，而且所有擲出的攻擊都被計為防禦。\n\n閃避的角色總是會撤退。
TOOLTIP_BUFFICONEVADE_HEADINGTEXT,閃避
TOOLTIP_BUFFICONFUGITIVE_BODYTEXT,你是王國的逃亡者，你的首級被懸賞 4 金幣和 2 威望。國王的守衛會優先攻擊你。其他的英雄可以獲取對你的懸賞。\n\n只能通過緩刑或死亡清除。下個黎明時你將變成一名叛國者。
TOOLTIP_BUFFICONFUGITIVE_HEADINGTEXT,逃亡者
TOOLTIP_BUFFICONINFECTED_BODYTEXT,你的英雄被汙穢感染了，每逢黎明時將會生命值 -1。\n\n戰鬥時，當你的汙穢多於對手，你可以獲得與他們的汙穢等量的骰子數。
TOOLTIP_BUFFICONINFECTED_HEADINGTEXT,被感染
TOOLTIP_BUFFICONINTIMIDATED_BODYTEXT,你的英雄在戰鬥中骰子數 -2。
TOOLTIP_BUFFICONINTIMIDATED_HEADINGTEXT,被恫嚇
TOOLTIP_BUFFICONITEM_BODYTEXT,當前生效的道具卡牌：
TOOLTIP_BUFFICONITEM_HEADINGTEXT,道具卡牌
TOOLTIP_BUFFICONNIGHT_BODYTEXT,夜間部族\n在夜晚時，骰子數 +1
TOOLTIP_BUFFICONNIGHT_HEADINGTEXT,部族特性（黑夜）
TOOLTIP_BUFFICONPACTS_BODYTEXT,當前生效的條約：
TOOLTIP_BUFFICONPACTS_HEADINGTEXT,條約
TOOLTIP_BUFFICONPERILVISION_BODYTEXT,鄰近格子的危機內容會被揭露。
TOOLTIP_BUFFICONPERILVISION_HEADINGTEXT,危機視野
TOOLTIP_BUFFICONPOISONED_BODYTEXT,每消耗 1 點行動點數，造成生命值 -1。
TOOLTIP_BUFFICONPOISONED_HEADINGTEXT,中毒
TOOLTIP_BUFFICONQUESTVISION_BODYTEXT,使你能看到其他英雄的任務地點。
TOOLTIP_BUFFICONQUESTVISION_HEADINGTEXT,任務視野
TOOLTIP_BUFFICONROTCLAN_BODYTEXT,對汙穢黎明傷害免疫並為你的對手得到 -2 汙穢骰子。
TOOLTIP_BUFFICONROTCLAN_HEADINGTEXT,汙穢本性
TOOLTIP_BUFFICONSCARCASTING_BODYTEXT,每施放一個咒術，會使戰力值 +1，直到下一次戰鬥結束或你的下一回合結束。
TOOLTIP_BUFFICONSCARCASTING_HEADINGTEXT,疤痕施法
TOOLTIP_BUFFICONSCOUT_BODYTEXT,使敵人無法閃避，並揭露被偵查的格子的內容物，例如其他英雄的任務、隱身的生物、以及危機的相關情報等。
TOOLTIP_BUFFICONSCOUT_HEADINGTEXT,偵查
TOOLTIP_BUFFICONSHIELD_BODYTEXT,在防禦強化的格子中，防禦者在戰鬥時獲得盾牌 +1。
TOOLTIP_BUFFICONSHIELD_HEADINGTEXT,防禦強化
TOOLTIP_BUFFICONSPELL_BODYTEXT,當前生效的咒術卡牌：
TOOLTIP_BUFFICONSPELL_HEADINGTEXT,咒術卡牌
TOOLTIP_BUFFICONSPIRITWALKER_BODYTEXT,英雄擁有 4 塊以上心靈石。\n\n心靈行者不會積累汙穢，但是原本汙穢 +1 的場合會由生命值 -1 替代。\n\n心靈行者可以淨化鄰近格子帶有黑暗之心的生物（國王和魔鴆），消除他們的汙穢並立即殺死他們。淨化會消耗 1 行動點數，且英雄會留在原地。\n\n魔鴆會主動避開心靈行者。
TOOLTIP_BUFFICONSPIRITWALKER_HEADINGTEXT,心靈行者
TOOLTIP_BUFFICONSTEALTH_BODYTEXT,當前對其他角色不可見。任何角色攻擊或防禦潛行角色時都會遭到伏擊。
TOOLTIP_BUFFICONSTEALTH_HEADINGTEXT,潛行
TOOLTIP_BUFFICONSTREETQUEENCLANBONUS_BODYTEXT,夜間部族\n在夜晚時，骰子數 +{0}
TOOLTIP_BUFFICONSTREETQUEENCLANBONUS_HEADINGTEXT,部族特性（黑夜）
TOOLTIP_BUFFICONSTREETQUEEN_BODYTEXT,格里葉的部族特性骰子加成數，與前一個白天期間所使用的詭術卡牌數量相等（當前：{0}）。
TOOLTIP_BUFFICONSTREETQUEEN_HEADINGTEXT,街頭女皇
TOOLTIP_BUFFICONTRAITOR_BODYTEXT,你是王國的叛國者，你的首級被懸賞 6 金幣和 3 威望。國王的守衛會更加頻繁追殺你。其他英雄可以獲取對你的懸賞。\n\n只能通過緩刑或死亡清除。
TOOLTIP_BUFFICONTRAITOR_HEADINGTEXT,叛國者
TOOLTIP_BUFFICONTREEARMOUR_BODYTEXT,對下個傷害免疫（因汙穢而於黎明減少的生命值仍會發生）。
TOOLTIP_BUFFICONTREEARMOUR_HEADINGTEXT,守護之樹人
TOOLTIP_BUFFICONTRICKERYDISCOUNT_BODYTEXT,除首個以外你每佔領一個村落，就獲得使用詭術卡牌時金幣 -1 的費用折扣。
TOOLTIP_BUFFICONTRICKERYDISCOUNT_HEADINGTEXT,土地所有者
TOOLTIP_BUFFICONTRICKERY_BODYTEXT,當前生效的詭術卡牌：
TOOLTIP_BUFFICONTRICKERY_HEADINGTEXT,詭術卡牌
TOOLTIP_BUFFICONWANTED_BODYTEXT,你是王國的通緝犯，你的首級被懸賞 2 金幣和 1 威望。黎明的時候，附近的國王守衛會攻擊你。其他英雄可以獲取對你的懸賞。\n\n只能通過緩刑或死亡清除。下個黎明時你將變成一名逃亡者。
TOOLTIP_BUFFICONWANTED_HEADINGTEXT,通緝犯
TOOLTIP_BUFFICONWORMSBLESSING_BODYTEXT,每在戰鬥中殺死一個生物，艾格尼雅每回合獲得 +1 生命，持續 2 個回合。\n\n治療的這個回合：+{0}\n下一回合：+{1}。
TOOLTIP_BUFFICONWORMSBLESSING_HEADINGTEXT,蠕蟲的祝福
TOOLTIP_BURNDOWNCIRCLE_BODYTEXT,拖曳並在此丟下卡牌來燃燒它們。燃燒的卡牌可以確保一枚骰子擲出與愛門羅符號（卡牌右上角）相同的面。
TOOLTIP_BURNDOWNCIRCLE_HEADINGTEXT,燒毀計時器
TOOLTIP_BUYHEROSKIN_BODYTEXT,左鍵點擊購買該英雄外觀。
TOOLTIP_BUYHEROSKIN_HEADINGTEXT,英雄外觀
TOOLTIP_CAMERADISENGAGED_BODYTEXT,鏡頭目前沒有跟隨正在進行回合的人。\n\n（左鍵點擊回合進行中的人物頭像重新跟隨。）
TOOLTIP_CAMERADISENGAGED_HEADINGTEXT,鏡頭解除跟隨
TOOLTIP_CAMERAENGAGED_BODYTEXT,鏡頭設定為跟隨當前執行回合的人。
TOOLTIP_CAMERAENGAGED_HEADINGTEXT,鏡頭跟隨
TOOLTIP_CARDACTION_BODYTEXT,卡牌上的行動說明，描述了這張牌的使用地點與使用時機。
TOOLTIP_CARDACTION_HEADINGTEXT,行動
TOOLTIP_CARDANIMATION_HEADINGTEXT,動畫
TOOLTIP_CARDARMELLOSYMBOL_BODYTEXT,愛門羅符號對應了愛門羅骰子的各個骰面。在戰鬥或危機中燒毀這張卡牌，確保一枚骰子擲出與符號相匹配一面。
TOOLTIP_CARDARMELLOSYMBOL_HEADINGTEXT,符號
TOOLTIP_CARDARTANDANIMATION_HEADINGTEXT,美術與動畫
TOOLTIP_CARDARTIST_BODYTEXT,愛門羅畫師
TOOLTIP_CARDART_HEADINGTEXT,美術
TOOLTIP_CARDCOST_BODYTEXT,這裡是使用該卡牌所需的花費。
TOOLTIP_CARDCOST_HEADINGTEXT,花費
TOOLTIP_CARDDRAWITEM_BODYTEXT,道具是英雄最好的朋友！在道具牌堆裡，你將會找到可裝備和可消耗的物品來幫助你奪得王座！
TOOLTIP_CARDDRAWITEM_HEADINGTEXT,道具牌堆
TOOLTIP_CARDDRAWSPELL_BODYTEXT,無論是使用懷爾德還是汙穢的力量，咒術牌堆的卡牌將為那些精神力強大的人們提供極大的幫助。
TOOLTIP_CARDDRAWSPELL_HEADINGTEXT,咒術牌堆
TOOLTIP_CARDDRAWTRICKERY_BODYTEXT,那些能在愛門羅危機四伏的政壇中長袖善舞、穿梭自如的人們，一定會愛上這組滿是詭計、陷阱和搗蛋鬼的牌堆。
TOOLTIP_CARDDRAWTRICKERY_HEADINGTEXT,詭術牌堆
TOOLTIP_CARDFOLLOWERSLOT_BODYTEXT,將隨從卡牌拖曳至這裡並放入該欄位，招募他成為你隊伍中的一份子。
TOOLTIP_CARDFOLLOWERSLOT_HEADINGTEXT,隨從卡牌欄位
TOOLTIP_CARDITEMSLOT_BODYTEXT,將可裝備的道具或寶物卡牌拖曳至這裡，並放入該欄位來進行裝備。
TOOLTIP_CARDITEMSLOT_HEADINGTEXT,道具卡牌欄位
TOOLTIP_CARDPERILRATING_BODYTEXT,危機等級決定了玩家想要抵禦該危機所需匹配的符號數量。
TOOLTIP_CARDPERILRATING_HEADINGTEXT,危機等級
TOOLTIP_CARDRANGE_BODYTEXT,本卡牌能夠生效的最遠距離。
TOOLTIP_CARDRANGE_HEADINGTEXT,範圍
TOOLTIP_CARDSLOCKED_BODYTEXT,你的卡牌被鎖住了，因為你遭到一名潛行的英雄所伏擊。
TOOLTIP_CARDSLOCKED_HEADINGTEXT,伏擊！
TOOLTIP_CARDSPIRITRANGE_BODYTEXT,你能施展咒術的範圍（精力範圍）是由你的精力值決定的。你的精力值越高，在地圖上施展咒術的最大距離就越遠。
TOOLTIP_CARDSPIRITRANGE_HEADINGTEXT,精力範圍
TOOLTIP_CARDTITLE_BODYTEXT,黃邊 = 道具\n紅邊 = 詭術\n綠邊 = 咒術\n藍邊 = 隨從
TOOLTIP_CARDTITLE_HEADINGTEXT,名稱
TOOLTIP_CARDTYPEEQUIP_BODYTEXT,對裝備欄使用該道具卡牌就能進行裝備。
TOOLTIP_CARDTYPEEQUIP_HEADINGTEXT,可裝備
TOOLTIP_CARDTYPEFOLLOWER_BODYTEXT,對隊伍欄使用該卡牌就能將此角色加入你的隊伍。
TOOLTIP_CARDTYPEFOLLOWER_HEADINGTEXT,隨從
TOOLTIP_CARDTYPEINSTANT_BODYTEXT,按照卡牌指示對格子或角色使用時，該卡牌會立即生效。
TOOLTIP_CARDTYPEINSTANT_HEADINGTEXT,速攻
TOOLTIP_CARDTYPEPERIL_BODYTEXT,按照卡牌指示對格子使用時，該卡牌會成為危機。任何在地圖上遭遇該危機的英雄，都需要匹配等同於危機等級的骰子數才能避免危機生效。
TOOLTIP_CARDTYPEPERIL_HEADINGTEXT,危機
TOOLTIP_CHARHEART_BODYTEXT,角色當前生命值與最大生命值都由這些心型符號來表示。一旦角色失去所有的生命值，他們就會死亡。英雄會在他們自己的部族屬地重生。
TOOLTIP_CHARHEART_HEADINGTEXT,角色生命值
TOOLTIP_CHARPORTRAIT_BODYTEXT,顯示角色的當前狀態。左鍵點擊讓鏡頭重新聚焦該角色。
TOOLTIP_CHARPORTRAIT_HEADINGTEXT,人物頭像
TOOLTIP_CHARSTATGOLD_BODYTEXT,金幣是愛門羅大地上的主要資源。大部分卡牌需要花費金幣。控制村落可以增加黎明時的金幣收入，探索地牢或是完成任務也能獲得金幣。
TOOLTIP_CHARSTATGOLD_HEADINGTEXT,金幣
TOOLTIP_CHARSTATMAGIC_BODYTEXT,魔法對於施咒者來說是最重要的資源。大部分咒術卡牌需要魔法才能施放。每到夜晚，所有英雄的魔法就會和他們的精力齊平。
TOOLTIP_CHARSTATMAGIC_HEADINGTEXT,魔法
TOOLTIP_CHARSTATPRESTIGE_BODYTEXT,威望是奪得愛門羅王國政權的關鍵。每逢黎明國王都會召見威望首領來商議當天的國王的詔令。\n\n此外，一旦國王病故，威望首領將會繼承王位（贏得遊戲）。\n\n英勇的舉動將會獲得威望。
TOOLTIP_CHARSTATPRESTIGE_HEADINGTEXT,威望
TOOLTIP_CHARSTATROT_BODYTEXT,汙穢就是終極的墮落腐化。收到黑暗力量的誘惑或者對生命的厭惡會讓你受到汙穢的擺佈。\n\n受汙穢影響的英雄首先會被感染。如果持續墮入黑暗之道就會被腐化。
TOOLTIP_CHARSTATROT_HEADINGTEXT,汙穢
TOOLTIP_CREATURE_HEADINGTEXT,生物
TOOLTIP_DESC,"This is a """"placeholder"""" tooltip description"
TOOLTIP_DUNGEON_BANE_SPAWNING,某個沉眠的怪物覺醒了。
TOOLTIP_ENDTURNBUTTON_BODYTEXT,點擊這裡結束你的回合，讓其他角色可以進行他們的回合。\n\n你仍然可以使用卡牌和聊天。
TOOLTIP_ENDTURNBUTTON_HEADINGTEXT,結束回合
TOOLTIP_FASTFORWARDBUTTON_BODYTEXT,啓動後，所有的回合都會以 2 倍的速度進行，除了你自己和國王的回合。
TOOLTIP_FASTFORWARDBUTTON_HEADINGTEXT,他人回合加速
TOOLTIP_FORTIFIED_BODYTEXT,防禦強化的格子需要 2 行動點數才能進入。防禦者處於這種格子時，在戰鬥中會獲得盾牌 +1。
TOOLTIP_FORTIFIED_HEADINGTEXT,防禦強化
TOOLTIP_GAMEGUIDEBUTTON_BODYTEXT,點擊進入暫停選單。
TOOLTIP_GAMEGUIDEBUTTON_HEADINGTEXT,遊戲輔助
TOOLTIP_HARDWARECURSOR_BODYTEXT,使用雙螢幕的時候推薦關閉硬體游標，否則可能會將游標鎖定在遊戲窗口內。
TOOLTIP_HARDWARECURSOR_HEADINGTEXT,硬體游標
TOOLTIP_HEROCORRUPTED_BODYTEXT,被汙穢腐化了。\n\n現在進入巨石陣必死無疑，但能藉由戰鬥擊殺來恢復生命值。\n\n腐化和懷爾德的符號效果現在已對調。\n\n魔鴆將不再主動攻擊你。
TOOLTIP_HEROCORRUPTED_HEADINGTEXT,腐化
TOOLTIP_HEROEXPLODEPOOL_BODYTEXT,一場戰鬥中你能觸發爆炸的最大次數。這比照你的精力值而定，若你已腐化，則比照你的汙穢多寡。
TOOLTIP_HEROEXPLODEPOOL_HEADINGTEXT,爆裂池
TOOLTIP_HEROPOWERAGNIYA_BODYTEXT,艾格尼雅在戰鬥中殺死一隻生物後，她得到蠕蟲的祝福，在接下來的 2 回合中，在你的回合開始時 +1 生命。
TOOLTIP_HEROPOWERAGNIYA_HEADINGTEXT,供奉
TOOLTIP_HEROPOWERAMBER_BODYTEXT,探索時有更高的機率找到獎勵。
TOOLTIP_HEROPOWERAMBER_HEADINGTEXT,古墓奇兵
TOOLTIP_HEROPOWERBARNABY_BODYTEXT,在裝備欄上裝備新的道具時，會將原道具回收至手牌，並移除其花費或所得。
TOOLTIP_HEROPOWERBARNABY_HEADINGTEXT,修補匠
TOOLTIP_HEROPOWERBRUN_ALT2_BODYTEXT,布朗每施放一個咒術，直到下一回合結束之前，下一場戰鬥中就會獲得一枚對應該咒術卡牌的符號的骰子。
TOOLTIP_HEROPOWERBRUN_ALT2_HEADINGTEXT,疤痕施法者
TOOLTIP_HEROPOWERBRUN_ALT_BODYTEXT,在戰鬥中每造成 1 點超量擊殺傷害，就獲得魔法 +1。
TOOLTIP_HEROPOWERBRUN_ALT_HEADINGTEXT,疤痕施法者
TOOLTIP_HEROPOWERBRUN_BODYTEXT,每施放一個咒術，會使戰力值 +1，直到下一次戰鬥結束或你的下一回合結束。
TOOLTIP_HEROPOWERBRUN_HEADINGTEXT,疤痕施法者
TOOLTIP_HEROPOWERELYSSIA_BODYTEXT,在村落上結束回合就能對其進行永久地防禦強化。艾西莉亞能夠無視強化的村落的移動懲罰。
TOOLTIP_HEROPOWERELYSSIA_HEADINGTEXT,建築師
TOOLTIP_HEROPOWERFANG_ALT_BODYTEXT,當尖牙進攻時，若造成至少 5 的傷害，則戰鬥會結束於對手反擊之前。
TOOLTIP_HEROPOWERFANG_ALT_HEADINGTEXT,狂戰士
TOOLTIP_HEROPOWERFANG_BODYTEXT,預設為汙穢 1。當進攻時，若尖牙屠殺對手，則戰鬥會結束於對手反擊之前。
TOOLTIP_HEROPOWERFANG_BODYTEXT_01,預設為汙穢 1。當進攻時，若尖牙造成對手 5 的傷害，則戰鬥會結束於對手反擊之前。
TOOLTIP_HEROPOWERFANG_HEADINGTEXT,狂戰士
TOOLTIP_HEROPOWERGHOR_BODYTEXT,在森林中結束回合後，古爾會對下個傷害免疫（若汙穢持續存在，每逢黎明時仍會減少生命值）。
TOOLTIP_HEROPOWERGHOR_HEADINGTEXT,庇護者
TOOLTIP_HEROPOWERGRIOTTE_BODYTEXT,格里葉的部族特性骰子加成數，與當日在白天期間所使用的詭術卡牌數量相等。
TOOLTIP_HEROPOWERGRIOTTE_HEADINGTEXT,街頭女皇
TOOLTIP_HEROPOWERHARGRAVE_BODYTEXT,在平原或山地上結束回合後，哈格雷夫將用它的加農砲對所有進入相鄰格子的生物開火。
TOOLTIP_HEROPOWERHARGRAVE_HEADINGTEXT,砲手
TOOLTIP_HEROPOWERHORACE_BODYTEXT,如果霍雷斯進入國王守衛所在的格子，他們會自動與霍雷斯交換位置，除非他被懸賞了。
TOOLTIP_HEROPOWERHORACE_HEADINGTEXT,第九騎士
TOOLTIP_HEROPOWERKING_BODYTEXT,國王一直都會是腐化的狀態，並且每逢黃昏時汙穢 +1。
TOOLTIP_HEROPOWERKING_HEADINGTEXT,黑暗之心
TOOLTIP_HEROPOWERMAGNA_BODYTEXT,戰鬥中燒毀的護盾卡牌會反射對手的攻擊。
TOOLTIP_HEROPOWERMAGNA_HEADINGTEXT,女盾衛
TOOLTIP_HEROPOWERMERCURIO_BODYTEXT,佔領村落的時候從原所有者那裡竊取 1 枚金幣。
TOOLTIP_HEROPOWERMERCURIO_HEADINGTEXT,流氓
TOOLTIP_HEROPOWERNAZAR_BODYTEXT,抽牌後在他的回合開始時，納扎爾得到一張幻象消耗卡，能讓他把自己的幻象發到鄰近的地圖格子裡，這張卡片在他的回合結束後丟棄。
TOOLTIP_HEROPOWERNAZAR_HEADINGTEXT,騙子
TOOLTIP_HEROPOWEROXANA_BODYTEXT,攻擊另一個英雄時，歐克薩娜隨機摧毀他們手中的一張咒術卡牌，將該符號鎖進她的格鬥架，將卡牌的魔法花費加到她的爆裂池中。
TOOLTIP_HEROPOWEROXANA_HEADINGTEXT,鞭笞者
TOOLTIP_HEROPOWERRIVER_BODYTEXT,里弗在發動攻擊前會先射箭造成 1 點傷害。若目標被箭射死，她會留在原地（仍會消耗行動點數）。
TOOLTIP_HEROPOWERRIVER_HEADINGTEXT,弓箭手
TOOLTIP_HEROPOWERSANA_BODYTEXT,和腐化的生物戰鬥時，以精力代替戰力。
TOOLTIP_HEROPOWERSANA_HEADINGTEXT,女祭司
TOOLTIP_HEROPOWERSCARLET_BODYTEXT,絲卡蕾特每拯救一座被恐嚇的村落，就可以抽一張隨從卡牌。
TOOLTIP_HEROPOWERSCARLET_HEADINGTEXT,革命家
TOOLTIP_HEROPOWERSYLAS_BODYTEXT,賽拉斯的每個懸賞等級都讓他戰鬥中獲得劍 +1。這些額外的劍在對付國王的守衛時帶有穿透效果。
TOOLTIP_HEROPOWERSYLAS_HEADINGTEXT,屠夫
TOOLTIP_HEROPOWERTHANE_BODYTEXT,戰鬥中燒毀的劍卡牌可以穿透對手的防禦。
TOOLTIP_HEROPOWERTHANE_HEADINGTEXT,劍術大師
TOOLTIP_HEROPOWERTWISS_BODYTEXT,除了王宮之外，在任意地方都維持著閃避能力。崔絲在撤離時會偷走對手的一張卡牌。
TOOLTIP_HEROPOWERTWISS_HEADINGTEXT,扒手
TOOLTIP_HEROPOWERTYSHAN_BODYTEXT,在抽卡時，每個牌堆最上方的卡牌正面朝上。
TOOLTIP_HEROPOWERTYSHAN_HEADINGTEXT,透視之眼
TOOLTIP_HEROPOWERVOLODAR_BODYTEXT,結束你在貝恩旁邊的回合，然後迷惑它。受迷惑的貝恩在他們的回合裡不會有任何行動，但是會立刻攻擊進入鄰近格子裡的任何其它英雄或國王的守衛。
TOOLTIP_HEROPOWERVOLODAR_HEADINGTEXT,迷惑
TOOLTIP_HEROPOWERYORDANA_BODYTEXT,在約達納的回合，對她施用的咒術會被她的坩堝吞噬而魔法 -1，並使她在回合結束時獲得 1 張條約咒術卡牌。
TOOLTIP_HEROPOWERYORDANA_HEADINGTEXT,坩堝老嫗
TOOLTIP_HEROPOWERZOSHA_BODYTEXT,夜晚時，佐莎在任意地點都能進入潛行狀態。
TOOLTIP_HEROPOWERZOSHA_HEADINGTEXT,鬼影
TOOLTIP_HEROSTATBODY_BODYTEXT,這裡是你的生命值。左邊是你當前生命值。右邊是你生命值的上限。
TOOLTIP_HEROSTATBODY_HEADINGTEXT,體力
TOOLTIP_HEROSTATCLANBONUS_BODYTEXT,所有部族都有一個白晝或夜晚的特性。在日夜循環中對應到你部族特性的回合時，所有擲骰動作都獲得額外骰子數 +1。
TOOLTIP_HEROSTATCLANBONUS_HEADINGTEXT,部族獎勵
TOOLTIP_HEROSTATFIGHT_BODYTEXT,你的戰力數值決定了在戰鬥時你可以擲出的骰子數量。
TOOLTIP_HEROSTATFIGHT_HEADINGTEXT,戰力
TOOLTIP_HEROSTATSETTLEMENTS_BODYTEXT,當前由你部族名義佔領的村落數量。
TOOLTIP_HEROSTATSETTLEMENTS_HEADINGTEXT,村落
TOOLTIP_HEROSTATSPIRITSTONES_BODYTEXT,這些古老的聖物是在愛門羅生存的關鍵之一。\n\n任何擁有 4 枚此聖物的英雄將會升格成為心靈行者，可以祛除國王的黑暗疾病。\n\n心靈石可以通過探索地牢找到，可以通過任務獎勵得到，也可能在巨石陣中出現。
TOOLTIP_HEROSTATSPIRITSTONES_HEADINGTEXT,心靈石
TOOLTIP_HEROSTATSPIRIT_BODYTEXT,精力是你與懷爾德的維繫，因此也代表了你駕馭愛門羅原始魔法的能力。\n\n每逢黃昏時，你能擁有的魔法數就是由你的精力決定的。\n\n精力也決定了你咒術的範圍。\n\n此外，所有的咒術危機都是按照你的精力來決定擲骰數的。
TOOLTIP_HEROSTATSPIRIT_HEADINGTEXT,精力
TOOLTIP_HEROSTATWITS_BODYTEXT,該數值所表示的是英雄有多麼睿智和狡猾。高智力的英雄可以拿更多的手牌。\n\n同時，所有的詭術危機都是按照你的智力來決定擲骰數的。
TOOLTIP_HEROSTATWITS_HEADINGTEXT,智力
TOOLTIP_HERO_BODYTEXT,屬性值
TOOLTIP_HERO_HEADINGTEXT,英雄
TOOLTIP_KEYBINDING_BODYTEXT,按任意鍵來更改按鍵設置。
TOOLTIP_KEYBINDING_HEADINGTEXT,鍵位綁定
TOOLTIP_KG_DEFENDINGPALACE,守衛王宮
TOOLTIP_KG_HOSTILE,敵對
TOOLTIP_KG_MARTIALLAW,執行戒嚴令
TOOLTIP_KG_NEUTRAL,中立
TOOLTIP_KG_NIGHTMANEUVERS,夜間演習
TOOLTIP_KINGSGUARD_HEADINGTEXT,國王的守衛
TOOLTIP_KINGTAB_HEADINGTEXT,國王
TOOLTIP_KING_HEADINGTEXT,國王
TOOLTIP_LOWGRAPHICSMEMORY_BODYTEXT,我們偵測到您的顯示卡記憶體比推薦的還低。基於遊戲目前的開發狀況，為確保遊戲的體驗，我們已經強制將圖形選項調整為「非常低」。
TOOLTIP_LOWGRAPHICSMEMORY_HEADINGTEXT,警告！
TOOLTIP_MERCHANT_BODYTEXT,商人會在下一次黎明或黃昏時出現，然後會一直待到那個白天／黑夜結束。商人在場時，經過商人格子的英雄可以從許多張卡片免費選擇其中一張。英雄不可以重複訪問相同的商人。
TOOLTIP_MERCHANT_HEADINGTEXT,商人
TOOLTIP_MULTIPLAYERQUEUE_BODYTEXT,左鍵點擊離開隊列
TOOLTIP_MULTIPLAYERQUEUE_HEADINGTEXT,匹配隊列
TOOLTIP_OFFLINE_BODYTEXT,這個功能需要連線網際網路才能作用。你目前離線。
TOOLTIP_OFFLINE_HEADINGTEXT,離線
TOOLTIP_OFFTURNTIMESCALEENGAGED_BODYTEXT,他人回合的進行速度提高為 2 倍。
TOOLTIP_OFFTURNTIMESCALEENGAGED_HEADINGTEXT,他人回合加速開啟
TOOLTIP_PACT_BODYTEXT,條約會在出牌玩家和目標之間生成，持續到任一方死亡，除非另有規定。
TOOLTIP_PACT_HEADINGTEXT,條約
TOOLTIP_PIERCINGATTACK_BODYTEXT,穿刺攻擊可以穿透防禦，即使被格擋也會造成傷害。
TOOLTIP_PIERCINGATTACK_HEADINGTEXT,穿刺攻擊
TOOLTIP_POISONATTACK_BODYTEXT,如果中毒攻擊造成傷害，將使對手中毒並持續到下回合結束。
TOOLTIP_POISONATTACK_HEADINGTEXT,中毒攻擊
TOOLTIP_QUEST1,女巫！啊啊啊！
TOOLTIP_QUEST2,一名強盜跳了出來，攔住了你的去路。
TOOLTIP_QUICKGAMEPLAYMODE_BODYTEXT,適合有經驗的玩家，可以讓 AI 的回合以及遭遇戰加速進行。
TOOLTIP_QUICKGAMEPLAYMODE_HEADINGTEXT,AI 回合加速
TOOLTIP_REFLECTINGDEFENCE_BODYTEXT,防禦反射可以格擋一次攻擊，並將攻擊反射回敵方
TOOLTIP_REFLECTINGDEFENCE_HEADINGTEXT,防禦反射
TOOLTIP_REPORTBUGCATEGORY_BODYTEXT,請選擇你遇到問題最相關的分類。
TOOLTIP_REPORTBUGCATEGORY_HEADINGTEXT,分類
TOOLTIP_REPORTBUGDESCRIPTION_BODYTEXT,請在這裡提供所遇到的程式錯誤的詳細描述。請盡可能詳細一些。一些看似平常的細節有時可以成為解決程式錯誤的關鍵。
TOOLTIP_REPORTBUGDESCRIPTION_HEADINGTEXT,描述
TOOLTIP_REPORTBUGREPROSTEPS_BODYTEXT,這是最重要的部分。如果可能的話，請提供具體的過程，以提高我們重現程式錯誤的機率。\n\n請盡可能詳細一點，最好是能讓沒有玩過遊戲的人，也能按照你的步驟重現你所經歷的過程。
TOOLTIP_REPORTBUGREPROSTEPS_HEADINGTEXT,重現步驟
TOOLTIP_REPORTBUGSUBJECT_BODYTEXT,回報程式錯誤時請不要說應該怎麼樣。不要以疑問句的方式做回報，只需描述遭遇錯誤的經過就可以了。\n\n正確示範：「玩家的英雄卡在原地動不了、遊戲卡住了。」\n\n錯誤的示範：「英雄應該能任意移動的。」\n\n錯誤示範：「呃，這應該發生嗎？我玩不了這個遊戲了。」
TOOLTIP_REPORTBUGSUBJECT_HEADINGTEXT,主題
TOOLTIP_REPORTBUG_BODYTEXT,點擊回報遊戲中遇到的問題。
TOOLTIP_REPORTBUG_HEADINGTEXT,程式錯誤回報
TOOLTIP_REPORTUSERNAME_BODYTEXT,請選擇你想要舉報的玩家。
TOOLTIP_REPORTUSERNAME_HEADINGTEXT,玩家名字
TOOLTIP_REPORTUSERREASON_BODYTEXT,請在這裡提供舉報該玩家的原因。請盡可能詳細一些。
TOOLTIP_REPORTUSERREASON_HEADINGTEXT,原因
TOOLTIP_ROTBATTLE_BODYTEXT,英雄們的汙穢正在相互較量！
TOOLTIP_ROTBATTLE_HEADINGTEXT,汙穢之戰
TOOLTIP_RUMOURSBUTTON_BODYTEXT,點擊這裡查看當前可追查的傳聞。在你下回合開始前選擇一個傳聞來查看你的下一個任務地點。\n\n如果沒有選擇傳聞，那麼你下回合開始時就會隨機選擇其中一個。
TOOLTIP_RUMOURSBUTTON_HEADINGTEXT,傳言
TOOLTIP_SANCTIFIEDWARDS_BODYTEXT,腐化的生物每擁有 1 點汙穢則生命值 -1。
TOOLTIP_SANCTIFIEDWARDS_HEADINGTEXT,守護石
TOOLTIP_SECRETENCOUNTERPENDING_ARMSDEALER_DAY,西米恩的鍛臂坊會在黎明時開始營業。
TOOLTIP_SECRETENCOUNTERPENDING_ARMSDEALER_NIGHT,西米恩的鍛臂坊會在黃昏時開始營業。
TOOLTIP_SECRETENCOUNTERPENDING_BLACKMARKETBROKER_DAY,畢夫的非法市集會在黎明時開始營業。
TOOLTIP_SECRETENCOUNTERPENDING_BLACKMARKETBROKER_NIGHT,畢夫的非法市集會在黃昏時開始營業。
TOOLTIP_SECRETENCOUNTERPENDING_POTIONRESELLER_DAY,貝蒂的私售釀造會在黎明時開始營業。
TOOLTIP_SECRETENCOUNTERPENDING_POTIONRESELLER_NIGHT,貝蒂的私售釀造會在黃昏時開始營業。
TOOLTIP_SECRETENCOUNTERPENDING_SHADOWRECRUITER_DAY,蘿克希的招募棧會在黎明時開始營業。
TOOLTIP_SECRETENCOUNTERPENDING_SHADOWRECRUITER_NIGHT,蘿克希的招募棧會在黃昏時開始營業。
TOOLTIP_SECRETENCOUNTER_VISITED,（已造訪）
TOOLTIP_SETTLEMENT_CLAIMED_BY,由<hero_name>佔領。
TOOLTIP_SHELFCHARACTERBUTTON_BODYTEXT,每個英雄的屬性值（以及其他特色）都會列在這裡。點擊展開。
TOOLTIP_SHELFCHARACTERBUTTON_HEADINGTEXT,英雄面板
TOOLTIP_SHELFINVENTORYBUTTON_BODYTEXT,每個英雄裝備的道具以及招募的隨從都列在這裡。點擊展開。
TOOLTIP_SHELFINVENTORYBUTTON_HEADINGTEXT,配置面板
TOOLTIP_SHELFJOURNALBUTTON_BODYTEXT,查看你英雄目前為止的冒險故事。點擊展開。
TOOLTIP_SHELFJOURNALBUTTON_HEADINGTEXT,英雄日誌
TOOLTIP_SIGNET01_BODYTEXT,無論晝夜，身處村落時都會變成潛行狀態且賦予劍 +1。
TOOLTIP_SIGNET01_HEADINGTEXT,黑蛋白石印戒
TOOLTIP_SIGNET02_BODYTEXT,使你佔領的所有村落獲得偵查，並使任何從你手中奪取村落的生物獲得偵查，直到你的下一回合結束為止。
TOOLTIP_SIGNET02_HEADINGTEXT,黑曜石印戒
TOOLTIP_SIGNET03_BODYTEXT,在進入戰鬥的時候，你所擲出來的第一個劍會爆裂。
TOOLTIP_SIGNET03_HEADINGTEXT,紅寶石印戒
TOOLTIP_SIGNET04_BODYTEXT,獲得在遭受進攻之時會作用的閃避能力，且爆裂池 +2。
TOOLTIP_SIGNET04_HEADINGTEXT,綠松石印戒
TOOLTIP_SIGNET05_BODYTEXT,在戰鬥和危機當中，如果是處於平原上則賦予盾牌 +2。
TOOLTIP_SIGNET05_HEADINGTEXT,祖母綠印戒
TOOLTIP_SIGNET06_BODYTEXT,你所佔領的每個村落能獲得的金幣收入都變成兩倍。
TOOLTIP_SIGNET06_HEADINGTEXT,粉紅托帕石印戒
TOOLTIP_SIGNET07_BODYTEXT,每當裝備一件寶物或招募一名隨從時，就獲得威望 +1。
TOOLTIP_SIGNET07_HEADINGTEXT,鑽石印戒
TOOLTIP_SIGNET08_BODYTEXT,在白天時的戰鬥以及危機之中，你將可以獲得太陽 +1。
TOOLTIP_SIGNET08_HEADINGTEXT,日長石印戒
TOOLTIP_SIGNET09_BODYTEXT,無論白天或是夜晚，處在山脈中都會變成潛行狀態。
TOOLTIP_SIGNET09_HEADINGTEXT,藍寶石印戒
TOOLTIP_SIGNET10_BODYTEXT,每一次在戰鬥中殺死敵人之時，你將可以獲得魔法 +2。
TOOLTIP_SIGNET10_HEADINGTEXT,月長石印戒
TOOLTIP_SIGNET11_BODYTEXT,每一次在戰鬥中殺死敵人之時，你將可以獲得金幣 +2。
TOOLTIP_SIGNET11_HEADINGTEXT,黑瑪瑙印戒
TOOLTIP_SIGNET12_BODYTEXT,可以無視山脈地形的移動懲罰，節省行動點數花費。
TOOLTIP_SIGNET12_HEADINGTEXT,天青石印戒
TOOLTIP_SIGNET13_BODYTEXT,黎明的時候，如果正處於森林，你將可以獲得魔法 +3。
TOOLTIP_SIGNET13_HEADINGTEXT,翡翠印戒
TOOLTIP_SIGNET14_BODYTEXT,黎明的時候，如果你正處於巨石陣內，就能使汙穢 -1。
TOOLTIP_SIGNET14_HEADINGTEXT,水晶印戒
TOOLTIP_SIGNET15_BODYTEXT,每燒毀一張咒術卡牌則魔法 +1，每燒毀一張汙穢的咒術卡牌則能獲得魔法 +2。
TOOLTIP_SIGNET15_HEADINGTEXT,紫水晶印戒
TOOLTIP_SIGNET16_BODYTEXT,戰鬥中燒毀的太陽與月亮符號卡牌全都計為攻擊，並且燒毀的第一張會爆炸。
TOOLTIP_SIGNET16_HEADINGTEXT,琥珀印戒
TOOLTIP_SIGNET17_BODYTEXT,每當成功地從危機中逃脫出來，你都可以獲得金幣 +2。
TOOLTIP_SIGNET17_HEADINGTEXT,丹泉石印戒
TOOLTIP_SIGNET18_BODYTEXT,每逢黎明到來之時可使魔法 +1，且同時能獲得金幣 +1。
TOOLTIP_SIGNET18_HEADINGTEXT,彩虹水晶印戒
TOOLTIP_SIGNET19_BODYTEXT,當你生命值在 3 或以下的時候，你將會獲得戰力值 +3。
TOOLTIP_SIGNET19_HEADINGTEXT,紅碧璽印戒
TOOLTIP_SIGNET20_BODYTEXT,在夜晚時的戰鬥以及危機之中，你將可以獲得月亮 +1。
TOOLTIP_SIGNET20_HEADINGTEXT,海藍寶石印戒
TOOLTIP_SIGNET21_BODYTEXT,每殺死一名國王守衛則威望 +1，且同時能獲得金幣 +1。
TOOLTIP_SIGNET21_HEADINGTEXT,斯蘭德拜印戒
TOOLTIP_SIGNET22_BODYTEXT,每回合使用的第一張詭術卡牌將獲得 1 枚金幣的折扣。
TOOLTIP_SIGNET22_HEADINGTEXT,貓眼石印戒
TOOLTIP_SIGNET23_BODYTEXT,所有任務不論類型，成功的機率全都可以獲得提升 20%。
TOOLTIP_SIGNET23_HEADINGTEXT,尖晶石印戒
TOOLTIP_SIGNET24_BODYTEXT,任何生命值剩 3 以下的敵方英雄將會被你偵測到，並且與他們戰鬥時賦予劍 +1。
TOOLTIP_SIGNET24_HEADINGTEXT,孔雀石印戒
TOOLTIP_SIGNET25_BODYTEXT,處在森林的時候能擁有盾牌 +1，且同時會讓精力值 +1。
TOOLTIP_SIGNET25_HEADINGTEXT,塔菲石印戒
TOOLTIP_SIGNET35_BODYTEXT,沼澤傷害無效。
TOOLTIP_SIGNET35_HEADINGTEXT,硫磺
TOOLTIP_SIGNET36_BODYTEXT,在地牢，獲得隱身且在戰鬥中擲出的第一枚劍有毒。
TOOLTIP_SIGNET36_HEADINGTEXT,玄武岩
TOOLTIP_SIGNET37_BODYTEXT,在戰鬥中擊殺生物時，於戰鬥與危機中獲得 +1 骰子，直到你的下一回合結束。
TOOLTIP_SIGNET37_HEADINGTEXT,斧石
TOOLTIP_SIGNET38_BODYTEXT,失去任何威望時，隨機將一張 1 魔法消耗的咒術卡牌加入手牌。
TOOLTIP_SIGNET38_HEADINGTEXT,朱砂
TOOLTIP_SIGNET39_BODYTEXT,「+1 汙穢。在其他生物旁結束回合時，他們將獲得 +1汙穢，直到他們的下一回合結束。」
TOOLTIP_SIGNET39_HEADINGTEXT,透閃石
TOOLTIP_SIGNET40_BODYTEXT,任務完成時，-1 汙穢。如果該汙穢被扣除，獲得 +3 魔法。
TOOLTIP_SIGNET40_HEADINGTEXT,蛇紋石
TOOLTIP_STARTINGGOLD_BODYTEXT,你開始遊戲時的金幣數量。
TOOLTIP_STARTINGGOLD_HEADINGTEXT,起始金幣
TOOLTIP_STARTINGHANDSIZE_BODYTEXT,你開始遊戲時的卡牌數量。
TOOLTIP_STARTINGHANDSIZE_HEADINGTEXT,起始卡牌
TOOLTIP_STATUSFEED_BODYTEXT,這裡即時記錄了英雄們合縱連橫、爭奪王位時發生的所有事件。
TOOLTIP_STATUSFEED_HEADINGTEXT,事件紀錄
TOOLTIP_STEAMUSERNAME_BODYTEXT,點擊可瀏覽該玩家的 Steam 個人檔案。
TOOLTIP_STEAMUSERNAME_HEADINGTEXT,Steam 個人檔案
TOOLTIP_STONECIRCLE_SPIRITSTONE_SPAWNING,懷爾德的力量正在逐漸凝聚。
TOOLTIP_TILEDEFENSEBONUS_BODYTEXT,你當前所處的格子能讓你獲得防禦加成。
TOOLTIP_TILEDEFENSEBONUS_HEADINGTEXT,格子防禦獎勵
TOOLTIP_TITLE,「工具提示」
TOOLTIP_TUTORIALS_BODYTEXT,滑鼠左擊此處可開啟／關閉遊戲內的教學文字。
TOOLTIP_TUTORIALS_HEADINGTEXT,教學
TREASURECARDTYPE_NAME,寶藏
TREASURECARDTYPE_STATUSFEEDRECEIVEDMESSAGE,<hero>獲得了一張寶藏卡牌。
TRICKERYCARDTYPE_NAME,詭術
TRICKERYCARDTYPE_STATUSFEEDRECEIVEDMESSAGE,<hero>獲得了一張詭術卡牌。
TUTORIAL_QUICK_GAMEPLAY_MODE_INFO,「AI 回合加速已開啟」。你可以在「遊戲偏好」選單當中關閉「AI 回合加速」。
TUTORIAL_QUICK_GAMEPLAY_MODE_INFO_UNLOCKED,AI 回合加速已解鎖！
TUTORIAL_SPEED_UP_INPUT_INFO,按下「.」鍵便可以加快其他玩家回合的遊戲速度。\n\n但請謹慎使用這項功能，如同所有愛門羅的高手們所了解，愛門羅的運籌帷幄大部分都發生在自己回合結束的時候。
TUTORIAL_SPEED_UP_INPUT_INFO_CONTROLLER,將右搖桿向右推便可以加快其他玩家回合的遊戲速度。\n\n但請謹慎使用這項功能，如同所有愛門羅的高手們所了解，愛門羅的運籌帷幄大部分都發生在自己回合結束的時候。
TUTORIAL_SPEED_UP_INPUT_INFO_UNLOCKED,回合結束後快進已解鎖！
UI_ABANDON_MULTIPLAYER_LOCKOUT_MESSAGE,由於多次放棄線上多人遊戲配對，您無法進行線上多人遊戲。在{0}後方可進行遊戲。
UI_ABANDON_MULTIPLAYER_WARNING_EXTRA,您確定要放棄這次多人遊戲嗎？由於您最近放棄過其他多人遊戲，如果您現在放棄，您將在一段時間內無法進行線上多人遊戲。您還會失去完成該比賽所能獲得的所有進度和獎勵。
UI_ABANDON_MULTIPLAYER_WARNING_STANDARD,您確定要放棄這次多人遊戲嗎？放棄這場比賽將損害其他玩家的遊戲體驗，並且您可能受到懲罰，例如暫時無法進行線上多人遊戲等。您還會失去完成該比賽所能獲得的所有進度和獎勵。
UI_ACCOUNT_ACCOUNTLOGIN,帳號登入
UI_ACCOUNT_BENEFITS_ANDROID,建立帳號，以獲取以下福利：\n\n- 領取免費的每日寶箱和鑰匙。\n- 可在 Android 裝置中分享購買的物品。
UI_ACCOUNT_BENEFITS_IOS,歡迎來到愛門羅！\n\n創建一個帳號，讓您能每日領取一份免費的寶箱與鑰匙，能使用雲端存檔服務保存您的購買紀錄和遊戲進度，並且能在不同 Apple 設備之間共享。
UI_ACCOUNT_BENEFITS_STEAM,建立帳號，以獲得免費的每日寶箱和鑰匙！\n\n建立帳號完全是非強制的。<3
UI_ACCOUNT_CHANGEACCOUNT,變更帳號
UI_ACCOUNT_CREATEACCOUNT,建立帳號
UI_ACCOUNT_EMAIL,電子郵件
UI_ACCOUNT_ERROR_EMAILINVALID,無效的電子郵件地址。
UI_ACCOUNT_ERROR_EMAILUSED,電子郵件地址無法使用。
UI_ACCOUNT_ERROR_FAILED,登入失敗。
UI_ACCOUNT_ERROR_LOGIN,電子郵件或密碼組合錯誤。
UI_ACCOUNT_ERROR_PASSWORDLENGTH,密碼必須至少有 6 位字元。
UI_ACCOUNT_INFO,帳號資訊
UI_ACCOUNT_INFO_CREATED,已建立
UI_ACCOUNT_INFO_ID,帳號 ID
UI_ACCOUNT_INFO_IDGAMECENTER,遊戲中心 ID
UI_ACCOUNT_INFO_IDGOOGLEPLAY,Google Play ID
UI_ACCOUNT_INFO_IDNINTENDO,Nintendo Account ID
UI_ACCOUNT_INFO_IDSTEAM,Steam ID
UI_ACCOUNT_INFO_NAME,帳號名稱
UI_ACCOUNT_INFO_TOOLTIP,關於您的帳號的詳情
UI_ACCOUNT_LOGIN,登入
UI_ACCOUNT_NEWSLETTER,持續收到有關愛門羅的重要更新消息！（別擔心，我們不會向您寄送垃圾郵件。）<3
UI_ACCOUNT_PASSWORD,密碼
UI_ACCOUNT_RESETPASSWORD,重設密碼
UI_ACCOUNT_RESETPASSWORDEMAIL,重設密碼的電子郵件已經傳送至以下電子郵件地址：{0}
UI_ACHIEVEMENT_UNLOCKED,成就解鎖！
UI_ACTIVE_HOUSE_RULES,自訂規則已啟用，成就與多人模式的進度已停用。
UI_AFK,中離
UI_AI,AI
UI_AI_PLAYER,AI玩家
UI_AP,AP
UI_ASK_FOR_AI,一局遊戲必須要有四個玩家。要分配 AI 玩家到空的玩家欄位嗎？
UI_ASK_FOR_AI_CANCEL,返回大廳
UI_ASK_FOR_AI_OK,是的，請！
UI_ASK_LEAVE_GAME,你確定要離開遊戲嗎？
UI_ASK_LEAVE_MATCHMAKING,你確定要離開多人遊戲配對嗎？
UI_ASK_LEAVE_MATCHMAKING_CANCEL,什麼？不！
UI_ASK_LEAVE_MATCHMAKING_OK,沒錯。
UI_ASK_LEAVE_MATCHMAKING_PARTY,在排隊開始之前離開房間，將解散您的隊伍。您確定要離開嗎？
UI_ASK_LEAVE_MULTIPLAYER_ABANDON,您正準備放棄一場線上多人玩家遊戲。這樣做將使您暫時無法加入遊戲配對。您還希望繼續嗎？
UI_ASK_LEAVE_MULTIPLAYER_CANCEL,返回遊戲
UI_ASK_LEAVE_MULTIPLAYER_OK,退出遊戲
UI_ASK_LEAVE_PROLOGUE_ABANDON,您將遺失自上次自動儲存後的所有進度，您確定要離開嗎？
UI_ASK_LEAVE_PROLOGUE_CANCEL,返回章節
UI_ASK_LEAVE_PROLOGUE_OK,退出章節
UI_ASK_NEW_PROLOGUE_CLEAR_SESSION,開始新的序幕遊戲將覆蓋你上一次保存的章節。你還希望繼續嗎？
UI_ASK_NEW_SINGLEPLAYER_CLEAR_SESSION,開始新的單人遊戲將覆蓋你上一次保存的章節。你還希望繼續嗎？
UI_ASK_RESTART_PROLOGUE,你將會失去所有在序章的進度，你確定要重新開始嗎？
UI_ASK_RESTART_PROLOGUE_OK,重玩章節
UI_ASSETTYPE_ACHIEVEMENTS,成就
UI_ASSETTYPE_AMULETS,護符
UI_ASSETTYPE_HEROES,英雄
UI_ASSETTYPE_MAPS,地圖
UI_ASSETTYPE_SIGNETS,印戒
UI_AT_DAWN_EFFECT,+{0}金幣
UI_AVAILABLE,可使用
UI_AVAILABLE_ELLIPSIS,可用……
UI_BACK,返回
UI_BESTVALUE,最超值
UI_BURN_CARD,燒毀卡牌
UI_BUY_NOW,立即購買
UI_BUY_SHARDS,購買碎片
UI_BUY_SHARDS_PROMPT_HARD,你還需要 {0}。
UI_BUY_SHARDS_PROMPT_SOFT,或者使用碎片購買 ── 你還需要 {0}。
UI_CANCEL,取消
UI_CANCEL_PALACE_ENTRY,請勿進入
UI_CARD,卡牌
UI_CARDGALLERY_PAGE,頁數
UI_CARDTYPERARITY_FOLLOWER_UNIQUE,特殊隨從卡牌
UI_CARDTYPERARITY_ITEM_COMMON,普通道具卡牌
UI_CARDTYPERARITY_ITEM_RARE,稀有道具卡牌
UI_CARDTYPERARITY_ITEM_UNCOMMON,罕見道具卡牌
UI_CARDTYPERARITY_ITEM_UNIQUE,特殊道具卡牌
UI_CARDTYPERARITY_KINGTREASURE_UNIQUE,特殊國王的寶藏卡牌
UI_CARDTYPERARITY_PALACEPERIL_UNIQUE,特殊王宮危機卡牌
UI_CARDTYPERARITY_SPELL_COMMON,普通咒術卡牌
UI_CARDTYPERARITY_SPELL_RARE,稀有咒術卡牌
UI_CARDTYPERARITY_SPELL_UNCOMMON,罕見咒術卡牌
UI_CARDTYPERARITY_SPELL_UNIQUE,特殊咒術卡牌
UI_CARDTYPERARITY_TREASURE_UNIQUE,特殊寶藏卡牌
UI_CARDTYPERARITY_TRICKERY_COMMON,普通詭術卡牌
UI_CARDTYPERARITY_TRICKERY_RARE,稀有詭術卡牌
UI_CARDTYPERARITY_TRICKERY_UNCOMMON,罕見詭術卡牌
UI_CARDTYPERARITY_TRICKERY_UNIQUE,特殊詭術卡牌
UI_CARD_COSTTYPE_CONSUMEALL,花費
UI_CARD_COSTTYPE_COST,花費
UI_CARD_COSTTYPE_GAIN,獲得
UI_CARD_DRAW_DRAWING_CARDS,抽取卡牌
UI_CARD_DRAW_MANY,選擇{0}張卡牌\n放在手上
UI_CARD_DRAW_ONE,選擇1張卡牌\n放在手上
UI_CARD_GALLERY_CHANGE_SECTION,循環牌組
UI_CARD_GALLERY_CHANGE_SKIN,替換外觀
UI_CARD_GALLERY_NEW,新
UI_CARD_PERIL,危機等級
UI_CARD_PLAY_TO,施用於
UI_CARD_RANGE,範圍
UI_CARD_RANGE_SELF,自身
UI_CARD_RANGE_SPIRIT,精力範圍
UI_CARD_RARITY_COMMON,普通
UI_CARD_RARITY_RARE,稀有
UI_CARD_RARITY_UNCOMMON,罕見
UI_CARD_RARITY_UNIQUE,特殊
UI_CARD_TARGET_ANYWORLDTILE,格子
UI_CARD_TARGET_BANE,魔鴆
UI_CARD_TARGET_CREATURE,生物
UI_CARD_TARGET_DUNGEON,地牢
UI_CARD_TARGET_EMPTY,但裡面是空的。
UI_CARD_TARGET_EQUIP,可裝備
UI_CARD_TARGET_FOLLOWER,可招募
UI_CARD_TARGET_FOREST,森林
UI_CARD_TARGET_HERO,英雄
UI_CARD_TARGET_HERONOTSELF,英雄
UI_CARD_TARGET_KINGSGUARD,國王的守衛
UI_CARD_TARGET_MOUNTAINS,山地
UI_CARD_TARGET_NOTSELF,非自身
UI_CARD_TARGET_PALACE,王宮
UI_CARD_TARGET_PERIL,危機
UI_CARD_TARGET_PLAINS,平原
UI_CARD_TARGET_SELF,自身
UI_CARD_TARGET_SETTLEMENT,村落
UI_CARD_TARGET_STONECIRCLE,巨石陣
UI_CARD_TARGET_SWAMP,沼澤
UI_CARD_TYPE_FOLLOWER,隨從
UI_CARD_TYPE_INVALID,無效
UI_CARD_TYPE_ITEM,道具
UI_CARD_TYPE_KINGTREASURE,國王的寶藏
UI_CARD_TYPE_PALACEPERIL,王宮危機
UI_CARD_TYPE_SPELL,咒術
UI_CARD_TYPE_TREASURE,寶藏
UI_CARD_TYPE_TRICKERY,詭術
UI_CHALLENGES,挑戰
UI_CHALLENGES_ALL_COMPLETE,全部 {0} 解鎖！
UI_CLAIM,領取！
UI_CLAIMED,已領取！
UI_CLAIMING,領取中 ……
UI_CLAIM_FAILED,失敗了
UI_CLAIM_SUCCESS,成功了！
UI_CLANGROUNDS_LOADOUT_DEFAULT_HEROSKIN_DESCRIPTION,一款經典外觀。
UI_CLANGROUNDS_LOADOUT_EMPTY_DESCRIPTION,未選擇任何物品。
UI_CLANGROUNDS_LOADOUT_RANDOM_AMULET_DESCRIPTION,隨機使用一個可用的護符。
UI_CLANGROUNDS_LOADOUT_RANDOM_DICE_DESCRIPTION,隨機使用一個可用的骰子。
UI_CLANGROUNDS_LOADOUT_RANDOM_SIGNET_DESCRIPTION,隨機使用一個可用的印戒。
UI_CLANGROUNDS_LOADOUT_TYPE_AMULET,護符
UI_CLANGROUNDS_LOADOUT_TYPE_BOAST,吹噓
UI_CLANGROUNDS_LOADOUT_TYPE_CHATLINE,對話
UI_CLANGROUNDS_LOADOUT_TYPE_DICE,骰子
UI_CLANGROUNDS_LOADOUT_TYPE_DICE_BAG,骰子欄
UI_CLANGROUNDS_LOADOUT_TYPE_DICE_BAG_DESCRIPTION,解鎖一個遊戲中可用的額外骰子外觀。
UI_CLANGROUNDS_LOADOUT_TYPE_DICE_BONUS1,獎勵骰子 1
UI_CLANGROUNDS_LOADOUT_TYPE_DICE_BONUS2,
UI_CLANGROUNDS_LOADOUT_TYPE_HEROPOWER,
UI_CLANGROUNDS_LOADOUT_TYPE_HEROSKIN,外觀
UI_CLANGROUNDS_LOADOUT_TYPE_SIGNET,印戒
UI_CLANGROUNDS_MASTERY_CURRENTXP,當前經驗值
UI_CLANGROUNDS_MASTERY_NEXTUNLOCK,下一個可解鎖
UI_CLANGROUNDS_MASTERY_OFFLINEMESSAGE,你目前離線。請注意，離線時的英雄熟練度不會增加，顯示的進度可能不會隨時更新。
UI_CLANGROUNDS_MASTERY_UNLOCKED,已解鎖！
UI_CLANGROUNDS_MASTERY_UNLOCKEDAT,等級{0}時解鎖
UI_CLANGROUNDS_READNOVELLA,閱讀 '{0}' 短篇故事
UI_CLANGROUNDS_SAVELOADOUT,保存外觀與飾品
UI_CLANGROUNDS_STORY_HERO_BANDIT_01,崔絲，或者叫小小扒手，後者是她在盜賊公會聲名遠揚時所用的名字。出生於王都貧民窟的她不得不以偷竊為生。沒過多久，她的盜竊天賦便已迅速發展。很快，入室盜竊成為了她的生活方式。\n\n崔絲是一名惡名昭彰的盜賊。她在大膽搶劫後會留下自己的名片：橡果，愛門羅最富有的市民大都害怕收到它。崔絲一直無所畏懼，直到國王第一次變得瘋狂，處於發燒帶來的多疑中，發動了對城市內盜賊的大清洗。崔絲歷經九死一生得以逃脫，不得不在一個新的家庭 ── 強盜部族中尋求避難。\n\n現在崔絲渴望著進行一次更大膽的打劫：搶奪愛門羅的至高權力！一個出生貧民窟無家可歸的幼兒，面臨亂世中遍地的競爭者，以及前所未有的危險，從那些互相爭吵的高高在上的貴族手中奪得王位，這該是一件多麼快樂的事情。她靠著一把木劍面對危險，用一顆橡果應對飢餓，以幽默感來與邪惡劃清界限。崔絲現在開始加入王座之爭。誰能從她手裡偷走它？
UI_CLANGROUNDS_STORY_HERO_BANDIT_02,賽拉斯已經是具行屍走肉了。當他的屋子陷入火海、他的家人在他眼前被活活燒死時，他內心的歡樂之光也就此灰飛煙滅了。他曾是一名父親、丈夫、漁夫，但在這一刻，過去的他已經死去，留在了房屋廢墟周圍的泥水中，現在的他飄向了黑暗深處。\n\n這一慘無人道的惡行乃受國王的守衛所指使，只因他從國王的河流裡偷走了傳奇的彩虹魚，便以家破人亡作為懲罰。\n\n他需要一段時間才能恢復，或還要經過更久的時間，他的事跡才會逐漸傳開，人們才會明白那位傳說中專門獵殺國王忠誠子民的邪惡水獺，原來就是這名漁夫。時至今日，已沒人敢說出賽拉斯的名字，害怕這位傳奇人物會找上門來，因為他已經奪走了許多人的靈魂。\n\n不是每個人都與野心和仇恨共枕，但賽拉斯成功地結合兩者，成為他爭奪王座、羞辱權貴的精神食糧。他是惡毒之王。他願意不顧一切，要對他認為該負責的人施加恐怖的復仇，以此緩解過去自己的錯誤鑄就的痛苦。\n\n他手中握著長矛，胸中燃著怒火，這位冷血殺手在這片土地上潛伏著、伺機而動，讓他人嘗嘗那被奪走心愛事物的滋味。
UI_CLANGROUNDS_STORY_HERO_BANDIT_03,在國王統治的偉大和平時期，愛門羅歷史上許多野蠻的元素都因為對和平的追求而被抹去，曾經殘忍不知寬恕的騎士，也找到了驅使他們行善事的某種詩意的浪漫主義，他們致力於保護無辜者，而不是追求財富與名譽。鋼鐵詩人霍雷斯，便是這種浪漫時期的典範。\n\n霍雷斯在他的青年時代將他傳奇的力量借給那些需要幫助的人，不惜一切代價保護高貴的國王。儘管他已奮戰多年，眼中光芒卻從未熄滅。最近幾年，國王越來越冷漠，這塊土地越來越野蠻，許多國王的守衛胸中的歡樂都已褪去，愛門羅各地也是如此。只有霍雷斯胸中火焰一直燃燒。\n\n某天晚上，一隊國王護衛受命前來逮捕霍雷斯，因為他大膽地說出了對國王的擔憂。他們在他簡陋的軍營房間中一無所獲。霍雷斯早已逃走。他看見了即將到來的災難，他只能將過去的生活拋在身後，獨身離開。現在，霍雷斯被當做強盜，卻在想辦法扭轉帝國搖搖欲墜的局勢，讓其回到充滿愛與和平的過去時光。
UI_CLANGROUNDS_STORY_HERO_BANDIT_04,絲卡蕾特出身於一個富裕的家庭，可她那酗酒又殘忍的父親卻不愛她。他的荒唐行徑實在太過分，最終竟在一場卡牌遊戲中把她輸掉了。收養她的是一隻名叫斜牙的大麥町狗，是愛門羅七大強盜部落之一「灰燼森林劫掠者」的領袖。\n\n從一名貴族被迫成為混混，絲卡蕾特不得不為了生存而戰鬥。她被斜牙冷嘲熱諷了多年，但卻一直睜大著自己敏銳的眼睛。當她一學會統治強盜部落的技巧，便假死並失蹤了，直到數年之後才回來驅逐了斜牙，並且贏得了其他六大部落的支持。\n\n作為愛門羅被剝奪權利並放逐的代表，絲卡蕾特為那些被王國所辜負的人發聲。她為了一個更真實與友好的未來而戰，在那樣的未來，酗酒的父親、不幸和邪惡的國王無法如此愚蠢地摧毀依賴他們的人們的生活。
UI_CLANGROUNDS_STORY_HERO_BEAR_01,作為古老熊族的發源地的神聖森林深處，存在一片充滿靈性的樹木，薩娜便出生於它們溫暖的懷抱當中。傳說中她被德魯伊所撫養長大，而且是某個古老預言的重要角色。儘管有著貌似崇高的出生，她的生活其實主要圍繞著平靜與沉思。\n\n在熊族中，與懷爾德最相合的成員承擔著監督部族成長的職責。他們在冥想中找到了解決熊族、甚至整個愛門羅所面臨可怕威脅的方法。薩娜因為自己的身份，必須守護她的部族。\n\n薩娜發現了愛門羅面臨著前所未見的巨大威脅：國王。這位曾聯合所有種族的高貴生物已被腐化，成為了薩娜的噩夢，驅使她加入對王座的競逐，熊族力量在她背後支持著她。\n\n薩娜，森林的姐妹，是和平的愛好者。她對和平與懷爾德的天生親近，使得她很難在爭奪權力的血腥鬥爭中出類拔萃。然而她堅持著，堅定地履行族人與懷爾德讓她承擔的責任。\n\n現在，熊族最強大的守護者已經甦醒，她將用盡一切手段守護懷爾德。
UI_CLANGROUNDS_STORY_HERO_BEAR_02,多年的戰鬥對靈魂和肉體都會造成傷害。肉體上每增加一道傷疤，靈魂也會留下不可見的傷痕。疤痕施法者布朗是愛門羅最老練的戰士之一。儘管他已年邁，身上傷痕累累，他體內的原始動力驅使他挑戰墮落王座上陷入黑暗的國王。\n\n布朗是熊族的古老組織──疤痕施法者的成員，這些雄偉戰士的力量，源自於他們自己與他人在身上刻劃的儀式紋身。布朗代表著熊族最原始的力量，這股力量拒絕與愛門羅其他族群和平協調共處，而是追求更純粹、更獸性的生活方式。然而現今的熊族大都拒絕這種生活方式，布朗也因為堅持自己的原始道路而被逐出部族。如果坐上王座，他將帶領人們進入一個更加野蠻、但也許最終能獲得自由和純淨生活的時代。\n\n布朗這位年邁的巨人有著一顆熊熊燃燒的年輕靈魂，他一生活在強大高貴的國王的陰影之中。現在，充滿傳奇色彩的國王墮入了黑暗，布朗決定大步向前，向整個愛門羅分享自己的野性智慧。
UI_CLANGROUNDS_STORY_HERO_BEAR_03,古爾並不太清楚自己為何加入王座的爭奪中。他甚至不太清楚為什麼它如此重要，為什麼有人會歡呼他的名字，又有人會嘲笑他。古爾是隻愛好和平、心思簡單的熊，卻被捲入了遠超他理解能力的紛爭中。但是，古爾仍有可能成為愛門羅的下一任國王。\n\n根據熊族傳說，每隔一個時代，愛門羅便會誕生一位懷爾德的溝通者。許多人都渴望獲得這種力量，但這種盲目的渴望只會讓他們一無所獲。懷爾德會選擇那些無意濫用其力量的人。古爾便是這一代的溝通者。他的力量甚至超過了大部分獻身於魔法者。他對此力量完全不了解，甚至感到深深的畏懼。他被選中，並非因為他的技巧、智慧或決心，而是因為它的單純。\n\n溝通者已被選出。沒人能擋在愛門羅最強大的戰士面前。\n\n大概吧 ……
UI_CLANGROUNDS_STORY_HERO_BEAR_04,魔法是一種複雜的技巧。許多試圖染指魔法的人很快便發現自己被其奇妙所征服。但若挖得太深，便可能失去那雙施法的手，甚至更多，因為你所操縱的力量會越來越不穩定。有史以來，少有人的技藝能如約達納般嫻熟。\n\n她早在國王到達愛門羅之前便已誕生，即使最隱秘的熊族都將她視作外人。她對懷爾德和其諸多形態的研究已經觸碰到了褻瀆的邊緣。她不和那些會拖累她的研究進度的傻瓜打交道，而是將自己與同族孤立開來，只有在出現巨大危險的時代才會現身，散播自己的智慧，與當權者協商。\n\n她對王座的嚮往就和她對魔法的精通一樣難以預料。儘管沒人知道為何這隻聰明的熊想要統治，她征服王位的過程註定會永遠改變愛門羅的命運。
UI_CLANGROUNDS_STORY_HERO_DRAGON_01,弗羅達是龍之部族選中的英雄。他是蠕蟲的崇高先知，是其神聖意志的尊貴低語者，也是一座明燈，引導著曾是偉大部族的殘餘力量走向全新燦爛的未來。\n\n儘管，他的意圖晦暗不明，\n\n但是，弗羅達確實在他的夢中聽見蠕蟲的聲音。他確實瞭解它的意志，並且能承受它帶來的可怕力量。但弗羅達可能更在意自己的喜好，以其神明之名宣揚恰好符合他利益的寓言。他會利用一切工具、詭計、或是靈魂、預言或其它方式取得王座。\n\n生來就掌握權勢，自小即已發號施令，這隻科摩多巨龍並不在乎他的臣民。在他的意志面前，愛門羅將會臣服，否則就會哀號掙扎，跌落黑暗深淵。
UI_CLANGROUNDS_STORY_HERO_DRAGON_02,據說在很久以前，當偉大的部族還盤踞在他們祖先老家時，在愛門羅的藏身處暴露以前，艾格尼雅就效命於蠕蟲。她可能是愛門羅中年紀最長的。這隻古老、笨重的龐然大物，擁有龍之部族驚人的天然療癒本性，她身為戰士的時間比任何記憶所及都長，連她自己都已不記得。\n\n當龍之部族從愛門羅開始他們的朝聖之旅時，艾格尼雅身先士卒成為旅途的先鋒。她是唯一一個仍然記得龍之部族那遙遠輝煌年代的生物，儘管記憶的火花已被多年的塵埃所掩蓋。如今，回到她的出生地，儘管歷經多年，她仍不見有偉大的統治者出現，也不見摯愛的蠕蟲化身或是偉大的和平使者到來。再大的耐心終將被消磨殆盡。如果沒有更優秀的人選，那麼艾格尼雅有責任接手統治。萬古以來不被承擔的責任，現在落到這隻烏龜堅毅的肩膀上。
UI_CLANGROUNDS_STORY_HERO_DRAGON_03,平衡必然存在；生與死、開始與結束。一方存在，另一方也必然如此，兩個極端之間的興衰起落使我們變得完整。\n\n這是很容易宣揚的概念，但是當時間不再在田野間播種，而是讓懷爾德旺盛的魔法逐漸消失而裨益於蠕蟲刺鼻的腐臭時，鮮少有人願意站出來做必須做的事。歐克薩娜是少數懂得平衡的人。她終其一生致力於它的平衡，並身體力行成為終極的榜樣；懷爾德的狩獵化身，德魯伊。\n\n歐克薩娜是唯一務實的生物，足以看出懷爾德茁壯得過於強大。和平不代表除掉汙穢，和平代表鼓舞一種雜亂無章的和諧。對多數人來說，這樣的任務或許不可能，可是歐克薩娜是一名哨兵，是垂死黨派的最後成員之一，她努力要維持平衡。訓練精良、技術高超且極其致命，歐克薩娜以最實際的方式履行職責，登上王座，好好監督前任未竟的功業。
UI_CLANGROUNDS_STORY_HERO_DRAGON_04,隨著數世紀的流逝，龍之部族在愛門羅的記憶中逐漸消失，他們的故事與傳說被棄置路旁，遭神話淹沒。剩餘的少數龍族將他們珍視的旗幟交給博物館，古代王權就此消聲匿跡。\n\n但是有些人，像納扎爾，無法坐視悲劇發生。\n\n生於愛門羅，納扎爾畢生鑽研龍之部族的古老習俗。這位復興龍族的狂熱者，在暗地裡行動，為頹圮的傳統餘燼點燃火光，並因此從蠕蟲那裡接收到令人發狂的幻象。這種瘋狂徒然加強他的信念。當狡猾、隱身與機智都無法解放遺失的聖物，實現古老的預言時，他保證流血將難以避免，不管是敵人的或是他自己的鮮血；對蠕蟲來說這一點也不重要。\n\n當龍之部族回歸，從愛門羅的黑暗角落竄起並超越時，它就是徵兆。愛門羅的未來深深刻在納扎爾的骨子裡；異教徒必將滅亡。
UI_CLANGROUNDS_STORY_HERO_RABBIT_01,安柏在內心深處是一名探險家。她出生於高貴的家庭，但很快便家道中落，不得不為了一日三餐奮鬥，她因此發現了自己在搜索有用物品方面的天賦。她輕易掌握了被人們長久忽視的探索地牢的藝術，並靠著變賣從古墓搜刮與盜取的物品維生。最終，她靠著這門技藝扭轉了家族的命運，並懲罰了惡劣的、將她的家族狠狠踩在腳下的傲腳氏族。\n\n安柏天資聰穎，四肢發達，頭腦也不簡單，同時尊重懷爾德的平衡，在冒險中懷爾德也從未對她造成任何阻礙。除了在冒險技巧上面面俱到以外，她還有著絕佳的政治天賦。她能把那些紈绔顯貴耍的團團轉，也願意與那些粗野的強盜分享食物。\n\n安柏振興了家族之後，開始著眼於重振王國。她那敏銳的責任令她坐立難安，她對探險的渴望如影隨形，這些情感驅使她熱烈投入了對王座的競逐中。她已準備好面對任何挑戰，戰勝任何對手。
UI_CLANGROUNDS_STORY_HERO_RABBIT_02,巴納比的真實年齡讓人們議論紛紛，也是他的對手們冷嘲熱諷的題材之一，直到他們被他特製的鎚子敲爆了頭。\n\n巴納比是一位神童、喜劇家、瘋狂的發明家、王位的競爭者，他特製的甲冑是致勝的關鍵。這隻年輕兔子的挖掘直覺遠超前人，他為自己打造了一套堅不可摧的護甲，憑此安然無恙地穿越愛門羅危機四伏的曠野。\n\n人們對巴納比的過去所知甚少，因為他的過去實在少得可憐。對這隻小兔子來說，最重要的是未來會如何。不僅僅是他自己的未來，還有整個王國的命運。他已積累了可觀的財富和名聲，這樣的聲望已足以讓大部分成年人感到滿足，但他並不打算停下，驅使他向前的動力來自於內心更深處。也許是責任感？或者是對挑戰的渴求？或者，可能僅僅是為了取樂與冒險。\n\n無論如何，愛門羅的惡棍們一旦聽到了那標誌性的、穿越森林緊跟在他們身後的盔甲碰撞聲響，他們必須記得──永遠不要招惹小孩子，除非對方先動手。
UI_CLANGROUNDS_STORY_HERO_RABBIT_03,兔族平原上每一座隱秘的古墓背後，都有著一群技術精湛的手工大師和建築師，他們用自己的知識支撐起了這個偉大的王國。艾莉西亞便是陰影中的大師之一，但和他們不一樣的是，在每一座古墓前也能見到她的身影。\n\n艾莉西亞是兔窩的守望者，這是兔窩最重要的職位之一。她要負責擊退所有入侵的敵人。她是一名工程師和建築家，這個頭銜帶給她巨大的政治影響力，足以讓她橫行無阻。她努力工作，並指導其他人也這樣做。憑藉她謹慎的監督和高超的技巧，兔族實現了許多野心勃勃的項目。那些孤獨的藝術家可能熱衷於在自己小小放屋子裡工坊里製作小飾品。但艾莉西亞有更大的夢想，想成為自己未能成為的人。\n\n在爭奪王位的混戰之中，艾莉西亞作為一名務實的候選人出現。她為兔族所做的一切令人驚訝。她有充滿創意的靈魂，又有無比的職業道德約束著她。無數偉大氏族在她的旗幟之下聯合在一起，愛門羅的未來不可限量。
UI_CLANGROUNDS_STORY_HERO_RABBIT_04,哈格雷夫·傲足是曾經強盛的傲足部落的一個怪人。他是一名傑出的戰術家、盡職的士兵、狡詐的發明家，他憑藉著個人的勇敢和技巧，讓自己的家族在錯綜複雜的兔族政壇贏得一席之地。隨著他到了毛髮變灰的年齡，打算在爐火邊休憩養老、度過嚴冬之時，卻震驚地發現自己的家族毀於一旦，一切都是由於他的一位年輕侄孫女背叛家族，以及一名自視過高的年輕洞穴挖掘者新貴。\n\n哈格雷夫發現自己失去了一切，變成一個歷史頁邊不起眼的註腳。更糟糕的是，對他家族的額外調查發現了他製作的一批黑火藥手持加農砲，讓他最後的希望也破滅了。哈格雷夫不得不眼睜睜看著兔族在失去了他的家族的領導之下走向可怕的未來，整個王國也陷入混亂。稚兒、蠢人、不知羞恥毫無教養的豬玀都加入了對王座的追逐中，善良而高貴家族的血液四處流淌。\n\n不，他拒絕忍氣吞聲。一名傲足絕不該這樣死去。他從自己灰塵滿滿的工坊深處取回了自己最致命的發明，很久以前曾被國王宣佈為非法的黑火藥加農砲。武器在手，哈格雷夫重新拾起了自己的力量與活力，投入了王座之爭中。也許還有比他更適合、更強大、更幸運的人。但哈格雷夫早已見過更古怪的一切。\n\n去奪下它吧！一位新的挑戰者登場了。
UI_CLANGROUNDS_STORY_HERO_RAT_01,笑刀墨可利歐是一隻出身於貧民窟的老鼠。他和其他貧民窟老鼠一樣誕生於骯髒之地。他在泥濘之間跋涉，親吻每一個造訪貧民窟的貴族的滿是灰塵的鞋底。但墨可利歐也是一名貴族。他的床上鋪著絲綢做的床單，和鼠族精英稱兄道弟，並且和其他貴族一樣，為了金子撒下鮮血。\n\n墨可利歐是一隻偏激的老鼠。在他的一生中，曾經賺取和失去無數財富。他是鼠族的英雄，也是懸賞最高的罪犯。他漫步整個愛門羅大陸，看見了這個王國所能提供的一切。\n\n現在，墨可利歐的目標只剩一個。\n\n千千萬萬人才能鑄就了一個王國，但只有一人能戴上王冠。有誰比他這個從最低之處和最高之峰看過這世界的人更有資格？\n\n手持刀刃，這名氣勢昂然的盜賊，帶著他圓滑、致命的獨有自信，加入了爭取王座的競逐。小心了，一旦這名老鼠開始行動，混亂、笑容、以及恰到好處的陰謀將會紛至沓來。
UI_CLANGROUNDS_STORY_HERO_RAT_02,鼠族的刺客是世界上最致命的刺客。在鼠城隱秘的壁龕中，以及愛門羅孤立的角落裡，存在著大量秘密組織。每個組織都伴隨著刺客們無數口角，他們為爭奪目標殺起自己人來不弱於刺殺目標。\n\n佐莎侍奉傳說中的「夜母」，即使是對刺客團夥的首領們來說，夜母都是一個謎。有人為了提高自己的聲望，稱她是自己的手下，卻發現自己消失在夜色之中。\n\n佐莎精通她的技藝。她在陰影之中如液體般游走，利用自己與生俱來的潛行能力，對目標施以毀滅性的打擊。裝備著鼠族歷史上神聖的帶刃雙棍，她是一名小心謹慎、真正不可阻擋的殺手。\n\n佐莎對王位的追逐又給人們帶來了驚訝。那些少數在她探索前便認識她的人，都不敢相信這隻暗影的生物會越入眾目聚焦之處開始自己的旅程。也許是她那神秘的女主人希望用一些奇怪又惡毒的手段來掌控這世界。除了佐莎，沒人能確定這一點。
UI_CLANGROUNDS_STORY_HERO_RAT_03,迷霧行者薩爾貢是一名被詛咒者。這隻面色鐵青的年邁老鼠將他的一生都獻給了對迷霧的研究，這是一種懸置於隔絕生與死的虛空之中的奇特能量。他的研究持續了數十年，隨著他放棄開闊的原野，投入黑暗的洞穴，他的身體便枯萎了。他對縹緲深淵的持續凝視永遠地改變了他的心靈。現在，薩爾貢能同時看見現實的此世與迷霧的彼世。所有死去的生物和生命，都在鮮活的清醒之夢中向他揭示。\n\n薩爾貢崇拜這種詛咒。他對於奧術技藝的黑暗面的研究，便是故意為了引起這股神祕力量的憤怒，透過刻意讓自己的心靈被腐蝕來更好地理解它們。薩爾貢是唯一一位懂得迷霧的詭異性質的愛門羅居民。數十年來，他一直向愛門羅善變的統治者灌輸著邪惡又矛盾的建議，現在，他決定利用這些黑暗的知識來競逐王位。\n\n薩爾貢借助詭祕又獨特的魔法、裝神弄鬼的天賦、以及恰到好處的恫嚇，讓自己成為了一名遊走於現世與彼世的統治者。又有誰敢冒著生命危險來對抗迷霧行者的異界力量呢。
UI_CLANGROUNDS_STORY_HERO_RAT_04,格里葉是隻溫文爾雅的老鼠。她享受生活一切的美好事物：美好的食物與親密的朋友，尤其喜歡與友人共同分享著美食與故事。她也是一隻性格狂暴的老鼠。她享受戰鬥帶來的快感、死者的哭嚎，用切肉刀將敵人四分五裂時遍地流淌的鮮血。當然，她在殺戮時總是身穿一件圍裙，以免弄髒自己漂亮的衣服。\n\n格里葉是鼠族貴族的代表。在儒雅的外表下，潛藏著一個浮華、骯髒、暴戾的地下社會，由原始本能所統治著。她憑著純粹的狡詐、對時運的把握、迅速行動與絕對暴力，使自己在這個墮落的階層中不斷向上攀爬。而現在，她成為了整個愛門羅最可怕的貴族之一。儘管有些人將追逐王座視作本分，或自己與生俱來的權利，格里葉卻只將它看作自己那鮮血篇章的下一頁。她所依賴的只有自己的力量，但這力量也可能讓她成為愛門羅的女王。
UI_CLANGROUNDS_STORY_HERO_WOLF_01,森 · 格雷邁恩是狼族的傳奇、格雷邁恩族的王子，一位備受尊敬的劍術大師，同時也是傳說武器赫肯斯之劍的使用者。這位少狼身具無可辯駁的天賦和血統，即使他的敵人也不得不承認這一點。\n\n森熱愛自己的盛名，並對自己有適度的自信。他願意不惜一切證明自己對於狼族的價值。因此，他會為了這一夢想提起武器站上前去，對抗任何威脅。\n\n在森驃悍的外表背後，藏著一個備受呵護的貴族孩子。他作為皇家的戰士度過了生命中大部分時間，而他的哥哥尖牙以及他的父親則擔起領導氏族的重任。\n\n森的這種美好的生活終究被撕碎了，他的父親被殺，哥哥被狼族放逐。猛然之間，數千個狼族成員的希望與夢想便落在了森的身上，他們希望能由他領導。這份責任對這個年輕人來說也許太過沉重。\n\n現在，森開始進入愛門羅闖蕩。發生在他身上的不幸也讓他承擔起了危險的責任。他握著手上的劍，嚎叫著向所有與他作對的人發起挑戰。劍術大師、戰術家、崇高之人、或是忠誠的狼族成員，不管你怎麼看待這位冬狼，他就在這裡，他對王國的影響力將會是無庸置疑的。
UI_CLANGROUNDS_STORY_HERO_WOLF_02,遊俠曾是狼族的秘密武器。他們是一種神聖的傳統角色，只有最有天分的求生專家才能擔任，而且要能忍受愛門羅冰封邊緣的寒冬。里弗從始至終都是一名遊俠，她的一生都在荒野中度過，精通狼獵的每一種致命手段。\n\n遊俠一加入狼獵後，便放棄了自己的血統。里弗從來不知道自己的父母姐妹是誰。但在她的生涯中，她注意到了其他遊俠眼中有著某種特別的閃光。儘管她並不確定，但仍然覺得她的家人一直在她周圍。她便是為了這個家庭而戰鬥。在導致尖牙 ‧ 格雷邁恩遭到放逐的悲劇事件中，幾乎所有的遊俠們都慘遭屠殺，只有里弗倖存了下來。\n\n她裝備著一副長弓、一把匕首，以及天生敏銳的頭腦，她在生涯中戰勝了許多致命的對手，而且從未依靠外界的指導。現在的她雖然從身份上來講是一名外人，但卻曾發誓要保衛這片土地，她意識到這片土地需要新的統治者。一個不會受困於各種瑣事和過去的錯誤的國王。一個勇敢戰鬥、運籌帷幄、知道如何在孤獨的王座上生存下去的國王。\n\n愛門羅需要一位遊俠。
UI_CLANGROUNDS_STORY_HERO_WOLF_03,一些最明智的戰士會說，你從戰敗中學到的比勝利中多。一個人通過失敗，從更深的層面理解了戰鬥的本質，並將這一知識變為未來的巨大優勢。\n\n這一觀點對瑪迦納來說完全不適用。因為她就是未嘗一敗的最強者。\n\n瑪迦納身為狼族的女盾衛之一，將自己的一生都獻給了守衛狼族王室。然而狼族內鬥，叛徒尖牙殺死格雷邁恩首領後，這一崇高使命陷入了混亂之中，雖心懷善意但終究毫無用處的幼狼森成為王子。\n\n這次，瑪迦納決定不再堅守信念。她失去了太多好友，流了太多鮮血，卻看著自己的努力被那些毫不稱職的上位者肆意玷污。然而即使她搜尋了整個狼族，卻發現沒有人值得她效忠，沒有一位英雄有資格受到最偉大的女盾衛來守護。\n\n這時候，瑪迦納看清了自己在愛門羅的角色。\n\n在這新的時代，血統根本無足輕重。唯一能決定王座歸屬的便是力量和意志。高舉手中盾牌的瑪迦納在這兩方面都足夠優異。現在，她為了自己而爭奪王座，並要為愛門羅建造一個新的光榮時代。
UI_CLANGROUNDS_STORY_HERO_WOLF_04,當尖牙看著眼前一群頭髮灰白的老狼宣誓效忠他時，他還只是一名孩子。身為愛門羅第二強大氏族的王子，他距離整個大陸權力的最高峰可謂僅有一步之遙。數年之後，他看著同樣的這群人嘲笑他、辱罵他、並將他驅逐出了自己的家。被放逐的王子從此一無所有。\n\n尖牙是一名狂戰士。他在生活的方方面面都無所畏懼、勇於冒險。在目睹了父親多年來與王國的野蠻政治進行無用的鬥爭後，他決定將自己的命運賭在操縱汙穢上。在這一豪賭失敗後，他被放逐並被弟弟森取代，不得不離開氏族生活，而汙穢從此在他的體內逐漸惡化。\n\n現在，爭奪王座的鬥爭到了最血腥的頂點，尖牙也自愛門羅的最遠端現身。他最後的一絲王室的紈褲氣息已經消散，取而代之的是最原始的野蠻，即使是最堅強的敵人都會感到畏懼。\n\n尖牙用來爭奪王座的不是早已蕩然無存的高貴血統，或者是什麼責任感，而是最基本的法則：勝者為王。只有最強大、擁有足夠力量的人才能取得王座、佔有王國。\n\n尖牙將稱霸愛門羅 ── 至少他會不計一切地嘗試。
UI_CLANGROUNDS_TAB_HEROMASTERY,精通
UI_CLANGROUNDS_TAB_LOADOUT,外觀與飾品
UI_CLANGROUNDS_TAB_OVERVIEW,概覽
UI_CLANGROUNDS_TAB_STORY,故事
UI_CLEAR_PROLOGUE_ACT,要清除你的 「{0}」 儲存檔嗎？
UI_CLICK_TO_CLOSE,點擊關閉
UI_CLICK_TO_CONTINUE,點擊繼續
UI_CLOSE,關閉
UI_COMINGSOON,即將推出！
UI_COMMUNICATION_ERROR,噢！無法連結網路服務。不用擔心，先檢查一下你的網路連結，稍後再試一次。
UI_CONFIRM_PALACE_ENTRY,進入王宮
UI_CONFIRM_TILE_ENTRY,進入{0}
UI_CONNECTING,連結中
UI_CONTINUE,繼續
UI_CONTINUE_CHARACTER_TURN,回合：{0}
UI_CONTINUE_DLC_NOT_AVAILABLE,該存檔中的內容無法讀取。\n\n{0}\n請確認是否已安裝相應的 DLC，或者開始一場新遊戲。
UI_CONTINUE_GAME,繼續保存進度
UI_CONTINUE_GAME_DAY,第{0}個白天
UI_CONTINUE_GAME_LAST_PLAYED,上一次遊玩：{0}
UI_CONTINUE_GAME_NIGHT,第{0}個黑夜
UI_CONTINUE_PROLOGUE_ACT,要繼續「{0}」嗎？
UI_CONTINUE_SKIN,{0}外觀
UI_CONTINUE_START_AGAIN,重新開始
UI_CONTINUE_YOUR_TURN,回合：你的
UI_CONTROLLER_DISCONNECTED,控制器已斷開連結。按<controller_icon>繼續。
UI_CORRUPTED,腐化
UI_CREDITS_HEADING_COLLABORATORS,合作者
UI_CREDITS_HEADING_FRIENDS_FAMILY,朋友與家族
UI_CREDITS_HEADING_KS_ARMELLIAN,支持者 - 愛門羅人
UI_CREDITS_HEADING_KS_ARTISAN,支持者 - 工匠
UI_CREDITS_HEADING_KS_BANDITS,支持者 - 強盜
UI_CREDITS_HEADING_KS_GAMER,支持者 - 玩家
UI_CREDITS_HEADING_KS_GUARDIAN,支持者 - 守衛
UI_CREDITS_HEADING_KS_GUPPY,支持者 - 我愛咯比！
UI_CREDITS_HEADING_KS_HERO,支持者 - 英雄
UI_CREDITS_HEADING_KS_LISTENER,支持者 - 聆聽者
UI_CREDITS_HEADING_KS_SCRIBE,支持者 - 作家
UI_CREDITS_HEADING_LEAGUEOFGEEKS,League of Geeks
UI_CREDITS_HEADING_LEGAL,法律
UI_CREDITS_HEADING_QA,品質保證
UI_CREDITS_HEADING_SPECIAL_THANKS,特別鳴謝
UI_CREDITS_HEADING_VERY_SPECIAL_THANKS,特別鳴謝
UI_CREDITS_VERY_SPECIAL_THANKS,本遊戲的絕大多數內容是在庫林民族烏倫傑瑞人的土地上完成。\n我們尊敬他們的長老；無論過去還是現在。\n主權統治從未分割。
UI_DEVOUR_CARD,吞噬卡牌
UI_DICE_AVAILABLE,骰子已可使用！
UI_DICE_UNLOCKED,骰子已解鎖！
UI_DISCONNECTED_FROM_LOBBY,哎呀！\n您和遊戲大廳的\n連線似乎中斷了！
UI_DISCONNECT_AFK,已被踢出遊戲（中離）
UI_DISCONNECT_LEFT,離開遊戲
UI_DISCONNECT_QUIT_MAIN_MENU,返回主選單
UI_DISCONNECT_TIMEOUT,連線中斷
UI_DISMISS,離開
UI_DISPLAYSAFEAREARATIO,顯示縮放
UI_DONT_SHOW_AGAIN,不再顯示
UI_EDIT,編輯
UI_ENCOUNTERING_PERIL,遭遇危機
UI_ENDTURN,結束回合
UI_ENJOY_NO,不盡然……
UI_ENJOY_PROMPT,我們很想知道，您喜歡愛門羅嗎？
UI_ENJOY_YES,是的！
UI_ENTER_SHOP,進入斯基夫的商店
UI_EQUIP_ITEM,裝備道具
UI_EXIT_PROLOGUE,退出序幕
UI_EXIT_PROLOGUE_CONFIRM,愛門羅是個相對複雜的遊戲。我們強烈建議你完成序幕（教學）。\n\n你確定要退回主選單嗎？\n\n如果你改變了主意，你可以透過前往「單人遊戲」選擇「序幕」以繼續教學。
UI_FEEDBACK_NO,晚點再說
UI_FEEDBACK_PROMPT,我們很期待你的回覆！
UI_FEEDBACK_YES,電子郵件
UI_FIRSTTIMEOFFER,歡迎特賣！
UI_FIRSTTIMEOFFER_RIVERSHARDS,里弗 + 碎片組合
UI_FIRST_SINGLEPLAYER_GAME,恭喜！你已經準備好前往愛門羅的廣闊世界了。你想立刻開始一場單人遊戲嗎？
UI_FOCUS,專注
UI_FREE,免費！
UI_GAMER_CARD,出示玩家卡牌
UI_GDPR_DATA_DELETE,若要刪除、更正或下載您的帳戶資訊，請聯絡我們：\nadmin@leagueofgeeks.com
UI_GDPR_DATA_PRIVACY,用戶資料與隱私
UI_GDPR_GO_OFFLINE,離線
UI_GDPR_GO_ONLINE,在線
UI_GDPR_GO_ONLINE_TOOLTIP,啟用在線功能！
UI_GDPR_MESSAGE_DESCRIPTION,我們相當注重您的帳戶資訊及隱私，同時也希望能讓您對個人資料有更多的支配權。\n\n為達此目的，我們提供了兩種方式來遊玩愛門羅，其中一個是不會進行任何資料蒐集、也不具有任何在線功能的私人離線模式。\n\n別忘了，關於國際資料保護法，您在遊玩愛門羅時就已接受了 League of Geeks 的隱私權政策、服務條款和愛門羅的 EULA。我們會分析和蒐集資料來改善愛門羅的遊戲體驗和基本服務的運作。若您不同意讓相關資料被蒐集，或您在您所處國家的法律上為未成年人，您則需遊玩離線模式。
UI_GDPR_MESSAGE_NOTE,附註：您可以在遊戲內切換離線和在線模式。
UI_GDPR_MESSAGE_TITLE,愛門羅資料與隱私保護
UI_GDPR_OPTION_LINK_EULA,[u]愛門羅的EULA[/u]
UI_GDPR_OPTION_LINK_PRIVACYPOLICY,[u]隱私政策[/u]
UI_GDPR_OPTION_LINK_TOS,[u]服務條款[/u]
UI_GDPR_OPTION_PLAY_OFFLINE,離線遊玩
UI_GDPR_OPTION_PLAY_ONLINE,連線遊玩
UI_GDPR_OPTION_STAY_OFFLINE,保持離線
UI_GDPR_OPTION_STAY_ONLINE,保持在線
UI_GIVEGIFT,贈送禮物！
UI_GIVEGIFT_BARRELS,庫存的禮物桶
UI_GIVEGIFT_ERROR_GIFTED,你真是慷慨啊，但每場公開多人遊戲你只能贈送一次禮物。
UI_GIVEGIFT_ERROR_LATE,噢，謝謝！但是你給的太遲了。禮物必須在推薦結束前送出。
UI_GIVEGIFT_ERROR_NOBARRELS,你沒有可以打開的禮物桶。想在斯基夫購買它們嗎？你可以在主選單進入商店。
UI_GIVEGIFT_HERO,<player>正在打開一個禮物桶！
UI_GIVEGIFT_MESSAGE_BANDIT01,這是我偷來的，沒錯 …… 為了你而偷的。
UI_GIVEGIFT_MESSAGE_BANDIT02,我可不是經常送禮物的 ……
UI_GIVEGIFT_MESSAGE_BANDIT03,來自這名騎士，送給他的一位朋友。
UI_GIVEGIFT_MESSAGE_BANDIT04,所有愛門羅子民都應該分享到戰利品。
UI_GIVEGIFT_MESSAGE_BEAR01,願懷爾德保佑你。
UI_GIVEGIFT_MESSAGE_BEAR02,這是給你的，懷爾德的戰士。
UI_GIVEGIFT_MESSAGE_BEAR03,我碰過那個桶了。
UI_GIVEGIFT_MESSAGE_RABBIT01,我們來分享這些戰利品吧。
UI_GIVEGIFT_MESSAGE_RABBIT02,這是一個霹靂無敵大驚喜！
UI_GIVEGIFT_MESSAGE_RABBIT03,真是辛苦了。請享受吧。
UI_GIVEGIFT_MESSAGE_RAT01,這份禮物來自一位 …… 朋友（？）。
UI_GIVEGIFT_MESSAGE_RAT02,願夜晚保佑你。
UI_GIVEGIFT_MESSAGE_RAT03,你的禮物，來自迷霧彼方。
UI_GIVEGIFT_MESSAGE_WOLF01,你打得真好！
UI_GIVEGIFT_MESSAGE_WOLF02,你的決心值得讚賞。
UI_GIVEGIFT_MESSAGE_WOLF03,別因為收到禮物而得意忘形了。
UI_HERO_COMMS_DISCONNECTED,連線中斷了！
UI_HERO_HAS_PERISHED,已經死亡
UI_HERO_SELECT_AI_RANDOM,重新隨機決定 AI 英雄
UI_HERO_SELECT_AI_SELECT,選擇AI英雄
UI_HERO_SELECT_CHANGE_DICE,循環骰子
UI_HERO_SELECT_CHOOSE_DICE,選擇骰子
UI_HERO_SELECT_HERO_BIO,英雄簡介
UI_HERO_SELECT_HOUSE_RULES,遊戲規則
UI_HERO_SELECT_NEXT_HERO,下一個英雄
UI_HERO_SELECT_NOT_AVAILABLE_IN_RANKED_OR_PUBLIC,在公開遊戲中不可使用
UI_HERO_SELECT_RANDOM_AMULET,選擇一個隨機護符。
UI_HERO_SELECT_RANDOM_HERO,選擇一個隨機英雄。
UI_HERO_SELECT_RANDOM_RING,選擇一個隨機印戒。
UI_HOST_LEFT,遊戲大廳主人已經離開了大廳。
UI_INFINITY,∞
UI_INSUFFICIENT_FUNDS,老兄，你錢不夠啊！
UI_INSUFFICIENT_FUNDS_HARD,你沒有足夠的碎片！
UI_INSUFFICIENT_FUNDS_SOFT,你沒有足夠的皇令！
UI_INSUFFICIENT_FUNDS_TITLE,資金不足
UI_INVALID_ROOM_CODE,無效房間密碼
UI_INVENTORY_CHANGE_CATEGORY,循環類目
UI_INVENTORY_CHANGE_PAGE,改變頁數
UI_INVENTORY_ERROR,噢！無法連結物品欄伺服器。不用擔心，先檢查一下你的網路連結，稍後再試一次。
UI_INVENTORY_ITEM_STORE,斯基夫的商店
UI_INVENTORY_ITEM_STORE_ERROR,噢！無法與商店連結。不用擔心，先檢查一下你的網路連結，稍後再試一次。
UI_INVENTORY_MARKETABLE,可出售
UI_INVENTORY_NOT_MARKETABLE,不可出售
UI_INVENTORY_NOT_TRADEABLE,不可交易
UI_INVENTORY_NOT_TRANSMOGRIFIABLE,不可變形
UI_INVENTORY_TAGS,標籤
UI_INVENTORY_TRADEABLE,可交易
UI_INVENTORY_TRANSMOGRIFIABLE,可變形
UI_JOURNAL_NEXT_QUEST,下一個任務
UI_JOURNAL_PREVIOUS_QUEST,前一個任務
UI_JOURNAL_UPDATED,日誌已更新
UI_KICK,踢出
UI_KINGS_EDICT,國王的敕令
UI_KING_AT_DAWN_EFFECT,在黎明時生命值 -1
UI_KING_AT_DUSK_EFFECT,黃昏時汙穢 +1
UI_LANGUAGE_DEFAULT,預設
UI_LEAVE,離開
UI_LEAVE_GAME,離開遊戲
UI_LOADING,載入中
UI_LOCKED,已鎖定
UI_MAP_GENERATION_1,種植森林
UI_MAP_GENERATION_10,清掃平原
UI_MAP_GENERATION_11,為王宮拋光
UI_MAP_GENERATION_12,召集部族
UI_MAP_GENERATION_13,驅散鳥群
UI_MAP_GENERATION_14,調整隨機事件
UI_MAP_GENERATION_15,喝杯珍珠茶
UI_MAP_GENERATION_16,重新洗牌
UI_MAP_GENERATION_17,隱藏秘密
UI_MAP_GENERATION_2,重新繪製網格線條
UI_MAP_GENERATION_3,喚醒平民
UI_MAP_GENERATION_4,接受任務
UI_MAP_GENERATION_5,充實村落人口
UI_MAP_GENERATION_6,挖掘地牢
UI_MAP_GENERATION_7,增強沼澤的臭味
UI_MAP_GENERATION_8,生成山地
UI_MAP_GENERATION_9,淨化巨石陣
UI_MONTH_2,二月
UI_MONTH_3,三月
UI_MONTH_4,四月
UI_MONTH_5,五月
UI_MONTH_6,六月
UI_MONTH_7,七月
UI_MORE_INFO,更多信息
UI_MOSTPOPULAR,最受歡迎
UI_MULTIPLAYER_BACK,返回
UI_MULTIPLAYER_CLEAR_ROOM_CODE_LABEL,清除房間密碼
UI_MULTIPLAYER_CONVERT_TO_PUBLIC_QUEUE,轉換為公開大廳
UI_MULTIPLAYER_DISMISS_AI,解散A.I
UI_MULTIPLAYER_ENTER_ROOM_CODE,輸入房間密碼：
UI_MULTIPLAYER_EVENTTIMER_ENDS,結束於
UI_MULTIPLAYER_EVENTTIMER_STARTS,開始於
UI_MULTIPLAYER_FIND_GAME,尋找遊戲
UI_MULTIPLAYER_FIND_PLAYERS,尋找玩家
UI_MULTIPLAYER_GAMEPLAY_OPTIONS,遊戲設置
UI_MULTIPLAYER_GATHER_PARTY,組隊
UI_MULTIPLAYER_GO_TO,開始私人遊戲
UI_MULTIPLAYER_HOUSE_RULES,遊戲規則
UI_MULTIPLAYER_INVITE_FRIENDS,邀請好友
UI_MULTIPLAYER_JOIN_ROOM_LABEL,用密碼進入房間
UI_MULTIPLAYER_JOIN_ROOM_NO_CODE_LABEL,加入房間
UI_MULTIPLAYER_LEAVE_PARTY,離開團隊
UI_MULTIPLAYER_LEAVE_QUEUE,停止搜尋玩家
UI_MULTIPLAYER_LEAVE_STOP_SEARCH,中止搜尋
UI_MULTIPLAYER_LETS_PLAY,開始玩吧！
UI_MULTIPLAYER_MAKE_ROOM_CODE_LABEL,顯示房間密碼
UI_MULTIPLAYER_OPTIONS,選項
UI_MULTIPLAYER_PERMIT_FRIENDS,允許好友加入大廳
UI_MULTIPLAYER_PLAY_SINGLEPLAYER,你可以在等待加入比賽期間遊玩單人遊戲！
UI_MULTIPLAYER_PRIVATE_GAME,私人遊戲
UI_MULTIPLAYER_RECRUIT_AI,招募A.I
UI_MULTIPLAYER_ROOM_CODE_LABEL,房間密碼
UI_MULTIPLAYER_START_PUBLIC,開始公開遊戲
UI_NEWS_FEED,新聞列表
UI_NEXT,下一頁
UI_NEXT_SKIN,下一個外觀
UI_NEXT_TURN_ACTION_BUTTON,結束\n回合
UI_NOT_READY,尚未就緒
UI_NOT_YET,還不行！
UI_OFF,關
UI_OFFLINE,離線
UI_OK,確認
UI_ON,開
UI_OPTIONS_APPLY_CHANGES,套用新設置
UI_PALACE_ENTRY_BODY_TEXT,你想進入王宮嗎？該行為將激怒國王和他的守衛，消耗你剩餘的行動點數，並且將面臨一場可怕的危機。
UI_PALACE_ENTRY_TITLE,王宮入口
UI_PICK_RUMOUR_WARNING_1_0,懷爾德預知了你的到來
UI_PICK_RUMOUR_WARNING_1_1,聽好了<hero_name>！
UI_PICK_RUMOUR_WARNING_1_2,<hero_name>。過來這裡！
UI_PICK_RUMOUR_WARNING_1_3,嘿！<hero_name>。
UI_PICK_RUMOUR_WARNING_1_4,是你！讚美懷爾德！
UI_PICK_RUMOUR_WARNING_1_5,嘿！年輕人！
UI_PICK_RUMOUR_WARNING_1_6,想施捨窮人嗎？
UI_PICK_RUMOUR_WARNING_1_7,過來，聽好了。
UI_PICK_RUMOUR_WARNING_1_8,嗯？傳聞？
UI_PICK_RUMOUR_WARNING_1_9,英雄！聽好了！
UI_PICK_RUMOUR_WARNING_2_0,我求你，聽好了。
UI_PICK_RUMOUR_WARNING_2_1,有些狀況需要你幫忙處理。
UI_PICK_RUMOUR_WARNING_2_2,聽好了<hero_name>。
UI_PICK_RUMOUR_WARNING_2_3,<hero_name>……你就不能好好聽我說話嗎？！
UI_PICK_RUMOUR_WARNING_2_4,你沒聽到我說的話嗎？
UI_PICK_RUMOUR_WARNING_2_5,注意聽好了！
UI_PICK_RUMOUR_WARNING_2_6,我聽到一些你可能不敢相信的東西。
UI_PICK_RUMOUR_WARNING_2_7,這些話我只說一次。
UI_PICK_RUMOUR_WARNING_2_8,我這兒有些消息。你是要聽還是不要聽？
UI_PICK_RUMOUR_WARNING_2_9,我可沒多少時間
UI_PICK_RUMOUR_WARNING_3_0,懷爾德需要你加緊腳步！
UI_PICK_RUMOUR_WARNING_3_1,注意聽！愛門羅需要你！
UI_PICK_RUMOUR_WARNING_3_2,如果你不想聽，我就走了！
UI_PICK_RUMOUR_WARNING_3_3,<hero_name>……<hero_name>！！！
UI_PICK_RUMOUR_WARNING_3_4,典型的自尊心膨脹的英雄！
UI_PICK_RUMOUR_WARNING_3_5,如果能聽下長輩說的話，你會做得更好的。
UI_PICK_RUMOUR_WARNING_3_6,反正我也不需要你。
UI_PICK_RUMOUR_WARNING_3_7,獨自去嘗試的你簡直就是個傻瓜。
UI_PICK_RUMOUR_WARNING_3_8,你們這些英雄都是蛇鼠一窩。
UI_PICK_RUMOUR_WARNING_3_9,你得聽好了！
UI_PICK_RUMOUR_WARNING_GOAL_1_FREEDOM,議會發出有價值的指導。
UI_PICK_RUMOUR_WARNING_GOAL_1_SCALE,議會發出有價值的指導。
UI_PICK_RUMOUR_WARNING_GOAL_1_WORM,議會發出有價值的指導。
UI_PICK_RUMOUR_WARNING_GOAL_2_FREEDOM,議會裡悄悄談論著財富與機會。
UI_PICK_RUMOUR_WARNING_GOAL_2_SCALE,議會裡悄悄談論著財富與機會。
UI_PICK_RUMOUR_WARNING_GOAL_2_WORM,議會裡悄悄談論著財富與機會。
UI_PICK_RUMOUR_WARNING_GOAL_3_FREEDOM,自己選一條路，否則就幫你選。
UI_PICK_RUMOUR_WARNING_GOAL_3_SCALE,自己選一條路，否則就幫你選。
UI_PICK_RUMOUR_WARNING_GOAL_3_WORM,自己選一條路，否則就幫你選。
UI_PLATFORM_DEPRECATE_LINUX,由於我方線上服務提供商的原生Linux支援已遭放棄，團隊功能與私人多人遊戲現僅可透過經由Steam Play (Proton)以模擬方式運行《愛門羅》使用。
UI_PLATFORM_DEPRECATE_OSX,由於我方線上服務提供商的支援已遭放棄，MacOS上的團隊功能與私人多人遊戲現已不再可使用。
UI_PLAY,使用
UI_PLAYER,玩家
UI_PLAYER_ALL_JOINED,所有玩家都加入了！
UI_PLAYER_AT_DAWN_EFFECT,在黎明時+{0}金幣
UI_PLAYER_AT_DUSK_EFFECT,在黃昏時魔法回歸平衡
UI_PLAYER_DISCONNECTED,連線已中斷。
UI_PLAYER_JOINED,找到玩家！
UI_PLAYER_LEFT,玩家離開了隊列
UI_PLAYER_NOT_AUTHORIZED,噢，你並未在 Google Play 獲得授權。你可以繼續遊戲，但雲端儲存將不會生效或同步。
UI_PLAY_AS_PERIL,當作危機使用
UI_PLAY_CARD,打出卡牌
UI_PLAY_TO_BANE,施用於魔鴆
UI_PLAY_TO_HERO,施用於英雄
UI_PLAY_TO_KINGSGUARD,施用於國王的守衛
UI_PLAY_TO_PERIL,施用於危機
UI_PLAY_TO_TILE,施用於格子
UI_PRESTIGE_LEADER,威望首領
UI_PREVIOUS,上一步
UI_PREVIOUS_SKIN,先前的外觀
UI_PRIVACYPOLICY,隱私政策
UI_PRIVATE,私人
UI_PROLOGUE,序幕
UI_PURCHASE,購買
UI_PURCHASED,已購買
UI_QUESTING,任務
UI_QUEST_CHALLENGE_BODY,體力挑戰
UI_QUEST_CHALLENGE_FIGHT,戰力挑戰
UI_QUEST_CHALLENGE_REWARD_BODY,體力挑戰獎勵
UI_QUEST_CHALLENGE_REWARD_FIGHT,戰力挑戰獎勵
UI_QUEST_CHALLENGE_REWARD_SPIRIT,精力挑戰獎勵
UI_QUEST_CHALLENGE_REWARD_WITS,智力挑戰獎勵
UI_QUEST_CHALLENGE_SPIRIT,精力挑戰
UI_QUEST_CHALLENGE_WITS,智力挑戰
UI_RANDOM,隨機
UI_RANK,等級
UI_RANK_BONUS_COMMENDATION,推薦！
UI_RANK_BONUS_CONTENDER,競爭者！
UI_RANK_BONUS_LONE_WOLF,獨狼！
UI_RANK_BONUS_UNDERDOG,小蝦米！
UI_RANK_BONUS_WIN_STREAK,連勝！
UI_RANK_COMMEND_PLAYER,推薦玩家
UI_RANK_DEFEAT,戰敗
UI_RANK_HERO_DEFEATED,<hero_name>被打敗了！
UI_RANK_VICTORY,勝利！
UI_RANK_WAIT_FOR_COMMENDATION,正等待玩家推薦：{0}
UI_READY,準備就緒
UI_READY_CARD,準備卡牌
UI_READY_EXCLAMATION,準備就緒！
UI_RECONNECT,重新連線
UI_RECONNECTING,重新連結中……
UI_RECRUIT_FOLLOWER,招募隨從
UI_REORDER,重新排序
UI_REPORT_BUG,回報程式錯誤
UI_REPORT_SENT,已發送報告
UI_REPORT_USER,檢舉使用者
UI_REVERT_TO_DEFAULTS,恢復預設
UI_REVERT_TO_DEFAULTS_MOBILE,恢復
UI_REWARDTRACKER_DROPSREMAIN,剩餘寶箱
UI_REWARDTRACKER_ENDGAMEDROPS,遊戲結束掉落
UI_REWARDTRACKER_ENDGAMEDROPS_TIMELEFT,剩餘 {0} 小時
UI_REWARDTRACKER_ENDGAMEDROPS_TIMELEFT_STEAM,重置剩餘：
UI_REWARDTRACKER_FREEITEM,免費物品！
UI_RINGS_AND_AMULETS,戒指與護符
UI_ROUTED,趕盡殺絕！
UI_SALE_LIMITEDTIME,限時優惠！
UI_SALE_PERCENT,{0}%折扣
UI_SAVEGAME_VERSION_MISMATCH,該存檔與目前版本的愛門羅並不相容。它已經被清除了。
UI_SEARCHING,尋找中 ……
UI_SEARCHING_ESTIMATED_WAIT,估計等待時間：{0}
UI_SEARCHING_ESTIMATED_WAIT_LONG,大於{0}分鐘
UI_SEARCHING_ESTIMATED_WAIT_SHORT,小於{0}秒
UI_SEARCHING_FOR_PLAYER,正在尋找玩家 ……
UI_SELECT,選擇
UI_SELECTING_HERO,選擇英雄
UI_SELECTING_LOADOUT,選擇外觀與飾品
UI_SELECT_ACTION,選擇行動
UI_SELECT_AMULET,選擇護符
UI_SELECT_CHARACTER,選擇角色
UI_SELECT_FINALISE,決定
UI_SELECT_HERO,選擇英雄
UI_SELECT_HERO_LOADOUT,編輯外觀與飾品
UI_SELECT_HERO_RANDOM,選擇隨機英雄
UI_SELECT_KINGSDEC,選擇詔令
UI_SELECT_QUEST,選擇任務
UI_SELECT_RING,選擇印戒
UI_SELECT_SELECT_AI,選擇 AI
UI_SELECT_TILE_ATTACK,攻擊
UI_SELECT_TILE_MOVE,移動到格子
UI_SEND,發送
UI_SKIP,跳過
UI_SLOT_EMPTY,[空欄位]
UI_SPIRIT_STONES,心靈石
UI_START,開始
UI_START_TURN_MESSAGE,<hero>的回合
UI_STEALTH,潛行
UI_STEAM_PROFILE,Steam 個人檔案
UI_STORE_ASK_SIGNIN_CANCEL,不
UI_STORE_ASK_SIGNIN_OK,登入
UI_STORE_ASK_SIGNIN_TEXT,注意，愛門羅的居民！\n\n您還沒有創建一個帳戶，如果繼續，任何購買紀錄或遊戲進度將會遺失。\n\n您確定嗎？
UI_STORE_ITEMLOCKEDBYPROLOGUE,需要完成序幕的 {0} 章節來解鎖購買。
UI_STORE_LOAD_GETTINGITEMS,載入物品中……
UI_STORE_LOAD_PURCHASE,購買 {0} 中……
UI_STORE_LOAD_PURCHASEFAIL,無法購買物品。
UI_STORE_LOAD_PURCHASESUCCESS,成功了！
UI_STORE_LOAD_REFRESH,刷新物品中……
UI_STORE_LOAD_RESTORE,恢復購買中……
UI_STORE_LOAD_RESTOREFAIL,無法恢復購買。
UI_STORE_LOAD_RESTORESUCCESS,購買已恢復！
UI_STORE_LOAD_STEAMOVERLAYUNAVAILABLE,無法打開Steam界面。
UI_STORE_MSG_INSTORE_GENERIC_1,這個月的好東西都來了。這些都是最好的。
UI_STORE_MSG_INSTORE_GENERIC_2,所有的庫存都是貨真價實的愛門羅物產！我沒弄錯的話。
UI_STORE_MSG_INSTORE_GENERIC_3,我只會把最好的賣給你，我的朋友。
UI_STORE_MSG_INSTORE_GENERIC_4,要買一個還是兩個？這是個艱難的選擇。
UI_STORE_MSG_INSTORE_GENERIC_5,我擁有不少顧客，但您是我最欣賞的客人！
UI_STORE_MSG_INSTORE_GENERIC_6,來買啊，分期付款，免利息……？
UI_STORE_MSG_INSTORE_PURCHASEDITEM_1,啊！眼光獨到啊，我的朋友！你會喜歡的。
UI_STORE_MSG_INSTORE_PURCHASEDITEM_2,我這裡可以提供手推車送貨服務。
UI_STORE_MSG_INSTORE_PURCHASEDITEM_3,不用禮物包裝了！全部都給我拆開。
UI_STORE_MSG_INSTORE_PURCHASEDITEM_4,真是精明啊，我的朋友。你真是太精明了！
UI_STORE_MSG_INSTORE_PURCHASEDITEM_5,喔喔 ...... 你真的很有眼光啊，我的朋友？
UI_STORE_MSG_INSTORE_PURCHASEDITEM_6,很好！很好！我愛死你了！
UI_STORE_MSG_INSTORE_SELECTEDITEM_1,你是我最好的顧客。
UI_STORE_MSG_INSTORE_SELECTEDITEM_2,哦！那寶貝真適合你！
UI_STORE_MSG_INSTORE_SELECTEDITEM_3,把你的手縮回去，除非你確定要買。
UI_STORE_MSG_INSTORE_SELECTEDITEM_4,如果被你打爛了我的寶貝，就算是你買了哦！小心，小心。
UI_STORE_MSG_INSTORE_SELECTEDITEM_5,嗯，我的存貨已經不多了……
UI_STORE_MSG_INSTORE_SELECTEDITEM_6,你看完之後就會買是吧？是的，是的……
UI_STORE_MSG_MENU_DISCOUNTEDITEMS_1,這是最、最便宜的價格！快來買啊！
UI_STORE_MSG_MENU_DISCOUNTEDITEMS_2,今天是特惠日……當然每天都有優惠。
UI_STORE_MSG_MENU_DISCOUNTEDITEMS_3,什麼？！那價格看起來很低。太低了！
UI_STORE_MSG_MENU_GENERIC_1,進來看看喔！你不會吃虧的！
UI_STORE_MSG_MENU_GENERIC_2,你想要的東西我這都有。
UI_STORE_MSG_MENU_GENERIC_3,進來看看吧，也可以考慮買點小玩意兒。
UI_STORE_MSG_MENU_GENERIC_4,我這裡有全愛門羅最划算的商品！
UI_STORE_MSG_MENU_GENERIC_5,外觀、英雄、骰子、鑰匙，應有盡有！快來買啊！
UI_STORE_MSG_MENU_GENERIC_6,實惠的價格！優質的商品！*咳嗽* 來啊！快來買啊！
UI_STORE_MSG_MENU_LEFTSTORE_1,歡迎下次光臨！
UI_STORE_MSG_MENU_LEFTSTORE_2,歡迎下次惠顧！我會一直在這裡！
UI_STORE_MSG_MENU_LEFTSTORE_3,我的商店一直開著，歡迎下次惠顧！
UI_STORE_MSG_MENU_LEFTSTORE_4,我就在這裡，快來看，快來買啊。
UI_STORE_MSG_MENU_LEFTSTORE_5,嘿！我還得去餵小貓呢！
UI_STORE_MSG_MENU_LEFTSTORE_6,愛門羅最近的稅金越來越高了。
UI_STORE_MSG_MENU_LEFTSTORE_7,餓壞的小貓！來吧！
UI_STORE_MSG_MENU_NEWITEMS_1,啊哈！過來看看我新進的寶貝！
UI_STORE_MSG_MENU_NEWITEMS_2,我新進了一些寶貝。快來買啊！
UI_STORE_MSG_MENU_NEWITEMS_3,我新進了些好東西。快來看看啊！
UI_STORE_MSG_MENU_OWNSEVERYTHING_1,啊，我的好朋友，你好啊！
UI_STORE_MSG_MENU_OWNSEVERYTHING_2,你是非常好的顧客，非常好！
UI_STORE_MSG_MENU_OWNSEVERYTHING_3,我會為你提供一些特別的寶貝。
UI_STORE_PROMPT_FIRSTTIMEOFFER,感謝您遊玩愛門羅！我們想為您提供一份特別的新手歡迎優惠，助您展開旅程。
UI_STORE_UNLOCKEDPURCHASE,{0}目前開放購買！
UI_STRANGER_ADVICE_BEGIN_SWAP_1,噢噢！看看是誰來了？！
UI_STRANGER_ADVICE_BEGIN_SWAP_2,嗯，又是一個英雄……
UI_STRANGER_ADVICE_BEGIN_SWAP_3,也許是時候來一場新冒險了？
UI_STRANGER_ADVICE_EQUIP_BRIBERY,金幣？我愛死金幣了！還有更多嗎？我跟你一起走！
UI_STRANGER_ADVICE_EQUIP_DUNGEON,噢，你好啊，你是誰啊？我想我要跟著你一段日子了！
UI_STRANGER_ADVICE_EQUIP_ENDTURN,這種生活太無聊了，我可以跟著你一段日子嗎？
UI_STRANGER_ADVICE_EQUIP_REPLACE_1,…… 騰點空間給我！
UI_STRANGER_ADVICE_EQUIP_REPLACE_2,……滾出去，矮冬瓜！
UI_STRANGER_ADVICE_EQUIP_REPLACE_3,……你！你被開除了！
UI_STRANGER_ADVICE_EQUIP_UNEQUIP,陰險，太陰險了，但是我哪裡都不會去的！
UI_STRANGER_ADVICE_MISLED_1,我們這是要去哪裡？噢，是的，這是一條捷徑，相信我吧……
UI_STRANGER_ADVICE_MISLED_2,咦，是什麼在那裡？！噢，我看錯了。
UI_STRANGER_ADVICE_MISLED_3,走這邊，英雄！噢抱歉，差點忘了。你才是老大。不好意思。
UI_STRANGER_ADVICE_MISLED_4,這條路對嗎？我想就是這條路。
UI_STRANGER_ADVICE_MISLED_5,在那裡有一個很厲害的小……噢抱歉。我自己都糊塗了。
UI_STRANGER_ADVICE_UNEQUIP_BRIBERY,聽著，你很厲害，但作為一隻貓，總得去有金幣的地方。
UI_STRANGER_ADVICE_UNEQUIP_ENDTURN,哇，這才稱得上是英雄啊！再見咯！
UI_STRANGER_ADVICE_UNEQUIP_PALACE_BEGIN,滾吧，臭烘烘的東西！
UI_STRANGER_ADVICE_UNEQUIP_PALACE_END,什麼？！這可不是跟老朋友打招呼的方式！
UI_SYSTEM_REQUIREMENTS_BELOW_MINIMUM,這台電腦不符合愛門羅的最低系統需求。請注意，你可能遇到技術問題。
UI_SYSTEM_REQUIREMENTS_BELOW_RECOMMENDED,這台電腦不符合建議的愛門羅系統需求。請注意，你的體驗品質可能受到影響。
UI_TAP_TO_CLOSE,點擊關閉
UI_TAP_TO_CONTINUE,點擊繼續
UI_TERMSOFSERVICE,服務條款
UI_TICK,✔
UI_TIME_REMAINING,剩餘時間：{0}
UI_TRAILER_INTRO_TEXT,偉大的英雄，不僅透過肩膀、也透過心靈，承受著旅程的重擔。
UI_UNNAMED_PLAYER,未命名玩家
UI_UNREADY,尚未就緒
UI_WAITING_FOR_READY,等待其他玩家準備……
UI_WANTED,被通緝！
UI_XP,經驗值
UI_YEAH,是的！
UI_YOU,你
UNLOCKCONDITION_CLAN_GAMESCOMPLETED,用一個 <clan> 部族的英雄完成 <unlock_count> 局遊戲
UNLOCKCONDITION_CLAN_GAMESWON,用<clan>部族贏得<unlock_count>局遊戲
UNLOCKCONDITION_DEFAULT,預設解鎖
UNLOCKCONDITION_DLC,透過可下載內容解鎖
UNLOCKCONDITION_GAMESCOMPLETED,完成<unlock_count>局愛門羅遊戲
UNLOCKCONDITION_HERO_LEVEL,使用英雄<hero>達到精通等級<unlock_count>
UNLOCKCONDITION_HISTORICAL,根據之前的遊玩情況解鎖
UNLOCKCONDITION_RANK,玩家等級達到<unlock_count>
UNLOCKCONDITION_TOTALFINISHPUBLIC,完成<unlock_count>局愛門羅公開多人遊戲
UNLOCKCONDITION_TOTALWINPUBLIC,贏得愛門羅中的<unlock_count>局公開多人遊戲
UNLOCKCONDITION_UNIQUECLAN_WINSWITHROT,用 <requirement_count>種獨特部族完成一次汙穢勝利
UNLOCKCONDITION_UNIQUECLAN_WINSWITHSPIRITSTONES,用 <requirement_count>種獨特部族完成一次心靈石勝利
UNLOCKCONDITION_UNIQUEHEROINCLAN_LEVEL,使用<requirement_count>名獨特 <clan>族英雄達到精通等級<unlock_count>
UNLOCKCONDITION_UNIQUEHERO_GAMESCOMPLETED,用<requirement_count>名獨特的英雄完成一局愛門羅遊戲
UNLOCKCONDITION_UNIQUEHERO_WINSWITHPRESTIGE,用<requirement_count>名獨特的英雄完成一次威望勝利
UNLOCKCONDITION_UNIQUEHERO_WINSWITHROT,用<requirement_count>名獨特的英雄完成一次汙穢勝利
UNLOCKCONDITION_WINSWITHCOMBAT,達成<unlock_count>局弒君勝利
UNLOCKCONDITION_WINSWITHPRESTIGE,達成<unlock_count>局威望勝利
UNLOCKCONDITION_WINSWITHROT,達成<unlock_count>局汙穢勝利
UNLOCKCONDITION_WINSWITHSPIRITSTONES,達成<unlock_count>局心靈石勝利
VALIDATIONCODE_CANTAFFORDCARD,無法支付卡牌花費
VALIDATIONCODE_CARDEQUIPPABLE,必須裝備在裝備欄
VALIDATIONCODE_CARDEQUIPPABLEWRONGPLAYER,必須裝備在你的裝備欄
VALIDATIONCODE_CARDFOLLOWER,必須招募至隊伍中
VALIDATIONCODE_CARDFOLLOWERWRONGPLAYER,必須招募至你的隊伍中
VALIDATIONCODE_CARDNOTEQUIPPABLE,不可裝備
VALIDATIONCODE_CARDNOTFOLLOWER,不是隨從卡牌
VALIDATIONCODE_CARDNOTINRANGE,超出範圍
VALIDATIONCODE_CHOOSINGKINGSDEC,在國王的詔令期間無法使用
VALIDATIONCODE_CLINGY,這名隨從非常黏人
VALIDATIONCODE_DISABLEDFORPROLOGUE,在序幕中不可使用
VALIDATIONCODE_INPUTDISABLED,不可輸入
VALIDATIONCODE_ISOTHERHEROESCLANCASTLE,無法用在敵方部族屬地
VALIDATIONCODE_ISTARGETSTURN,無法在目標的回合中使用
VALIDATIONCODE_LOCALPLAYERINCLANGROUNDS,無法在部族屬地使用
VALIDATIONCODE_NOTVALIDCARDTARGET,無法在這裡使用
VALIDATIONCODE_OCCUPYINGTARGETCANNOTBEPLAYEDON,目標正在進行動作
VALIDATIONCODE_OUTOFBOUNDS,超出界限
VALIDATIONCODE_TERRORIZEDSETTLEMENT,對受恐嚇的村落無效
VALIDATIONCODE_TILEALREADYHASPENDINGENCOUNTER,格子已經出現商人了
VALIDATIONCODE_TILEALREADYHASPERIL,格子已經出現危機了
VALIDATIONCODE_TILEINCOMBAT,戰鬥正在進行
VALIDATIONCODE_WAITFORNETWORK,等待中……
VICTORY_SCREEN_ACCOLADES,榮譽稱號
VICTORY_SCREEN_CORRUPTION,汙穢勝利！
VICTORY_SCREEN_EXPSOURCE_BASE,遊戲完成+{0} 經驗值！
VICTORY_SCREEN_EXPSOURCE_MP,多人遊戲+{0} 經驗值！
VICTORY_SCREEN_EXPSOURCE_MPWIN,多人遊戲獲勝+{0} 經驗值！
VICTORY_SCREEN_KINGSLAYER,戰鬥勝利！
VICTORY_SCREEN_MAIN_MENU,主選單
VICTORY_SCREEN_PLAYER_DEFEAT,戰敗
VICTORY_SCREEN_PLAYER_VICTORY,勝利
VICTORY_SCREEN_PRESTIGE,威望勝利！
VICTORY_SCREEN_SHARE_TITLE,我的愛門羅遊戲！
VICTORY_SCREEN_SHOW_ACCOLADES,榮譽稱號
VICTORY_SCREEN_SPIRIT_STONES,心靈石勝利！
VICTORY_SCREEN_UNDEFINED_TYPE,未設定勝利類型。
VICTORY_SCREEN_UNLOCKS_AMULET_TITLE,護符
VICTORY_SCREEN_UNLOCKS_ERROR,解鎖物品時發生服務器錯誤。別擔心，您的進度已經保存好了，物品很快就會加入您的清單了！
VICTORY_SCREEN_UNLOCKS_ERROR_HERO,使用未解鎖英雄取得進展。解鎖該英雄時將獲得等級獎勵。
VICTORY_SCREEN_UNLOCKS_ERROR_OFFLINE,無法連接至伺服器 - 將無法獲得經驗值。
VICTORY_SCREEN_UNLOCKS_PROGRESSION_WARNING,由於自訂遊戲規則，遊戲進度系統已經暫時關閉。
VICTORY_SCREEN_UNLOCKS_SIGNET_TITLE,印戒
VICTORY_SCREEN_UNLOCKS_TITLE,解鎖
VICTORY_SCREEN_WINSWITHCLAN,贏得一次<clan>族勝利
VICTORY_SCREEN_WINSWITHCOMBAT,贏得一次戰鬥勝利
VICTORY_SCREEN_WINSWITHPRESTIGE,贏得一次威望勝利
VICTORY_SCREEN_WINSWITHROT,贏得一次汙穢勝利
VICTORY_SCREEN_WINSWITHSPIRITSTONES,贏得一次心靈石勝利
VSYNCMODE_EVERYSECONDVBLANK,每第二個VBlank
VSYNCMODE_EVERYVBLANK,每個Vblank
VSYNCMODE_OFF,關
WOLFCLAN_NAME,狼族
